ProductKey,ProductID,ProductName,Category,Subcategory,Brand,Supplier,UnitCost,ListPrice,ProductLaunchDate,ProductStatus
1,PRD00001,Grocery & FMCG Snacks Product 0001,Grocery & FMCG,Snacks,Urban,Supplier C,546.73,662.21,2024-02-10,Active
2,PRD00002,Beauty & Personal Care Cosmetics Product 0002,Beauty & Personal Care,Cosmetics,Prime,Supplier B,69.58,100.77,2023-04-06,Active
3,PRD00003,Sports & Lifestyle Fitness Product 0003,Sports & Lifestyle,Fitness,Nova,Supplier D,22100.28,28859.72,2022-07-01,Active
4,PRD00004,Electronics Televisions Product 0004,Electronics,Televisions,Orion,Supplier B,1214.45,1445.48,2023-11-20,Active
5,PRD00005,Home & Kitchen Cookware Product 0005,Home & Kitchen,Cookware,Zenith,Supplier C,25815.42,34938.04,2024-04-30,Active
6,PRD00006,Electronics Smartphones Product 0006,Electronics,Smartphones,Apex,Supplier F,120265.92,145791.72,2022-03-13,Active
7,PRD00007,Beauty & Personal Care Personal Hygiene Product 0007,Beauty & Personal Care,Personal Hygiene,Prime,Supplier E,69.92,139.35,2021-06-28,Active
8,PRD00008,Grocery & FMCG Snacks Product 0008,Grocery & FMCG,Snacks,Apex,Supplier D,224.87,252.3,2022-09-08,Active
9,PRD00009,Home & Kitchen Storage Product 0009,Home & Kitchen,Storage,Prime,Supplier D,4337.26,5645.5,2022-11-08,Active
10,PRD00010,Sports & Lifestyle Outdoor Product 0010,Sports & Lifestyle,Outdoor,Prime,Supplier F,251.72,314.76,2025-02-06,Active
11,PRD00011,Electronics Accessories Product 0011,Electronics,Accessories,Zenith,Supplier D,6750.3,8408.04,2022-09-26,Active
12,PRD00012,Sports & Lifestyle Fitness Product 0012,Sports & Lifestyle,Fitness,Orion,Supplier A,2484.73,4140.12,2024-03-03,Active
13,PRD00013,Home & Kitchen Home Decor Product 0013,Home & Kitchen,Home Decor,Vertex,Supplier C,858.36,1111.4,2023-03-13,Active
14,PRD00014,Electronics Smartphones Product 0014,Electronics,Smartphones,Vertex,Supplier D,1654.06,1843.93,2021-11-08,Active
15,PRD00015,Fashion Accessories Product 0015,Fashion,Accessories,Apex,Supplier B,540.15,913.29,2021-01-25,Active
16,PRD00016,Home & Kitchen Kitchen Appliances Product 0016,Home & Kitchen,Kitchen Appliances,XBrand,Supplier E,29743.51,45463.03,2022-01-06,Inactive
17,PRD00017,Home & Kitchen Home Decor Product 0017,Home & Kitchen,Home Decor,Nova,Supplier C,537.01,801.29,2022-06-09,Active
18,PRD00018,Home & Kitchen Furniture Product 0018,Home & Kitchen,Furniture,XBrand,Supplier F,1140.88,1424.65,2024-09-04,Active
19,PRD00019,Grocery & FMCG Beverages Product 0019,Grocery & FMCG,Beverages,XBrand,Supplier B,3818.32,4458.63,2021-08-18,Active
20,PRD00020,Fashion Mens Apparel Product 0020,Fashion,Mens Apparel,Vertex,Supplier A,378.42,569.88,2024-01-31,Active
21,PRD00021,Home & Kitchen Cookware Product 0021,Home & Kitchen,Cookware,Nova,Supplier D,774.04,1114.14,2025-01-13,Active
22,PRD00022,Beauty & Personal Care Grooming Product 0022,Beauty & Personal Care,Grooming,Vertex,Supplier B,403.4,802.5,2022-01-13,Active
23,PRD00023,Beauty & Personal Care Cosmetics Product 0023,Beauty & Personal Care,Cosmetics,Zenith,Supplier C,84.28,127.46,2023-06-07,Inactive
24,PRD00024,Home & Kitchen Furniture Product 0024,Home & Kitchen,Furniture,Zenith,Supplier B,2629.1,3579.61,2024-05-11,Active
25,PRD00025,Fashion Mens Apparel Product 0025,Fashion,Mens Apparel,Vertex,Supplier A,622.36,1030.14,2024-07-14,Active
26,PRD00026,Electronics Accessories Product 0026,Electronics,Accessories,Orion,Supplier E,61400.02,77861.57,2022-04-07,Active
27,PRD00027,Electronics Televisions Product 0027,Electronics,Televisions,Vertex,Supplier D,43306.28,54070.75,2021-12-31,Active
28,PRD00028,Beauty & Personal Care Skincare Product 0028,Beauty & Personal Care,Skincare,Urban,Supplier C,682.89,1256.4,2021-04-14,Active
29,PRD00029,Electronics Smartphones Product 0029,Electronics,Smartphones,XBrand,Supplier D,3382.18,3913.6,2024-02-09,Active
30,PRD00030,Fashion Womens Apparel Product 0030,Fashion,Womens Apparel,Orion,Supplier D,678.9,1034.09,2022-03-04,Active
31,PRD00031,Beauty & Personal Care Cosmetics Product 0031,Beauty & Personal Care,Cosmetics,Orion,Supplier F,188.48,369.86,2022-04-14,Active
32,PRD00032,Electronics Smartphones Product 0032,Electronics,Smartphones,XBrand,Supplier D,3724.54,4109.73,2023-10-12,Active
33,PRD00033,Fashion Womens Apparel Product 0033,Fashion,Womens Apparel,Orion,Supplier B,1737.32,2352.24,2023-05-20,Inactive
34,PRD00034,Home & Kitchen Home Decor Product 0034,Home & Kitchen,Home Decor,XBrand,Supplier B,302.23,386.13,2023-02-09,Active
35,PRD00035,Sports & Lifestyle Lifestyle Accessories Product 0035,Sports & Lifestyle,Lifestyle Accessories,Urban,Supplier E,1665.91,2335.33,2022-11-11,Active
36,PRD00036,Fashion Womens Apparel Product 0036,Fashion,Womens Apparel,Prime,Supplier A,4122.45,6846.73,2023-03-16,Active
37,PRD00037,Grocery & FMCG Beverages Product 0037,Grocery & FMCG,Beverages,Orion,Supplier C,250.84,282.91,2023-06-05,Active
38,PRD00038,Fashion Mens Apparel Product 0038,Fashion,Mens Apparel,Apex,Supplier B,614.42,1032.29,2022-07-15,Active
39,PRD00039,Electronics Wearables Product 0039,Electronics,Wearables,Apex,Supplier D,963.55,1049.39,2024-06-27,Active
40,PRD00040,Beauty & Personal Care Grooming Product 0040,Beauty & Personal Care,Grooming,Urban,Supplier A,2454.87,3892.21,2025-02-14,Active
41,PRD00041,Sports & Lifestyle Sports Equipment Product 0041,Sports & Lifestyle,Sports Equipment,XBrand,Supplier C,299.94,398.38,2021-11-27,Active
42,PRD00042,Beauty & Personal Care Grooming Product 0042,Beauty & Personal Care,Grooming,Apex,Supplier C,3918.93,7323.41,2022-08-10,Active
43,PRD00043,Grocery & FMCG Beverages Product 0043,Grocery & FMCG,Beverages,Urban,Supplier C,1435.9,1647.09,2021-07-20,Active
44,PRD00044,Grocery & FMCG Packaged Food Product 0044,Grocery & FMCG,Packaged Food,Vertex,Supplier C,417.34,507.42,2022-03-30,Active
45,PRD00045,Home & Kitchen Furniture Product 0045,Home & Kitchen,Furniture,Nova,Supplier E,51042.75,65155.05,2025-03-08,Active
46,PRD00046,Home & Kitchen Cookware Product 0046,Home & Kitchen,Cookware,Apex,Supplier C,20269.5,25772.8,2023-04-06,Active
47,PRD00047,Beauty & Personal Care Haircare Product 0047,Beauty & Personal Care,Haircare,Zenith,Supplier A,154.1,265.24,2021-04-21,Active
48,PRD00048,Fashion Mens Apparel Product 0048,Fashion,Mens Apparel,Nova,Supplier B,822.97,1459.97,2023-05-14,Active
49,PRD00049,Grocery & FMCG Staples Product 0049,Grocery & FMCG,Staples,Zenith,Supplier A,30.21,34.77,2023-06-27,Active
50,PRD00050,Sports & Lifestyle Sports Equipment Product 0050,Sports & Lifestyle,Sports Equipment,XBrand,Supplier D,16077.3,25965.59,2024-05-17,Active
51,PRD00051,Home & Kitchen Home Decor Product 0051,Home & Kitchen,Home Decor,Apex,Supplier F,385.45,508.74,2021-02-02,Active
52,PRD00052,Home & Kitchen Home Decor Product 0052,Home & Kitchen,Home Decor,Urban,Supplier E,6462.67,8150.64,2022-07-09,Active
53,PRD00053,Grocery & FMCG Snacks Product 0053,Grocery & FMCG,Snacks,Prime,Supplier E,6792.01,8197.71,2021-04-17,Inactive
54,PRD00054,Home & Kitchen Kitchen Appliances Product 0054,Home & Kitchen,Kitchen Appliances,Apex,Supplier D,432.91,541.54,2024-07-12,Active
55,PRD00055,Grocery & FMCG Staples Product 0055,Grocery & FMCG,Staples,Apex,Supplier A,28.19,34.01,2021-08-14,Active
56,PRD00056,Fashion Mens Apparel Product 0056,Fashion,Mens Apparel,Apex,Supplier A,425.47,638.14,2022-05-02,Active
57,PRD00057,Beauty & Personal Care Grooming Product 0057,Beauty & Personal Care,Grooming,Apex,Supplier D,471.66,785.77,2021-06-28,Active
58,PRD00058,Electronics Smartphones Product 0058,Electronics,Smartphones,Zenith,Supplier F,1033.18,1163.16,2024-05-30,Active
59,PRD00059,Beauty & Personal Care Haircare Product 0059,Beauty & Personal Care,Haircare,Urban,Supplier C,3811.52,7289.23,2024-10-25,Active
60,PRD00060,Fashion Footwear Product 0060,Fashion,Footwear,Urban,Supplier C,4753.37,6370.79,2022-09-29,Active
61,PRD00061,Beauty & Personal Care Skincare Product 0061,Beauty & Personal Care,Skincare,Zenith,Supplier B,265.55,447.79,2023-02-27,Active
62,PRD00062,Electronics Televisions Product 0062,Electronics,Televisions,Prime,Supplier A,2674.79,3374.46,2021-06-16,Active
63,PRD00063,Grocery & FMCG Packaged Food Product 0063,Grocery & FMCG,Packaged Food,Urban,Supplier A,938.12,1027.73,2022-10-25,Active
64,PRD00064,Grocery & FMCG Staples Product 0064,Grocery & FMCG,Staples,Urban,Supplier D,4682.24,5680.79,2021-10-27,Active
65,PRD00065,Home & Kitchen Storage Product 0065,Home & Kitchen,Storage,XBrand,Supplier D,231.34,317.13,2024-11-05,Active
66,PRD00066,Electronics Wearables Product 0066,Electronics,Wearables,Orion,Supplier C,3382.8,3910.74,2021-02-04,Active
67,PRD00067,Electronics Audio Product 0067,Electronics,Audio,XBrand,Supplier A,1717.08,2046.41,2022-02-11,Active
68,PRD00068,Beauty & Personal Care Haircare Product 0068,Beauty & Personal Care,Haircare,Orion,Supplier A,5141.87,8237.12,2025-03-06,Active
69,PRD00069,Beauty & Personal Care Haircare Product 0069,Beauty & Personal Care,Haircare,Nova,Supplier E,86.37,145.15,2021-11-10,Active
70,PRD00070,Fashion Accessories Product 0070,Fashion,Accessories,Prime,Supplier B,655.74,1132.9,2023-03-27,Active
71,PRD00071,Home & Kitchen Storage Product 0071,Home & Kitchen,Storage,Orion,Supplier B,2123.01,2696.86,2023-01-13,Inactive
72,PRD00072,Fashion Footwear Product 0072,Fashion,Footwear,XBrand,Supplier C,376.75,631.87,2022-12-28,Active
73,PRD00073,Beauty & Personal Care Haircare Product 0073,Beauty & Personal Care,Haircare,Prime,Supplier F,188.26,337.26,2023-04-06,Active
74,PRD00074,Fashion Accessories Product 0074,Fashion,Accessories,Prime,Supplier A,459.07,669.52,2024-01-30,Active
75,PRD00075,Sports & Lifestyle Sports Equipment Product 0075,Sports & Lifestyle,Sports Equipment,Apex,Supplier E,1436.36,2349.45,2022-07-23,Active
76,PRD00076,Electronics Wearables Product 0076,Electronics,Wearables,Vertex,Supplier A,93492.29,104925.15,2024-05-23,Active
77,PRD00077,Beauty & Personal Care Skincare Product 0077,Beauty & Personal Care,Skincare,Vertex,Supplier D,368.56,517.17,2022-07-30,Active
78,PRD00078,Fashion Kids Apparel Product 0078,Fashion,Kids Apparel,Vertex,Supplier C,1448.8,2202.22,2021-03-03,Active
79,PRD00079,Fashion Mens Apparel Product 0079,Fashion,Mens Apparel,Prime,Supplier F,5736.15,10170.49,2022-01-04,Active
80,PRD00080,Beauty & Personal Care Grooming Product 0080,Beauty & Personal Care,Grooming,Apex,Supplier B,364.55,581.36,2024-10-23,Active
81,PRD00081,Beauty & Personal Care Cosmetics Product 0081,Beauty & Personal Care,Cosmetics,Nova,Supplier A,3396.69,6194.69,2021-04-04,Active
82,PRD00082,Sports & Lifestyle Outdoor Product 0082,Sports & Lifestyle,Outdoor,Nova,Supplier F,149.33,202.9,2025-02-01,Active
83,PRD00083,Electronics Wearables Product 0083,Electronics,Wearables,Vertex,Supplier C,6453.63,7268.91,2023-09-11,Active
84,PRD00084,Electronics Wearables Product 0084,Electronics,Wearables,Nova,Supplier B,2077.62,2271.34,2023-11-16,Inactive
85,PRD00085,Beauty & Personal Care Haircare Product 0085,Beauty & Personal Care,Haircare,Apex,Supplier A,1319.7,1928.34,2024-12-29,Active
86,PRD00086,Beauty & Personal Care Grooming Product 0086,Beauty & Personal Care,Grooming,Vertex,Supplier E,87.26,126.05,2024-02-19,Active
87,PRD00087,Home & Kitchen Home Decor Product 0087,Home & Kitchen,Home Decor,Orion,Supplier C,16469.85,24390.85,2021-02-19,Active
88,PRD00088,Electronics Wearables Product 0088,Electronics,Wearables,Orion,Supplier A,8633.77,10018.88,2023-06-02,Active
89,PRD00089,Electronics Audio Product 0089,Electronics,Audio,Apex,Supplier B,119142.58,133579.76,2023-02-03,Active
90,PRD00090,Grocery & FMCG Snacks Product 0090,Grocery & FMCG,Snacks,Zenith,Supplier B,67.93,76.26,2021-02-05,Active
91,PRD00091,Home & Kitchen Cookware Product 0091,Home & Kitchen,Cookware,Nova,Supplier E,423.64,560.73,2024-12-04,Active
92,PRD00092,Home & Kitchen Home Decor Product 0092,Home & Kitchen,Home Decor,Vertex,Supplier C,33529.31,46868.51,2024-08-05,Active
93,PRD00093,Home & Kitchen Kitchen Appliances Product 0093,Home & Kitchen,Kitchen Appliances,Orion,Supplier C,1555.82,2353.2,2024-11-03,Active
94,PRD00094,Home & Kitchen Home Decor Product 0094,Home & Kitchen,Home Decor,Apex,Supplier F,208.7,266.11,2021-04-10,Active
95,PRD00095,Electronics Laptops Product 0095,Electronics,Laptops,Urban,Supplier A,12888.23,15456.8,2024-09-09,Active
96,PRD00096,Fashion Footwear Product 0096,Fashion,Footwear,Orion,Supplier F,233.68,349.09,2021-11-25,Active
97,PRD00097,Electronics Wearables Product 0097,Electronics,Wearables,Urban,Supplier B,19653.58,23901.61,2022-12-07,Active
98,PRD00098,Grocery & FMCG Snacks Product 0098,Grocery & FMCG,Snacks,Apex,Supplier B,936.99,1055.24,2021-08-09,Active
99,PRD00099,Home & Kitchen Cookware Product 0099,Home & Kitchen,Cookware,Apex,Supplier E,260.59,348.66,2022-07-21,Active
100,PRD00100,Fashion Kids Apparel Product 0100,Fashion,Kids Apparel,XBrand,Supplier E,277.44,495.0,2023-09-23,Active
101,PRD00101,Grocery & FMCG Snacks Product 0101,Grocery & FMCG,Snacks,Orion,Supplier C,340.45,383.27,2023-10-19,Active
102,PRD00102,Beauty & Personal Care Skincare Product 0102,Beauty & Personal Care,Skincare,XBrand,Supplier F,2127.28,3400.85,2021-04-20,Inactive
103,PRD00103,Fashion Womens Apparel Product 0103,Fashion,Womens Apparel,Prime,Supplier B,591.49,1006.61,2021-05-29,Active
104,PRD00104,Home & Kitchen Home Decor Product 0104,Home & Kitchen,Home Decor,Orion,Supplier A,25449.21,36068.05,2022-02-10,Active
105,PRD00105,Home & Kitchen Home Decor Product 0105,Home & Kitchen,Home Decor,Vertex,Supplier D,190.87,263.73,2022-11-30,Active
106,PRD00106,Beauty & Personal Care Skincare Product 0106,Beauty & Personal Care,Skincare,Prime,Supplier A,2401.01,3353.95,2023-10-14,Active
107,PRD00107,Sports & Lifestyle Fitness Product 0107,Sports & Lifestyle,Fitness,Prime,Supplier E,417.22,669.16,2024-12-04,Active
108,PRD00108,Beauty & Personal Care Haircare Product 0108,Beauty & Personal Care,Haircare,Nova,Supplier A,61.03,108.63,2024-02-27,Active
109,PRD00109,Fashion Mens Apparel Product 0109,Fashion,Mens Apparel,Urban,Supplier B,1262.56,1911.11,2025-02-16,Inactive
110,PRD00110,Grocery & FMCG Snacks Product 0110,Grocery & FMCG,Snacks,Nova,Supplier F,17.52,20.9,2021-04-18,Active
111,PRD00111,Fashion Womens Apparel Product 0111,Fashion,Womens Apparel,Vertex,Supplier C,785.16,1223.28,2022-01-24,Inactive
112,PRD00112,Electronics Audio Product 0112,Electronics,Audio,Apex,Supplier F,22756.07,27696.19,2022-03-01,Active
113,PRD00113,Fashion Womens Apparel Product 0113,Fashion,Womens Apparel,XBrand,Supplier D,8127.26,12625.22,2022-03-23,Active
114,PRD00114,Sports & Lifestyle Outdoor Product 0114,Sports & Lifestyle,Outdoor,Vertex,Supplier C,1009.93,1657.64,2023-07-07,Active
115,PRD00115,Electronics Accessories Product 0115,Electronics,Accessories,Apex,Supplier D,20231.85,23036.31,2023-12-28,Active
116,PRD00116,Beauty & Personal Care Cosmetics Product 0116,Beauty & Personal Care,Cosmetics,Vertex,Supplier D,95.72,177.47,2023-12-26,Active
117,PRD00117,Home & Kitchen Cookware Product 0117,Home & Kitchen,Cookware,Apex,Supplier B,1235.72,1746.06,2022-10-18,Active
118,PRD00118,Fashion Kids Apparel Product 0118,Fashion,Kids Apparel,Orion,Supplier B,1341.67,1889.11,2025-03-08,Inactive
119,PRD00119,Electronics Laptops Product 0119,Electronics,Laptops,XBrand,Supplier E,16992.87,18642.67,2025-03-08,Active
120,PRD00120,Fashion Kids Apparel Product 0120,Fashion,Kids Apparel,Apex,Supplier E,966.42,1508.44,2021-11-17,Active
121,PRD00121,Grocery & FMCG Staples Product 0121,Grocery & FMCG,Staples,Prime,Supplier D,254.0,300.54,2022-12-20,Active
122,PRD00122,Home & Kitchen Storage Product 0122,Home & Kitchen,Storage,Vertex,Supplier F,19638.8,28507.94,2022-12-29,Active
123,PRD00123,Beauty & Personal Care Cosmetics Product 0123,Beauty & Personal Care,Cosmetics,XBrand,Supplier E,83.07,118.42,2022-08-03,Active
124,PRD00124,Grocery & FMCG Household Care Product 0124,Grocery & FMCG,Household Care,Apex,Supplier B,464.06,561.46,2022-03-23,Active
125,PRD00125,Sports & Lifestyle Lifestyle Accessories Product 0125,Sports & Lifestyle,Lifestyle Accessories,Prime,Supplier E,10526.89,16669.83,2021-07-29,Active
126,PRD00126,Home & Kitchen Furniture Product 0126,Home & Kitchen,Furniture,Prime,Supplier D,915.79,1225.97,2023-04-29,Active
127,PRD00127,Fashion Mens Apparel Product 0127,Fashion,Mens Apparel,Orion,Supplier C,1356.79,1888.29,2022-01-05,Inactive
128,PRD00128,Electronics Audio Product 0128,Electronics,Audio,Urban,Supplier F,740.28,940.12,2025-01-21,Active
129,PRD00129,Sports & Lifestyle Outdoor Product 0129,Sports & Lifestyle,Outdoor,Prime,Supplier F,536.4,713.29,2022-07-31,Active
130,PRD00130,Sports & Lifestyle Fitness Product 0130,Sports & Lifestyle,Fitness,Nova,Supplier A,190.23,309.67,2022-11-20,Active
131,PRD00131,Fashion Footwear Product 0131,Fashion,Footwear,XBrand,Supplier E,1784.29,2893.8,2023-03-01,Active
132,PRD00132,Grocery & FMCG Household Care Product 0132,Grocery & FMCG,Household Care,XBrand,Supplier F,5111.01,5772.3,2023-09-19,Active
133,PRD00133,Fashion Mens Apparel Product 0133,Fashion,Mens Apparel,Zenith,Supplier B,2529.53,3407.96,2021-06-12,Active
134,PRD00134,Beauty & Personal Care Cosmetics Product 0134,Beauty & Personal Care,Cosmetics,XBrand,Supplier C,127.1,234.42,2023-09-04,Active
135,PRD00135,Electronics Accessories Product 0135,Electronics,Accessories,Apex,Supplier B,38530.27,44241.39,2024-09-17,Active
136,PRD00136,Grocery & FMCG Staples Product 0136,Grocery & FMCG,Staples,Vertex,Supplier E,180.25,207.98,2021-12-16,Active
137,PRD00137,Electronics Accessories Product 0137,Electronics,Accessories,Apex,Supplier D,708.99,800.01,2022-11-01,Active
138,PRD00138,Grocery & FMCG Household Care Product 0138,Grocery & FMCG,Household Care,Nova,Supplier A,65.29,72.95,2025-01-31,Inactive
139,PRD00139,Grocery & FMCG Packaged Food Product 0139,Grocery & FMCG,Packaged Food,Zenith,Supplier A,2670.09,2993.27,2022-03-02,Active
140,PRD00140,Beauty & Personal Care Skincare Product 0140,Beauty & Personal Care,Skincare,Vertex,Supplier C,149.5,239.61,2021-11-23,Active
141,PRD00141,Electronics Accessories Product 0141,Electronics,Accessories,Orion,Supplier F,65790.99,74238.51,2024-02-04,Active
142,PRD00142,Home & Kitchen Furniture Product 0142,Home & Kitchen,Furniture,Prime,Supplier F,242.02,318.7,2021-09-12,Active
143,PRD00143,Home & Kitchen Cookware Product 0143,Home & Kitchen,Cookware,Zenith,Supplier F,12796.2,17616.33,2021-12-24,Active
144,PRD00144,Home & Kitchen Home Decor Product 0144,Home & Kitchen,Home Decor,Apex,Supplier A,17516.83,26667.14,2022-03-20,Active
145,PRD00145,Electronics Audio Product 0145,Electronics,Audio,Vertex,Supplier D,42328.2,50664.08,2021-04-23,Active
146,PRD00146,Sports & Lifestyle Outdoor Product 0146,Sports & Lifestyle,Outdoor,Prime,Supplier F,2156.94,2723.46,2023-11-20,Active
147,PRD00147,Fashion Womens Apparel Product 0147,Fashion,Womens Apparel,Vertex,Supplier B,9498.24,14106.91,2022-06-08,Inactive
148,PRD00148,Home & Kitchen Kitchen Appliances Product 0148,Home & Kitchen,Kitchen Appliances,Prime,Supplier F,350.35,495.78,2022-11-20,Inactive
149,PRD00149,Fashion Accessories Product 0149,Fashion,Accessories,Vertex,Supplier D,575.94,910.08,2023-09-18,Inactive
150,PRD00150,Fashion Accessories Product 0150,Fashion,Accessories,Apex,Supplier C,1965.75,2974.56,2021-02-15,Active
151,PRD00151,Beauty & Personal Care Cosmetics Product 0151,Beauty & Personal Care,Cosmetics,Zenith,Supplier C,3209.4,4693.77,2024-04-09,Active
152,PRD00152,Fashion Womens Apparel Product 0152,Fashion,Womens Apparel,Apex,Supplier A,1112.71,1731.95,2024-02-28,Active
153,PRD00153,Sports & Lifestyle Sports Equipment Product 0153,Sports & Lifestyle,Sports Equipment,Nova,Supplier D,4321.83,6719.21,2023-01-27,Active
154,PRD00154,Fashion Footwear Product 0154,Fashion,Footwear,Orion,Supplier B,870.87,1402.84,2024-10-08,Active
155,PRD00155,Sports & Lifestyle Fitness Product 0155,Sports & Lifestyle,Fitness,Orion,Supplier D,271.35,442.32,2024-05-11,Inactive
156,PRD00156,Grocery & FMCG Beverages Product 0156,Grocery & FMCG,Beverages,Urban,Supplier B,183.15,216.22,2024-06-03,Active
157,PRD00157,Home & Kitchen Storage Product 0157,Home & Kitchen,Storage,XBrand,Supplier B,176.51,224.82,2024-01-09,Active
158,PRD00158,Sports & Lifestyle Sports Equipment Product 0158,Sports & Lifestyle,Sports Equipment,Apex,Supplier D,1644.87,2634.54,2024-08-26,Active
159,PRD00159,Electronics Smartphones Product 0159,Electronics,Smartphones,Apex,Supplier E,9972.68,12626.55,2023-11-25,Active
160,PRD00160,Grocery & FMCG Packaged Food Product 0160,Grocery & FMCG,Packaged Food,Prime,Supplier D,352.19,404.37,2022-07-18,Active
161,PRD00161,Fashion Kids Apparel Product 0161,Fashion,Kids Apparel,Urban,Supplier B,281.68,477.85,2021-06-10,Active
162,PRD00162,Grocery & FMCG Beverages Product 0162,Grocery & FMCG,Beverages,Orion,Supplier F,77.03,92.81,2023-04-20,Active
163,PRD00163,Grocery & FMCG Household Care Product 0163,Grocery & FMCG,Household Care,Apex,Supplier C,4743.77,5745.36,2024-12-29,Active
164,PRD00164,Grocery & FMCG Beverages Product 0164,Grocery & FMCG,Beverages,Vertex,Supplier C,432.22,507.13,2022-06-22,Active
165,PRD00165,Grocery & FMCG Staples Product 0165,Grocery & FMCG,Staples,Orion,Supplier A,2289.71,2524.77,2021-08-13,Active
166,PRD00166,Home & Kitchen Furniture Product 0166,Home & Kitchen,Furniture,Urban,Supplier C,5951.18,7309.51,2025-01-09,Inactive
167,PRD00167,Electronics Televisions Product 0167,Electronics,Televisions,XBrand,Supplier E,9709.96,10809.0,2024-09-02,Active
168,PRD00168,Fashion Accessories Product 0168,Fashion,Accessories,Vertex,Supplier B,414.29,611.95,2024-12-08,Active
169,PRD00169,Electronics Accessories Product 0169,Electronics,Accessories,Prime,Supplier D,6400.73,7686.2,2021-04-05,Active
170,PRD00170,Beauty & Personal Care Cosmetics Product 0170,Beauty & Personal Care,Cosmetics,Nova,Supplier D,87.11,139.58,2024-06-02,Active
171,PRD00171,Home & Kitchen Cookware Product 0171,Home & Kitchen,Cookware,Vertex,Supplier E,429.78,594.91,2023-08-07,Active
172,PRD00172,Sports & Lifestyle Lifestyle Accessories Product 0172,Sports & Lifestyle,Lifestyle Accessories,Zenith,Supplier C,4026.53,5846.93,2022-07-07,Active
173,PRD00173,Beauty & Personal Care Grooming Product 0173,Beauty & Personal Care,Grooming,Orion,Supplier B,1990.61,2988.47,2022-10-07,Active
174,PRD00174,Grocery & FMCG Household Care Product 0174,Grocery & FMCG,Household Care,Zenith,Supplier C,2036.54,2322.9,2021-03-07,Active
175,PRD00175,Electronics Televisions Product 0175,Electronics,Televisions,XBrand,Supplier A,8357.1,10077.71,2024-11-21,Active
176,PRD00176,Grocery & FMCG Staples Product 0176,Grocery & FMCG,Staples,Vertex,Supplier C,19.16,22.42,2024-05-18,Active
177,PRD00177,Sports & Lifestyle Lifestyle Accessories Product 0177,Sports & Lifestyle,Lifestyle Accessories,Urban,Supplier A,3905.32,5291.55,2025-02-06,Active
178,PRD00178,Fashion Kids Apparel Product 0178,Fashion,Kids Apparel,Urban,Supplier D,306.17,418.37,2022-10-27,Inactive
179,PRD00179,Beauty & Personal Care Skincare Product 0179,Beauty & Personal Care,Skincare,XBrand,Supplier B,4053.22,7016.37,2022-11-15,Active
180,PRD00180,Grocery & FMCG Snacks Product 0180,Grocery & FMCG,Snacks,Orion,Supplier F,38.97,44.06,2023-06-29,Active
181,PRD00181,Electronics Smartphones Product 0181,Electronics,Smartphones,Urban,Supplier A,14266.24,17765.74,2023-04-17,Active
182,PRD00182,Fashion Accessories Product 0182,Fashion,Accessories,Vertex,Supplier C,249.27,354.74,2022-07-25,Active
183,PRD00183,Fashion Footwear Product 0183,Fashion,Footwear,Nova,Supplier C,7288.14,9741.33,2022-11-27,Active
184,PRD00184,Electronics Televisions Product 0184,Electronics,Televisions,Vertex,Supplier D,1801.83,2293.17,2025-02-22,Active
185,PRD00185,Home & Kitchen Furniture Product 0185,Home & Kitchen,Furniture,Nova,Supplier E,6107.84,7875.84,2021-06-29,Active
186,PRD00186,Electronics Televisions Product 0186,Electronics,Televisions,Urban,Supplier F,1039.38,1134.63,2023-04-14,Active
187,PRD00187,Electronics Accessories Product 0187,Electronics,Accessories,Vertex,Supplier E,2292.04,2877.3,2025-03-28,Active
188,PRD00188,Electronics Wearables Product 0188,Electronics,Wearables,Urban,Supplier C,5774.44,7049.28,2025-01-22,Active
189,PRD00189,Sports & Lifestyle Lifestyle Accessories Product 0189,Sports & Lifestyle,Lifestyle Accessories,Orion,Supplier E,18630.09,25933.05,2023-12-28,Active
190,PRD00190,Fashion Kids Apparel Product 0190,Fashion,Kids Apparel,Nova,Supplier F,408.83,632.3,2024-09-14,Active
191,PRD00191,Sports & Lifestyle Fitness Product 0191,Sports & Lifestyle,Fitness,Orion,Supplier F,15701.59,24567.32,2021-07-21,Active
192,PRD00192,Fashion Kids Apparel Product 0192,Fashion,Kids Apparel,Urban,Supplier B,236.59,386.91,2025-02-07,Active
193,PRD00193,Home & Kitchen Home Decor Product 0193,Home & Kitchen,Home Decor,Apex,Supplier E,4087.98,6140.58,2025-03-22,Active
194,PRD00194,Fashion Mens Apparel Product 0194,Fashion,Mens Apparel,Prime,Supplier B,310.66,482.99,2023-11-05,Active
195,PRD00195,Fashion Kids Apparel Product 0195,Fashion,Kids Apparel,Vertex,Supplier C,6250.3,9356.8,2023-12-02,Active
196,PRD00196,Electronics Televisions Product 0196,Electronics,Televisions,Apex,Supplier C,9067.55,9962.85,2022-06-27,Active
197,PRD00197,Beauty & Personal Care Haircare Product 0197,Beauty & Personal Care,Haircare,Orion,Supplier C,239.05,357.39,2023-09-09,Active
198,PRD00198,Home & Kitchen Storage Product 0198,Home & Kitchen,Storage,Zenith,Supplier D,44438.88,57567.3,2023-02-13,Active
199,PRD00199,Beauty & Personal Care Skincare Product 0199,Beauty & Personal Care,Skincare,Urban,Supplier E,483.55,830.59,2024-08-05,Active
200,PRD00200,Beauty & Personal Care Haircare Product 0200,Beauty & Personal Care,Haircare,Urban,Supplier A,131.5,209.27,2022-11-25,Active
201,PRD00201,Electronics Audio Product 0201,Electronics,Audio,Prime,Supplier F,30478.9,38163.49,2024-06-21,Active
202,PRD00202,Electronics Wearables Product 0202,Electronics,Wearables,Urban,Supplier A,17519.83,21201.92,2022-09-04,Active
203,PRD00203,Grocery & FMCG Packaged Food Product 0203,Grocery & FMCG,Packaged Food,Prime,Supplier C,36.19,43.84,2024-04-12,Active
204,PRD00204,Fashion Kids Apparel Product 0204,Fashion,Kids Apparel,Vertex,Supplier E,299.0,502.46,2025-03-13,Active
205,PRD00205,Electronics Smartphones Product 0205,Electronics,Smartphones,Nova,Supplier B,2522.66,3196.09,2021-09-01,Active
206,PRD00206,Sports & Lifestyle Outdoor Product 0206,Sports & Lifestyle,Outdoor,Prime,Supplier A,5881.29,9058.76,2021-03-01,Active
207,PRD00207,Electronics Wearables Product 0207,Electronics,Wearables,Prime,Supplier C,2158.05,2515.29,2021-04-14,Active
208,PRD00208,Beauty & Personal Care Cosmetics Product 0208,Beauty & Personal Care,Cosmetics,Apex,Supplier A,955.45,1713.79,2022-10-13,Active
209,PRD00209,Sports & Lifestyle Lifestyle Accessories Product 0209,Sports & Lifestyle,Lifestyle Accessories,Urban,Supplier A,209.83,345.38,2024-08-19,Active
210,PRD00210,Home & Kitchen Furniture Product 0210,Home & Kitchen,Furniture,Vertex,Supplier F,32059.92,41418.9,2023-10-08,Active
211,PRD00211,Electronics Audio Product 0211,Electronics,Audio,Nova,Supplier A,50261.45,59310.12,2021-03-18,Active
212,PRD00212,Electronics Accessories Product 0212,Electronics,Accessories,XBrand,Supplier C,7851.96,8963.64,2023-11-08,Active
213,PRD00213,Home & Kitchen Storage Product 0213,Home & Kitchen,Storage,Orion,Supplier F,4512.23,6483.85,2024-04-22,Active
214,PRD00214,Electronics Wearables Product 0214,Electronics,Wearables,Prime,Supplier C,5713.43,6867.85,2024-07-28,Active
215,PRD00215,Beauty & Personal Care Skincare Product 0215,Beauty & Personal Care,Skincare,XBrand,Supplier D,1428.49,2496.4,2024-08-04,Active
216,PRD00216,Electronics Audio Product 0216,Electronics,Audio,Urban,Supplier D,838.66,1048.8,2025-03-29,Active
217,PRD00217,Fashion Footwear Product 0217,Fashion,Footwear,Orion,Supplier D,1254.44,1798.43,2022-11-29,Inactive
218,PRD00218,Sports & Lifestyle Outdoor Product 0218,Sports & Lifestyle,Outdoor,Prime,Supplier A,504.53,717.28,2025-02-06,Active
219,PRD00219,Grocery & FMCG Beverages Product 0219,Grocery & FMCG,Beverages,Zenith,Supplier E,4366.28,4949.5,2023-08-04,Active
220,PRD00220,Beauty & Personal Care Haircare Product 0220,Beauty & Personal Care,Haircare,Zenith,Supplier C,2286.51,3150.35,2021-09-24,Active
221,PRD00221,Home & Kitchen Cookware Product 0221,Home & Kitchen,Cookware,XBrand,Supplier D,2251.51,3456.35,2023-02-20,Active
222,PRD00222,Beauty & Personal Care Cosmetics Product 0222,Beauty & Personal Care,Cosmetics,Apex,Supplier E,2417.33,3466.36,2022-09-01,Active
223,PRD00223,Fashion Womens Apparel Product 0223,Fashion,Womens Apparel,XBrand,Supplier D,1497.81,2129.77,2023-08-04,Active
224,PRD00224,Fashion Footwear Product 0224,Fashion,Footwear,Orion,Supplier D,882.82,1486.27,2024-10-12,Active
225,PRD00225,Electronics Televisions Product 0225,Electronics,Televisions,Apex,Supplier E,40216.65,45285.66,2023-10-22,Active
226,PRD00226,Grocery & FMCG Snacks Product 0226,Grocery & FMCG,Snacks,Orion,Supplier D,5308.31,6167.13,2023-11-17,Active
227,PRD00227,Fashion Mens Apparel Product 0227,Fashion,Mens Apparel,Nova,Supplier A,859.72,1323.43,2022-07-02,Active
228,PRD00228,Home & Kitchen Cookware Product 0228,Home & Kitchen,Cookware,Urban,Supplier A,5430.39,7492.07,2021-06-09,Active
229,PRD00229,Home & Kitchen Storage Product 0229,Home & Kitchen,Storage,Zenith,Supplier F,2699.97,3677.62,2023-07-26,Active
230,PRD00230,Fashion Footwear Product 0230,Fashion,Footwear,Vertex,Supplier A,350.44,596.55,2022-02-03,Active
231,PRD00231,Grocery & FMCG Packaged Food Product 0231,Grocery & FMCG,Packaged Food,XBrand,Supplier B,525.75,579.73,2022-06-27,Active
232,PRD00232,Grocery & FMCG Snacks Product 0232,Grocery & FMCG,Snacks,Prime,Supplier F,1933.05,2338.11,2021-05-07,Inactive
233,PRD00233,Grocery & FMCG Packaged Food Product 0233,Grocery & FMCG,Packaged Food,Orion,Supplier D,6364.9,7207.47,2023-10-06,Active
234,PRD00234,Electronics Laptops Product 0234,Electronics,Laptops,Orion,Supplier B,1376.42,1624.24,2023-08-06,Active
235,PRD00235,Fashion Footwear Product 0235,Fashion,Footwear,Urban,Supplier C,261.71,464.68,2021-07-29,Active
236,PRD00236,Fashion Mens Apparel Product 0236,Fashion,Mens Apparel,XBrand,Supplier E,429.13,613.53,2021-05-30,Active
237,PRD00237,Electronics Wearables Product 0237,Electronics,Wearables,Prime,Supplier C,5817.68,6715.11,2021-01-31,Active
238,PRD00238,Home & Kitchen Cookware Product 0238,Home & Kitchen,Cookware,Prime,Supplier B,17337.91,23353.04,2022-09-04,Active
239,PRD00239,Grocery & FMCG Beverages Product 0239,Grocery & FMCG,Beverages,Orion,Supplier A,51.63,57.8,2021-10-29,Active
240,PRD00240,Electronics Accessories Product 0240,Electronics,Accessories,Vertex,Supplier D,10326.91,11482.56,2023-08-21,Active
241,PRD00241,Fashion Accessories Product 0241,Fashion,Accessories,Orion,Supplier F,2088.24,3279.01,2023-05-15,Active
242,PRD00242,Home & Kitchen Storage Product 0242,Home & Kitchen,Storage,Vertex,Supplier D,9550.79,14457.97,2023-02-04,Active
243,PRD00243,Electronics Smartphones Product 0243,Electronics,Smartphones,Orion,Supplier A,74623.55,94754.12,2022-11-14,Active
244,PRD00244,Home & Kitchen Furniture Product 0244,Home & Kitchen,Furniture,Orion,Supplier D,688.58,863.28,2021-09-14,Active
245,PRD00245,Sports & Lifestyle Sports Equipment Product 0245,Sports & Lifestyle,Sports Equipment,Prime,Supplier E,613.96,988.69,2023-07-29,Active
246,PRD00246,Grocery & FMCG Beverages Product 0246,Grocery & FMCG,Beverages,Vertex,Supplier E,7010.91,8405.69,2023-12-17,Active
247,PRD00247,Sports & Lifestyle Fitness Product 0247,Sports & Lifestyle,Fitness,Prime,Supplier E,217.74,356.65,2021-01-09,Active
248,PRD00248,Fashion Accessories Product 0248,Fashion,Accessories,XBrand,Supplier C,1173.65,1568.76,2023-10-26,Active
249,PRD00249,Electronics Accessories Product 0249,Electronics,Accessories,Orion,Supplier A,7397.43,8097.46,2023-04-27,Active
250,PRD00250,Fashion Mens Apparel Product 0250,Fashion,Mens Apparel,Nova,Supplier E,1715.78,2514.73,2024-02-12,Active
251,PRD00251,Fashion Accessories Product 0251,Fashion,Accessories,Vertex,Supplier B,1197.38,1908.58,2023-02-16,Active
252,PRD00252,Grocery & FMCG Staples Product 0252,Grocery & FMCG,Staples,Apex,Supplier E,3777.98,4424.85,2022-11-16,Active
253,PRD00253,Electronics Wearables Product 0253,Electronics,Wearables,Zenith,Supplier F,6241.99,7751.33,2023-01-02,Active
254,PRD00254,Fashion Accessories Product 0254,Fashion,Accessories,Apex,Supplier C,7525.0,10364.33,2024-05-13,Active
255,PRD00255,Electronics Wearables Product 0255,Electronics,Wearables,Apex,Supplier B,11389.01,12939.58,2021-01-24,Active
256,PRD00256,Home & Kitchen Furniture Product 0256,Home & Kitchen,Furniture,Nova,Supplier A,186.39,263.88,2022-05-08,Active
257,PRD00257,Grocery & FMCG Snacks Product 0257,Grocery & FMCG,Snacks,Prime,Supplier A,3851.69,4262.09,2023-08-28,Active
258,PRD00258,Fashion Womens Apparel Product 0258,Fashion,Womens Apparel,Prime,Supplier F,4169.03,7196.41,2024-11-30,Active
259,PRD00259,Fashion Womens Apparel Product 0259,Fashion,Womens Apparel,Zenith,Supplier E,7475.35,10725.91,2021-04-13,Inactive
260,PRD00260,Fashion Mens Apparel Product 0260,Fashion,Mens Apparel,Zenith,Supplier B,7063.36,10298.43,2023-12-20,Active
261,PRD00261,Fashion Kids Apparel Product 0261,Fashion,Kids Apparel,Urban,Supplier F,1923.31,2599.43,2024-01-15,Active
262,PRD00262,Grocery & FMCG Packaged Food Product 0262,Grocery & FMCG,Packaged Food,Zenith,Supplier B,22.28,26.27,2023-02-06,Active
263,PRD00263,Grocery & FMCG Beverages Product 0263,Grocery & FMCG,Beverages,Apex,Supplier E,283.26,316.71,2023-10-20,Active
264,PRD00264,Sports & Lifestyle Outdoor Product 0264,Sports & Lifestyle,Outdoor,Apex,Supplier E,363.83,546.28,2022-01-07,Active
265,PRD00265,Grocery & FMCG Beverages Product 0265,Grocery & FMCG,Beverages,Prime,Supplier D,16.83,20.05,2022-11-10,Active
266,PRD00266,Home & Kitchen Home Decor Product 0266,Home & Kitchen,Home Decor,Apex,Supplier D,252.03,320.06,2022-08-19,Active
267,PRD00267,Beauty & Personal Care Grooming Product 0267,Beauty & Personal Care,Grooming,Prime,Supplier E,370.08,588.56,2021-07-21,Active
268,PRD00268,Fashion Womens Apparel Product 0268,Fashion,Womens Apparel,Orion,Supplier C,823.28,1200.36,2021-03-30,Active
269,PRD00269,Home & Kitchen Kitchen Appliances Product 0269,Home & Kitchen,Kitchen Appliances,Orion,Supplier F,45808.54,64434.54,2022-03-13,Active
270,PRD00270,Grocery & FMCG Packaged Food Product 0270,Grocery & FMCG,Packaged Food,Prime,Supplier D,20.29,23.14,2021-04-30,Active
271,PRD00271,Electronics Wearables Product 0271,Electronics,Wearables,Vertex,Supplier E,68440.26,77968.28,2021-06-05,Active
272,PRD00272,Sports & Lifestyle Fitness Product 0272,Sports & Lifestyle,Fitness,Prime,Supplier B,213.02,328.58,2022-02-03,Active
273,PRD00273,Fashion Footwear Product 0273,Fashion,Footwear,XBrand,Supplier F,2039.69,3207.37,2021-07-07,Active
274,PRD00274,Beauty & Personal Care Cosmetics Product 0274,Beauty & Personal Care,Cosmetics,XBrand,Supplier D,90.63,126.77,2023-12-12,Active
275,PRD00275,Beauty & Personal Care Skincare Product 0275,Beauty & Personal Care,Skincare,XBrand,Supplier C,1222.74,1751.67,2022-10-14,Active
276,PRD00276,Grocery & FMCG Snacks Product 0276,Grocery & FMCG,Snacks,XBrand,Supplier F,396.98,458.67,2025-02-12,Active
277,PRD00277,Beauty & Personal Care Skincare Product 0277,Beauty & Personal Care,Skincare,Nova,Supplier F,187.89,366.34,2022-08-10,Inactive
278,PRD00278,Beauty & Personal Care Grooming Product 0278,Beauty & Personal Care,Grooming,Urban,Supplier A,2752.09,4833.26,2021-08-18,Active
279,PRD00279,Electronics Laptops Product 0279,Electronics,Laptops,Urban,Supplier B,1087.89,1201.9,2025-02-13,Active
280,PRD00280,Fashion Mens Apparel Product 0280,Fashion,Mens Apparel,Prime,Supplier C,1477.9,2058.76,2024-02-28,Active
281,PRD00281,Electronics Laptops Product 0281,Electronics,Laptops,Orion,Supplier C,120187.66,133868.01,2021-02-24,Active
282,PRD00282,Grocery & FMCG Packaged Food Product 0282,Grocery & FMCG,Packaged Food,Apex,Supplier C,365.54,413.71,2021-09-28,Active
283,PRD00283,Fashion Kids Apparel Product 0283,Fashion,Kids Apparel,XBrand,Supplier B,2646.98,3655.08,2024-01-29,Active
284,PRD00284,Beauty & Personal Care Personal Hygiene Product 0284,Beauty & Personal Care,Personal Hygiene,Urban,Supplier C,491.47,721.35,2023-12-29,Active
285,PRD00285,Electronics Accessories Product 0285,Electronics,Accessories,Urban,Supplier A,76205.55,83346.88,2024-08-15,Active
286,PRD00286,Electronics Accessories Product 0286,Electronics,Accessories,XBrand,Supplier D,76712.89,95487.58,2023-08-28,Active
287,PRD00287,Beauty & Personal Care Haircare Product 0287,Beauty & Personal Care,Haircare,Orion,Supplier B,216.05,390.91,2024-10-09,Active
288,PRD00288,Electronics Wearables Product 0288,Electronics,Wearables,Nova,Supplier C,738.21,940.83,2024-03-21,Active
289,PRD00289,Electronics Accessories Product 0289,Electronics,Accessories,Nova,Supplier E,11042.08,12582.99,2021-11-26,Active
290,PRD00290,Electronics Televisions Product 0290,Electronics,Televisions,Zenith,Supplier D,4855.93,5332.07,2021-04-26,Active
291,PRD00291,Sports & Lifestyle Sports Equipment Product 0291,Sports & Lifestyle,Sports Equipment,Urban,Supplier F,29945.57,37803.3,2021-11-19,Inactive
292,PRD00292,Grocery & FMCG Packaged Food Product 0292,Grocery & FMCG,Packaged Food,Zenith,Supplier B,1025.59,1171.13,2022-07-17,Active
293,PRD00293,Home & Kitchen Cookware Product 0293,Home & Kitchen,Cookware,Nova,Supplier E,45828.52,58891.92,2021-08-17,Active
294,PRD00294,Home & Kitchen Kitchen Appliances Product 0294,Home & Kitchen,Kitchen Appliances,Vertex,Supplier F,3569.35,4836.52,2021-12-26,Active
295,PRD00295,Home & Kitchen Kitchen Appliances Product 0295,Home & Kitchen,Kitchen Appliances,XBrand,Supplier E,10887.56,13467.4,2023-10-26,Active
296,PRD00296,Grocery & FMCG Packaged Food Product 0296,Grocery & FMCG,Packaged Food,Orion,Supplier C,59.92,66.69,2021-01-28,Active
297,PRD00297,Beauty & Personal Care Personal Hygiene Product 0297,Beauty & Personal Care,Personal Hygiene,Urban,Supplier B,2098.64,2986.47,2024-10-19,Active
298,PRD00298,Electronics Audio Product 0298,Electronics,Audio,XBrand,Supplier C,14312.99,16084.44,2025-01-25,Active
299,PRD00299,Electronics Wearables Product 0299,Electronics,Wearables,Nova,Supplier F,57288.5,72692.47,2024-06-08,Active
300,PRD00300,Electronics Laptops Product 0300,Electronics,Laptops,XBrand,Supplier A,10500.76,12060.45,2024-11-19,Active
301,PRD00301,Beauty & Personal Care Cosmetics Product 0301,Beauty & Personal Care,Cosmetics,Nova,Supplier E,215.06,291.59,2023-05-19,Active
302,PRD00302,Grocery & FMCG Household Care Product 0302,Grocery & FMCG,Household Care,Orion,Supplier A,90.67,106.1,2024-07-18,Active
303,PRD00303,Home & Kitchen Furniture Product 0303,Home & Kitchen,Furniture,Nova,Supplier F,3219.15,4881.1,2024-08-20,Active
304,PRD00304,Electronics Smartphones Product 0304,Electronics,Smartphones,XBrand,Supplier C,5233.91,6360.64,2024-11-07,Active
305,PRD00305,Electronics Audio Product 0305,Electronics,Audio,Orion,Supplier D,8781.37,10352.47,2021-01-28,Active
306,PRD00306,Sports & Lifestyle Sports Equipment Product 0306,Sports & Lifestyle,Sports Equipment,Nova,Supplier E,583.77,823.37,2025-03-23,Active
307,PRD00307,Home & Kitchen Kitchen Appliances Product 0307,Home & Kitchen,Kitchen Appliances,Zenith,Supplier D,2343.72,3348.8,2023-01-14,Active
308,PRD00308,Grocery & FMCG Staples Product 0308,Grocery & FMCG,Staples,Vertex,Supplier B,6134.03,6914.95,2024-05-07,Active
309,PRD00309,Beauty & Personal Care Personal Hygiene Product 0309,Beauty & Personal Care,Personal Hygiene,Prime,Supplier E,75.29,120.29,2024-01-11,Active
310,PRD00310,Fashion Womens Apparel Product 0310,Fashion,Womens Apparel,XBrand,Supplier A,1805.45,2520.49,2024-01-17,Active
311,PRD00311,Home & Kitchen Cookware Product 0311,Home & Kitchen,Cookware,Prime,Supplier D,12413.8,19023.18,2024-11-14,Active
312,PRD00312,Electronics Laptops Product 0312,Electronics,Laptops,XBrand,Supplier F,100778.93,112929.57,2022-08-03,Active
313,PRD00313,Beauty & Personal Care Skincare Product 0313,Beauty & Personal Care,Skincare,Nova,Supplier B,3228.5,5625.78,2022-03-27,Active
314,PRD00314,Grocery & FMCG Snacks Product 0314,Grocery & FMCG,Snacks,Nova,Supplier E,290.69,335.7,2022-03-09,Active
315,PRD00315,Beauty & Personal Care Haircare Product 0315,Beauty & Personal Care,Haircare,Orion,Supplier F,3146.74,4995.1,2022-01-09,Active
316,PRD00316,Fashion Accessories Product 0316,Fashion,Accessories,Urban,Supplier B,839.64,1289.08,2022-03-11,Active
317,PRD00317,Electronics Smartphones Product 0317,Electronics,Smartphones,Vertex,Supplier A,14802.42,16566.25,2024-04-25,Active
318,PRD00318,Sports & Lifestyle Fitness Product 0318,Sports & Lifestyle,Fitness,Zenith,Supplier F,15731.05,23649.94,2024-11-14,Active
319,PRD00319,Grocery & FMCG Household Care Product 0319,Grocery & FMCG,Household Care,Urban,Supplier E,931.69,1023.77,2021-08-06,Active
320,PRD00320,Home & Kitchen Storage Product 0320,Home & Kitchen,Storage,Prime,Supplier B,5957.3,7451.87,2024-02-06,Active
321,PRD00321,Sports & Lifestyle Sports Equipment Product 0321,Sports & Lifestyle,Sports Equipment,Nova,Supplier C,209.8,302.07,2023-08-06,Active
322,PRD00322,Beauty & Personal Care Skincare Product 0322,Beauty & Personal Care,Skincare,Urban,Supplier E,382.94,635.28,2021-12-15,Active
323,PRD00323,Beauty & Personal Care Haircare Product 0323,Beauty & Personal Care,Haircare,Nova,Supplier E,95.98,149.44,2023-02-27,Active
324,PRD00324,Grocery & FMCG Household Care Product 0324,Grocery & FMCG,Household Care,XBrand,Supplier E,48.67,59.26,2025-03-26,Active
325,PRD00325,Grocery & FMCG Beverages Product 0325,Grocery & FMCG,Beverages,Urban,Supplier E,556.7,653.97,2021-01-26,Active
326,PRD00326,Beauty & Personal Care Haircare Product 0326,Beauty & Personal Care,Haircare,Prime,Supplier C,322.86,444.52,2023-12-08,Active
327,PRD00327,Electronics Laptops Product 0327,Electronics,Laptops,Orion,Supplier F,116326.22,132200.35,2023-05-09,Active
328,PRD00328,Home & Kitchen Home Decor Product 0328,Home & Kitchen,Home Decor,Urban,Supplier F,1792.74,2526.68,2022-01-05,Active
329,PRD00329,Sports & Lifestyle Outdoor Product 0329,Sports & Lifestyle,Outdoor,Nova,Supplier F,144.72,226.85,2023-11-04,Active
330,PRD00330,Home & Kitchen Cookware Product 0330,Home & Kitchen,Cookware,Apex,Supplier A,3839.22,4968.55,2024-04-25,Active
331,PRD00331,Fashion Womens Apparel Product 0331,Fashion,Womens Apparel,Apex,Supplier C,273.06,380.57,2025-03-28,Active
332,PRD00332,Fashion Womens Apparel Product 0332,Fashion,Womens Apparel,Orion,Supplier C,6094.25,9945.0,2023-06-03,Active
333,PRD00333,Fashion Mens Apparel Product 0333,Fashion,Mens Apparel,Orion,Supplier B,586.15,795.44,2021-10-06,Active
334,PRD00334,Beauty & Personal Care Personal Hygiene Product 0334,Beauty & Personal Care,Personal Hygiene,Vertex,Supplier D,1455.45,2398.17,2021-12-07,Active
335,PRD00335,Sports & Lifestyle Sports Equipment Product 0335,Sports & Lifestyle,Sports Equipment,Orion,Supplier F,1236.65,1700.38,2024-09-13,Active
336,PRD00336,Home & Kitchen Kitchen Appliances Product 0336,Home & Kitchen,Kitchen Appliances,Nova,Supplier D,515.7,730.28,2022-08-30,Active
337,PRD00337,Electronics Audio Product 0337,Electronics,Audio,Zenith,Supplier B,115191.58,128648.2,2023-11-15,Active
338,PRD00338,Home & Kitchen Cookware Product 0338,Home & Kitchen,Cookware,XBrand,Supplier C,5342.24,7143.09,2022-06-13,Active
339,PRD00339,Grocery & FMCG Household Care Product 0339,Grocery & FMCG,Household Care,Urban,Supplier B,287.24,321.09,2022-03-02,Active
340,PRD00340,Beauty & Personal Care Grooming Product 0340,Beauty & Personal Care,Grooming,Orion,Supplier E,2805.05,4461.76,2021-01-29,Active
341,PRD00341,Home & Kitchen Storage Product 0341,Home & Kitchen,Storage,Apex,Supplier B,3976.3,5176.2,2023-08-14,Active
342,PRD00342,Grocery & FMCG Beverages Product 0342,Grocery & FMCG,Beverages,XBrand,Supplier B,56.42,61.9,2021-11-19,Active
343,PRD00343,Grocery & FMCG Packaged Food Product 0343,Grocery & FMCG,Packaged Food,Zenith,Supplier E,1523.49,1692.06,2021-11-09,Active
344,PRD00344,Grocery & FMCG Household Care Product 0344,Grocery & FMCG,Household Care,Nova,Supplier D,1283.75,1457.21,2022-08-07,Active
345,PRD00345,Sports & Lifestyle Outdoor Product 0345,Sports & Lifestyle,Outdoor,XBrand,Supplier E,1274.6,1804.96,2024-07-17,Active
346,PRD00346,Home & Kitchen Home Decor Product 0346,Home & Kitchen,Home Decor,Nova,Supplier A,1449.14,1804.9,2023-02-01,Active
347,PRD00347,Grocery & FMCG Beverages Product 0347,Grocery & FMCG,Beverages,Zenith,Supplier B,116.95,137.0,2021-10-22,Active
348,PRD00348,Fashion Kids Apparel Product 0348,Fashion,Kids Apparel,Zenith,Supplier B,2807.79,4053.07,2022-10-18,Active
349,PRD00349,Grocery & FMCG Household Care Product 0349,Grocery & FMCG,Household Care,Vertex,Supplier D,314.33,349.01,2023-02-25,Active
350,PRD00350,Beauty & Personal Care Personal Hygiene Product 0350,Beauty & Personal Care,Personal Hygiene,Urban,Supplier C,194.54,261.4,2021-08-11,Active
351,PRD00351,Grocery & FMCG Household Care Product 0351,Grocery & FMCG,Household Care,XBrand,Supplier E,4732.03,5264.07,2021-03-16,Active
352,PRD00352,Beauty & Personal Care Skincare Product 0352,Beauty & Personal Care,Skincare,Zenith,Supplier C,192.43,282.94,2021-04-12,Active
353,PRD00353,Electronics Accessories Product 0353,Electronics,Accessories,Urban,Supplier A,1292.87,1556.74,2023-06-04,Active
354,PRD00354,Fashion Mens Apparel Product 0354,Fashion,Mens Apparel,XBrand,Supplier E,290.19,401.28,2021-06-22,Active
355,PRD00355,Sports & Lifestyle Fitness Product 0355,Sports & Lifestyle,Fitness,Nova,Supplier A,4450.54,6079.41,2023-10-25,Active
356,PRD00356,Sports & Lifestyle Lifestyle Accessories Product 0356,Sports & Lifestyle,Lifestyle Accessories,Zenith,Supplier A,5852.17,8499.7,2025-02-11,Active
357,PRD00357,Electronics Televisions Product 0357,Electronics,Televisions,Nova,Supplier A,2529.97,3052.27,2022-01-30,Active
358,PRD00358,Electronics Accessories Product 0358,Electronics,Accessories,XBrand,Supplier F,1240.81,1468.59,2023-04-13,Active
359,PRD00359,Electronics Smartphones Product 0359,Electronics,Smartphones,Vertex,Supplier E,6952.42,7878.12,2023-10-01,Active
360,PRD00360,Beauty & Personal Care Personal Hygiene Product 0360,Beauty & Personal Care,Personal Hygiene,Nova,Supplier E,855.72,1607.98,2021-06-16,Inactive
361,PRD00361,Grocery & FMCG Household Care Product 0361,Grocery & FMCG,Household Care,Prime,Supplier F,8533.95,9932.16,2021-10-27,Active
362,PRD00362,Home & Kitchen Storage Product 0362,Home & Kitchen,Storage,Prime,Supplier D,1761.37,2253.22,2021-04-28,Active
363,PRD00363,Fashion Kids Apparel Product 0363,Fashion,Kids Apparel,Urban,Supplier F,535.17,818.17,2022-05-27,Active
364,PRD00364,Grocery & FMCG Staples Product 0364,Grocery & FMCG,Staples,Orion,Supplier B,162.43,196.02,2022-09-04,Inactive
365,PRD00365,Grocery & FMCG Snacks Product 0365,Grocery & FMCG,Snacks,Prime,Supplier C,174.12,197.26,2024-04-13,Active
366,PRD00366,Fashion Kids Apparel Product 0366,Fashion,Kids Apparel,Prime,Supplier C,782.11,1342.27,2021-06-08,Active
367,PRD00367,Beauty & Personal Care Skincare Product 0367,Beauty & Personal Care,Skincare,Vertex,Supplier A,1190.23,1995.5,2024-11-08,Active
368,PRD00368,Fashion Womens Apparel Product 0368,Fashion,Womens Apparel,Vertex,Supplier E,648.73,1106.25,2024-06-04,Active
369,PRD00369,Home & Kitchen Cookware Product 0369,Home & Kitchen,Cookware,Orion,Supplier E,168.31,250.47,2023-11-28,Active
370,PRD00370,Fashion Mens Apparel Product 0370,Fashion,Mens Apparel,Apex,Supplier A,1492.32,2226.19,2022-04-08,Active
371,PRD00371,Beauty & Personal Care Haircare Product 0371,Beauty & Personal Care,Haircare,Orion,Supplier B,572.69,982.06,2024-12-25,Active
372,PRD00372,Grocery & FMCG Beverages Product 0372,Grocery & FMCG,Beverages,Apex,Supplier C,18.03,21.65,2021-04-14,Active
373,PRD00373,Beauty & Personal Care Skincare Product 0373,Beauty & Personal Care,Skincare,Vertex,Supplier F,516.89,778.15,2023-09-09,Active
374,PRD00374,Grocery & FMCG Packaged Food Product 0374,Grocery & FMCG,Packaged Food,Apex,Supplier D,41.37,47.22,2024-05-01,Active
375,PRD00375,Electronics Accessories Product 0375,Electronics,Accessories,Vertex,Supplier B,9272.9,10738.87,2021-09-07,Active
376,PRD00376,Fashion Kids Apparel Product 0376,Fashion,Kids Apparel,Apex,Supplier E,2838.15,4262.64,2023-11-03,Active
377,PRD00377,Electronics Televisions Product 0377,Electronics,Televisions,Nova,Supplier A,102478.14,122566.68,2022-07-21,Active
378,PRD00378,Home & Kitchen Kitchen Appliances Product 0378,Home & Kitchen,Kitchen Appliances,Vertex,Supplier C,20210.24,25218.36,2022-08-20,Active
379,PRD00379,Beauty & Personal Care Personal Hygiene Product 0379,Beauty & Personal Care,Personal Hygiene,Orion,Supplier A,412.37,619.37,2022-09-13,Active
380,PRD00380,Sports & Lifestyle Sports Equipment Product 0380,Sports & Lifestyle,Sports Equipment,Urban,Supplier E,2560.32,4078.39,2022-07-09,Active
381,PRD00381,Electronics Televisions Product 0381,Electronics,Televisions,Urban,Supplier A,1095.51,1204.07,2024-11-12,Active
382,PRD00382,Fashion Womens Apparel Product 0382,Fashion,Womens Apparel,Vertex,Supplier F,5905.44,8347.73,2021-03-12,Active
383,PRD00383,Grocery & FMCG Snacks Product 0383,Grocery & FMCG,Snacks,Prime,Supplier C,1104.96,1276.37,2023-08-14,Active
384,PRD00384,Home & Kitchen Kitchen Appliances Product 0384,Home & Kitchen,Kitchen Appliances,Zenith,Supplier A,23458.92,29370.09,2023-08-31,Active
385,PRD00385,Fashion Footwear Product 0385,Fashion,Footwear,Urban,Supplier C,317.4,497.0,2022-03-14,Active
386,PRD00386,Grocery & FMCG Snacks Product 0386,Grocery & FMCG,Snacks,Orion,Supplier A,6295.34,7166.01,2023-12-04,Active
387,PRD00387,Beauty & Personal Care Grooming Product 0387,Beauty & Personal Care,Grooming,Prime,Supplier A,267.85,447.66,2024-07-19,Active
388,PRD00388,Electronics Accessories Product 0388,Electronics,Accessories,Urban,Supplier C,83673.26,104222.88,2023-11-04,Inactive
389,PRD00389,Home & Kitchen Storage Product 0389,Home & Kitchen,Storage,Zenith,Supplier F,63548.5,77862.48,2024-10-26,Active
390,PRD00390,Grocery & FMCG Packaged Food Product 0390,Grocery & FMCG,Packaged Food,XBrand,Supplier A,34.65,40.33,2024-02-10,Active
391,PRD00391,Fashion Kids Apparel Product 0391,Fashion,Kids Apparel,XBrand,Supplier F,5148.71,7430.12,2024-11-03,Active
392,PRD00392,Electronics Smartphones Product 0392,Electronics,Smartphones,Vertex,Supplier B,2263.57,2795.14,2021-11-10,Active
393,PRD00393,Grocery & FMCG Household Care Product 0393,Grocery & FMCG,Household Care,Zenith,Supplier D,25.07,28.39,2024-12-09,Active
394,PRD00394,Electronics Wearables Product 0394,Electronics,Wearables,Orion,Supplier B,9497.45,11285.65,2022-04-30,Active
395,PRD00395,Grocery & FMCG Snacks Product 0395,Grocery & FMCG,Snacks,Orion,Supplier D,1637.74,1851.57,2021-06-18,Inactive
396,PRD00396,Home & Kitchen Home Decor Product 0396,Home & Kitchen,Home Decor,Urban,Supplier B,5650.07,7842.03,2023-06-07,Active
397,PRD00397,Sports & Lifestyle Outdoor Product 0397,Sports & Lifestyle,Outdoor,Nova,Supplier D,2440.24,3631.84,2023-03-14,Inactive
398,PRD00398,Home & Kitchen Storage Product 0398,Home & Kitchen,Storage,Prime,Supplier A,759.7,943.02,2021-09-03,Active
399,PRD00399,Home & Kitchen Cookware Product 0399,Home & Kitchen,Cookware,Zenith,Supplier C,318.11,406.88,2021-09-23,Active
400,PRD00400,Electronics Audio Product 0400,Electronics,Audio,Urban,Supplier C,8792.78,10958.95,2023-04-29,Active
401,PRD00401,Home & Kitchen Kitchen Appliances Product 0401,Home & Kitchen,Kitchen Appliances,Vertex,Supplier E,9150.07,13340.96,2021-08-31,Active
402,PRD00402,Grocery & FMCG Staples Product 0402,Grocery & FMCG,Staples,Zenith,Supplier D,155.8,177.13,2024-08-16,Active
403,PRD00403,Sports & Lifestyle Sports Equipment Product 0403,Sports & Lifestyle,Sports Equipment,Prime,Supplier E,1222.72,1605.4,2024-09-12,Inactive
404,PRD00404,Home & Kitchen Furniture Product 0404,Home & Kitchen,Furniture,Apex,Supplier F,206.7,287.26,2022-06-14,Inactive
405,PRD00405,Fashion Mens Apparel Product 0405,Fashion,Mens Apparel,Vertex,Supplier F,10305.11,14379.87,2023-04-27,Inactive
406,PRD00406,Beauty & Personal Care Skincare Product 0406,Beauty & Personal Care,Skincare,Urban,Supplier E,68.17,122.8,2023-10-01,Active
407,PRD00407,Grocery & FMCG Household Care Product 0407,Grocery & FMCG,Household Care,Nova,Supplier D,80.44,96.11,2021-12-08,Inactive
408,PRD00408,Beauty & Personal Care Personal Hygiene Product 0408,Beauty & Personal Care,Personal Hygiene,Zenith,Supplier C,1309.76,2550.24,2024-06-26,Active
409,PRD00409,Fashion Accessories Product 0409,Fashion,Accessories,Apex,Supplier D,915.65,1482.58,2023-01-30,Active
410,PRD00410,Fashion Footwear Product 0410,Fashion,Footwear,Vertex,Supplier F,1151.39,1845.52,2024-11-04,Active
411,PRD00411,Beauty & Personal Care Haircare Product 0411,Beauty & Personal Care,Haircare,Urban,Supplier A,554.18,788.49,2023-03-09,Active
412,PRD00412,Electronics Accessories Product 0412,Electronics,Accessories,XBrand,Supplier E,9652.58,11409.7,2022-06-16,Inactive
413,PRD00413,Beauty & Personal Care Grooming Product 0413,Beauty & Personal Care,Grooming,Orion,Supplier E,2362.05,4172.35,2023-05-14,Inactive
414,PRD00414,Home & Kitchen Home Decor Product 0414,Home & Kitchen,Home Decor,Urban,Supplier F,8531.13,10654.27,2024-11-05,Active
415,PRD00415,Grocery & FMCG Household Care Product 0415,Grocery & FMCG,Household Care,XBrand,Supplier D,1532.7,1761.78,2021-02-11,Active
416,PRD00416,Electronics Laptops Product 0416,Electronics,Laptops,XBrand,Supplier E,68173.88,86163.2,2024-09-30,Active
417,PRD00417,Beauty & Personal Care Haircare Product 0417,Beauty & Personal Care,Haircare,Vertex,Supplier C,69.58,127.7,2022-08-22,Active
418,PRD00418,Fashion Womens Apparel Product 0418,Fashion,Womens Apparel,Urban,Supplier E,234.47,346.56,2024-07-08,Active
419,PRD00419,Beauty & Personal Care Grooming Product 0419,Beauty & Personal Care,Grooming,Orion,Supplier D,862.34,1209.49,2021-11-02,Active
420,PRD00420,Electronics Smartphones Product 0420,Electronics,Smartphones,Urban,Supplier F,36522.44,39748.84,2023-03-20,Active
421,PRD00421,Beauty & Personal Care Grooming Product 0421,Beauty & Personal Care,Grooming,XBrand,Supplier C,130.37,215.56,2023-05-12,Active
422,PRD00422,Fashion Footwear Product 0422,Fashion,Footwear,Prime,Supplier C,2778.19,4902.64,2024-06-17,Active
423,PRD00423,Fashion Mens Apparel Product 0423,Fashion,Mens Apparel,Apex,Supplier E,2915.02,4734.91,2022-11-10,Active
424,PRD00424,Beauty & Personal Care Personal Hygiene Product 0424,Beauty & Personal Care,Personal Hygiene,Nova,Supplier D,458.05,611.0,2024-08-29,Active
425,PRD00425,Beauty & Personal Care Skincare Product 0425,Beauty & Personal Care,Skincare,Urban,Supplier E,106.25,172.38,2023-01-01,Active
426,PRD00426,Grocery & FMCG Snacks Product 0426,Grocery & FMCG,Snacks,Apex,Supplier A,1166.29,1327.96,2022-03-17,Active
427,PRD00427,Home & Kitchen Cookware Product 0427,Home & Kitchen,Cookware,Apex,Supplier F,11635.9,15911.62,2023-07-22,Active
428,PRD00428,Grocery & FMCG Household Care Product 0428,Grocery & FMCG,Household Care,Zenith,Supplier A,28.57,31.71,2023-06-22,Active
429,PRD00429,Fashion Womens Apparel Product 0429,Fashion,Womens Apparel,Prime,Supplier C,4850.53,8017.17,2021-05-13,Active
430,PRD00430,Electronics Accessories Product 0430,Electronics,Accessories,Apex,Supplier E,78122.53,86462.53,2022-12-20,Active
431,PRD00431,Electronics Wearables Product 0431,Electronics,Wearables,Urban,Supplier A,126936.04,142515.39,2021-02-20,Active
432,PRD00432,Home & Kitchen Kitchen Appliances Product 0432,Home & Kitchen,Kitchen Appliances,Vertex,Supplier B,138.91,213.57,2022-09-10,Active
433,PRD00433,Grocery & FMCG Beverages Product 0433,Grocery & FMCG,Beverages,Vertex,Supplier A,97.88,114.72,2022-01-27,Active
434,PRD00434,Beauty & Personal Care Grooming Product 0434,Beauty & Personal Care,Grooming,Zenith,Supplier E,135.36,223.75,2022-11-27,Active
435,PRD00435,Grocery & FMCG Staples Product 0435,Grocery & FMCG,Staples,Apex,Supplier E,4891.0,5507.99,2022-06-07,Active
436,PRD00436,Fashion Kids Apparel Product 0436,Fashion,Kids Apparel,Urban,Supplier F,2938.46,4124.63,2022-05-23,Active
437,PRD00437,Fashion Womens Apparel Product 0437,Fashion,Womens Apparel,Urban,Supplier A,2356.8,3452.12,2021-12-20,Active
438,PRD00438,Electronics Smartphones Product 0438,Electronics,Smartphones,XBrand,Supplier E,2115.04,2414.0,2023-05-17,Active
439,PRD00439,Home & Kitchen Home Decor Product 0439,Home & Kitchen,Home Decor,Prime,Supplier E,387.71,581.56,2023-08-31,Active
440,PRD00440,Fashion Accessories Product 0440,Fashion,Accessories,Orion,Supplier F,992.52,1415.98,2024-11-19,Active
441,PRD00441,Electronics Televisions Product 0441,Electronics,Televisions,Nova,Supplier F,7312.94,8356.45,2023-08-14,Active
442,PRD00442,Home & Kitchen Kitchen Appliances Product 0442,Home & Kitchen,Kitchen Appliances,Orion,Supplier F,11315.33,17278.15,2021-04-06,Active
443,PRD00443,Beauty & Personal Care Grooming Product 0443,Beauty & Personal Care,Grooming,Zenith,Supplier F,399.72,747.51,2021-04-16,Active
444,PRD00444,Grocery & FMCG Snacks Product 0444,Grocery & FMCG,Snacks,XBrand,Supplier B,608.95,673.41,2022-11-09,Inactive
445,PRD00445,Sports & Lifestyle Sports Equipment Product 0445,Sports & Lifestyle,Sports Equipment,Nova,Supplier C,5406.65,7753.54,2022-05-28,Active
446,PRD00446,Sports & Lifestyle Outdoor Product 0446,Sports & Lifestyle,Outdoor,Orion,Supplier E,3900.93,6270.97,2024-06-19,Active
447,PRD00447,Beauty & Personal Care Haircare Product 0447,Beauty & Personal Care,Haircare,Urban,Supplier D,396.59,755.83,2023-05-06,Active
448,PRD00448,Fashion Mens Apparel Product 0448,Fashion,Mens Apparel,Vertex,Supplier F,3686.02,5650.98,2025-02-20,Inactive
449,PRD00449,Beauty & Personal Care Grooming Product 0449,Beauty & Personal Care,Grooming,XBrand,Supplier C,1071.23,1602.18,2023-03-01,Active
450,PRD00450,Grocery & FMCG Beverages Product 0450,Grocery & FMCG,Beverages,Orion,Supplier F,7705.72,9030.87,2022-05-30,Active
451,PRD00451,Electronics Televisions Product 0451,Electronics,Televisions,Zenith,Supplier C,878.78,1005.16,2023-06-17,Active
452,PRD00452,Fashion Kids Apparel Product 0452,Fashion,Kids Apparel,Apex,Supplier D,2535.45,3432.16,2023-12-21,Active
453,PRD00453,Grocery & FMCG Snacks Product 0453,Grocery & FMCG,Snacks,Zenith,Supplier A,20.3,23.2,2024-12-10,Active
454,PRD00454,Fashion Womens Apparel Product 0454,Fashion,Womens Apparel,Zenith,Supplier B,728.56,1099.98,2023-10-05,Active
455,PRD00455,Beauty & Personal Care Skincare Product 0455,Beauty & Personal Care,Skincare,Zenith,Supplier E,235.89,332.79,2024-08-10,Active
456,PRD00456,Beauty & Personal Care Skincare Product 0456,Beauty & Personal Care,Skincare,Apex,Supplier A,1480.03,2381.93,2023-01-07,Active
457,PRD00457,Electronics Smartphones Product 0457,Electronics,Smartphones,Nova,Supplier D,1994.08,2278.28,2021-10-29,Active
458,PRD00458,Home & Kitchen Furniture Product 0458,Home & Kitchen,Furniture,Urban,Supplier B,5588.85,6919.28,2024-04-08,Inactive
459,PRD00459,Home & Kitchen Cookware Product 0459,Home & Kitchen,Cookware,Vertex,Supplier B,389.07,481.79,2022-10-08,Active
460,PRD00460,Electronics Laptops Product 0460,Electronics,Laptops,Nova,Supplier B,45747.17,56154.73,2023-12-01,Active
461,PRD00461,Electronics Televisions Product 0461,Electronics,Televisions,Orion,Supplier D,33798.69,41232.27,2021-08-19,Active
462,PRD00462,Grocery & FMCG Packaged Food Product 0462,Grocery & FMCG,Packaged Food,Orion,Supplier F,1117.76,1281.39,2024-12-03,Active
463,PRD00463,Home & Kitchen Kitchen Appliances Product 0463,Home & Kitchen,Kitchen Appliances,Vertex,Supplier F,7618.05,9364.78,2023-01-08,Active
464,PRD00464,Fashion Accessories Product 0464,Fashion,Accessories,Orion,Supplier F,2025.44,3407.39,2023-09-24,Active
465,PRD00465,Home & Kitchen Home Decor Product 0465,Home & Kitchen,Home Decor,Prime,Supplier A,3035.81,3998.57,2021-10-24,Active
466,PRD00466,Sports & Lifestyle Lifestyle Accessories Product 0466,Sports & Lifestyle,Lifestyle Accessories,Vertex,Supplier E,581.88,866.61,2022-03-31,Active
467,PRD00467,Home & Kitchen Cookware Product 0467,Home & Kitchen,Cookware,Apex,Supplier B,8519.21,12678.61,2023-12-17,Active
468,PRD00468,Fashion Womens Apparel Product 0468,Fashion,Womens Apparel,Orion,Supplier B,680.87,1142.31,2023-07-31,Active
469,PRD00469,Grocery & FMCG Beverages Product 0469,Grocery & FMCG,Beverages,Orion,Supplier A,544.61,654.81,2021-08-28,Active
470,PRD00470,Grocery & FMCG Staples Product 0470,Grocery & FMCG,Staples,XBrand,Supplier F,461.55,531.59,2024-04-14,Active
471,PRD00471,Electronics Wearables Product 0471,Electronics,Wearables,XBrand,Supplier B,13414.82,16457.96,2023-12-23,Active
472,PRD00472,Grocery & FMCG Staples Product 0472,Grocery & FMCG,Staples,XBrand,Supplier B,7328.28,8029.72,2022-07-05,Active
473,PRD00473,Fashion Mens Apparel Product 0473,Fashion,Mens Apparel,Vertex,Supplier D,207.32,368.58,2021-05-18,Active
474,PRD00474,Fashion Mens Apparel Product 0474,Fashion,Mens Apparel,Apex,Supplier C,1492.67,2380.58,2022-03-30,Active
475,PRD00475,Electronics Laptops Product 0475,Electronics,Laptops,Vertex,Supplier A,9055.49,9985.24,2025-01-12,Active
476,PRD00476,Electronics Televisions Product 0476,Electronics,Televisions,Zenith,Supplier A,36324.26,44548.4,2024-06-03,Active
477,PRD00477,Beauty & Personal Care Haircare Product 0477,Beauty & Personal Care,Haircare,Urban,Supplier F,281.0,417.26,2022-03-19,Active
478,PRD00478,Fashion Kids Apparel Product 0478,Fashion,Kids Apparel,Apex,Supplier A,5847.27,7949.75,2024-05-14,Active
479,PRD00479,Fashion Footwear Product 0479,Fashion,Footwear,Apex,Supplier F,6579.47,9417.16,2021-01-27,Inactive
480,PRD00480,Beauty & Personal Care Skincare Product 0480,Beauty & Personal Care,Skincare,Zenith,Supplier D,788.58,1528.24,2022-04-02,Active
481,PRD00481,Grocery & FMCG Household Care Product 0481,Grocery & FMCG,Household Care,Vertex,Supplier D,1188.59,1352.89,2022-11-26,Active
482,PRD00482,Electronics Audio Product 0482,Electronics,Audio,Vertex,Supplier E,25743.74,29527.96,2022-12-11,Active
483,PRD00483,Beauty & Personal Care Skincare Product 0483,Beauty & Personal Care,Skincare,XBrand,Supplier F,178.26,355.93,2023-04-29,Active
484,PRD00484,Electronics Accessories Product 0484,Electronics,Accessories,Apex,Supplier D,33763.18,40691.32,2023-08-07,Active
485,PRD00485,Grocery & FMCG Household Care Product 0485,Grocery & FMCG,Household Care,XBrand,Supplier F,166.5,181.95,2021-04-17,Active
486,PRD00486,Beauty & Personal Care Haircare Product 0486,Beauty & Personal Care,Haircare,Urban,Supplier A,69.86,114.26,2022-03-20,Active
487,PRD00487,Sports & Lifestyle Sports Equipment Product 0487,Sports & Lifestyle,Sports Equipment,Prime,Supplier E,7841.64,11323.28,2021-02-05,Active
488,PRD00488,Electronics Laptops Product 0488,Electronics,Laptops,XBrand,Supplier C,59659.85,65179.2,2022-08-20,Active
489,PRD00489,Electronics Audio Product 0489,Electronics,Audio,Vertex,Supplier B,4832.86,5449.72,2021-06-04,Active
490,PRD00490,Home & Kitchen Cookware Product 0490,Home & Kitchen,Cookware,Orion,Supplier B,2349.12,2908.42,2024-04-07,Active
491,PRD00491,Home & Kitchen Storage Product 0491,Home & Kitchen,Storage,Nova,Supplier E,47519.35,60762.82,2023-03-07,Active
492,PRD00492,Home & Kitchen Kitchen Appliances Product 0492,Home & Kitchen,Kitchen Appliances,Prime,Supplier F,37534.38,50206.63,2021-09-29,Active
493,PRD00493,Sports & Lifestyle Outdoor Product 0493,Sports & Lifestyle,Outdoor,Urban,Supplier F,25530.36,37044.1,2024-12-14,Active
494,PRD00494,Home & Kitchen Home Decor Product 0494,Home & Kitchen,Home Decor,Orion,Supplier F,43280.71,52839.95,2024-04-22,Active
495,PRD00495,Home & Kitchen Cookware Product 0495,Home & Kitchen,Cookware,Vertex,Supplier C,11782.36,17678.45,2024-06-14,Active
496,PRD00496,Grocery & FMCG Packaged Food Product 0496,Grocery & FMCG,Packaged Food,Prime,Supplier B,43.39,47.66,2025-03-13,Active
497,PRD00497,Fashion Kids Apparel Product 0497,Fashion,Kids Apparel,Zenith,Supplier E,887.84,1576.24,2025-01-04,Active
498,PRD00498,Grocery & FMCG Beverages Product 0498,Grocery & FMCG,Beverages,Vertex,Supplier F,504.73,581.99,2023-09-08,Active
499,PRD00499,Electronics Smartphones Product 0499,Electronics,Smartphones,XBrand,Supplier D,1538.65,1672.64,2021-05-02,Active
500,PRD00500,Fashion Accessories Product 0500,Fashion,Accessories,Orion,Supplier A,5224.54,7132.63,2024-12-11,Active
501,PRD00501,Electronics Televisions Product 0501,Electronics,Televisions,Vertex,Supplier C,17471.59,22061.37,2024-10-30,Active
502,PRD00502,Electronics Wearables Product 0502,Electronics,Wearables,Orion,Supplier F,1969.51,2381.91,2024-09-11,Active
503,PRD00503,Sports & Lifestyle Sports Equipment Product 0503,Sports & Lifestyle,Sports Equipment,Urban,Supplier B,205.18,302.07,2025-02-12,Active
504,PRD00504,Electronics Smartphones Product 0504,Electronics,Smartphones,Nova,Supplier A,1539.77,1884.75,2021-05-30,Active
505,PRD00505,Fashion Accessories Product 0505,Fashion,Accessories,XBrand,Supplier E,639.25,972.5,2022-12-08,Active
506,PRD00506,Fashion Mens Apparel Product 0506,Fashion,Mens Apparel,XBrand,Supplier F,2237.24,3125.75,2023-09-22,Active
507,PRD00507,Home & Kitchen Kitchen Appliances Product 0507,Home & Kitchen,Kitchen Appliances,Orion,Supplier B,13059.5,16992.36,2025-02-22,Active
508,PRD00508,Grocery & FMCG Snacks Product 0508,Grocery & FMCG,Snacks,Urban,Supplier A,1109.18,1226.74,2021-06-02,Active
509,PRD00509,Electronics Smartphones Product 0509,Electronics,Smartphones,Urban,Supplier D,26439.01,29309.8,2023-11-07,Active
510,PRD00510,Beauty & Personal Care Haircare Product 0510,Beauty & Personal Care,Haircare,Prime,Supplier C,485.2,705.03,2022-07-05,Active
511,PRD00511,Sports & Lifestyle Lifestyle Accessories Product 0511,Sports & Lifestyle,Lifestyle Accessories,Nova,Supplier E,7873.75,10532.13,2023-04-25,Active
512,PRD00512,Fashion Mens Apparel Product 0512,Fashion,Mens Apparel,Vertex,Supplier B,5396.11,9439.76,2024-10-03,Active
513,PRD00513,Sports & Lifestyle Lifestyle Accessories Product 0513,Sports & Lifestyle,Lifestyle Accessories,Prime,Supplier D,381.97,564.02,2025-01-22,Active
514,PRD00514,Electronics Accessories Product 0514,Electronics,Accessories,Vertex,Supplier C,1094.17,1264.67,2024-05-10,Active
515,PRD00515,Fashion Mens Apparel Product 0515,Fashion,Mens Apparel,Vertex,Supplier C,3017.78,4882.22,2024-12-17,Active
516,PRD00516,Home & Kitchen Home Decor Product 0516,Home & Kitchen,Home Decor,Vertex,Supplier D,6506.1,8427.94,2021-10-07,Active
517,PRD00517,Grocery & FMCG Packaged Food Product 0517,Grocery & FMCG,Packaged Food,Prime,Supplier B,190.64,209.56,2022-02-26,Active
518,PRD00518,Sports & Lifestyle Fitness Product 0518,Sports & Lifestyle,Fitness,XBrand,Supplier C,6302.7,9013.87,2023-09-20,Active
519,PRD00519,Home & Kitchen Storage Product 0519,Home & Kitchen,Storage,Urban,Supplier E,10850.44,13952.33,2025-01-28,Active
520,PRD00520,Beauty & Personal Care Haircare Product 0520,Beauty & Personal Care,Haircare,XBrand,Supplier A,294.91,442.51,2023-03-15,Active
521,PRD00521,Home & Kitchen Cookware Product 0521,Home & Kitchen,Cookware,Nova,Supplier E,176.95,232.22,2021-12-21,Active
522,PRD00522,Fashion Kids Apparel Product 0522,Fashion,Kids Apparel,Prime,Supplier F,3961.98,6944.27,2022-01-13,Active
523,PRD00523,Fashion Accessories Product 0523,Fashion,Accessories,Zenith,Supplier C,1498.58,2274.36,2024-02-22,Active
524,PRD00524,Sports & Lifestyle Fitness Product 0524,Sports & Lifestyle,Fitness,Nova,Supplier A,146.27,234.34,2021-03-21,Inactive
525,PRD00525,Beauty & Personal Care Haircare Product 0525,Beauty & Personal Care,Haircare,Urban,Supplier D,54.02,105.13,2023-09-15,Active
526,PRD00526,Home & Kitchen Storage Product 0526,Home & Kitchen,Storage,Urban,Supplier A,2849.51,3740.14,2021-08-21,Active
527,PRD00527,Electronics Laptops Product 0527,Electronics,Laptops,Apex,Supplier A,92463.72,100878.47,2025-02-12,Active
528,PRD00528,Electronics Wearables Product 0528,Electronics,Wearables,Nova,Supplier A,14136.66,16766.49,2021-06-03,Active
529,PRD00529,Home & Kitchen Kitchen Appliances Product 0529,Home & Kitchen,Kitchen Appliances,Zenith,Supplier C,553.84,741.34,2023-06-26,Inactive
530,PRD00530,Home & Kitchen Cookware Product 0530,Home & Kitchen,Cookware,XBrand,Supplier F,6923.95,9942.67,2024-12-03,Active
531,PRD00531,Grocery & FMCG Beverages Product 0531,Grocery & FMCG,Beverages,Orion,Supplier F,16.6,20.09,2023-11-21,Active
532,PRD00532,Fashion Footwear Product 0532,Fashion,Footwear,Zenith,Supplier B,400.46,569.42,2025-03-07,Active
533,PRD00533,Fashion Accessories Product 0533,Fashion,Accessories,Nova,Supplier F,622.8,838.85,2022-01-06,Active
534,PRD00534,Electronics Wearables Product 0534,Electronics,Wearables,Prime,Supplier C,1189.79,1521.64,2021-11-19,Active
535,PRD00535,Grocery & FMCG Beverages Product 0535,Grocery & FMCG,Beverages,Urban,Supplier B,128.85,141.84,2021-11-28,Inactive
536,PRD00536,Beauty & Personal Care Skincare Product 0536,Beauty & Personal Care,Skincare,Urban,Supplier D,92.48,162.21,2021-08-31,Active
537,PRD00537,Electronics Smartphones Product 0537,Electronics,Smartphones,Nova,Supplier D,61931.56,70056.21,2022-03-06,Active
538,PRD00538,Beauty & Personal Care Skincare Product 0538,Beauty & Personal Care,Skincare,Zenith,Supplier D,75.69,109.03,2024-04-20,Active
539,PRD00539,Fashion Accessories Product 0539,Fashion,Accessories,Nova,Supplier D,272.08,373.05,2023-03-20,Active
540,PRD00540,Electronics Audio Product 0540,Electronics,Audio,Vertex,Supplier D,6790.79,7648.91,2025-02-05,Active
541,PRD00541,Fashion Womens Apparel Product 0541,Fashion,Womens Apparel,Nova,Supplier E,1576.38,2254.22,2022-01-11,Active
542,PRD00542,Fashion Kids Apparel Product 0542,Fashion,Kids Apparel,Vertex,Supplier C,6760.02,11884.47,2021-03-22,Inactive
543,PRD00543,Electronics Audio Product 0543,Electronics,Audio,Zenith,Supplier B,13518.08,15531.22,2022-02-24,Active
544,PRD00544,Sports & Lifestyle Lifestyle Accessories Product 0544,Sports & Lifestyle,Lifestyle Accessories,Prime,Supplier D,1077.99,1502.15,2022-04-12,Active
545,PRD00545,Grocery & FMCG Household Care Product 0545,Grocery & FMCG,Household Care,Prime,Supplier E,1609.43,1839.69,2024-12-22,Active
546,PRD00546,Beauty & Personal Care Personal Hygiene Product 0546,Beauty & Personal Care,Personal Hygiene,XBrand,Supplier F,2653.25,5162.2,2023-12-17,Active
547,PRD00547,Fashion Mens Apparel Product 0547,Fashion,Mens Apparel,Nova,Supplier E,710.64,1114.09,2024-09-07,Inactive
548,PRD00548,Fashion Accessories Product 0548,Fashion,Accessories,Zenith,Supplier E,307.97,433.82,2025-02-27,Active
549,PRD00549,Beauty & Personal Care Cosmetics Product 0549,Beauty & Personal Care,Cosmetics,Zenith,Supplier C,466.13,667.38,2024-07-13,Active
550,PRD00550,Fashion Footwear Product 0550,Fashion,Footwear,XBrand,Supplier D,6645.44,9251.08,2024-06-04,Active
551,PRD00551,Electronics Wearables Product 0551,Electronics,Wearables,Orion,Supplier E,7249.42,8679.84,2023-04-09,Active
552,PRD00552,Fashion Kids Apparel Product 0552,Fashion,Kids Apparel,Zenith,Supplier E,3022.7,4488.8,2023-03-15,Active
553,PRD00553,Grocery & FMCG Beverages Product 0553,Grocery & FMCG,Beverages,Apex,Supplier D,3826.46,4433.05,2023-12-14,Active
554,PRD00554,Fashion Footwear Product 0554,Fashion,Footwear,Prime,Supplier C,1230.9,1671.16,2023-09-05,Active
555,PRD00555,Electronics Laptops Product 0555,Electronics,Laptops,Urban,Supplier E,7326.34,9099.95,2021-01-04,Active
556,PRD00556,Grocery & FMCG Packaged Food Product 0556,Grocery & FMCG,Packaged Food,Vertex,Supplier B,762.55,911.29,2025-01-02,Inactive
557,PRD00557,Home & Kitchen Cookware Product 0557,Home & Kitchen,Cookware,Apex,Supplier A,3078.87,3849.25,2024-08-26,Active
558,PRD00558,Home & Kitchen Cookware Product 0558,Home & Kitchen,Cookware,Urban,Supplier F,165.96,215.96,2022-08-26,Active
559,PRD00559,Electronics Accessories Product 0559,Electronics,Accessories,Apex,Supplier A,24980.6,30864.49,2024-01-18,Active
560,PRD00560,Home & Kitchen Home Decor Product 0560,Home & Kitchen,Home Decor,XBrand,Supplier A,862.56,1172.37,2021-11-16,Active
561,PRD00561,Grocery & FMCG Packaged Food Product 0561,Grocery & FMCG,Packaged Food,XBrand,Supplier C,240.76,273.92,2024-10-30,Active
562,PRD00562,Fashion Womens Apparel Product 0562,Fashion,Womens Apparel,Vertex,Supplier E,534.61,739.71,2022-05-16,Active
563,PRD00563,Home & Kitchen Storage Product 0563,Home & Kitchen,Storage,Prime,Supplier A,524.66,647.26,2024-06-11,Active
564,PRD00564,Grocery & FMCG Household Care Product 0564,Grocery & FMCG,Household Care,Orion,Supplier A,62.97,68.51,2024-09-22,Active
565,PRD00565,Grocery & FMCG Beverages Product 0565,Grocery & FMCG,Beverages,Zenith,Supplier F,876.14,986.24,2022-07-25,Active
566,PRD00566,Grocery & FMCG Packaged Food Product 0566,Grocery & FMCG,Packaged Food,Vertex,Supplier D,7621.91,8462.88,2021-07-04,Active
567,PRD00567,Home & Kitchen Cookware Product 0567,Home & Kitchen,Cookware,Orion,Supplier E,1201.74,1582.97,2025-01-01,Active
568,PRD00568,Fashion Kids Apparel Product 0568,Fashion,Kids Apparel,Urban,Supplier E,179.92,309.06,2022-07-10,Active
569,PRD00569,Sports & Lifestyle Fitness Product 0569,Sports & Lifestyle,Fitness,Zenith,Supplier F,144.3,235.8,2024-04-18,Active
570,PRD00570,Grocery & FMCG Staples Product 0570,Grocery & FMCG,Staples,Apex,Supplier D,4430.52,5113.43,2024-01-05,Active
571,PRD00571,Electronics Smartphones Product 0571,Electronics,Smartphones,Vertex,Supplier E,11394.96,13754.21,2023-06-12,Active
572,PRD00572,Electronics Audio Product 0572,Electronics,Audio,Orion,Supplier B,5026.67,6060.69,2024-07-19,Active
573,PRD00573,Fashion Mens Apparel Product 0573,Fashion,Mens Apparel,Nova,Supplier F,263.36,356.28,2021-02-24,Active
574,PRD00574,Sports & Lifestyle Lifestyle Accessories Product 0574,Sports & Lifestyle,Lifestyle Accessories,Nova,Supplier C,1551.84,2248.79,2023-05-13,Inactive
575,PRD00575,Fashion Kids Apparel Product 0575,Fashion,Kids Apparel,Prime,Supplier D,7048.59,9667.94,2021-03-18,Active
576,PRD00576,Fashion Kids Apparel Product 0576,Fashion,Kids Apparel,Orion,Supplier F,5303.29,7490.63,2021-10-23,Inactive
577,PRD00577,Electronics Smartphones Product 0577,Electronics,Smartphones,Vertex,Supplier A,5506.26,6288.01,2024-05-27,Inactive
578,PRD00578,Beauty & Personal Care Haircare Product 0578,Beauty & Personal Care,Haircare,Urban,Supplier E,447.1,627.61,2024-07-24,Active
579,PRD00579,Grocery & FMCG Household Care Product 0579,Grocery & FMCG,Household Care,Nova,Supplier B,384.01,457.25,2023-01-16,Active
580,PRD00580,Fashion Footwear Product 0580,Fashion,Footwear,Prime,Supplier B,1098.07,1684.47,2024-07-13,Active
581,PRD00581,Grocery & FMCG Staples Product 0581,Grocery & FMCG,Staples,Vertex,Supplier C,3318.47,3906.86,2023-06-19,Active
582,PRD00582,Sports & Lifestyle Fitness Product 0582,Sports & Lifestyle,Fitness,Prime,Supplier F,2007.43,2682.08,2021-02-12,Active
583,PRD00583,Home & Kitchen Home Decor Product 0583,Home & Kitchen,Home Decor,Urban,Supplier B,28966.29,40124.72,2024-10-16,Active
584,PRD00584,Fashion Accessories Product 0584,Fashion,Accessories,Nova,Supplier F,494.81,710.75,2024-06-05,Inactive
585,PRD00585,Home & Kitchen Kitchen Appliances Product 0585,Home & Kitchen,Kitchen Appliances,Zenith,Supplier E,19962.86,24569.82,2021-08-15,Active
586,PRD00586,Grocery & FMCG Packaged Food Product 0586,Grocery & FMCG,Packaged Food,Nova,Supplier E,8634.7,9520.44,2023-12-23,Inactive
587,PRD00587,Beauty & Personal Care Skincare Product 0587,Beauty & Personal Care,Skincare,Nova,Supplier B,2541.16,3901.64,2021-06-20,Active
588,PRD00588,Beauty & Personal Care Haircare Product 0588,Beauty & Personal Care,Haircare,Orion,Supplier E,508.58,959.88,2023-08-21,Active
589,PRD00589,Grocery & FMCG Beverages Product 0589,Grocery & FMCG,Beverages,XBrand,Supplier F,225.48,260.29,2023-02-01,Active
590,PRD00590,Fashion Accessories Product 0590,Fashion,Accessories,Orion,Supplier E,271.83,362.66,2023-04-30,Active
591,PRD00591,Sports & Lifestyle Outdoor Product 0591,Sports & Lifestyle,Outdoor,Nova,Supplier A,483.92,728.92,2021-11-03,Active
592,PRD00592,Fashion Footwear Product 0592,Fashion,Footwear,Apex,Supplier F,349.59,480.7,2022-07-22,Active
593,PRD00593,Electronics Accessories Product 0593,Electronics,Accessories,XBrand,Supplier D,5696.36,6868.85,2023-09-19,Inactive
594,PRD00594,Beauty & Personal Care Personal Hygiene Product 0594,Beauty & Personal Care,Personal Hygiene,Zenith,Supplier E,1867.73,2647.81,2021-02-03,Active
595,PRD00595,Grocery & FMCG Packaged Food Product 0595,Grocery & FMCG,Packaged Food,Vertex,Supplier E,27.09,32.8,2023-04-07,Active
596,PRD00596,Home & Kitchen Furniture Product 0596,Home & Kitchen,Furniture,Orion,Supplier F,641.14,949.93,2021-05-10,Active
597,PRD00597,Grocery & FMCG Beverages Product 0597,Grocery & FMCG,Beverages,XBrand,Supplier C,3607.99,4281.22,2024-11-18,Active
598,PRD00598,Sports & Lifestyle Sports Equipment Product 0598,Sports & Lifestyle,Sports Equipment,XBrand,Supplier D,309.69,487.21,2024-03-20,Active
599,PRD00599,Home & Kitchen Kitchen Appliances Product 0599,Home & Kitchen,Kitchen Appliances,Orion,Supplier D,14408.71,20052.28,2022-10-17,Active
600,PRD00600,Sports & Lifestyle Sports Equipment Product 0600,Sports & Lifestyle,Sports Equipment,Orion,Supplier D,889.43,1189.87,2022-09-22,Active
601,PRD00601,Electronics Smartphones Product 0601,Electronics,Smartphones,XBrand,Supplier B,1283.48,1512.4,2024-11-08,Active
602,PRD00602,Home & Kitchen Storage Product 0602,Home & Kitchen,Storage,Prime,Supplier A,5048.97,6652.9,2023-11-07,Active
603,PRD00603,Electronics Audio Product 0603,Electronics,Audio,Zenith,Supplier A,8363.16,9622.7,2022-08-17,Active
604,PRD00604,Grocery & FMCG Household Care Product 0604,Grocery & FMCG,Household Care,Apex,Supplier C,891.45,1074.2,2023-11-04,Active
605,PRD00605,Beauty & Personal Care Personal Hygiene Product 0605,Beauty & Personal Care,Personal Hygiene,Urban,Supplier D,138.1,210.96,2021-03-22,Active
606,PRD00606,Electronics Audio Product 0606,Electronics,Audio,Nova,Supplier D,1390.61,1670.39,2024-05-15,Active
607,PRD00607,Fashion Accessories Product 0607,Fashion,Accessories,Zenith,Supplier E,2924.43,5188.68,2021-07-23,Active
608,PRD00608,Beauty & Personal Care Haircare Product 0608,Beauty & Personal Care,Haircare,Orion,Supplier F,183.76,358.59,2024-11-03,Active
609,PRD00609,Electronics Televisions Product 0609,Electronics,Televisions,XBrand,Supplier B,929.75,1112.7,2021-01-23,Active
610,PRD00610,Grocery & FMCG Beverages Product 0610,Grocery & FMCG,Beverages,Urban,Supplier B,23.69,28.53,2022-09-06,Active
611,PRD00611,Grocery & FMCG Staples Product 0611,Grocery & FMCG,Staples,Orion,Supplier C,459.15,538.23,2024-03-31,Active
612,PRD00612,Fashion Mens Apparel Product 0612,Fashion,Mens Apparel,Prime,Supplier A,5584.59,7757.04,2021-05-24,Active
613,PRD00613,Sports & Lifestyle Lifestyle Accessories Product 0613,Sports & Lifestyle,Lifestyle Accessories,Urban,Supplier D,152.43,244.2,2021-04-14,Inactive
614,PRD00614,Fashion Womens Apparel Product 0614,Fashion,Womens Apparel,XBrand,Supplier F,743.11,1026.1,2024-11-06,Active
615,PRD00615,Sports & Lifestyle Lifestyle Accessories Product 0615,Sports & Lifestyle,Lifestyle Accessories,Zenith,Supplier C,1623.83,2386.8,2025-01-18,Active
616,PRD00616,Beauty & Personal Care Skincare Product 0616,Beauty & Personal Care,Skincare,Vertex,Supplier B,77.81,114.21,2024-12-11,Active
617,PRD00617,Beauty & Personal Care Grooming Product 0617,Beauty & Personal Care,Grooming,Zenith,Supplier B,74.28,115.18,2021-11-20,Active
618,PRD00618,Electronics Accessories Product 0618,Electronics,Accessories,Zenith,Supplier B,67770.59,86615.68,2024-04-09,Active
619,PRD00619,Grocery & FMCG Beverages Product 0619,Grocery & FMCG,Beverages,Apex,Supplier D,947.31,1048.1,2022-07-30,Active
620,PRD00620,Fashion Footwear Product 0620,Fashion,Footwear,Urban,Supplier D,6710.15,10375.18,2021-10-01,Active
621,PRD00621,Electronics Laptops Product 0621,Electronics,Laptops,Orion,Supplier D,1413.37,1786.91,2022-03-28,Active
622,PRD00622,Electronics Wearables Product 0622,Electronics,Wearables,XBrand,Supplier E,34451.38,42139.21,2023-05-31,Active
623,PRD00623,Fashion Footwear Product 0623,Fashion,Footwear,Orion,Supplier A,3410.3,4803.7,2021-05-05,Active
624,PRD00624,Fashion Footwear Product 0624,Fashion,Footwear,XBrand,Supplier B,418.28,683.08,2024-11-07,Inactive
625,PRD00625,Beauty & Personal Care Haircare Product 0625,Beauty & Personal Care,Haircare,Nova,Supplier B,174.76,272.92,2021-11-13,Active
626,PRD00626,Grocery & FMCG Beverages Product 0626,Grocery & FMCG,Beverages,Vertex,Supplier E,2171.39,2580.06,2021-04-17,Active
627,PRD00627,Electronics Smartphones Product 0627,Electronics,Smartphones,Nova,Supplier B,6935.16,8571.51,2023-06-26,Active
628,PRD00628,Grocery & FMCG Snacks Product 0628,Grocery & FMCG,Snacks,Zenith,Supplier B,3134.5,3668.13,2025-01-26,Active
629,PRD00629,Electronics Smartphones Product 0629,Electronics,Smartphones,Vertex,Supplier D,2329.02,2641.7,2022-03-06,Active
630,PRD00630,Grocery & FMCG Staples Product 0630,Grocery & FMCG,Staples,Apex,Supplier D,128.53,141.51,2022-12-05,Active
631,PRD00631,Grocery & FMCG Beverages Product 0631,Grocery & FMCG,Beverages,Nova,Supplier A,98.19,109.21,2024-09-22,Active
632,PRD00632,Fashion Footwear Product 0632,Fashion,Footwear,Apex,Supplier B,1010.44,1777.96,2025-02-28,Active
633,PRD00633,Beauty & Personal Care Personal Hygiene Product 0633,Beauty & Personal Care,Personal Hygiene,Orion,Supplier C,91.39,160.34,2023-08-30,Active
634,PRD00634,Home & Kitchen Furniture Product 0634,Home & Kitchen,Furniture,Zenith,Supplier B,9858.4,12265.94,2021-12-28,Active
635,PRD00635,Fashion Kids Apparel Product 0635,Fashion,Kids Apparel,Prime,Supplier B,7048.51,11077.25,2023-03-07,Active
636,PRD00636,Grocery & FMCG Staples Product 0636,Grocery & FMCG,Staples,Prime,Supplier A,161.9,191.74,2022-03-08,Active
637,PRD00637,Fashion Womens Apparel Product 0637,Fashion,Womens Apparel,Vertex,Supplier C,500.67,819.03,2022-11-06,Active
638,PRD00638,Home & Kitchen Home Decor Product 0638,Home & Kitchen,Home Decor,Vertex,Supplier B,171.02,252.51,2025-03-24,Active
639,PRD00639,Fashion Kids Apparel Product 0639,Fashion,Kids Apparel,Nova,Supplier F,1076.47,1728.82,2023-05-09,Active
640,PRD00640,Grocery & FMCG Beverages Product 0640,Grocery & FMCG,Beverages,Prime,Supplier F,67.41,79.09,2024-11-30,Active
641,PRD00641,Home & Kitchen Home Decor Product 0641,Home & Kitchen,Home Decor,Urban,Supplier C,15098.0,20415.02,2023-10-11,Active
642,PRD00642,Electronics Wearables Product 0642,Electronics,Wearables,Urban,Supplier F,17358.34,20275.73,2024-11-01,Active
643,PRD00643,Beauty & Personal Care Grooming Product 0643,Beauty & Personal Care,Grooming,Orion,Supplier D,3836.81,6133.67,2024-03-21,Active
644,PRD00644,Grocery & FMCG Staples Product 0644,Grocery & FMCG,Staples,Urban,Supplier D,3142.36,3741.51,2024-09-07,Active
645,PRD00645,Electronics Accessories Product 0645,Electronics,Accessories,Orion,Supplier C,6083.55,6852.48,2024-05-22,Active
646,PRD00646,Home & Kitchen Cookware Product 0646,Home & Kitchen,Cookware,Prime,Supplier B,1543.85,2271.89,2022-07-30,Active
647,PRD00647,Electronics Audio Product 0647,Electronics,Audio,Urban,Supplier C,2227.14,2630.75,2023-12-25,Active
648,PRD00648,Home & Kitchen Home Decor Product 0648,Home & Kitchen,Home Decor,Apex,Supplier F,19005.6,25010.36,2023-06-12,Inactive
649,PRD00649,Fashion Kids Apparel Product 0649,Fashion,Kids Apparel,XBrand,Supplier C,2590.22,3695.71,2021-09-27,Active
650,PRD00650,Grocery & FMCG Snacks Product 0650,Grocery & FMCG,Snacks,Vertex,Supplier F,33.15,39.44,2024-01-29,Active
651,PRD00651,Beauty & Personal Care Cosmetics Product 0651,Beauty & Personal Care,Cosmetics,Zenith,Supplier D,106.63,156.32,2024-02-03,Active
652,PRD00652,Beauty & Personal Care Cosmetics Product 0652,Beauty & Personal Care,Cosmetics,Nova,Supplier C,3399.0,5123.73,2024-02-29,Active
653,PRD00653,Home & Kitchen Home Decor Product 0653,Home & Kitchen,Home Decor,Orion,Supplier E,44473.66,68060.27,2024-11-13,Active
654,PRD00654,Grocery & FMCG Household Care Product 0654,Grocery & FMCG,Household Care,Apex,Supplier F,97.04,105.95,2024-09-06,Active
655,PRD00655,Fashion Accessories Product 0655,Fashion,Accessories,Urban,Supplier E,3118.81,4726.88,2022-03-14,Inactive
656,PRD00656,Sports & Lifestyle Outdoor Product 0656,Sports & Lifestyle,Outdoor,Zenith,Supplier D,223.59,339.55,2023-11-09,Active
657,PRD00657,Beauty & Personal Care Grooming Product 0657,Beauty & Personal Care,Grooming,Zenith,Supplier B,60.87,114.32,2021-08-13,Active
658,PRD00658,Electronics Televisions Product 0658,Electronics,Televisions,XBrand,Supplier F,1489.6,1651.12,2023-09-17,Active
659,PRD00659,Beauty & Personal Care Grooming Product 0659,Beauty & Personal Care,Grooming,Nova,Supplier B,113.57,222.71,2022-04-05,Active
660,PRD00660,Home & Kitchen Furniture Product 0660,Home & Kitchen,Furniture,Apex,Supplier D,8688.37,12706.63,2022-01-29,Active
661,PRD00661,Beauty & Personal Care Cosmetics Product 0661,Beauty & Personal Care,Cosmetics,Nova,Supplier B,413.11,620.36,2024-06-03,Active
662,PRD00662,Electronics Laptops Product 0662,Electronics,Laptops,Orion,Supplier F,2325.19,2726.82,2023-07-01,Active
663,PRD00663,Electronics Wearables Product 0663,Electronics,Wearables,Orion,Supplier A,11941.07,14359.98,2024-10-15,Active
664,PRD00664,Grocery & FMCG Snacks Product 0664,Grocery & FMCG,Snacks,Vertex,Supplier F,81.57,98.85,2024-12-24,Active
665,PRD00665,Home & Kitchen Storage Product 0665,Home & Kitchen,Storage,Prime,Supplier F,361.19,550.74,2021-01-15,Active
666,PRD00666,Grocery & FMCG Packaged Food Product 0666,Grocery & FMCG,Packaged Food,Orion,Supplier E,19.12,21.93,2022-07-14,Active
667,PRD00667,Home & Kitchen Furniture Product 0667,Home & Kitchen,Furniture,Urban,Supplier A,1092.42,1469.0,2023-10-01,Active
668,PRD00668,Beauty & Personal Care Grooming Product 0668,Beauty & Personal Care,Grooming,Zenith,Supplier A,883.86,1378.65,2022-02-18,Active
669,PRD00669,Beauty & Personal Care Skincare Product 0669,Beauty & Personal Care,Skincare,Apex,Supplier A,380.7,671.64,2024-10-10,Active
670,PRD00670,Fashion Womens Apparel Product 0670,Fashion,Womens Apparel,Apex,Supplier F,2557.85,4384.79,2025-01-20,Active
671,PRD00671,Home & Kitchen Storage Product 0671,Home & Kitchen,Storage,XBrand,Supplier D,638.19,890.85,2023-09-26,Active
672,PRD00672,Home & Kitchen Storage Product 0672,Home & Kitchen,Storage,Zenith,Supplier A,5035.21,6650.26,2024-05-04,Active
673,PRD00673,Electronics Smartphones Product 0673,Electronics,Smartphones,XBrand,Supplier C,8915.78,10177.01,2021-04-25,Active
674,PRD00674,Home & Kitchen Furniture Product 0674,Home & Kitchen,Furniture,XBrand,Supplier B,365.07,465.85,2024-12-11,Active
675,PRD00675,Beauty & Personal Care Haircare Product 0675,Beauty & Personal Care,Haircare,Zenith,Supplier D,93.32,161.11,2024-10-07,Active
676,PRD00676,Sports & Lifestyle Lifestyle Accessories Product 0676,Sports & Lifestyle,Lifestyle Accessories,Nova,Supplier C,4035.42,6616.75,2023-09-03,Active
677,PRD00677,Grocery & FMCG Snacks Product 0677,Grocery & FMCG,Snacks,Urban,Supplier F,1705.04,1863.85,2024-01-04,Active
678,PRD00678,Grocery & FMCG Household Care Product 0678,Grocery & FMCG,Household Care,Nova,Supplier F,4060.77,4870.59,2021-02-05,Active
679,PRD00679,Grocery & FMCG Beverages Product 0679,Grocery & FMCG,Beverages,Urban,Supplier C,270.86,314.44,2021-08-30,Inactive
680,PRD00680,Beauty & Personal Care Personal Hygiene Product 0680,Beauty & Personal Care,Personal Hygiene,Apex,Supplier E,5524.38,8954.72,2021-03-04,Active
681,PRD00681,Home & Kitchen Home Decor Product 0681,Home & Kitchen,Home Decor,Orion,Supplier E,36542.46,45344.6,2022-10-28,Inactive
682,PRD00682,Sports & Lifestyle Outdoor Product 0682,Sports & Lifestyle,Outdoor,Orion,Supplier C,390.19,548.13,2022-05-24,Active
683,PRD00683,Beauty & Personal Care Haircare Product 0683,Beauty & Personal Care,Haircare,Nova,Supplier E,803.25,1471.3,2021-07-07,Active
684,PRD00684,Fashion Mens Apparel Product 0684,Fashion,Mens Apparel,Nova,Supplier B,9630.52,14326.23,2023-01-05,Active
685,PRD00685,Electronics Laptops Product 0685,Electronics,Laptops,Nova,Supplier B,827.32,1024.11,2021-04-03,Active
686,PRD00686,Fashion Womens Apparel Product 0686,Fashion,Womens Apparel,Prime,Supplier F,2263.65,3186.93,2021-01-05,Inactive
687,PRD00687,Fashion Mens Apparel Product 0687,Fashion,Mens Apparel,Vertex,Supplier E,1248.39,2075.33,2025-01-01,Active
688,PRD00688,Grocery & FMCG Packaged Food Product 0688,Grocery & FMCG,Packaged Food,Zenith,Supplier A,2088.75,2400.76,2024-04-04,Active
689,PRD00689,Fashion Kids Apparel Product 0689,Fashion,Kids Apparel,Urban,Supplier C,548.47,987.79,2025-01-09,Active
690,PRD00690,Fashion Kids Apparel Product 0690,Fashion,Kids Apparel,Orion,Supplier B,2683.32,4014.82,2021-01-25,Active
691,PRD00691,Sports & Lifestyle Fitness Product 0691,Sports & Lifestyle,Fitness,Urban,Supplier E,575.77,880.68,2022-05-23,Active
692,PRD00692,Electronics Audio Product 0692,Electronics,Audio,Nova,Supplier E,2543.61,2838.98,2021-04-08,Active
693,PRD00693,Fashion Footwear Product 0693,Fashion,Footwear,Prime,Supplier B,1647.1,2380.19,2024-07-15,Active
694,PRD00694,Electronics Laptops Product 0694,Electronics,Laptops,Nova,Supplier B,19422.86,21497.63,2022-10-24,Active
695,PRD00695,Grocery & FMCG Snacks Product 0695,Grocery & FMCG,Snacks,Urban,Supplier A,1044.48,1171.38,2024-11-17,Active
696,PRD00696,Sports & Lifestyle Sports Equipment Product 0696,Sports & Lifestyle,Sports Equipment,Vertex,Supplier E,154.35,199.26,2024-08-01,Active
697,PRD00697,Home & Kitchen Cookware Product 0697,Home & Kitchen,Cookware,Orion,Supplier E,36135.42,53728.99,2022-11-15,Active
698,PRD00698,Grocery & FMCG Snacks Product 0698,Grocery & FMCG,Snacks,Vertex,Supplier D,71.93,85.41,2024-02-07,Active
699,PRD00699,Home & Kitchen Kitchen Appliances Product 0699,Home & Kitchen,Kitchen Appliances,Zenith,Supplier F,5010.99,7650.99,2021-01-27,Active
700,PRD00700,Sports & Lifestyle Lifestyle Accessories Product 0700,Sports & Lifestyle,Lifestyle Accessories,Apex,Supplier A,957.9,1443.26,2021-02-24,Active
701,PRD00701,Grocery & FMCG Beverages Product 0701,Grocery & FMCG,Beverages,Prime,Supplier B,26.13,29.68,2024-03-02,Active
702,PRD00702,Grocery & FMCG Snacks Product 0702,Grocery & FMCG,Snacks,Vertex,Supplier B,6916.94,7986.29,2023-12-12,Active
703,PRD00703,Electronics Televisions Product 0703,Electronics,Televisions,Prime,Supplier C,3257.01,3606.23,2025-02-25,Active
704,PRD00704,Sports & Lifestyle Sports Equipment Product 0704,Sports & Lifestyle,Sports Equipment,Nova,Supplier F,5571.42,8302.8,2023-02-20,Active
705,PRD00705,Beauty & Personal Care Personal Hygiene Product 0705,Beauty & Personal Care,Personal Hygiene,Apex,Supplier B,284.87,556.09,2021-10-25,Active
706,PRD00706,Home & Kitchen Kitchen Appliances Product 0706,Home & Kitchen,Kitchen Appliances,Urban,Supplier E,174.68,227.34,2024-11-23,Active
707,PRD00707,Grocery & FMCG Beverages Product 0707,Grocery & FMCG,Beverages,Vertex,Supplier B,5436.71,6123.07,2023-11-08,Active
708,PRD00708,Home & Kitchen Cookware Product 0708,Home & Kitchen,Cookware,Vertex,Supplier E,658.59,903.19,2023-03-29,Active
709,PRD00709,Grocery & FMCG Snacks Product 0709,Grocery & FMCG,Snacks,XBrand,Supplier E,3043.25,3345.39,2023-05-05,Active
710,PRD00710,Electronics Televisions Product 0710,Electronics,Televisions,Orion,Supplier A,90017.77,111313.11,2022-07-13,Active
711,PRD00711,Beauty & Personal Care Cosmetics Product 0711,Beauty & Personal Care,Cosmetics,Urban,Supplier B,130.71,228.52,2024-06-23,Active
712,PRD00712,Fashion Mens Apparel Product 0712,Fashion,Mens Apparel,Vertex,Supplier A,903.73,1349.78,2022-05-18,Active
713,PRD00713,Electronics Audio Product 0713,Electronics,Audio,Vertex,Supplier F,37877.17,48238.26,2024-01-18,Active
714,PRD00714,Home & Kitchen Kitchen Appliances Product 0714,Home & Kitchen,Kitchen Appliances,Urban,Supplier E,318.33,425.3,2021-07-22,Active
715,PRD00715,Electronics Laptops Product 0715,Electronics,Laptops,Apex,Supplier F,8593.43,9908.07,2023-08-04,Active
716,PRD00716,Fashion Womens Apparel Product 0716,Fashion,Womens Apparel,Prime,Supplier B,916.66,1239.5,2021-08-28,Active
717,PRD00717,Home & Kitchen Furniture Product 0717,Home & Kitchen,Furniture,Urban,Supplier F,9053.28,12138.31,2022-05-05,Active
718,PRD00718,Beauty & Personal Care Personal Hygiene Product 0718,Beauty & Personal Care,Personal Hygiene,Prime,Supplier F,132.82,243.26,2023-11-03,Active
719,PRD00719,Home & Kitchen Storage Product 0719,Home & Kitchen,Storage,Apex,Supplier B,18053.59,24485.64,2022-10-11,Active
720,PRD00720,Home & Kitchen Home Decor Product 0720,Home & Kitchen,Home Decor,Apex,Supplier A,847.77,1191.49,2024-08-31,Active
721,PRD00721,Grocery & FMCG Beverages Product 0721,Grocery & FMCG,Beverages,Zenith,Supplier A,107.46,119.88,2022-11-16,Active
722,PRD00722,Electronics Wearables Product 0722,Electronics,Wearables,Nova,Supplier E,33459.46,36593.53,2024-05-06,Active
723,PRD00723,Sports & Lifestyle Lifestyle Accessories Product 0723,Sports & Lifestyle,Lifestyle Accessories,XBrand,Supplier E,262.71,328.95,2021-08-31,Active
724,PRD00724,Grocery & FMCG Staples Product 0724,Grocery & FMCG,Staples,Apex,Supplier B,47.24,51.74,2022-05-22,Active
725,PRD00725,Beauty & Personal Care Grooming Product 0725,Beauty & Personal Care,Grooming,Zenith,Supplier B,6647.93,9808.13,2023-12-03,Active
726,PRD00726,Beauty & Personal Care Haircare Product 0726,Beauty & Personal Care,Haircare,Zenith,Supplier D,135.99,197.16,2024-09-15,Active
727,PRD00727,Grocery & FMCG Staples Product 0727,Grocery & FMCG,Staples,Zenith,Supplier D,5836.02,6723.65,2024-12-23,Active
728,PRD00728,Electronics Wearables Product 0728,Electronics,Wearables,Apex,Supplier C,4303.58,5394.82,2022-09-05,Active
729,PRD00729,Electronics Accessories Product 0729,Electronics,Accessories,Prime,Supplier E,5516.18,6317.93,2021-06-11,Active
730,PRD00730,Home & Kitchen Cookware Product 0730,Home & Kitchen,Cookware,Apex,Supplier F,521.26,689.71,2022-10-18,Active
731,PRD00731,Grocery & FMCG Snacks Product 0731,Grocery & FMCG,Snacks,Urban,Supplier C,121.99,143.14,2023-08-17,Active
732,PRD00732,Electronics Accessories Product 0732,Electronics,Accessories,Nova,Supplier C,3053.43,3638.53,2022-09-13,Active
733,PRD00733,Beauty & Personal Care Grooming Product 0733,Beauty & Personal Care,Grooming,Nova,Supplier A,94.22,134.19,2024-12-29,Active
734,PRD00734,Sports & Lifestyle Lifestyle Accessories Product 0734,Sports & Lifestyle,Lifestyle Accessories,Urban,Supplier F,1057.73,1726.6,2024-06-10,Active
735,PRD00735,Grocery & FMCG Beverages Product 0735,Grocery & FMCG,Beverages,Vertex,Supplier A,178.02,208.56,2021-04-21,Active
736,PRD00736,Fashion Footwear Product 0736,Fashion,Footwear,Apex,Supplier D,588.19,811.76,2023-07-23,Active
737,PRD00737,Electronics Smartphones Product 0737,Electronics,Smartphones,Orion,Supplier C,952.25,1085.51,2024-06-09,Active
738,PRD00738,Grocery & FMCG Packaged Food Product 0738,Grocery & FMCG,Packaged Food,XBrand,Supplier D,48.09,53.28,2023-01-20,Active
739,PRD00739,Beauty & Personal Care Haircare Product 0739,Beauty & Personal Care,Haircare,Zenith,Supplier F,2473.07,3314.93,2022-12-10,Active
740,PRD00740,Electronics Accessories Product 0740,Electronics,Accessories,Apex,Supplier F,12844.27,14816.75,2021-09-30,Active
741,PRD00741,Electronics Accessories Product 0741,Electronics,Accessories,Nova,Supplier E,9530.42,11329.5,2023-03-18,Active
742,PRD00742,Sports & Lifestyle Sports Equipment Product 0742,Sports & Lifestyle,Sports Equipment,XBrand,Supplier B,776.98,1048.59,2021-02-10,Active
743,PRD00743,Beauty & Personal Care Grooming Product 0743,Beauty & Personal Care,Grooming,Orion,Supplier A,1554.89,2921.73,2022-07-14,Active
744,PRD00744,Grocery & FMCG Staples Product 0744,Grocery & FMCG,Staples,Vertex,Supplier E,60.25,66.19,2022-04-11,Active
745,PRD00745,Grocery & FMCG Staples Product 0745,Grocery & FMCG,Staples,Prime,Supplier E,4689.24,5298.51,2024-01-06,Active
746,PRD00746,Beauty & Personal Care Haircare Product 0746,Beauty & Personal Care,Haircare,Prime,Supplier A,832.33,1260.89,2022-05-05,Active
747,PRD00747,Fashion Womens Apparel Product 0747,Fashion,Womens Apparel,Orion,Supplier A,309.31,489.31,2021-04-27,Active
748,PRD00748,Fashion Mens Apparel Product 0748,Fashion,Mens Apparel,Apex,Supplier F,1657.77,2336.85,2022-03-10,Active
749,PRD00749,Home & Kitchen Furniture Product 0749,Home & Kitchen,Furniture,Apex,Supplier F,2046.5,2989.7,2023-11-09,Active
750,PRD00750,Fashion Womens Apparel Product 0750,Fashion,Womens Apparel,XBrand,Supplier C,2204.62,3017.47,2023-09-21,Active
751,PRD00751,Grocery & FMCG Household Care Product 0751,Grocery & FMCG,Household Care,XBrand,Supplier D,512.16,602.73,2021-07-15,Active
752,PRD00752,Beauty & Personal Care Haircare Product 0752,Beauty & Personal Care,Haircare,Vertex,Supplier F,2276.94,3841.51,2022-09-11,Active
753,PRD00753,Grocery & FMCG Snacks Product 0753,Grocery & FMCG,Snacks,Apex,Supplier E,43.85,51.65,2025-01-14,Active
754,PRD00754,Fashion Accessories Product 0754,Fashion,Accessories,Nova,Supplier C,3159.8,4240.69,2022-03-01,Active
755,PRD00755,Beauty & Personal Care Skincare Product 0755,Beauty & Personal Care,Skincare,Prime,Supplier C,441.47,662.11,2024-11-18,Active
756,PRD00756,Beauty & Personal Care Skincare Product 0756,Beauty & Personal Care,Skincare,Vertex,Supplier E,1513.45,2174.61,2024-07-31,Active
757,PRD00757,Beauty & Personal Care Cosmetics Product 0757,Beauty & Personal Care,Cosmetics,Zenith,Supplier F,789.55,1513.42,2021-02-03,Active
758,PRD00758,Beauty & Personal Care Haircare Product 0758,Beauty & Personal Care,Haircare,XBrand,Supplier E,2043.72,3932.98,2021-10-22,Active
759,PRD00759,Home & Kitchen Home Decor Product 0759,Home & Kitchen,Home Decor,Zenith,Supplier B,57539.56,70325.76,2023-10-04,Active
760,PRD00760,Fashion Mens Apparel Product 0760,Fashion,Mens Apparel,Nova,Supplier F,2285.6,3424.47,2024-06-28,Active
761,PRD00761,Electronics Audio Product 0761,Electronics,Audio,Apex,Supplier D,63721.03,72021.84,2021-12-05,Active
762,PRD00762,Fashion Footwear Product 0762,Fashion,Footwear,Urban,Supplier E,8735.34,13926.23,2022-09-10,Active
763,PRD00763,Fashion Womens Apparel Product 0763,Fashion,Womens Apparel,XBrand,Supplier F,4898.36,6683.72,2025-01-03,Active
764,PRD00764,Beauty & Personal Care Cosmetics Product 0764,Beauty & Personal Care,Cosmetics,Vertex,Supplier A,129.37,230.86,2021-06-29,Active
765,PRD00765,Sports & Lifestyle Sports Equipment Product 0765,Sports & Lifestyle,Sports Equipment,Urban,Supplier B,142.36,223.61,2022-09-14,Active
766,PRD00766,Beauty & Personal Care Skincare Product 0766,Beauty & Personal Care,Skincare,Nova,Supplier D,61.84,105.58,2024-06-05,Active
767,PRD00767,Grocery & FMCG Staples Product 0767,Grocery & FMCG,Staples,Zenith,Supplier F,166.08,193.38,2022-09-11,Active
768,PRD00768,Fashion Womens Apparel Product 0768,Fashion,Womens Apparel,Orion,Supplier A,3109.47,4562.65,2022-10-05,Active
769,PRD00769,Beauty & Personal Care Haircare Product 0769,Beauty & Personal Care,Haircare,Prime,Supplier F,119.37,162.94,2021-01-23,Active
770,PRD00770,Electronics Laptops Product 0770,Electronics,Laptops,Orion,Supplier A,14772.63,17438.9,2024-09-12,Active
771,PRD00771,Home & Kitchen Kitchen Appliances Product 0771,Home & Kitchen,Kitchen Appliances,Orion,Supplier D,12503.42,17049.84,2024-03-23,Active
772,PRD00772,Home & Kitchen Furniture Product 0772,Home & Kitchen,Furniture,Orion,Supplier B,1885.42,2506.12,2022-09-11,Active
773,PRD00773,Fashion Womens Apparel Product 0773,Fashion,Womens Apparel,Nova,Supplier A,226.46,331.62,2024-03-15,Active
774,PRD00774,Electronics Smartphones Product 0774,Electronics,Smartphones,Prime,Supplier C,105538.96,132303.71,2021-09-09,Active
775,PRD00775,Electronics Audio Product 0775,Electronics,Audio,Nova,Supplier D,3754.01,4481.28,2021-10-29,Active
776,PRD00776,Home & Kitchen Storage Product 0776,Home & Kitchen,Storage,Orion,Supplier D,23853.99,32019.5,2023-12-30,Active
777,PRD00777,Sports & Lifestyle Outdoor Product 0777,Sports & Lifestyle,Outdoor,XBrand,Supplier E,171.85,218.88,2024-01-22,Active
778,PRD00778,Home & Kitchen Kitchen Appliances Product 0778,Home & Kitchen,Kitchen Appliances,Orion,Supplier B,2782.32,4246.55,2021-06-12,Active
779,PRD00779,Fashion Accessories Product 0779,Fashion,Accessories,XBrand,Supplier C,3320.38,4512.51,2024-01-10,Active
780,PRD00780,Home & Kitchen Cookware Product 0780,Home & Kitchen,Cookware,Vertex,Supplier C,426.71,619.43,2023-12-23,Active
781,PRD00781,Beauty & Personal Care Haircare Product 0781,Beauty & Personal Care,Haircare,Orion,Supplier E,2865.0,4810.47,2022-09-04,Active
782,PRD00782,Home & Kitchen Kitchen Appliances Product 0782,Home & Kitchen,Kitchen Appliances,Urban,Supplier A,7732.83,9486.01,2024-12-30,Active
783,PRD00783,Home & Kitchen Storage Product 0783,Home & Kitchen,Storage,Nova,Supplier A,19627.36,28611.6,2023-12-08,Active
784,PRD00784,Fashion Womens Apparel Product 0784,Fashion,Womens Apparel,Orion,Supplier C,501.46,824.4,2022-03-21,Active
785,PRD00785,Electronics Audio Product 0785,Electronics,Audio,Nova,Supplier B,2249.79,2460.53,2021-03-15,Active
786,PRD00786,Electronics Televisions Product 0786,Electronics,Televisions,Zenith,Supplier A,2049.55,2290.02,2023-04-06,Active
787,PRD00787,Home & Kitchen Furniture Product 0787,Home & Kitchen,Furniture,Orion,Supplier D,1129.36,1508.1,2022-06-26,Active
788,PRD00788,Electronics Laptops Product 0788,Electronics,Laptops,Urban,Supplier F,9768.12,11448.08,2021-06-06,Inactive
789,PRD00789,Electronics Wearables Product 0789,Electronics,Wearables,Orion,Supplier E,3018.51,3295.62,2025-02-19,Inactive
790,PRD00790,Home & Kitchen Cookware Product 0790,Home & Kitchen,Cookware,Apex,Supplier B,5640.49,7493.44,2024-07-13,Active
791,PRD00791,Grocery & FMCG Snacks Product 0791,Grocery & FMCG,Snacks,Vertex,Supplier A,106.65,127.98,2021-09-13,Inactive
792,PRD00792,Beauty & Personal Care Personal Hygiene Product 0792,Beauty & Personal Care,Personal Hygiene,Zenith,Supplier F,1664.13,3107.29,2023-11-29,Active
793,PRD00793,Fashion Accessories Product 0793,Fashion,Accessories,Nova,Supplier C,1503.06,2076.59,2023-12-15,Active
794,PRD00794,Home & Kitchen Cookware Product 0794,Home & Kitchen,Cookware,Zenith,Supplier E,10158.52,12941.32,2023-11-18,Active
795,PRD00795,Sports & Lifestyle Outdoor Product 0795,Sports & Lifestyle,Outdoor,Vertex,Supplier A,1625.81,2065.84,2023-07-26,Active
796,PRD00796,Fashion Footwear Product 0796,Fashion,Footwear,Nova,Supplier C,5486.15,7569.06,2021-04-28,Active
797,PRD00797,Electronics Smartphones Product 0797,Electronics,Smartphones,Nova,Supplier A,72165.58,90319.0,2022-01-05,Active
798,PRD00798,Beauty & Personal Care Cosmetics Product 0798,Beauty & Personal Care,Cosmetics,Apex,Supplier E,476.47,844.95,2021-07-28,Active
799,PRD00799,Electronics Laptops Product 0799,Electronics,Laptops,Orion,Supplier D,16522.0,20458.92,2022-08-10,Active
800,PRD00800,Home & Kitchen Cookware Product 0800,Home & Kitchen,Cookware,XBrand,Supplier D,1819.54,2650.79,2023-04-29,Active
801,PRD00801,Fashion Womens Apparel Product 0801,Fashion,Womens Apparel,Vertex,Supplier F,1027.14,1828.28,2021-11-12,Active
802,PRD00802,Grocery & FMCG Staples Product 0802,Grocery & FMCG,Staples,Urban,Supplier C,359.02,410.9,2024-11-17,Active
803,PRD00803,Fashion Mens Apparel Product 0803,Fashion,Mens Apparel,Vertex,Supplier D,3786.93,6465.81,2022-03-20,Active
804,PRD00804,Beauty & Personal Care Grooming Product 0804,Beauty & Personal Care,Grooming,Orion,Supplier E,902.1,1279.48,2024-07-06,Active
805,PRD00805,Sports & Lifestyle Lifestyle Accessories Product 0805,Sports & Lifestyle,Lifestyle Accessories,Apex,Supplier C,1441.94,2377.92,2024-05-06,Active
806,PRD00806,Electronics Smartphones Product 0806,Electronics,Smartphones,Prime,Supplier A,33194.41,41161.8,2022-09-20,Active
807,PRD00807,Home & Kitchen Home Decor Product 0807,Home & Kitchen,Home Decor,Zenith,Supplier B,179.41,242.29,2022-03-21,Active
808,PRD00808,Fashion Womens Apparel Product 0808,Fashion,Womens Apparel,Prime,Supplier A,2195.87,3760.09,2022-07-24,Active
809,PRD00809,Fashion Kids Apparel Product 0809,Fashion,Kids Apparel,Apex,Supplier E,210.15,362.62,2022-08-05,Active
810,PRD00810,Fashion Womens Apparel Product 0810,Fashion,Womens Apparel,Zenith,Supplier F,1818.74,2559.67,2022-08-28,Active
811,PRD00811,Sports & Lifestyle Fitness Product 0811,Sports & Lifestyle,Fitness,Orion,Supplier C,795.99,1070.43,2023-01-11,Active
812,PRD00812,Beauty & Personal Care Cosmetics Product 0812,Beauty & Personal Care,Cosmetics,Apex,Supplier A,845.64,1147.28,2023-06-27,Active
813,PRD00813,Beauty & Personal Care Haircare Product 0813,Beauty & Personal Care,Haircare,XBrand,Supplier C,112.53,205.78,2022-10-11,Active
814,PRD00814,Home & Kitchen Furniture Product 0814,Home & Kitchen,Furniture,Vertex,Supplier D,343.92,440.74,2021-11-01,Active
815,PRD00815,Grocery & FMCG Packaged Food Product 0815,Grocery & FMCG,Packaged Food,Orion,Supplier B,290.62,334.71,2021-12-05,Active
816,PRD00816,Sports & Lifestyle Lifestyle Accessories Product 0816,Sports & Lifestyle,Lifestyle Accessories,Zenith,Supplier E,8113.17,11418.42,2022-06-13,Active
817,PRD00817,Grocery & FMCG Beverages Product 0817,Grocery & FMCG,Beverages,Vertex,Supplier A,2324.99,2709.26,2021-02-23,Active
818,PRD00818,Electronics Wearables Product 0818,Electronics,Wearables,Prime,Supplier B,1297.23,1444.39,2024-02-10,Active
819,PRD00819,Beauty & Personal Care Skincare Product 0819,Beauty & Personal Care,Skincare,Orion,Supplier E,484.22,744.06,2022-11-15,Active
820,PRD00820,Electronics Laptops Product 0820,Electronics,Laptops,Urban,Supplier E,32857.37,39176.69,2022-02-23,Active
821,PRD00821,Home & Kitchen Kitchen Appliances Product 0821,Home & Kitchen,Kitchen Appliances,Vertex,Supplier F,1613.63,2040.06,2021-11-01,Active
822,PRD00822,Electronics Wearables Product 0822,Electronics,Wearables,Nova,Supplier D,2199.15,2619.82,2025-01-01,Active
823,PRD00823,Beauty & Personal Care Haircare Product 0823,Beauty & Personal Care,Haircare,Zenith,Supplier F,434.15,698.81,2021-03-26,Active
824,PRD00824,Beauty & Personal Care Grooming Product 0824,Beauty & Personal Care,Grooming,Nova,Supplier F,127.16,217.64,2025-03-28,Active
825,PRD00825,Electronics Televisions Product 0825,Electronics,Televisions,XBrand,Supplier C,61267.34,69315.69,2021-09-09,Active
826,PRD00826,Fashion Accessories Product 0826,Fashion,Accessories,Zenith,Supplier C,1136.74,2048.57,2021-05-06,Active
827,PRD00827,Fashion Kids Apparel Product 0827,Fashion,Kids Apparel,Orion,Supplier B,695.58,1102.36,2022-09-02,Active
828,PRD00828,Home & Kitchen Cookware Product 0828,Home & Kitchen,Cookware,Zenith,Supplier D,245.05,341.78,2024-11-29,Active
829,PRD00829,Electronics Televisions Product 0829,Electronics,Televisions,XBrand,Supplier E,1003.67,1277.4,2021-10-31,Active
830,PRD00830,Fashion Womens Apparel Product 0830,Fashion,Womens Apparel,Zenith,Supplier D,2918.7,4927.18,2023-11-18,Active
831,PRD00831,Grocery & FMCG Beverages Product 0831,Grocery & FMCG,Beverages,Orion,Supplier D,1369.0,1589.96,2023-04-28,Active
832,PRD00832,Electronics Audio Product 0832,Electronics,Audio,Prime,Supplier B,6736.59,8422.55,2024-07-13,Active
833,PRD00833,Electronics Laptops Product 0833,Electronics,Laptops,Urban,Supplier C,101728.61,119661.72,2023-12-12,Active
834,PRD00834,Home & Kitchen Furniture Product 0834,Home & Kitchen,Furniture,Urban,Supplier D,38249.52,53062.91,2022-10-17,Active
835,PRD00835,Sports & Lifestyle Lifestyle Accessories Product 0835,Sports & Lifestyle,Lifestyle Accessories,Apex,Supplier D,2452.3,3458.3,2022-10-06,Active
836,PRD00836,Beauty & Personal Care Personal Hygiene Product 0836,Beauty & Personal Care,Personal Hygiene,XBrand,Supplier D,194.83,260.09,2023-05-08,Active
837,PRD00837,Beauty & Personal Care Haircare Product 0837,Beauty & Personal Care,Haircare,Orion,Supplier A,187.88,301.79,2022-05-26,Active
838,PRD00838,Home & Kitchen Storage Product 0838,Home & Kitchen,Storage,Vertex,Supplier D,1444.74,1942.49,2021-07-26,Active
839,PRD00839,Beauty & Personal Care Grooming Product 0839,Beauty & Personal Care,Grooming,Nova,Supplier D,6058.33,9145.6,2022-07-28,Active
840,PRD00840,Electronics Accessories Product 0840,Electronics,Accessories,Vertex,Supplier E,7682.06,8523.24,2023-05-25,Active
841,PRD00841,Beauty & Personal Care Personal Hygiene Product 0841,Beauty & Personal Care,Personal Hygiene,Nova,Supplier F,68.7,123.53,2022-05-26,Active
842,PRD00842,Sports & Lifestyle Sports Equipment Product 0842,Sports & Lifestyle,Sports Equipment,Prime,Supplier A,2659.1,4104.45,2021-07-20,Active
843,PRD00843,Beauty & Personal Care Grooming Product 0843,Beauty & Personal Care,Grooming,Nova,Supplier D,120.01,197.7,2023-04-03,Active
844,PRD00844,Grocery & FMCG Beverages Product 0844,Grocery & FMCG,Beverages,Vertex,Supplier F,86.79,96.74,2024-07-31,Inactive
845,PRD00845,Beauty & Personal Care Haircare Product 0845,Beauty & Personal Care,Haircare,Zenith,Supplier D,74.9,104.41,2024-10-12,Active
846,PRD00846,Electronics Audio Product 0846,Electronics,Audio,Vertex,Supplier B,3644.82,4033.5,2023-12-07,Active
847,PRD00847,Sports & Lifestyle Lifestyle Accessories Product 0847,Sports & Lifestyle,Lifestyle Accessories,Urban,Supplier B,27397.21,37109.84,2023-10-17,Active
848,PRD00848,Electronics Accessories Product 0848,Electronics,Accessories,Orion,Supplier F,1410.17,1580.68,2021-05-17,Active
849,PRD00849,Fashion Footwear Product 0849,Fashion,Footwear,Urban,Supplier A,2200.87,2985.48,2021-05-10,Active
850,PRD00850,Electronics Smartphones Product 0850,Electronics,Smartphones,XBrand,Supplier E,57334.3,73001.05,2024-05-03,Active
851,PRD00851,Electronics Wearables Product 0851,Electronics,Wearables,Zenith,Supplier A,2491.79,2907.62,2023-10-15,Active
852,PRD00852,Fashion Accessories Product 0852,Fashion,Accessories,Vertex,Supplier A,202.77,326.07,2024-10-19,Active
853,PRD00853,Home & Kitchen Storage Product 0853,Home & Kitchen,Storage,Zenith,Supplier B,1843.34,2381.3,2022-03-08,Active
854,PRD00854,Fashion Kids Apparel Product 0854,Fashion,Kids Apparel,Zenith,Supplier B,416.11,672.02,2023-12-29,Active
855,PRD00855,Beauty & Personal Care Haircare Product 0855,Beauty & Personal Care,Haircare,Orion,Supplier E,476.57,675.91,2025-01-21,Active
856,PRD00856,Electronics Audio Product 0856,Electronics,Audio,Prime,Supplier D,24774.57,29462.32,2022-06-24,Active
857,PRD00857,Electronics Wearables Product 0857,Electronics,Wearables,Nova,Supplier E,64674.0,71577.4,2021-12-01,Active
858,PRD00858,Fashion Mens Apparel Product 0858,Fashion,Mens Apparel,XBrand,Supplier D,3987.67,6480.89,2022-06-10,Active
859,PRD00859,Home & Kitchen Storage Product 0859,Home & Kitchen,Storage,Apex,Supplier F,278.38,396.61,2022-07-12,Inactive
860,PRD00860,Beauty & Personal Care Haircare Product 0860,Beauty & Personal Care,Haircare,Zenith,Supplier F,390.31,759.73,2023-06-28,Active
861,PRD00861,Beauty & Personal Care Haircare Product 0861,Beauty & Personal Care,Haircare,Apex,Supplier C,112.15,190.32,2023-11-06,Active
862,PRD00862,Grocery & FMCG Staples Product 0862,Grocery & FMCG,Staples,Orion,Supplier B,177.04,214.77,2025-01-19,Active
863,PRD00863,Beauty & Personal Care Cosmetics Product 0863,Beauty & Personal Care,Cosmetics,Nova,Supplier C,231.28,453.97,2022-05-25,Active
864,PRD00864,Fashion Footwear Product 0864,Fashion,Footwear,Nova,Supplier C,7098.02,10199.43,2021-07-28,Inactive
865,PRD00865,Beauty & Personal Care Grooming Product 0865,Beauty & Personal Care,Grooming,Orion,Supplier B,2023.72,4038.56,2024-03-27,Active
866,PRD00866,Home & Kitchen Kitchen Appliances Product 0866,Home & Kitchen,Kitchen Appliances,Nova,Supplier C,675.21,905.41,2024-09-22,Active
867,PRD00867,Home & Kitchen Home Decor Product 0867,Home & Kitchen,Home Decor,Urban,Supplier A,3466.89,4503.26,2024-06-18,Active
868,PRD00868,Grocery & FMCG Household Care Product 0868,Grocery & FMCG,Household Care,Nova,Supplier D,19.75,21.99,2021-02-27,Active
869,PRD00869,Fashion Footwear Product 0869,Fashion,Footwear,Apex,Supplier E,596.3,901.74,2023-03-27,Active
870,PRD00870,Grocery & FMCG Beverages Product 0870,Grocery & FMCG,Beverages,Nova,Supplier B,48.23,57.92,2024-08-21,Active
871,PRD00871,Grocery & FMCG Snacks Product 0871,Grocery & FMCG,Snacks,Vertex,Supplier A,1456.5,1597.95,2024-09-30,Active
872,PRD00872,Grocery & FMCG Snacks Product 0872,Grocery & FMCG,Snacks,Orion,Supplier F,971.38,1136.61,2023-11-04,Active
873,PRD00873,Sports & Lifestyle Outdoor Product 0873,Sports & Lifestyle,Outdoor,Prime,Supplier E,25350.71,31712.34,2024-10-14,Active
874,PRD00874,Fashion Accessories Product 0874,Fashion,Accessories,Apex,Supplier E,445.53,789.33,2022-01-12,Active
875,PRD00875,Home & Kitchen Storage Product 0875,Home & Kitchen,Storage,Prime,Supplier E,37144.54,53253.8,2021-08-31,Active
876,PRD00876,Beauty & Personal Care Grooming Product 0876,Beauty & Personal Care,Grooming,Apex,Supplier C,2466.7,3392.38,2023-09-20,Inactive
877,PRD00877,Fashion Accessories Product 0877,Fashion,Accessories,Zenith,Supplier C,1573.45,2236.02,2024-03-14,Active
878,PRD00878,Beauty & Personal Care Skincare Product 0878,Beauty & Personal Care,Skincare,XBrand,Supplier C,125.08,228.49,2023-06-10,Active
879,PRD00879,Beauty & Personal Care Cosmetics Product 0879,Beauty & Personal Care,Cosmetics,Vertex,Supplier C,116.84,184.63,2022-02-19,Active
880,PRD00880,Beauty & Personal Care Grooming Product 0880,Beauty & Personal Care,Grooming,Apex,Supplier A,5298.81,7531.62,2022-01-29,Active
881,PRD00881,Fashion Kids Apparel Product 0881,Fashion,Kids Apparel,Zenith,Supplier C,7584.63,13761.66,2022-12-30,Active
882,PRD00882,Electronics Accessories Product 0882,Electronics,Accessories,Vertex,Supplier B,13126.91,14647.62,2021-12-24,Active
883,PRD00883,Fashion Accessories Product 0883,Fashion,Accessories,Apex,Supplier E,685.6,1030.82,2024-03-27,Active
884,PRD00884,Electronics Audio Product 0884,Electronics,Audio,Prime,Supplier A,3553.39,4034.68,2022-11-05,Active
885,PRD00885,Grocery & FMCG Snacks Product 0885,Grocery & FMCG,Snacks,Prime,Supplier F,7612.65,8414.9,2021-01-18,Active
886,PRD00886,Home & Kitchen Cookware Product 0886,Home & Kitchen,Cookware,Orion,Supplier C,13255.3,16166.38,2022-12-29,Active
887,PRD00887,Electronics Smartphones Product 0887,Electronics,Smartphones,Apex,Supplier F,14341.43,18113.18,2022-07-15,Active
888,PRD00888,Electronics Audio Product 0888,Electronics,Audio,Apex,Supplier E,3224.99,3607.26,2024-10-02,Active
889,PRD00889,Beauty & Personal Care Personal Hygiene Product 0889,Beauty & Personal Care,Personal Hygiene,Urban,Supplier A,1145.83,2003.73,2023-12-18,Active
890,PRD00890,Beauty & Personal Care Haircare Product 0890,Beauty & Personal Care,Haircare,Vertex,Supplier E,1588.13,2369.73,2021-06-04,Inactive
891,PRD00891,Home & Kitchen Storage Product 0891,Home & Kitchen,Storage,Vertex,Supplier F,593.66,902.92,2025-02-19,Active
892,PRD00892,Electronics Smartphones Product 0892,Electronics,Smartphones,Vertex,Supplier A,85935.12,100394.35,2022-05-02,Active
893,PRD00893,Fashion Footwear Product 0893,Fashion,Footwear,Vertex,Supplier D,5417.44,8214.03,2021-05-31,Active
894,PRD00894,Home & Kitchen Kitchen Appliances Product 0894,Home & Kitchen,Kitchen Appliances,XBrand,Supplier A,2011.54,2535.49,2024-10-14,Active
895,PRD00895,Beauty & Personal Care Personal Hygiene Product 0895,Beauty & Personal Care,Personal Hygiene,XBrand,Supplier C,436.15,708.45,2022-01-03,Active
896,PRD00896,Beauty & Personal Care Grooming Product 0896,Beauty & Personal Care,Grooming,Zenith,Supplier F,70.18,109.84,2023-12-07,Active
897,PRD00897,Home & Kitchen Home Decor Product 0897,Home & Kitchen,Home Decor,Nova,Supplier E,15188.13,21562.04,2021-07-26,Active
898,PRD00898,Home & Kitchen Home Decor Product 0898,Home & Kitchen,Home Decor,Apex,Supplier E,5970.62,8973.3,2022-03-26,Active
899,PRD00899,Sports & Lifestyle Lifestyle Accessories Product 0899,Sports & Lifestyle,Lifestyle Accessories,Apex,Supplier E,150.78,218.97,2025-02-15,Active
900,PRD00900,Fashion Kids Apparel Product 0900,Fashion,Kids Apparel,Apex,Supplier B,4186.48,6523.71,2023-07-13,Active
901,PRD00901,Beauty & Personal Care Grooming Product 0901,Beauty & Personal Care,Grooming,Apex,Supplier B,316.02,441.41,2022-11-28,Active
902,PRD00902,Electronics Laptops Product 0902,Electronics,Laptops,Vertex,Supplier C,71115.82,83264.7,2022-07-24,Active
903,PRD00903,Fashion Womens Apparel Product 0903,Fashion,Womens Apparel,Vertex,Supplier D,5890.1,9307.56,2021-05-23,Active
904,PRD00904,Electronics Wearables Product 0904,Electronics,Wearables,XBrand,Supplier B,22001.04,27249.12,2024-11-24,Active
905,PRD00905,Fashion Womens Apparel Product 0905,Fashion,Womens Apparel,Prime,Supplier A,2647.52,3949.23,2024-01-26,Active
906,PRD00906,Sports & Lifestyle Fitness Product 0906,Sports & Lifestyle,Fitness,Urban,Supplier F,1939.2,3032.89,2023-12-07,Active
907,PRD00907,Fashion Womens Apparel Product 0907,Fashion,Womens Apparel,Vertex,Supplier C,868.25,1291.32,2021-07-10,Active
908,PRD00908,Electronics Accessories Product 0908,Electronics,Accessories,Vertex,Supplier D,1044.25,1318.57,2021-05-20,Active
909,PRD00909,Electronics Televisions Product 0909,Electronics,Televisions,Orion,Supplier A,1067.11,1286.83,2022-09-07,Active
910,PRD00910,Fashion Womens Apparel Product 0910,Fashion,Womens Apparel,Vertex,Supplier E,1008.37,1507.56,2024-06-08,Active
911,PRD00911,Electronics Accessories Product 0911,Electronics,Accessories,Prime,Supplier B,25519.32,28024.52,2024-09-25,Active
912,PRD00912,Electronics Audio Product 0912,Electronics,Audio,Prime,Supplier A,14516.91,17879.83,2023-07-14,Active
913,PRD00913,Grocery & FMCG Snacks Product 0913,Grocery & FMCG,Snacks,XBrand,Supplier D,3104.66,3438.36,2025-02-23,Active
914,PRD00914,Fashion Mens Apparel Product 0914,Fashion,Mens Apparel,Vertex,Supplier C,6211.41,10038.31,2023-12-09,Active
915,PRD00915,Home & Kitchen Kitchen Appliances Product 0915,Home & Kitchen,Kitchen Appliances,Zenith,Supplier A,29051.95,39392.35,2022-09-16,Active
916,PRD00916,Sports & Lifestyle Lifestyle Accessories Product 0916,Sports & Lifestyle,Lifestyle Accessories,Orion,Supplier C,2172.62,3525.88,2025-01-16,Active
917,PRD00917,Electronics Wearables Product 0917,Electronics,Wearables,Urban,Supplier E,76145.18,88824.17,2024-09-01,Active
918,PRD00918,Sports & Lifestyle Lifestyle Accessories Product 0918,Sports & Lifestyle,Lifestyle Accessories,Apex,Supplier D,615.23,852.87,2024-09-07,Active
919,PRD00919,Home & Kitchen Furniture Product 0919,Home & Kitchen,Furniture,Vertex,Supplier D,1569.89,2035.56,2021-03-28,Inactive
920,PRD00920,Grocery & FMCG Beverages Product 0920,Grocery & FMCG,Beverages,XBrand,Supplier B,88.52,106.15,2025-02-06,Active
921,PRD00921,Beauty & Personal Care Cosmetics Product 0921,Beauty & Personal Care,Cosmetics,XBrand,Supplier F,79.35,136.67,2021-10-09,Active
922,PRD00922,Grocery & FMCG Packaged Food Product 0922,Grocery & FMCG,Packaged Food,Zenith,Supplier D,51.84,58.54,2023-02-03,Active
923,PRD00923,Sports & Lifestyle Outdoor Product 0923,Sports & Lifestyle,Outdoor,Urban,Supplier A,205.75,275.8,2024-01-03,Active
924,PRD00924,Home & Kitchen Storage Product 0924,Home & Kitchen,Storage,Orion,Supplier A,13359.34,19952.79,2022-03-29,Active
925,PRD00925,Sports & Lifestyle Fitness Product 0925,Sports & Lifestyle,Fitness,Nova,Supplier A,455.69,644.28,2021-02-16,Active
926,PRD00926,Fashion Kids Apparel Product 0926,Fashion,Kids Apparel,XBrand,Supplier E,1084.68,1885.47,2024-01-25,Active
927,PRD00927,Fashion Kids Apparel Product 0927,Fashion,Kids Apparel,Prime,Supplier D,3836.3,5925.84,2023-07-27,Inactive
928,PRD00928,Home & Kitchen Cookware Product 0928,Home & Kitchen,Cookware,Prime,Supplier D,7508.48,11108.05,2021-01-31,Active
929,PRD00929,Fashion Footwear Product 0929,Fashion,Footwear,Apex,Supplier A,207.77,310.38,2022-06-18,Active
930,PRD00930,Electronics Accessories Product 0930,Electronics,Accessories,XBrand,Supplier B,75350.16,92300.59,2021-01-17,Active
931,PRD00931,Fashion Footwear Product 0931,Fashion,Footwear,Orion,Supplier B,1613.11,2504.55,2024-05-20,Inactive
932,PRD00932,Fashion Womens Apparel Product 0932,Fashion,Womens Apparel,Apex,Supplier D,753.68,1166.88,2024-06-12,Active
933,PRD00933,Grocery & FMCG Staples Product 0933,Grocery & FMCG,Staples,XBrand,Supplier D,1031.49,1174.6,2022-01-27,Active
934,PRD00934,Grocery & FMCG Packaged Food Product 0934,Grocery & FMCG,Packaged Food,Urban,Supplier C,1411.27,1692.42,2023-10-04,Active
935,PRD00935,Fashion Footwear Product 0935,Fashion,Footwear,Vertex,Supplier D,361.44,547.9,2021-12-20,Active
936,PRD00936,Home & Kitchen Cookware Product 0936,Home & Kitchen,Cookware,Orion,Supplier A,1616.11,2298.44,2021-11-01,Active
937,PRD00937,Home & Kitchen Home Decor Product 0937,Home & Kitchen,Home Decor,XBrand,Supplier F,633.19,890.36,2022-05-24,Active
938,PRD00938,Home & Kitchen Storage Product 0938,Home & Kitchen,Storage,Orion,Supplier E,28739.35,38374.52,2022-12-13,Active
939,PRD00939,Electronics Televisions Product 0939,Electronics,Televisions,Nova,Supplier D,73520.54,94141.58,2024-11-19,Active
940,PRD00940,Home & Kitchen Kitchen Appliances Product 0940,Home & Kitchen,Kitchen Appliances,Orion,Supplier D,293.39,375.96,2024-12-25,Active
941,PRD00941,Home & Kitchen Storage Product 0941,Home & Kitchen,Storage,Orion,Supplier A,39038.06,59411.03,2022-11-16,Active
942,PRD00942,Sports & Lifestyle Fitness Product 0942,Sports & Lifestyle,Fitness,Prime,Supplier C,266.29,334.11,2023-02-25,Inactive
943,PRD00943,Fashion Womens Apparel Product 0943,Fashion,Womens Apparel,Urban,Supplier F,309.46,561.84,2023-05-07,Inactive
944,PRD00944,Home & Kitchen Furniture Product 0944,Home & Kitchen,Furniture,Vertex,Supplier D,430.18,585.62,2021-06-26,Active
945,PRD00945,Beauty & Personal Care Cosmetics Product 0945,Beauty & Personal Care,Cosmetics,Vertex,Supplier B,3700.6,4967.91,2024-11-30,Inactive
946,PRD00946,Electronics Accessories Product 0946,Electronics,Accessories,Prime,Supplier B,16671.01,18918.18,2021-10-28,Active
947,PRD00947,Fashion Mens Apparel Product 0947,Fashion,Mens Apparel,Orion,Supplier B,6066.37,8749.89,2022-03-21,Active
948,PRD00948,Beauty & Personal Care Haircare Product 0948,Beauty & Personal Care,Haircare,Vertex,Supplier E,1369.79,2355.83,2024-02-25,Active
949,PRD00949,Fashion Mens Apparel Product 0949,Fashion,Mens Apparel,Apex,Supplier E,528.83,711.71,2024-10-04,Active
950,PRD00950,Fashion Footwear Product 0950,Fashion,Footwear,Urban,Supplier F,1027.48,1484.46,2021-01-21,Active
951,PRD00951,Sports & Lifestyle Fitness Product 0951,Sports & Lifestyle,Fitness,Nova,Supplier D,9294.52,14524.33,2023-10-13,Active
952,PRD00952,Grocery & FMCG Packaged Food Product 0952,Grocery & FMCG,Packaged Food,Prime,Supplier D,294.23,342.39,2022-12-12,Active
953,PRD00953,Beauty & Personal Care Grooming Product 0953,Beauty & Personal Care,Grooming,XBrand,Supplier D,874.5,1609.87,2022-12-02,Active
954,PRD00954,Fashion Womens Apparel Product 0954,Fashion,Womens Apparel,XBrand,Supplier E,1097.19,1578.9,2024-12-14,Active
955,PRD00955,Beauty & Personal Care Personal Hygiene Product 0955,Beauty & Personal Care,Personal Hygiene,XBrand,Supplier F,207.21,336.4,2021-06-01,Active
956,PRD00956,Home & Kitchen Cookware Product 0956,Home & Kitchen,Cookware,Zenith,Supplier D,2191.81,2941.31,2024-03-29,Active
957,PRD00957,Fashion Footwear Product 0957,Fashion,Footwear,Urban,Supplier A,259.01,427.21,2023-05-09,Inactive
958,PRD00958,Electronics Audio Product 0958,Electronics,Audio,Nova,Supplier C,2183.03,2446.17,2025-02-12,Active
959,PRD00959,Fashion Accessories Product 0959,Fashion,Accessories,Vertex,Supplier B,1060.18,1504.99,2025-01-06,Inactive
960,PRD00960,Fashion Womens Apparel Product 0960,Fashion,Womens Apparel,Nova,Supplier B,1987.17,2940.87,2021-04-06,Active
961,PRD00961,Home & Kitchen Cookware Product 0961,Home & Kitchen,Cookware,Nova,Supplier A,2140.24,2937.15,2024-10-07,Active
962,PRD00962,Sports & Lifestyle Fitness Product 0962,Sports & Lifestyle,Fitness,Prime,Supplier D,450.28,585.65,2024-01-04,Active
963,PRD00963,Sports & Lifestyle Outdoor Product 0963,Sports & Lifestyle,Outdoor,Urban,Supplier F,15131.84,21215.19,2023-05-28,Active
964,PRD00964,Beauty & Personal Care Haircare Product 0964,Beauty & Personal Care,Haircare,XBrand,Supplier F,491.47,663.16,2022-10-02,Active
965,PRD00965,Fashion Mens Apparel Product 0965,Fashion,Mens Apparel,Prime,Supplier E,1342.93,2101.07,2024-10-14,Active
966,PRD00966,Grocery & FMCG Household Care Product 0966,Grocery & FMCG,Household Care,Vertex,Supplier D,547.5,644.65,2024-03-02,Active
967,PRD00967,Electronics Televisions Product 0967,Electronics,Televisions,Nova,Supplier F,1789.99,2023.3,2022-02-04,Active
968,PRD00968,Grocery & FMCG Household Care Product 0968,Grocery & FMCG,Household Care,Orion,Supplier D,2545.48,3084.38,2024-03-08,Active
969,PRD00969,Electronics Accessories Product 0969,Electronics,Accessories,XBrand,Supplier B,1384.15,1627.78,2021-09-03,Active
970,PRD00970,Grocery & FMCG Beverages Product 0970,Grocery & FMCG,Beverages,Zenith,Supplier B,69.19,75.7,2024-08-07,Active
971,PRD00971,Home & Kitchen Cookware Product 0971,Home & Kitchen,Cookware,Urban,Supplier E,1114.86,1401.33,2021-04-22,Active
972,PRD00972,Grocery & FMCG Packaged Food Product 0972,Grocery & FMCG,Packaged Food,Apex,Supplier B,1428.73,1648.61,2024-04-08,Active
973,PRD00973,Sports & Lifestyle Sports Equipment Product 0973,Sports & Lifestyle,Sports Equipment,Zenith,Supplier D,340.58,426.71,2024-06-17,Active
974,PRD00974,Electronics Accessories Product 0974,Electronics,Accessories,Nova,Supplier A,49194.01,54944.95,2024-09-22,Active
975,PRD00975,Fashion Footwear Product 0975,Fashion,Footwear,Nova,Supplier E,2191.14,3209.92,2024-03-07,Active
976,PRD00976,Sports & Lifestyle Fitness Product 0976,Sports & Lifestyle,Fitness,Nova,Supplier A,3271.44,4439.65,2024-06-13,Active
977,PRD00977,Fashion Kids Apparel Product 0977,Fashion,Kids Apparel,Nova,Supplier D,296.45,420.25,2023-03-05,Active
978,PRD00978,Grocery & FMCG Packaged Food Product 0978,Grocery & FMCG,Packaged Food,XBrand,Supplier E,56.45,64.36,2023-10-24,Active
979,PRD00979,Beauty & Personal Care Personal Hygiene Product 0979,Beauty & Personal Care,Personal Hygiene,Urban,Supplier A,1413.07,2065.74,2021-04-26,Active
980,PRD00980,Fashion Womens Apparel Product 0980,Fashion,Womens Apparel,Zenith,Supplier E,202.57,313.47,2025-02-04,Inactive
981,PRD00981,Home & Kitchen Kitchen Appliances Product 0981,Home & Kitchen,Kitchen Appliances,Prime,Supplier D,4937.47,7523.06,2024-02-29,Inactive
982,PRD00982,Home & Kitchen Furniture Product 0982,Home & Kitchen,Furniture,XBrand,Supplier F,5048.33,6822.99,2023-07-23,Active
983,PRD00983,Grocery & FMCG Household Care Product 0983,Grocery & FMCG,Household Care,Urban,Supplier E,583.77,705.71,2025-02-15,Active
984,PRD00984,Fashion Womens Apparel Product 0984,Fashion,Womens Apparel,Zenith,Supplier F,5250.6,7660.59,2024-11-25,Inactive
985,PRD00985,Fashion Mens Apparel Product 0985,Fashion,Mens Apparel,Prime,Supplier D,528.0,757.01,2024-05-09,Active
986,PRD00986,Fashion Footwear Product 0986,Fashion,Footwear,Nova,Supplier E,1295.42,2154.76,2021-10-19,Active
987,PRD00987,Beauty & Personal Care Haircare Product 0987,Beauty & Personal Care,Haircare,Urban,Supplier E,740.29,1009.88,2021-12-08,Active
988,PRD00988,Grocery & FMCG Packaged Food Product 0988,Grocery & FMCG,Packaged Food,Nova,Supplier F,1506.34,1794.54,2023-10-12,Active
989,PRD00989,Sports & Lifestyle Outdoor Product 0989,Sports & Lifestyle,Outdoor,Orion,Supplier B,616.41,923.9,2024-05-24,Active
990,PRD00990,Fashion Accessories Product 0990,Fashion,Accessories,Urban,Supplier F,909.05,1588.75,2022-08-08,Active
991,PRD00991,Grocery & FMCG Household Care Product 0991,Grocery & FMCG,Household Care,Vertex,Supplier F,3315.25,3821.8,2024-10-21,Active
992,PRD00992,Grocery & FMCG Staples Product 0992,Grocery & FMCG,Staples,Apex,Supplier F,1222.73,1470.22,2025-02-01,Active
993,PRD00993,Beauty & Personal Care Personal Hygiene Product 0993,Beauty & Personal Care,Personal Hygiene,Nova,Supplier D,655.24,975.51,2024-12-12,Active
994,PRD00994,Sports & Lifestyle Sports Equipment Product 0994,Sports & Lifestyle,Sports Equipment,Nova,Supplier C,8188.73,10831.84,2021-01-27,Active
995,PRD00995,Home & Kitchen Home Decor Product 0995,Home & Kitchen,Home Decor,Nova,Supplier F,1375.89,2044.94,2022-03-31,Active
996,PRD00996,Electronics Televisions Product 0996,Electronics,Televisions,Vertex,Supplier E,30605.44,35444.85,2023-07-07,Active
997,PRD00997,Grocery & FMCG Packaged Food Product 0997,Grocery & FMCG,Packaged Food,XBrand,Supplier A,67.18,75.97,2022-08-03,Inactive
998,PRD00998,Fashion Womens Apparel Product 0998,Fashion,Womens Apparel,Prime,Supplier B,650.04,909.43,2021-01-14,Active
999,PRD00999,Grocery & FMCG Packaged Food Product 0999,Grocery & FMCG,Packaged Food,Nova,Supplier F,1815.46,2028.91,2021-04-08,Active
1000,PRD01000,Grocery & FMCG Beverages Product 1000,Grocery & FMCG,Beverages,Nova,Supplier F,296.48,336.37,2021-10-06,Active
1001,PRD01001,Electronics Audio Product 1001,Electronics,Audio,Zenith,Supplier B,118163.55,136566.25,2022-05-05,Active
1002,PRD01002,Grocery & FMCG Packaged Food Product 1002,Grocery & FMCG,Packaged Food,Zenith,Supplier F,29.95,32.88,2023-09-12,Active
1003,PRD01003,Fashion Footwear Product 1003,Fashion,Footwear,XBrand,Supplier E,1903.83,3021.35,2023-08-19,Active
1004,PRD01004,Fashion Accessories Product 1004,Fashion,Accessories,XBrand,Supplier C,1022.5,1540.77,2022-09-16,Active
1005,PRD01005,Beauty & Personal Care Personal Hygiene Product 1005,Beauty & Personal Care,Personal Hygiene,Apex,Supplier F,78.84,126.98,2021-07-26,Active
1006,PRD01006,Sports & Lifestyle Outdoor Product 1006,Sports & Lifestyle,Outdoor,Urban,Supplier B,2227.99,2893.16,2024-06-10,Active
1007,PRD01007,Electronics Audio Product 1007,Electronics,Audio,Nova,Supplier F,1242.15,1376.04,2022-08-20,Inactive
1008,PRD01008,Fashion Womens Apparel Product 1008,Fashion,Womens Apparel,Urban,Supplier D,278.91,444.08,2022-11-26,Active
1009,PRD01009,Beauty & Personal Care Grooming Product 1009,Beauty & Personal Care,Grooming,Orion,Supplier E,168.46,245.16,2024-06-16,Active
1010,PRD01010,Beauty & Personal Care Personal Hygiene Product 1010,Beauty & Personal Care,Personal Hygiene,XBrand,Supplier E,112.61,220.57,2021-09-07,Active
1011,PRD01011,Beauty & Personal Care Personal Hygiene Product 1011,Beauty & Personal Care,Personal Hygiene,XBrand,Supplier C,3539.51,5112.11,2023-01-10,Active
1012,PRD01012,Electronics Wearables Product 1012,Electronics,Wearables,Apex,Supplier D,3953.42,4438.98,2021-11-02,Active
1013,PRD01013,Home & Kitchen Storage Product 1013,Home & Kitchen,Storage,Prime,Supplier D,3103.55,3800.27,2025-01-26,Active
1014,PRD01014,Home & Kitchen Kitchen Appliances Product 1014,Home & Kitchen,Kitchen Appliances,Vertex,Supplier C,8150.97,11149.48,2024-06-13,Active
1015,PRD01015,Grocery & FMCG Beverages Product 1015,Grocery & FMCG,Beverages,Vertex,Supplier A,4812.68,5326.35,2024-08-07,Active
1016,PRD01016,Home & Kitchen Storage Product 1016,Home & Kitchen,Storage,Vertex,Supplier F,16938.19,24714.06,2023-11-29,Active
1017,PRD01017,Home & Kitchen Storage Product 1017,Home & Kitchen,Storage,XBrand,Supplier D,320.94,426.64,2023-09-25,Inactive
1018,PRD01018,Sports & Lifestyle Outdoor Product 1018,Sports & Lifestyle,Outdoor,Nova,Supplier A,367.51,490.63,2022-12-19,Active
1019,PRD01019,Electronics Accessories Product 1019,Electronics,Accessories,Zenith,Supplier A,2669.48,3169.92,2021-07-02,Active
1020,PRD01020,Sports & Lifestyle Fitness Product 1020,Sports & Lifestyle,Fitness,Apex,Supplier E,1076.64,1763.67,2022-10-07,Active
1021,PRD01021,Beauty & Personal Care Haircare Product 1021,Beauty & Personal Care,Haircare,Prime,Supplier F,89.86,177.39,2021-01-30,Active
1022,PRD01022,Grocery & FMCG Staples Product 1022,Grocery & FMCG,Staples,Orion,Supplier E,70.66,83.85,2024-11-12,Active
1023,PRD01023,Home & Kitchen Home Decor Product 1023,Home & Kitchen,Home Decor,Vertex,Supplier B,1208.78,1519.19,2023-02-06,Active
1024,PRD01024,Electronics Audio Product 1024,Electronics,Audio,Apex,Supplier E,62499.49,71284.65,2024-03-12,Active
1025,PRD01025,Grocery & FMCG Staples Product 1025,Grocery & FMCG,Staples,Zenith,Supplier D,1036.22,1200.22,2022-09-07,Active
1026,PRD01026,Grocery & FMCG Household Care Product 1026,Grocery & FMCG,Household Care,Zenith,Supplier D,326.6,375.22,2024-12-13,Active
1027,PRD01027,Grocery & FMCG Snacks Product 1027,Grocery & FMCG,Snacks,XBrand,Supplier F,1725.61,1893.73,2023-10-02,Inactive
1028,PRD01028,Electronics Audio Product 1028,Electronics,Audio,Vertex,Supplier A,20981.01,26404.94,2021-03-15,Active
1029,PRD01029,Grocery & FMCG Packaged Food Product 1029,Grocery & FMCG,Packaged Food,Prime,Supplier D,25.95,28.64,2023-12-15,Active
1030,PRD01030,Grocery & FMCG Staples Product 1030,Grocery & FMCG,Staples,Orion,Supplier E,1506.04,1718.69,2023-08-20,Inactive
1031,PRD01031,Beauty & Personal Care Grooming Product 1031,Beauty & Personal Care,Grooming,Urban,Supplier E,456.31,637.52,2021-01-24,Active
1032,PRD01032,Grocery & FMCG Staples Product 1032,Grocery & FMCG,Staples,Zenith,Supplier F,423.21,466.43,2023-11-12,Active
1033,PRD01033,Grocery & FMCG Household Care Product 1033,Grocery & FMCG,Household Care,Zenith,Supplier E,326.27,386.74,2022-03-04,Active
1034,PRD01034,Beauty & Personal Care Haircare Product 1034,Beauty & Personal Care,Haircare,Orion,Supplier C,205.35,326.06,2023-11-22,Active
1035,PRD01035,Electronics Laptops Product 1035,Electronics,Laptops,Zenith,Supplier F,118521.56,143859.72,2023-05-13,Active
1036,PRD01036,Fashion Accessories Product 1036,Fashion,Accessories,Prime,Supplier F,5376.22,8059.93,2021-12-05,Active
1037,PRD01037,Electronics Laptops Product 1037,Electronics,Laptops,Orion,Supplier D,40683.2,44495.16,2025-03-19,Active
1038,PRD01038,Fashion Womens Apparel Product 1038,Fashion,Womens Apparel,Nova,Supplier F,343.21,483.81,2022-05-27,Inactive
1039,PRD01039,Fashion Mens Apparel Product 1039,Fashion,Mens Apparel,Vertex,Supplier B,837.96,1442.64,2023-12-30,Active
1040,PRD01040,Electronics Wearables Product 1040,Electronics,Wearables,Vertex,Supplier D,4055.21,4895.51,2022-11-03,Active
1041,PRD01041,Home & Kitchen Storage Product 1041,Home & Kitchen,Storage,Urban,Supplier D,10083.67,13998.31,2024-01-17,Active
1042,PRD01042,Electronics Laptops Product 1042,Electronics,Laptops,Orion,Supplier C,4351.35,5185.04,2023-05-27,Active
1043,PRD01043,Grocery & FMCG Beverages Product 1043,Grocery & FMCG,Beverages,Urban,Supplier D,152.97,167.8,2022-07-25,Active
1044,PRD01044,Sports & Lifestyle Sports Equipment Product 1044,Sports & Lifestyle,Sports Equipment,Orion,Supplier A,29822.43,38502.25,2023-02-03,Active
1045,PRD01045,Electronics Accessories Product 1045,Electronics,Accessories,Vertex,Supplier E,930.03,1166.9,2024-05-27,Active
1046,PRD01046,Sports & Lifestyle Outdoor Product 1046,Sports & Lifestyle,Outdoor,Nova,Supplier E,660.81,986.37,2022-12-14,Active
1047,PRD01047,Fashion Footwear Product 1047,Fashion,Footwear,Zenith,Supplier F,728.28,1084.22,2022-08-12,Active
1048,PRD01048,Home & Kitchen Furniture Product 1048,Home & Kitchen,Furniture,Orion,Supplier C,729.85,958.2,2023-02-06,Active
1049,PRD01049,Electronics Wearables Product 1049,Electronics,Wearables,Urban,Supplier E,5618.9,6859.5,2024-07-17,Active
1050,PRD01050,Fashion Mens Apparel Product 1050,Fashion,Mens Apparel,XBrand,Supplier A,1243.61,2215.63,2023-03-30,Active
1051,PRD01051,Grocery & FMCG Staples Product 1051,Grocery & FMCG,Staples,Zenith,Supplier C,22.56,25.95,2021-03-19,Inactive
1052,PRD01052,Beauty & Personal Care Skincare Product 1052,Beauty & Personal Care,Skincare,Vertex,Supplier B,763.13,1467.69,2021-01-10,Active
1053,PRD01053,Electronics Accessories Product 1053,Electronics,Accessories,Prime,Supplier E,867.84,1033.5,2025-01-31,Inactive
1054,PRD01054,Electronics Wearables Product 1054,Electronics,Wearables,Prime,Supplier D,61774.59,69712.78,2024-09-21,Inactive
1055,PRD01055,Fashion Accessories Product 1055,Fashion,Accessories,Zenith,Supplier A,6895.83,9241.37,2022-09-28,Inactive
1056,PRD01056,Home & Kitchen Kitchen Appliances Product 1056,Home & Kitchen,Kitchen Appliances,Nova,Supplier A,10636.13,16081.94,2024-04-24,Active
1057,PRD01057,Home & Kitchen Kitchen Appliances Product 1057,Home & Kitchen,Kitchen Appliances,XBrand,Supplier E,7633.44,10241.22,2024-02-19,Inactive
1058,PRD01058,Home & Kitchen Kitchen Appliances Product 1058,Home & Kitchen,Kitchen Appliances,Urban,Supplier F,172.83,260.46,2022-08-15,Active
1059,PRD01059,Grocery & FMCG Snacks Product 1059,Grocery & FMCG,Snacks,Orion,Supplier B,341.01,371.83,2022-12-19,Active
1060,PRD01060,Sports & Lifestyle Sports Equipment Product 1060,Sports & Lifestyle,Sports Equipment,Vertex,Supplier D,5432.5,7720.65,2022-07-19,Active
1061,PRD01061,Fashion Mens Apparel Product 1061,Fashion,Mens Apparel,Prime,Supplier B,344.05,486.53,2024-07-21,Inactive
1062,PRD01062,Sports & Lifestyle Sports Equipment Product 1062,Sports & Lifestyle,Sports Equipment,Prime,Supplier B,191.94,280.15,2022-02-14,Active
1063,PRD01063,Home & Kitchen Home Decor Product 1063,Home & Kitchen,Home Decor,Prime,Supplier E,6088.01,8294.02,2021-12-24,Active
1064,PRD01064,Fashion Accessories Product 1064,Fashion,Accessories,Prime,Supplier D,4235.11,7329.73,2021-04-08,Active
1065,PRD01065,Home & Kitchen Furniture Product 1065,Home & Kitchen,Furniture,Apex,Supplier E,6527.53,7981.51,2023-10-04,Active
1066,PRD01066,Beauty & Personal Care Cosmetics Product 1066,Beauty & Personal Care,Cosmetics,Nova,Supplier E,1581.34,2449.79,2021-08-29,Active
1067,PRD01067,Sports & Lifestyle Lifestyle Accessories Product 1067,Sports & Lifestyle,Lifestyle Accessories,Urban,Supplier F,2676.97,3994.38,2022-07-11,Active
1068,PRD01068,Beauty & Personal Care Haircare Product 1068,Beauty & Personal Care,Haircare,Vertex,Supplier A,259.56,498.47,2022-12-12,Active
1069,PRD01069,Home & Kitchen Kitchen Appliances Product 1069,Home & Kitchen,Kitchen Appliances,Vertex,Supplier F,313.66,444.38,2024-02-12,Active
1070,PRD01070,Beauty & Personal Care Grooming Product 1070,Beauty & Personal Care,Grooming,Vertex,Supplier F,52.41,101.01,2025-02-19,Active
1071,PRD01071,Electronics Accessories Product 1071,Electronics,Accessories,Urban,Supplier E,1305.57,1439.89,2024-06-18,Inactive
1072,PRD01072,Grocery & FMCG Packaged Food Product 1072,Grocery & FMCG,Packaged Food,Nova,Supplier F,139.83,158.42,2021-06-05,Active
1073,PRD01073,Fashion Accessories Product 1073,Fashion,Accessories,Zenith,Supplier F,437.98,691.94,2021-12-18,Active
1074,PRD01074,Fashion Kids Apparel Product 1074,Fashion,Kids Apparel,Zenith,Supplier C,1258.63,1693.6,2021-02-13,Active
1075,PRD01075,Beauty & Personal Care Skincare Product 1075,Beauty & Personal Care,Skincare,XBrand,Supplier D,236.94,432.85,2022-08-15,Active
1076,PRD01076,Beauty & Personal Care Personal Hygiene Product 1076,Beauty & Personal Care,Personal Hygiene,Orion,Supplier A,1358.3,2388.08,2024-08-28,Active
1077,PRD01077,Electronics Laptops Product 1077,Electronics,Laptops,Zenith,Supplier D,27069.52,30884.93,2021-05-18,Active
1078,PRD01078,Beauty & Personal Care Personal Hygiene Product 1078,Beauty & Personal Care,Personal Hygiene,Orion,Supplier A,106.93,156.82,2022-03-12,Active
1079,PRD01079,Home & Kitchen Cookware Product 1079,Home & Kitchen,Cookware,Nova,Supplier C,19060.97,29175.55,2023-01-24,Active
1080,PRD01080,Beauty & Personal Care Skincare Product 1080,Beauty & Personal Care,Skincare,Prime,Supplier E,723.0,967.13,2021-05-23,Active
1081,PRD01081,Grocery & FMCG Packaged Food Product 1081,Grocery & FMCG,Packaged Food,Orion,Supplier A,42.4,47.75,2023-10-21,Active
1082,PRD01082,Grocery & FMCG Beverages Product 1082,Grocery & FMCG,Beverages,Prime,Supplier A,665.03,728.81,2024-08-15,Active
1083,PRD01083,Fashion Kids Apparel Product 1083,Fashion,Kids Apparel,Nova,Supplier A,8134.91,12016.41,2021-09-19,Active
1084,PRD01084,Fashion Accessories Product 1084,Fashion,Accessories,Nova,Supplier C,6326.42,10652.41,2022-05-27,Active
1085,PRD01085,Electronics Audio Product 1085,Electronics,Audio,Urban,Supplier D,34816.44,41693.37,2022-11-04,Inactive
1086,PRD01086,Grocery & FMCG Staples Product 1086,Grocery & FMCG,Staples,Urban,Supplier C,841.93,983.33,2021-03-03,Active
1087,PRD01087,Home & Kitchen Home Decor Product 1087,Home & Kitchen,Home Decor,Apex,Supplier A,6266.85,8633.61,2024-12-17,Active
1088,PRD01088,Fashion Mens Apparel Product 1088,Fashion,Mens Apparel,Vertex,Supplier F,8584.14,14222.94,2024-11-20,Active
1089,PRD01089,Home & Kitchen Home Decor Product 1089,Home & Kitchen,Home Decor,Apex,Supplier A,14104.86,20999.33,2021-01-31,Active
1090,PRD01090,Electronics Wearables Product 1090,Electronics,Wearables,Vertex,Supplier F,2244.02,2470.66,2024-09-15,Active
1091,PRD01091,Beauty & Personal Care Grooming Product 1091,Beauty & Personal Care,Grooming,Prime,Supplier E,571.42,919.46,2023-08-07,Active
1092,PRD01092,Electronics Laptops Product 1092,Electronics,Laptops,Apex,Supplier C,52619.91,61337.83,2023-03-13,Active
1093,PRD01093,Grocery & FMCG Packaged Food Product 1093,Grocery & FMCG,Packaged Food,Apex,Supplier F,602.44,694.62,2024-04-07,Active
1094,PRD01094,Home & Kitchen Storage Product 1094,Home & Kitchen,Storage,XBrand,Supplier C,179.02,250.23,2021-09-23,Active
1095,PRD01095,Electronics Televisions Product 1095,Electronics,Televisions,Nova,Supplier B,54751.01,60973.34,2021-11-04,Active
1096,PRD01096,Fashion Mens Apparel Product 1096,Fashion,Mens Apparel,Urban,Supplier D,1934.22,3063.97,2022-04-04,Active
1097,PRD01097,Electronics Smartphones Product 1097,Electronics,Smartphones,Apex,Supplier B,1703.65,1887.25,2024-04-23,Active
1098,PRD01098,Home & Kitchen Storage Product 1098,Home & Kitchen,Storage,Urban,Supplier F,53453.31,70980.74,2021-11-30,Active
1099,PRD01099,Beauty & Personal Care Cosmetics Product 1099,Beauty & Personal Care,Cosmetics,Vertex,Supplier B,199.98,282.79,2022-05-30,Active
1100,PRD01100,Electronics Laptops Product 1100,Electronics,Laptops,Apex,Supplier D,21972.92,26325.04,2022-03-17,Active
1101,PRD01101,Grocery & FMCG Snacks Product 1101,Grocery & FMCG,Snacks,Vertex,Supplier F,994.42,1091.33,2022-11-04,Active
1102,PRD01102,Electronics Televisions Product 1102,Electronics,Televisions,Zenith,Supplier E,74354.26,85908.75,2022-01-26,Inactive
1103,PRD01103,Home & Kitchen Kitchen Appliances Product 1103,Home & Kitchen,Kitchen Appliances,Zenith,Supplier E,966.04,1302.99,2023-07-24,Active
1104,PRD01104,Grocery & FMCG Household Care Product 1104,Grocery & FMCG,Household Care,Apex,Supplier D,188.27,225.84,2022-07-14,Active
1105,PRD01105,Home & Kitchen Kitchen Appliances Product 1105,Home & Kitchen,Kitchen Appliances,Zenith,Supplier D,40221.98,52344.23,2021-09-11,Active
1106,PRD01106,Electronics Wearables Product 1106,Electronics,Wearables,Orion,Supplier F,59640.71,73577.2,2024-09-20,Active
1107,PRD01107,Home & Kitchen Storage Product 1107,Home & Kitchen,Storage,Prime,Supplier C,41115.02,52831.97,2024-11-24,Active
1108,PRD01108,Home & Kitchen Home Decor Product 1108,Home & Kitchen,Home Decor,XBrand,Supplier F,4895.02,6329.82,2024-04-04,Active
1109,PRD01109,Grocery & FMCG Staples Product 1109,Grocery & FMCG,Staples,Vertex,Supplier C,3081.57,3351.48,2024-07-07,Active
1110,PRD01110,Home & Kitchen Home Decor Product 1110,Home & Kitchen,Home Decor,Nova,Supplier C,4486.65,5885.4,2023-10-25,Active
1111,PRD01111,Grocery & FMCG Snacks Product 1111,Grocery & FMCG,Snacks,Nova,Supplier C,127.11,148.57,2021-04-29,Active
1112,PRD01112,Grocery & FMCG Beverages Product 1112,Grocery & FMCG,Beverages,Prime,Supplier F,3413.46,3973.39,2023-09-23,Active
1113,PRD01113,Fashion Accessories Product 1113,Fashion,Accessories,Zenith,Supplier A,5884.46,8441.58,2022-04-15,Active
1114,PRD01114,Sports & Lifestyle Lifestyle Accessories Product 1114,Sports & Lifestyle,Lifestyle Accessories,Prime,Supplier A,2221.09,3128.77,2025-02-02,Active
1115,PRD01115,Fashion Kids Apparel Product 1115,Fashion,Kids Apparel,Zenith,Supplier E,199.86,312.95,2023-02-24,Active
1116,PRD01116,Sports & Lifestyle Fitness Product 1116,Sports & Lifestyle,Fitness,Orion,Supplier A,4529.19,6644.78,2025-02-25,Active
1117,PRD01117,Electronics Wearables Product 1117,Electronics,Wearables,Nova,Supplier A,31680.91,37714.81,2025-03-04,Active
1118,PRD01118,Beauty & Personal Care Skincare Product 1118,Beauty & Personal Care,Skincare,Vertex,Supplier C,97.12,134.72,2023-12-30,Active
1119,PRD01119,Fashion Mens Apparel Product 1119,Fashion,Mens Apparel,Nova,Supplier C,2147.41,3089.79,2022-11-25,Active
1120,PRD01120,Fashion Mens Apparel Product 1120,Fashion,Mens Apparel,XBrand,Supplier D,271.22,408.41,2023-05-15,Active
1121,PRD01121,Beauty & Personal Care Grooming Product 1121,Beauty & Personal Care,Grooming,Apex,Supplier C,853.8,1278.5,2023-02-15,Active
1122,PRD01122,Beauty & Personal Care Haircare Product 1122,Beauty & Personal Care,Haircare,Zenith,Supplier F,1621.08,2751.99,2024-10-25,Active
1123,PRD01123,Electronics Televisions Product 1123,Electronics,Televisions,XBrand,Supplier D,3715.51,4562.72,2021-06-30,Active
1124,PRD01124,Electronics Televisions Product 1124,Electronics,Televisions,Orion,Supplier D,19808.8,23844.26,2023-10-26,Active
1125,PRD01125,Beauty & Personal Care Haircare Product 1125,Beauty & Personal Care,Haircare,Orion,Supplier A,951.3,1273.23,2024-05-05,Active
1126,PRD01126,Beauty & Personal Care Haircare Product 1126,Beauty & Personal Care,Haircare,Zenith,Supplier C,1616.54,2464.28,2021-02-16,Active
1127,PRD01127,Sports & Lifestyle Outdoor Product 1127,Sports & Lifestyle,Outdoor,Zenith,Supplier A,18776.32,29503.82,2022-09-26,Active
1128,PRD01128,Grocery & FMCG Staples Product 1128,Grocery & FMCG,Staples,Nova,Supplier C,690.11,771.26,2024-03-09,Active
1129,PRD01129,Sports & Lifestyle Fitness Product 1129,Sports & Lifestyle,Fitness,Apex,Supplier A,429.06,586.21,2024-12-21,Active
1130,PRD01130,Beauty & Personal Care Skincare Product 1130,Beauty & Personal Care,Skincare,Nova,Supplier A,603.65,893.0,2022-08-12,Inactive
1131,PRD01131,Home & Kitchen Furniture Product 1131,Home & Kitchen,Furniture,XBrand,Supplier A,3455.53,4363.67,2021-11-06,Active
1132,PRD01132,Electronics Laptops Product 1132,Electronics,Laptops,XBrand,Supplier F,120785.95,133481.28,2021-10-01,Active
1133,PRD01133,Grocery & FMCG Staples Product 1133,Grocery & FMCG,Staples,Zenith,Supplier E,5428.58,6551.18,2023-04-20,Active
1134,PRD01134,Beauty & Personal Care Cosmetics Product 1134,Beauty & Personal Care,Cosmetics,Vertex,Supplier A,636.19,1118.53,2024-11-14,Active
1135,PRD01135,Electronics Smartphones Product 1135,Electronics,Smartphones,Vertex,Supplier B,6515.36,7832.89,2022-04-04,Active
1136,PRD01136,Home & Kitchen Storage Product 1136,Home & Kitchen,Storage,XBrand,Supplier B,1179.26,1533.89,2023-01-03,Active
1137,PRD01137,Sports & Lifestyle Outdoor Product 1137,Sports & Lifestyle,Outdoor,Apex,Supplier B,2992.03,4272.05,2021-12-27,Active
1138,PRD01138,Fashion Womens Apparel Product 1138,Fashion,Womens Apparel,Zenith,Supplier F,2002.86,2891.52,2023-10-15,Active
1139,PRD01139,Fashion Accessories Product 1139,Fashion,Accessories,Orion,Supplier D,922.33,1257.92,2023-12-29,Active
1140,PRD01140,Fashion Kids Apparel Product 1140,Fashion,Kids Apparel,Vertex,Supplier A,256.59,366.91,2022-10-24,Active
1141,PRD01141,Home & Kitchen Kitchen Appliances Product 1141,Home & Kitchen,Kitchen Appliances,Vertex,Supplier B,249.22,310.61,2022-11-30,Active
1142,PRD01142,Home & Kitchen Home Decor Product 1142,Home & Kitchen,Home Decor,Urban,Supplier F,21193.9,26056.21,2024-12-25,Active
1143,PRD01143,Home & Kitchen Storage Product 1143,Home & Kitchen,Storage,Urban,Supplier D,8006.62,10348.95,2023-06-04,Active
1144,PRD01144,Electronics Audio Product 1144,Electronics,Audio,Vertex,Supplier B,65243.28,76567.53,2023-01-28,Active
1145,PRD01145,Grocery & FMCG Packaged Food Product 1145,Grocery & FMCG,Packaged Food,Nova,Supplier C,115.99,133.59,2023-11-22,Active
1146,PRD01146,Fashion Accessories Product 1146,Fashion,Accessories,Apex,Supplier E,849.95,1334.01,2022-09-13,Active
1147,PRD01147,Grocery & FMCG Staples Product 1147,Grocery & FMCG,Staples,Prime,Supplier A,33.43,40.75,2025-03-17,Active
1148,PRD01148,Grocery & FMCG Staples Product 1148,Grocery & FMCG,Staples,Vertex,Supplier E,249.24,281.57,2021-07-01,Active
1149,PRD01149,Home & Kitchen Storage Product 1149,Home & Kitchen,Storage,Urban,Supplier E,10669.78,14073.68,2022-11-17,Active
1150,PRD01150,Beauty & Personal Care Skincare Product 1150,Beauty & Personal Care,Skincare,Apex,Supplier C,2948.31,4632.56,2022-11-12,Active
1151,PRD01151,Fashion Footwear Product 1151,Fashion,Footwear,Apex,Supplier C,3644.67,5002.91,2021-09-05,Active
1152,PRD01152,Grocery & FMCG Household Care Product 1152,Grocery & FMCG,Household Care,Urban,Supplier C,3252.9,3843.09,2022-09-12,Active
1153,PRD01153,Home & Kitchen Storage Product 1153,Home & Kitchen,Storage,Zenith,Supplier D,563.31,708.29,2024-08-13,Active
1154,PRD01154,Beauty & Personal Care Haircare Product 1154,Beauty & Personal Care,Haircare,Apex,Supplier B,215.64,426.19,2021-01-30,Active
1155,PRD01155,Beauty & Personal Care Haircare Product 1155,Beauty & Personal Care,Haircare,Zenith,Supplier A,205.99,323.91,2024-08-18,Active
1156,PRD01156,Home & Kitchen Kitchen Appliances Product 1156,Home & Kitchen,Kitchen Appliances,Apex,Supplier C,179.28,238.25,2025-02-08,Active
1157,PRD01157,Electronics Televisions Product 1157,Electronics,Televisions,Urban,Supplier F,12508.39,15902.6,2023-05-23,Active
1158,PRD01158,Beauty & Personal Care Personal Hygiene Product 1158,Beauty & Personal Care,Personal Hygiene,XBrand,Supplier A,586.05,1074.89,2023-08-06,Active
1159,PRD01159,Grocery & FMCG Beverages Product 1159,Grocery & FMCG,Beverages,Vertex,Supplier A,549.0,599.39,2024-10-07,Active
1160,PRD01160,Home & Kitchen Kitchen Appliances Product 1160,Home & Kitchen,Kitchen Appliances,Nova,Supplier A,950.26,1315.86,2023-09-12,Active
1161,PRD01161,Beauty & Personal Care Cosmetics Product 1161,Beauty & Personal Care,Cosmetics,Zenith,Supplier C,4260.91,7961.09,2025-02-14,Active
1162,PRD01162,Fashion Kids Apparel Product 1162,Fashion,Kids Apparel,Prime,Supplier C,516.13,731.09,2021-11-13,Active
1163,PRD01163,Beauty & Personal Care Skincare Product 1163,Beauty & Personal Care,Skincare,Nova,Supplier B,130.12,250.53,2023-01-07,Active
1164,PRD01164,Home & Kitchen Kitchen Appliances Product 1164,Home & Kitchen,Kitchen Appliances,XBrand,Supplier C,22759.17,33067.22,2024-11-21,Active
1165,PRD01165,Grocery & FMCG Staples Product 1165,Grocery & FMCG,Staples,Orion,Supplier C,199.67,229.62,2024-01-18,Active
1166,PRD01166,Home & Kitchen Kitchen Appliances Product 1166,Home & Kitchen,Kitchen Appliances,XBrand,Supplier A,2503.0,3221.68,2024-06-11,Active
1167,PRD01167,Home & Kitchen Home Decor Product 1167,Home & Kitchen,Home Decor,Apex,Supplier B,3350.62,4112.12,2021-06-17,Active
1168,PRD01168,Electronics Audio Product 1168,Electronics,Audio,Nova,Supplier E,1267.86,1593.03,2023-01-13,Active
1169,PRD01169,Electronics Wearables Product 1169,Electronics,Wearables,Zenith,Supplier C,35190.52,40881.25,2021-05-06,Active
1170,PRD01170,Fashion Kids Apparel Product 1170,Fashion,Kids Apparel,Zenith,Supplier F,1531.06,2264.87,2022-07-27,Active
1171,PRD01171,Home & Kitchen Furniture Product 1171,Home & Kitchen,Furniture,XBrand,Supplier C,11608.58,16905.16,2021-04-30,Active
1172,PRD01172,Grocery & FMCG Household Care Product 1172,Grocery & FMCG,Household Care,Nova,Supplier E,1947.04,2296.75,2024-12-22,Active
1173,PRD01173,Electronics Wearables Product 1173,Electronics,Wearables,XBrand,Supplier A,2034.01,2330.75,2023-10-06,Active
1174,PRD01174,Fashion Footwear Product 1174,Fashion,Footwear,Prime,Supplier B,1286.95,1881.94,2024-04-28,Active
1175,PRD01175,Home & Kitchen Home Decor Product 1175,Home & Kitchen,Home Decor,XBrand,Supplier A,14060.32,18403.32,2024-12-22,Active
1176,PRD01176,Electronics Smartphones Product 1176,Electronics,Smartphones,Nova,Supplier D,1423.66,1647.49,2022-07-14,Active
1177,PRD01177,Electronics Wearables Product 1177,Electronics,Wearables,Apex,Supplier C,119956.27,135028.62,2024-05-10,Active
1178,PRD01178,Fashion Mens Apparel Product 1178,Fashion,Mens Apparel,Nova,Supplier F,2179.6,3285.47,2023-12-19,Active
1179,PRD01179,Fashion Accessories Product 1179,Fashion,Accessories,Urban,Supplier D,257.62,394.86,2022-11-28,Active
1180,PRD01180,Fashion Mens Apparel Product 1180,Fashion,Mens Apparel,Nova,Supplier C,3025.44,4673.54,2021-08-11,Active
1181,PRD01181,Fashion Womens Apparel Product 1181,Fashion,Womens Apparel,Prime,Supplier D,6292.99,9091.13,2025-02-24,Active
1182,PRD01182,Beauty & Personal Care Cosmetics Product 1182,Beauty & Personal Care,Cosmetics,Vertex,Supplier E,76.04,147.4,2023-11-01,Active
1183,PRD01183,Electronics Televisions Product 1183,Electronics,Televisions,Prime,Supplier C,4856.37,5786.19,2023-03-04,Active
1184,PRD01184,Fashion Footwear Product 1184,Fashion,Footwear,Prime,Supplier F,4551.84,6643.69,2025-03-16,Active
1185,PRD01185,Sports & Lifestyle Sports Equipment Product 1185,Sports & Lifestyle,Sports Equipment,XBrand,Supplier C,6862.16,8878.27,2023-03-25,Active
1186,PRD01186,Fashion Womens Apparel Product 1186,Fashion,Womens Apparel,Prime,Supplier D,674.47,935.39,2021-11-06,Active
1187,PRD01187,Beauty & Personal Care Cosmetics Product 1187,Beauty & Personal Care,Cosmetics,Nova,Supplier B,2905.41,4184.44,2023-10-09,Active
1188,PRD01188,Home & Kitchen Home Decor Product 1188,Home & Kitchen,Home Decor,Zenith,Supplier D,9692.78,14694.06,2023-01-19,Active
1189,PRD01189,Grocery & FMCG Beverages Product 1189,Grocery & FMCG,Beverages,Vertex,Supplier C,460.24,531.46,2023-11-24,Active
1190,PRD01190,Grocery & FMCG Household Care Product 1190,Grocery & FMCG,Household Care,Zenith,Supplier C,311.51,351.03,2023-10-16,Active
1191,PRD01191,Fashion Mens Apparel Product 1191,Fashion,Mens Apparel,Orion,Supplier B,1211.82,1925.24,2024-09-25,Active
1192,PRD01192,Sports & Lifestyle Fitness Product 1192,Sports & Lifestyle,Fitness,Apex,Supplier A,22743.86,37136.05,2022-04-26,Active
1193,PRD01193,Electronics Laptops Product 1193,Electronics,Laptops,Orion,Supplier B,57988.51,72893.68,2022-07-28,Active
1194,PRD01194,Electronics Audio Product 1194,Electronics,Audio,Prime,Supplier A,7660.04,9251.72,2023-04-05,Active
1195,PRD01195,Grocery & FMCG Beverages Product 1195,Grocery & FMCG,Beverages,Zenith,Supplier F,4587.95,5209.41,2024-01-22,Active
1196,PRD01196,Grocery & FMCG Staples Product 1196,Grocery & FMCG,Staples,Nova,Supplier C,6926.29,7884.93,2022-09-20,Active
1197,PRD01197,Electronics Laptops Product 1197,Electronics,Laptops,XBrand,Supplier E,15250.39,18583.82,2024-03-02,Active
1198,PRD01198,Home & Kitchen Home Decor Product 1198,Home & Kitchen,Home Decor,XBrand,Supplier E,46305.35,59486.7,2023-04-24,Active
1199,PRD01199,Electronics Accessories Product 1199,Electronics,Accessories,Apex,Supplier D,33638.46,39710.81,2023-09-16,Active
1200,PRD01200,Home & Kitchen Furniture Product 1200,Home & Kitchen,Furniture,Apex,Supplier B,685.19,995.95,2022-02-23,Active
1201,PRD01201,Grocery & FMCG Packaged Food Product 1201,Grocery & FMCG,Packaged Food,Nova,Supplier B,528.29,618.67,2025-01-31,Active
1202,PRD01202,Fashion Kids Apparel Product 1202,Fashion,Kids Apparel,Apex,Supplier E,692.07,1058.62,2025-01-07,Active
1203,PRD01203,Home & Kitchen Kitchen Appliances Product 1203,Home & Kitchen,Kitchen Appliances,Zenith,Supplier A,6057.94,8064.73,2021-01-30,Active
1204,PRD01204,Fashion Kids Apparel Product 1204,Fashion,Kids Apparel,Zenith,Supplier B,362.55,650.11,2021-10-25,Active
1205,PRD01205,Electronics Televisions Product 1205,Electronics,Televisions,Apex,Supplier A,9500.5,11624.95,2023-12-21,Active
1206,PRD01206,Home & Kitchen Cookware Product 1206,Home & Kitchen,Cookware,XBrand,Supplier A,1777.94,2340.55,2022-04-03,Active
1207,PRD01207,Beauty & Personal Care Grooming Product 1207,Beauty & Personal Care,Grooming,Nova,Supplier A,419.87,648.25,2021-10-31,Inactive
1208,PRD01208,Sports & Lifestyle Sports Equipment Product 1208,Sports & Lifestyle,Sports Equipment,Vertex,Supplier A,2465.37,3566.26,2023-08-16,Active
1209,PRD01209,Grocery & FMCG Staples Product 1209,Grocery & FMCG,Staples,Apex,Supplier D,398.3,439.37,2021-12-06,Active
1210,PRD01210,Electronics Accessories Product 1210,Electronics,Accessories,Nova,Supplier D,9613.07,10724.98,2022-03-24,Active
1211,PRD01211,Grocery & FMCG Staples Product 1211,Grocery & FMCG,Staples,Prime,Supplier E,36.21,43.8,2024-08-18,Active
1212,PRD01212,Grocery & FMCG Staples Product 1212,Grocery & FMCG,Staples,XBrand,Supplier D,733.26,858.56,2023-05-31,Active
1213,PRD01213,Grocery & FMCG Packaged Food Product 1213,Grocery & FMCG,Packaged Food,Vertex,Supplier F,201.4,242.92,2022-06-24,Active
1214,PRD01214,Fashion Footwear Product 1214,Fashion,Footwear,Zenith,Supplier B,2166.65,3634.3,2022-04-30,Active
1215,PRD01215,Fashion Footwear Product 1215,Fashion,Footwear,XBrand,Supplier F,706.34,1265.85,2021-03-18,Active
1216,PRD01216,Home & Kitchen Cookware Product 1216,Home & Kitchen,Cookware,XBrand,Supplier D,18395.95,27260.18,2022-05-30,Active
1217,PRD01217,Electronics Televisions Product 1217,Electronics,Televisions,Zenith,Supplier B,1735.96,1968.06,2023-08-02,Active
1218,PRD01218,Home & Kitchen Home Decor Product 1218,Home & Kitchen,Home Decor,Urban,Supplier B,853.89,1103.3,2022-10-21,Active
1219,PRD01219,Home & Kitchen Storage Product 1219,Home & Kitchen,Storage,Nova,Supplier A,27382.44,33615.42,2021-04-02,Inactive
1220,PRD01220,Fashion Footwear Product 1220,Fashion,Footwear,Zenith,Supplier E,280.02,402.78,2022-04-11,Active
1221,PRD01221,Grocery & FMCG Packaged Food Product 1221,Grocery & FMCG,Packaged Food,Prime,Supplier A,62.11,69.26,2022-04-11,Active
1222,PRD01222,Fashion Mens Apparel Product 1222,Fashion,Mens Apparel,Apex,Supplier A,4334.16,6800.01,2023-11-30,Inactive
1223,PRD01223,Electronics Smartphones Product 1223,Electronics,Smartphones,Prime,Supplier F,708.13,823.51,2022-11-21,Active
1224,PRD01224,Sports & Lifestyle Outdoor Product 1224,Sports & Lifestyle,Outdoor,Nova,Supplier D,1345.35,1731.0,2024-09-14,Active
1225,PRD01225,Sports & Lifestyle Lifestyle Accessories Product 1225,Sports & Lifestyle,Lifestyle Accessories,Zenith,Supplier F,4736.04,7180.38,2024-08-01,Active
1226,PRD01226,Grocery & FMCG Beverages Product 1226,Grocery & FMCG,Beverages,XBrand,Supplier D,1495.07,1764.81,2023-08-05,Active
1227,PRD01227,Sports & Lifestyle Fitness Product 1227,Sports & Lifestyle,Fitness,Zenith,Supplier F,121.27,199.06,2022-07-08,Inactive
1228,PRD01228,Fashion Footwear Product 1228,Fashion,Footwear,Urban,Supplier B,4125.11,7247.16,2023-12-26,Active
1229,PRD01229,Sports & Lifestyle Sports Equipment Product 1229,Sports & Lifestyle,Sports Equipment,Nova,Supplier D,132.59,216.21,2021-04-19,Active
1230,PRD01230,Electronics Laptops Product 1230,Electronics,Laptops,Vertex,Supplier D,44487.56,55416.24,2024-12-09,Active
1231,PRD01231,Home & Kitchen Home Decor Product 1231,Home & Kitchen,Home Decor,Vertex,Supplier F,241.77,348.17,2021-04-02,Active
1232,PRD01232,Home & Kitchen Home Decor Product 1232,Home & Kitchen,Home Decor,Nova,Supplier C,44327.69,62907.66,2023-09-30,Active
1233,PRD01233,Home & Kitchen Cookware Product 1233,Home & Kitchen,Cookware,Apex,Supplier B,4015.83,6091.58,2022-01-03,Active
1234,PRD01234,Electronics Laptops Product 1234,Electronics,Laptops,Prime,Supplier B,6789.56,8120.52,2023-03-31,Active
1235,PRD01235,Beauty & Personal Care Haircare Product 1235,Beauty & Personal Care,Haircare,Prime,Supplier C,461.0,892.05,2022-02-27,Active
1236,PRD01236,Grocery & FMCG Staples Product 1236,Grocery & FMCG,Staples,Apex,Supplier F,27.92,32.09,2022-07-26,Active
1237,PRD01237,Beauty & Personal Care Haircare Product 1237,Beauty & Personal Care,Haircare,Urban,Supplier F,1301.66,2357.97,2023-05-12,Active
1238,PRD01238,Electronics Smartphones Product 1238,Electronics,Smartphones,XBrand,Supplier B,13403.02,16906.96,2024-06-17,Active
1239,PRD01239,Grocery & FMCG Staples Product 1239,Grocery & FMCG,Staples,Orion,Supplier F,6370.56,6973.27,2022-03-11,Active
1240,PRD01240,Beauty & Personal Care Skincare Product 1240,Beauty & Personal Care,Skincare,Orion,Supplier E,471.83,634.06,2021-07-31,Active
1241,PRD01241,Fashion Kids Apparel Product 1241,Fashion,Kids Apparel,XBrand,Supplier E,697.87,1085.97,2024-11-24,Active
1242,PRD01242,Beauty & Personal Care Personal Hygiene Product 1242,Beauty & Personal Care,Personal Hygiene,Vertex,Supplier C,3566.76,6625.22,2022-06-10,Active
1243,PRD01243,Home & Kitchen Furniture Product 1243,Home & Kitchen,Furniture,Urban,Supplier D,343.75,427.46,2022-04-13,Active
1244,PRD01244,Home & Kitchen Cookware Product 1244,Home & Kitchen,Cookware,Apex,Supplier E,4971.57,6814.67,2024-04-08,Inactive
1245,PRD01245,Sports & Lifestyle Sports Equipment Product 1245,Sports & Lifestyle,Sports Equipment,Orion,Supplier F,506.81,817.29,2023-03-03,Active
1246,PRD01246,Home & Kitchen Cookware Product 1246,Home & Kitchen,Cookware,Nova,Supplier C,38895.22,51752.93,2023-05-25,Active
1247,PRD01247,Fashion Accessories Product 1247,Fashion,Accessories,Zenith,Supplier E,6572.19,9762.47,2021-07-29,Active
1248,PRD01248,Grocery & FMCG Beverages Product 1248,Grocery & FMCG,Beverages,Prime,Supplier A,1699.79,1948.39,2021-09-13,Inactive
1249,PRD01249,Beauty & Personal Care Cosmetics Product 1249,Beauty & Personal Care,Cosmetics,Zenith,Supplier C,90.3,174.32,2021-03-14,Active
1250,PRD01250,Electronics Accessories Product 1250,Electronics,Accessories,Nova,Supplier B,7035.08,8609.06,2021-05-27,Active
1251,PRD01251,Electronics Laptops Product 1251,Electronics,Laptops,Prime,Supplier E,5010.38,5461.76,2024-09-25,Active
1252,PRD01252,Electronics Audio Product 1252,Electronics,Audio,Nova,Supplier B,1150.26,1352.41,2021-11-13,Active
1253,PRD01253,Beauty & Personal Care Haircare Product 1253,Beauty & Personal Care,Haircare,Apex,Supplier C,1593.15,2390.98,2022-08-29,Active
1254,PRD01254,Fashion Accessories Product 1254,Fashion,Accessories,Apex,Supplier E,2778.55,4552.96,2022-07-29,Active
1255,PRD01255,Electronics Laptops Product 1255,Electronics,Laptops,Urban,Supplier B,27097.54,31840.24,2024-03-23,Active
1256,PRD01256,Sports & Lifestyle Lifestyle Accessories Product 1256,Sports & Lifestyle,Lifestyle Accessories,Nova,Supplier D,17883.88,25469.78,2024-07-02,Active
1257,PRD01257,Fashion Kids Apparel Product 1257,Fashion,Kids Apparel,Nova,Supplier D,1237.79,1743.06,2024-10-06,Active
1258,PRD01258,Home & Kitchen Furniture Product 1258,Home & Kitchen,Furniture,Urban,Supplier A,1023.4,1259.1,2022-07-01,Active
1259,PRD01259,Fashion Womens Apparel Product 1259,Fashion,Womens Apparel,Urban,Supplier F,2501.65,3572.3,2023-04-15,Active
1260,PRD01260,Beauty & Personal Care Cosmetics Product 1260,Beauty & Personal Care,Cosmetics,Zenith,Supplier C,224.57,402.97,2021-11-08,Active
1261,PRD01261,Electronics Televisions Product 1261,Electronics,Televisions,Apex,Supplier F,3926.25,4430.97,2023-03-19,Active
1262,PRD01262,Home & Kitchen Storage Product 1262,Home & Kitchen,Storage,Zenith,Supplier F,377.47,548.43,2023-02-04,Active
1263,PRD01263,Grocery & FMCG Staples Product 1263,Grocery & FMCG,Staples,Apex,Supplier B,39.17,44.78,2021-05-14,Active
1264,PRD01264,Fashion Accessories Product 1264,Fashion,Accessories,Zenith,Supplier A,1332.87,2176.03,2023-08-06,Active
1265,PRD01265,Fashion Mens Apparel Product 1265,Fashion,Mens Apparel,Vertex,Supplier C,2097.93,3568.77,2024-02-27,Active
1266,PRD01266,Fashion Accessories Product 1266,Fashion,Accessories,Nova,Supplier D,246.07,356.26,2022-03-12,Active
1267,PRD01267,Electronics Laptops Product 1267,Electronics,Laptops,Zenith,Supplier F,3115.11,3462.93,2024-07-27,Active
1268,PRD01268,Electronics Audio Product 1268,Electronics,Audio,Zenith,Supplier B,3182.91,3630.83,2021-12-24,Active
1269,PRD01269,Fashion Womens Apparel Product 1269,Fashion,Womens Apparel,Apex,Supplier F,1424.17,2307.25,2023-07-19,Active
1270,PRD01270,Home & Kitchen Kitchen Appliances Product 1270,Home & Kitchen,Kitchen Appliances,Orion,Supplier E,1364.56,1955.82,2023-06-02,Active
1271,PRD01271,Electronics Audio Product 1271,Electronics,Audio,Apex,Supplier D,4083.2,4643.37,2021-09-09,Active
1272,PRD01272,Grocery & FMCG Household Care Product 1272,Grocery & FMCG,Household Care,Nova,Supplier F,530.09,577.67,2021-05-15,Active
1273,PRD01273,Sports & Lifestyle Fitness Product 1273,Sports & Lifestyle,Fitness,Urban,Supplier E,217.66,303.83,2022-06-07,Active
1274,PRD01274,Grocery & FMCG Beverages Product 1274,Grocery & FMCG,Beverages,Nova,Supplier E,5946.23,7013.31,2023-03-15,Active
1275,PRD01275,Grocery & FMCG Packaged Food Product 1275,Grocery & FMCG,Packaged Food,Orion,Supplier B,28.89,34.58,2022-10-22,Active
1276,PRD01276,Home & Kitchen Furniture Product 1276,Home & Kitchen,Furniture,XBrand,Supplier B,11506.29,16067.11,2021-11-15,Active
1277,PRD01277,Sports & Lifestyle Fitness Product 1277,Sports & Lifestyle,Fitness,Nova,Supplier E,11091.59,15422.6,2021-03-21,Active
1278,PRD01278,Home & Kitchen Furniture Product 1278,Home & Kitchen,Furniture,XBrand,Supplier A,550.52,751.09,2024-04-29,Active
1279,PRD01279,Sports & Lifestyle Fitness Product 1279,Sports & Lifestyle,Fitness,Zenith,Supplier F,2530.84,3655.52,2025-01-16,Active
1280,PRD01280,Sports & Lifestyle Lifestyle Accessories Product 1280,Sports & Lifestyle,Lifestyle Accessories,Nova,Supplier E,2431.36,3984.14,2024-09-29,Inactive
1281,PRD01281,Beauty & Personal Care Personal Hygiene Product 1281,Beauty & Personal Care,Personal Hygiene,Orion,Supplier E,3382.34,6368.9,2023-11-20,Active
1282,PRD01282,Sports & Lifestyle Lifestyle Accessories Product 1282,Sports & Lifestyle,Lifestyle Accessories,XBrand,Supplier B,8529.95,13953.46,2022-02-18,Active
1283,PRD01283,Fashion Kids Apparel Product 1283,Fashion,Kids Apparel,XBrand,Supplier F,306.46,439.7,2022-01-03,Active
1284,PRD01284,Home & Kitchen Furniture Product 1284,Home & Kitchen,Furniture,Orion,Supplier C,2618.79,3873.43,2023-10-04,Active
1285,PRD01285,Fashion Kids Apparel Product 1285,Fashion,Kids Apparel,Nova,Supplier D,1297.48,2161.05,2023-09-20,Active
1286,PRD01286,Beauty & Personal Care Personal Hygiene Product 1286,Beauty & Personal Care,Personal Hygiene,Vertex,Supplier B,129.14,188.0,2022-08-19,Active
1287,PRD01287,Electronics Smartphones Product 1287,Electronics,Smartphones,Apex,Supplier F,33039.57,36835.98,2025-03-06,Active
1288,PRD01288,Beauty & Personal Care Grooming Product 1288,Beauty & Personal Care,Grooming,Prime,Supplier F,342.61,501.05,2023-10-15,Active
1289,PRD01289,Sports & Lifestyle Lifestyle Accessories Product 1289,Sports & Lifestyle,Lifestyle Accessories,Apex,Supplier A,837.73,1272.5,2022-12-02,Active
1290,PRD01290,Home & Kitchen Furniture Product 1290,Home & Kitchen,Furniture,XBrand,Supplier D,1310.73,1806.4,2023-11-11,Active
1291,PRD01291,Grocery & FMCG Staples Product 1291,Grocery & FMCG,Staples,Zenith,Supplier B,31.24,37.22,2022-07-03,Active
1292,PRD01292,Sports & Lifestyle Fitness Product 1292,Sports & Lifestyle,Fitness,Nova,Supplier B,948.52,1415.09,2021-09-03,Active
1293,PRD01293,Sports & Lifestyle Lifestyle Accessories Product 1293,Sports & Lifestyle,Lifestyle Accessories,Nova,Supplier C,7067.79,9323.42,2021-10-10,Active
1294,PRD01294,Sports & Lifestyle Fitness Product 1294,Sports & Lifestyle,Fitness,Zenith,Supplier A,14685.01,21699.14,2022-09-06,Active
1295,PRD01295,Fashion Footwear Product 1295,Fashion,Footwear,Nova,Supplier A,1143.14,1602.08,2023-07-20,Active
1296,PRD01296,Sports & Lifestyle Sports Equipment Product 1296,Sports & Lifestyle,Sports Equipment,Nova,Supplier F,19116.25,29455.55,2023-03-17,Active
1297,PRD01297,Grocery & FMCG Snacks Product 1297,Grocery & FMCG,Snacks,Vertex,Supplier F,64.57,72.86,2021-08-20,Active
1298,PRD01298,Electronics Televisions Product 1298,Electronics,Televisions,Prime,Supplier B,45558.42,55383.09,2021-11-12,Active
1299,PRD01299,Fashion Mens Apparel Product 1299,Fashion,Mens Apparel,Urban,Supplier C,3967.59,5995.51,2023-04-18,Active
1300,PRD01300,Beauty & Personal Care Personal Hygiene Product 1300,Beauty & Personal Care,Personal Hygiene,XBrand,Supplier B,1765.54,2702.18,2024-09-21,Active
1301,PRD01301,Home & Kitchen Kitchen Appliances Product 1301,Home & Kitchen,Kitchen Appliances,Prime,Supplier E,503.25,706.37,2022-02-15,Active
1302,PRD01302,Beauty & Personal Care Cosmetics Product 1302,Beauty & Personal Care,Cosmetics,Apex,Supplier F,6018.92,8952.06,2021-09-02,Active
1303,PRD01303,Beauty & Personal Care Skincare Product 1303,Beauty & Personal Care,Skincare,Urban,Supplier E,483.21,830.97,2022-01-22,Active
1304,PRD01304,Electronics Smartphones Product 1304,Electronics,Smartphones,Urban,Supplier C,10909.79,13604.59,2022-11-20,Active
1305,PRD01305,Fashion Womens Apparel Product 1305,Fashion,Womens Apparel,Zenith,Supplier B,4357.23,5901.38,2021-12-24,Active
1306,PRD01306,Grocery & FMCG Packaged Food Product 1306,Grocery & FMCG,Packaged Food,Nova,Supplier F,8365.12,9902.37,2023-10-19,Active
1307,PRD01307,Fashion Accessories Product 1307,Fashion,Accessories,Prime,Supplier C,5456.24,8803.79,2022-09-06,Inactive
1308,PRD01308,Electronics Audio Product 1308,Electronics,Audio,Zenith,Supplier B,63921.28,70688.56,2023-03-09,Active
1309,PRD01309,Electronics Laptops Product 1309,Electronics,Laptops,Apex,Supplier B,3933.39,4933.38,2021-01-22,Active
1310,PRD01310,Home & Kitchen Home Decor Product 1310,Home & Kitchen,Home Decor,Nova,Supplier E,537.93,666.82,2021-01-19,Active
1311,PRD01311,Sports & Lifestyle Lifestyle Accessories Product 1311,Sports & Lifestyle,Lifestyle Accessories,Nova,Supplier D,8229.83,13003.31,2024-08-03,Active
1312,PRD01312,Home & Kitchen Furniture Product 1312,Home & Kitchen,Furniture,Orion,Supplier A,356.11,527.76,2021-10-03,Active
1313,PRD01313,Beauty & Personal Care Cosmetics Product 1313,Beauty & Personal Care,Cosmetics,Orion,Supplier F,1460.65,2355.96,2022-10-21,Active
1314,PRD01314,Home & Kitchen Cookware Product 1314,Home & Kitchen,Cookware,Orion,Supplier A,21644.38,28908.21,2023-06-17,Active
1315,PRD01315,Home & Kitchen Furniture Product 1315,Home & Kitchen,Furniture,Vertex,Supplier C,491.4,636.88,2022-07-06,Active
1316,PRD01316,Grocery & FMCG Household Care Product 1316,Grocery & FMCG,Household Care,Zenith,Supplier A,400.32,461.8,2022-11-10,Active
1317,PRD01317,Beauty & Personal Care Cosmetics Product 1317,Beauty & Personal Care,Cosmetics,XBrand,Supplier E,2251.02,4076.74,2022-08-26,Active
1318,PRD01318,Electronics Audio Product 1318,Electronics,Audio,Urban,Supplier D,13588.28,16761.37,2024-01-01,Active
1319,PRD01319,Fashion Womens Apparel Product 1319,Fashion,Womens Apparel,Apex,Supplier F,468.8,633.53,2021-12-31,Active
1320,PRD01320,Electronics Audio Product 1320,Electronics,Audio,Urban,Supplier B,70397.59,77409.12,2023-03-06,Active
1321,PRD01321,Fashion Accessories Product 1321,Fashion,Accessories,Prime,Supplier B,479.89,785.5,2024-09-20,Active
1322,PRD01322,Beauty & Personal Care Personal Hygiene Product 1322,Beauty & Personal Care,Personal Hygiene,XBrand,Supplier E,347.82,655.12,2022-10-14,Active
1323,PRD01323,Electronics Wearables Product 1323,Electronics,Wearables,Nova,Supplier F,3491.56,3802.04,2022-08-13,Active
1324,PRD01324,Home & Kitchen Kitchen Appliances Product 1324,Home & Kitchen,Kitchen Appliances,XBrand,Supplier A,871.37,1207.35,2021-07-18,Active
1325,PRD01325,Fashion Mens Apparel Product 1325,Fashion,Mens Apparel,Nova,Supplier B,837.82,1302.94,2021-01-17,Active
1326,PRD01326,Sports & Lifestyle Fitness Product 1326,Sports & Lifestyle,Fitness,Zenith,Supplier A,12837.46,20789.3,2021-08-06,Active
1327,PRD01327,Sports & Lifestyle Fitness Product 1327,Sports & Lifestyle,Fitness,Orion,Supplier E,577.05,815.54,2023-01-11,Active
1328,PRD01328,Electronics Audio Product 1328,Electronics,Audio,XBrand,Supplier B,11145.34,14159.57,2022-10-12,Active
1329,PRD01329,Grocery & FMCG Snacks Product 1329,Grocery & FMCG,Snacks,Nova,Supplier C,8887.89,9914.44,2021-05-27,Active
1330,PRD01330,Fashion Womens Apparel Product 1330,Fashion,Womens Apparel,Urban,Supplier D,3473.41,5150.42,2024-05-18,Active
1331,PRD01331,Fashion Mens Apparel Product 1331,Fashion,Mens Apparel,Orion,Supplier A,230.91,308.64,2022-11-01,Active
1332,PRD01332,Grocery & FMCG Packaged Food Product 1332,Grocery & FMCG,Packaged Food,Orion,Supplier F,304.92,350.01,2024-12-08,Inactive
1333,PRD01333,Sports & Lifestyle Lifestyle Accessories Product 1333,Sports & Lifestyle,Lifestyle Accessories,Orion,Supplier A,148.63,224.3,2022-10-27,Active
1334,PRD01334,Sports & Lifestyle Sports Equipment Product 1334,Sports & Lifestyle,Sports Equipment,Urban,Supplier A,651.04,946.25,2023-05-06,Active
1335,PRD01335,Beauty & Personal Care Grooming Product 1335,Beauty & Personal Care,Grooming,Urban,Supplier A,281.16,397.0,2021-11-26,Active
1336,PRD01336,Home & Kitchen Furniture Product 1336,Home & Kitchen,Furniture,Urban,Supplier E,1784.89,2286.81,2023-06-14,Active
1337,PRD01337,Grocery & FMCG Household Care Product 1337,Grocery & FMCG,Household Care,Orion,Supplier E,499.74,555.19,2024-10-07,Active
1338,PRD01338,Home & Kitchen Storage Product 1338,Home & Kitchen,Storage,XBrand,Supplier F,3328.67,4196.26,2024-04-01,Active
1339,PRD01339,Fashion Womens Apparel Product 1339,Fashion,Womens Apparel,Nova,Supplier E,2478.51,4136.28,2021-04-11,Active
1340,PRD01340,Home & Kitchen Furniture Product 1340,Home & Kitchen,Furniture,Urban,Supplier F,285.66,385.79,2021-11-23,Inactive
1341,PRD01341,Beauty & Personal Care Grooming Product 1341,Beauty & Personal Care,Grooming,XBrand,Supplier F,82.45,137.31,2021-11-23,Active
1342,PRD01342,Home & Kitchen Cookware Product 1342,Home & Kitchen,Cookware,Nova,Supplier E,709.46,971.46,2024-03-24,Active
1343,PRD01343,Home & Kitchen Cookware Product 1343,Home & Kitchen,Cookware,Orion,Supplier B,2936.74,4430.41,2021-01-10,Active
1344,PRD01344,Sports & Lifestyle Lifestyle Accessories Product 1344,Sports & Lifestyle,Lifestyle Accessories,XBrand,Supplier E,2501.38,3660.2,2021-12-19,Active
1345,PRD01345,Electronics Laptops Product 1345,Electronics,Laptops,Orion,Supplier B,5149.55,6542.19,2021-07-02,Active
1346,PRD01346,Fashion Kids Apparel Product 1346,Fashion,Kids Apparel,Vertex,Supplier C,4344.06,6269.22,2022-03-31,Active
1347,PRD01347,Home & Kitchen Furniture Product 1347,Home & Kitchen,Furniture,Urban,Supplier E,23463.91,31432.2,2021-01-06,Active
1348,PRD01348,Electronics Wearables Product 1348,Electronics,Wearables,Prime,Supplier C,49231.61,61172.8,2024-09-18,Active
1349,PRD01349,Electronics Wearables Product 1349,Electronics,Wearables,XBrand,Supplier E,1764.98,2147.59,2024-09-18,Active
1350,PRD01350,Electronics Laptops Product 1350,Electronics,Laptops,Urban,Supplier C,3213.69,3658.78,2024-07-05,Active
1351,PRD01351,Grocery & FMCG Packaged Food Product 1351,Grocery & FMCG,Packaged Food,Apex,Supplier D,106.9,126.14,2021-07-30,Active
1352,PRD01352,Home & Kitchen Home Decor Product 1352,Home & Kitchen,Home Decor,Nova,Supplier C,647.3,789.54,2021-02-20,Active
1353,PRD01353,Sports & Lifestyle Fitness Product 1353,Sports & Lifestyle,Fitness,Vertex,Supplier B,6765.28,8834.69,2025-01-08,Active
1354,PRD01354,Beauty & Personal Care Haircare Product 1354,Beauty & Personal Care,Haircare,Urban,Supplier A,110.74,160.35,2023-10-07,Active
1355,PRD01355,Fashion Womens Apparel Product 1355,Fashion,Womens Apparel,Apex,Supplier F,866.53,1323.31,2022-01-12,Active
1356,PRD01356,Beauty & Personal Care Skincare Product 1356,Beauty & Personal Care,Skincare,XBrand,Supplier C,61.7,121.61,2022-10-02,Active
1357,PRD01357,Fashion Footwear Product 1357,Fashion,Footwear,XBrand,Supplier A,3382.2,4934.91,2025-02-18,Active
1358,PRD01358,Grocery & FMCG Packaged Food Product 1358,Grocery & FMCG,Packaged Food,Apex,Supplier D,126.84,144.94,2023-02-09,Active
1359,PRD01359,Home & Kitchen Storage Product 1359,Home & Kitchen,Storage,Vertex,Supplier D,6763.54,8506.34,2023-12-11,Active
1360,PRD01360,Home & Kitchen Furniture Product 1360,Home & Kitchen,Furniture,Apex,Supplier B,416.36,617.83,2021-06-03,Active
1361,PRD01361,Grocery & FMCG Snacks Product 1361,Grocery & FMCG,Snacks,Nova,Supplier B,86.72,98.32,2022-08-05,Active
1362,PRD01362,Sports & Lifestyle Outdoor Product 1362,Sports & Lifestyle,Outdoor,XBrand,Supplier C,13487.75,20210.28,2023-02-27,Active
1363,PRD01363,Grocery & FMCG Household Care Product 1363,Grocery & FMCG,Household Care,Apex,Supplier E,142.41,167.22,2023-03-02,Active
1364,PRD01364,Fashion Womens Apparel Product 1364,Fashion,Womens Apparel,Prime,Supplier D,194.7,322.95,2024-08-26,Active
1365,PRD01365,Grocery & FMCG Staples Product 1365,Grocery & FMCG,Staples,Prime,Supplier A,345.99,412.55,2024-11-23,Active
1366,PRD01366,Fashion Mens Apparel Product 1366,Fashion,Mens Apparel,Apex,Supplier E,7093.87,12559.03,2021-05-14,Active
1367,PRD01367,Fashion Footwear Product 1367,Fashion,Footwear,Nova,Supplier D,6809.07,10514.87,2021-08-08,Active
1368,PRD01368,Home & Kitchen Kitchen Appliances Product 1368,Home & Kitchen,Kitchen Appliances,XBrand,Supplier C,1278.01,1724.84,2021-06-12,Active
1369,PRD01369,Beauty & Personal Care Grooming Product 1369,Beauty & Personal Care,Grooming,Prime,Supplier D,1264.43,2390.22,2023-08-29,Active
1370,PRD01370,Electronics Wearables Product 1370,Electronics,Wearables,Apex,Supplier B,1868.81,2361.24,2022-10-10,Active
1371,PRD01371,Home & Kitchen Kitchen Appliances Product 1371,Home & Kitchen,Kitchen Appliances,Orion,Supplier A,17261.71,26410.43,2022-07-23,Active
1372,PRD01372,Grocery & FMCG Staples Product 1372,Grocery & FMCG,Staples,Apex,Supplier A,4238.1,4751.2,2025-03-06,Active
1373,PRD01373,Home & Kitchen Kitchen Appliances Product 1373,Home & Kitchen,Kitchen Appliances,Urban,Supplier B,300.87,375.65,2023-08-04,Active
1374,PRD01374,Electronics Accessories Product 1374,Electronics,Accessories,Apex,Supplier E,3060.76,3669.91,2022-11-20,Active
1375,PRD01375,Electronics Laptops Product 1375,Electronics,Laptops,Nova,Supplier B,42764.43,53852.37,2021-04-25,Active
1376,PRD01376,Sports & Lifestyle Outdoor Product 1376,Sports & Lifestyle,Outdoor,Prime,Supplier A,4344.75,5438.59,2025-03-03,Active
1377,PRD01377,Fashion Accessories Product 1377,Fashion,Accessories,Urban,Supplier C,452.73,620.14,2025-02-04,Active
1378,PRD01378,Fashion Womens Apparel Product 1378,Fashion,Womens Apparel,Prime,Supplier E,805.76,1240.15,2024-03-18,Active
1379,PRD01379,Grocery & FMCG Snacks Product 1379,Grocery & FMCG,Snacks,Prime,Supplier F,23.18,26.19,2024-06-18,Active
1380,PRD01380,Grocery & FMCG Snacks Product 1380,Grocery & FMCG,Snacks,Nova,Supplier D,52.09,60.9,2021-05-03,Active
1381,PRD01381,Home & Kitchen Furniture Product 1381,Home & Kitchen,Furniture,Apex,Supplier F,2369.66,3220.54,2023-03-15,Inactive
1382,PRD01382,Beauty & Personal Care Haircare Product 1382,Beauty & Personal Care,Haircare,Nova,Supplier C,364.17,712.67,2023-04-19,Active
1383,PRD01383,Grocery & FMCG Beverages Product 1383,Grocery & FMCG,Beverages,Apex,Supplier F,65.96,75.96,2023-12-29,Active
1384,PRD01384,Beauty & Personal Care Cosmetics Product 1384,Beauty & Personal Care,Cosmetics,Urban,Supplier E,1806.23,2957.21,2023-04-06,Active
1385,PRD01385,Electronics Audio Product 1385,Electronics,Audio,Nova,Supplier A,89697.11,103446.81,2021-03-04,Active
1386,PRD01386,Grocery & FMCG Beverages Product 1386,Grocery & FMCG,Beverages,Nova,Supplier A,325.14,356.84,2023-01-03,Active
1387,PRD01387,Fashion Mens Apparel Product 1387,Fashion,Mens Apparel,Orion,Supplier C,2246.76,3245.08,2023-11-06,Active
1388,PRD01388,Home & Kitchen Furniture Product 1388,Home & Kitchen,Furniture,Vertex,Supplier F,378.55,520.4,2024-11-14,Active
1389,PRD01389,Fashion Womens Apparel Product 1389,Fashion,Womens Apparel,XBrand,Supplier E,1766.06,2403.38,2022-08-13,Active
1390,PRD01390,Electronics Audio Product 1390,Electronics,Audio,Nova,Supplier D,25730.28,30900.87,2023-08-06,Active
1391,PRD01391,Electronics Laptops Product 1391,Electronics,Laptops,Vertex,Supplier F,1836.06,2149.25,2024-07-05,Active
1392,PRD01392,Grocery & FMCG Snacks Product 1392,Grocery & FMCG,Snacks,Zenith,Supplier F,1524.78,1758.57,2021-08-05,Active
1393,PRD01393,Electronics Smartphones Product 1393,Electronics,Smartphones,XBrand,Supplier D,5541.84,6334.45,2022-04-24,Active
1394,PRD01394,Fashion Kids Apparel Product 1394,Fashion,Kids Apparel,Orion,Supplier B,1834.3,3262.85,2024-02-12,Active
1395,PRD01395,Fashion Accessories Product 1395,Fashion,Accessories,Apex,Supplier C,3049.56,4148.77,2024-11-04,Active
1396,PRD01396,Electronics Audio Product 1396,Electronics,Audio,Zenith,Supplier E,7086.91,8911.17,2023-09-04,Inactive
1397,PRD01397,Sports & Lifestyle Fitness Product 1397,Sports & Lifestyle,Fitness,Apex,Supplier C,197.78,328.41,2021-08-25,Active
1398,PRD01398,Home & Kitchen Storage Product 1398,Home & Kitchen,Storage,Apex,Supplier D,47551.38,58946.04,2022-04-21,Active
1399,PRD01399,Home & Kitchen Home Decor Product 1399,Home & Kitchen,Home Decor,Vertex,Supplier E,40691.61,53663.93,2022-08-21,Active
1400,PRD01400,Home & Kitchen Storage Product 1400,Home & Kitchen,Storage,Vertex,Supplier A,23609.41,31526.51,2021-05-09,Active
1401,PRD01401,Home & Kitchen Furniture Product 1401,Home & Kitchen,Furniture,XBrand,Supplier A,1993.12,2798.62,2022-05-25,Active
1402,PRD01402,Electronics Accessories Product 1402,Electronics,Accessories,Apex,Supplier E,42160.39,46063.36,2021-06-14,Active
1403,PRD01403,Beauty & Personal Care Haircare Product 1403,Beauty & Personal Care,Haircare,Prime,Supplier C,1075.69,1529.45,2021-10-04,Active
1404,PRD01404,Sports & Lifestyle Fitness Product 1404,Sports & Lifestyle,Fitness,Zenith,Supplier C,910.36,1246.37,2021-09-14,Active
1405,PRD01405,Home & Kitchen Furniture Product 1405,Home & Kitchen,Furniture,Nova,Supplier A,2529.5,3314.34,2024-03-01,Active
1406,PRD01406,Beauty & Personal Care Haircare Product 1406,Beauty & Personal Care,Haircare,Vertex,Supplier A,115.95,162.49,2023-09-19,Active
1407,PRD01407,Grocery & FMCG Beverages Product 1407,Grocery & FMCG,Beverages,Vertex,Supplier D,21.49,24.62,2022-07-24,Active
1408,PRD01408,Grocery & FMCG Snacks Product 1408,Grocery & FMCG,Snacks,Vertex,Supplier E,6844.6,7534.52,2024-07-04,Active
1409,PRD01409,Fashion Kids Apparel Product 1409,Fashion,Kids Apparel,XBrand,Supplier C,7332.83,12153.97,2021-05-21,Active
1410,PRD01410,Home & Kitchen Storage Product 1410,Home & Kitchen,Storage,Apex,Supplier D,6463.9,9100.2,2022-11-17,Active
1411,PRD01411,Home & Kitchen Home Decor Product 1411,Home & Kitchen,Home Decor,Prime,Supplier C,22694.81,28303.99,2022-11-18,Active
1412,PRD01412,Beauty & Personal Care Haircare Product 1412,Beauty & Personal Care,Haircare,Nova,Supplier A,585.55,1017.06,2024-05-17,Active
1413,PRD01413,Grocery & FMCG Snacks Product 1413,Grocery & FMCG,Snacks,Nova,Supplier E,641.83,767.08,2022-12-17,Active
1414,PRD01414,Electronics Laptops Product 1414,Electronics,Laptops,Apex,Supplier B,960.33,1166.43,2023-10-20,Active
1415,PRD01415,Fashion Kids Apparel Product 1415,Fashion,Kids Apparel,Prime,Supplier E,1631.21,2419.59,2025-03-23,Inactive
1416,PRD01416,Sports & Lifestyle Fitness Product 1416,Sports & Lifestyle,Fitness,XBrand,Supplier F,817.37,1209.42,2023-12-11,Active
1417,PRD01417,Grocery & FMCG Snacks Product 1417,Grocery & FMCG,Snacks,Vertex,Supplier B,4420.89,5079.25,2025-03-07,Active
1418,PRD01418,Sports & Lifestyle Sports Equipment Product 1418,Sports & Lifestyle,Sports Equipment,Vertex,Supplier D,11361.44,15789.24,2024-07-06,Active
1419,PRD01419,Grocery & FMCG Snacks Product 1419,Grocery & FMCG,Snacks,Zenith,Supplier B,34.54,37.79,2021-06-27,Active
1420,PRD01420,Fashion Womens Apparel Product 1420,Fashion,Womens Apparel,Zenith,Supplier B,246.38,365.56,2023-07-11,Active
1421,PRD01421,Beauty & Personal Care Cosmetics Product 1421,Beauty & Personal Care,Cosmetics,Zenith,Supplier D,267.82,469.44,2022-06-27,Active
1422,PRD01422,Beauty & Personal Care Personal Hygiene Product 1422,Beauty & Personal Care,Personal Hygiene,Orion,Supplier E,2249.87,3051.55,2024-10-11,Active
1423,PRD01423,Electronics Accessories Product 1423,Electronics,Accessories,Apex,Supplier D,2241.58,2542.61,2024-09-03,Active
1424,PRD01424,Fashion Kids Apparel Product 1424,Fashion,Kids Apparel,Nova,Supplier F,1840.07,2551.77,2023-08-21,Active
1425,PRD01425,Beauty & Personal Care Grooming Product 1425,Beauty & Personal Care,Grooming,Vertex,Supplier A,94.43,183.7,2021-12-30,Active
1426,PRD01426,Electronics Audio Product 1426,Electronics,Audio,Orion,Supplier A,48152.55,53819.28,2023-12-15,Active
1427,PRD01427,Grocery & FMCG Household Care Product 1427,Grocery & FMCG,Household Care,Nova,Supplier B,221.32,250.23,2024-03-25,Active
1428,PRD01428,Beauty & Personal Care Skincare Product 1428,Beauty & Personal Care,Skincare,Nova,Supplier D,2372.46,3811.5,2023-12-04,Active
1429,PRD01429,Sports & Lifestyle Sports Equipment Product 1429,Sports & Lifestyle,Sports Equipment,Apex,Supplier D,255.68,392.03,2022-08-16,Active
1430,PRD01430,Electronics Laptops Product 1430,Electronics,Laptops,Urban,Supplier D,5635.65,6381.01,2022-06-26,Active
1431,PRD01431,Home & Kitchen Furniture Product 1431,Home & Kitchen,Furniture,Zenith,Supplier F,1390.76,1891.21,2021-11-18,Active
1432,PRD01432,Beauty & Personal Care Cosmetics Product 1432,Beauty & Personal Care,Cosmetics,Orion,Supplier F,332.59,482.35,2022-10-10,Active
1433,PRD01433,Home & Kitchen Kitchen Appliances Product 1433,Home & Kitchen,Kitchen Appliances,Urban,Supplier E,1773.09,2170.93,2021-01-14,Active
1434,PRD01434,Beauty & Personal Care Grooming Product 1434,Beauty & Personal Care,Grooming,Urban,Supplier C,2475.05,3499.47,2024-10-12,Active
1435,PRD01435,Grocery & FMCG Beverages Product 1435,Grocery & FMCG,Beverages,Orion,Supplier C,22.45,26.27,2025-02-15,Active
1436,PRD01436,Electronics Televisions Product 1436,Electronics,Televisions,Prime,Supplier C,37024.95,45933.02,2022-09-10,Active
1437,PRD01437,Fashion Footwear Product 1437,Fashion,Footwear,Zenith,Supplier E,1463.68,2064.64,2021-12-25,Active
1438,PRD01438,Fashion Kids Apparel Product 1438,Fashion,Kids Apparel,Apex,Supplier D,3270.68,5361.27,2024-09-03,Active
1439,PRD01439,Home & Kitchen Cookware Product 1439,Home & Kitchen,Cookware,Orion,Supplier C,580.7,871.37,2024-01-04,Active
1440,PRD01440,Sports & Lifestyle Outdoor Product 1440,Sports & Lifestyle,Outdoor,Nova,Supplier D,208.88,346.13,2021-07-13,Inactive
1441,PRD01441,Grocery & FMCG Packaged Food Product 1441,Grocery & FMCG,Packaged Food,Orion,Supplier B,3571.49,4195.78,2021-12-29,Active
1442,PRD01442,Beauty & Personal Care Cosmetics Product 1442,Beauty & Personal Care,Cosmetics,Vertex,Supplier C,4292.07,7537.59,2024-01-25,Active
1443,PRD01443,Beauty & Personal Care Cosmetics Product 1443,Beauty & Personal Care,Cosmetics,Orion,Supplier B,152.47,238.44,2023-11-30,Active
1444,PRD01444,Fashion Footwear Product 1444,Fashion,Footwear,Prime,Supplier E,265.87,395.6,2023-02-07,Active
1445,PRD01445,Sports & Lifestyle Outdoor Product 1445,Sports & Lifestyle,Outdoor,Zenith,Supplier A,7343.16,10160.57,2022-02-01,Active
1446,PRD01446,Beauty & Personal Care Skincare Product 1446,Beauty & Personal Care,Skincare,Zenith,Supplier F,273.31,454.64,2021-04-17,Active
1447,PRD01447,Beauty & Personal Care Skincare Product 1447,Beauty & Personal Care,Skincare,Urban,Supplier E,4092.31,5544.36,2023-11-07,Active
1448,PRD01448,Grocery & FMCG Household Care Product 1448,Grocery & FMCG,Household Care,XBrand,Supplier E,198.45,219.48,2022-06-11,Active
1449,PRD01449,Home & Kitchen Home Decor Product 1449,Home & Kitchen,Home Decor,Zenith,Supplier E,10325.45,12874.2,2023-10-08,Active
1450,PRD01450,Grocery & FMCG Household Care Product 1450,Grocery & FMCG,Household Care,Zenith,Supplier C,1110.17,1245.45,2023-02-23,Active
1451,PRD01451,Home & Kitchen Furniture Product 1451,Home & Kitchen,Furniture,Prime,Supplier B,433.47,655.96,2025-03-03,Active
1452,PRD01452,Home & Kitchen Cookware Product 1452,Home & Kitchen,Cookware,Prime,Supplier F,165.8,222.38,2022-06-09,Active
1453,PRD01453,Home & Kitchen Cookware Product 1453,Home & Kitchen,Cookware,Apex,Supplier C,167.15,226.56,2023-12-03,Active
1454,PRD01454,Sports & Lifestyle Sports Equipment Product 1454,Sports & Lifestyle,Sports Equipment,Vertex,Supplier A,2087.13,2837.06,2022-09-18,Active
1455,PRD01455,Grocery & FMCG Staples Product 1455,Grocery & FMCG,Staples,Prime,Supplier F,40.12,45.47,2021-12-16,Active
1456,PRD01456,Beauty & Personal Care Grooming Product 1456,Beauty & Personal Care,Grooming,Orion,Supplier E,1221.57,2203.41,2023-11-20,Active
1457,PRD01457,Beauty & Personal Care Haircare Product 1457,Beauty & Personal Care,Haircare,Vertex,Supplier D,690.94,1146.71,2025-01-04,Active
1458,PRD01458,Fashion Accessories Product 1458,Fashion,Accessories,Apex,Supplier A,454.2,655.85,2023-10-03,Active
1459,PRD01459,Sports & Lifestyle Fitness Product 1459,Sports & Lifestyle,Fitness,Orion,Supplier B,352.27,469.6,2022-06-26,Active
1460,PRD01460,Fashion Womens Apparel Product 1460,Fashion,Womens Apparel,Zenith,Supplier A,465.99,721.23,2025-01-18,Active
1461,PRD01461,Fashion Womens Apparel Product 1461,Fashion,Womens Apparel,XBrand,Supplier C,1518.62,2706.94,2023-08-20,Active
1462,PRD01462,Electronics Audio Product 1462,Electronics,Audio,Nova,Supplier D,1846.5,2224.26,2021-04-04,Active
1463,PRD01463,Grocery & FMCG Snacks Product 1463,Grocery & FMCG,Snacks,Nova,Supplier C,2775.17,3212.09,2024-08-11,Active
1464,PRD01464,Grocery & FMCG Beverages Product 1464,Grocery & FMCG,Beverages,Urban,Supplier F,87.19,97.56,2023-06-18,Active
1465,PRD01465,Fashion Womens Apparel Product 1465,Fashion,Womens Apparel,Zenith,Supplier E,240.2,348.67,2021-03-30,Active
1466,PRD01466,Electronics Audio Product 1466,Electronics,Audio,Urban,Supplier E,35980.93,39394.57,2022-05-18,Active
1467,PRD01467,Grocery & FMCG Staples Product 1467,Grocery & FMCG,Staples,XBrand,Supplier A,66.37,78.15,2023-02-06,Active
1468,PRD01468,Electronics Accessories Product 1468,Electronics,Accessories,Nova,Supplier E,41166.43,48077.28,2021-08-02,Active
1469,PRD01469,Beauty & Personal Care Grooming Product 1469,Beauty & Personal Care,Grooming,Urban,Supplier E,1620.88,2482.17,2024-12-16,Active
1470,PRD01470,Sports & Lifestyle Fitness Product 1470,Sports & Lifestyle,Fitness,Zenith,Supplier F,334.75,464.69,2022-06-10,Active
1471,PRD01471,Fashion Mens Apparel Product 1471,Fashion,Mens Apparel,Vertex,Supplier B,1623.12,2896.41,2021-07-11,Active
1472,PRD01472,Home & Kitchen Furniture Product 1472,Home & Kitchen,Furniture,Prime,Supplier B,220.52,300.54,2022-11-25,Active
1473,PRD01473,Beauty & Personal Care Haircare Product 1473,Beauty & Personal Care,Haircare,Apex,Supplier C,281.41,451.76,2022-10-04,Active
1474,PRD01474,Grocery & FMCG Snacks Product 1474,Grocery & FMCG,Snacks,Orion,Supplier C,20.63,23.21,2024-06-01,Active
1475,PRD01475,Fashion Womens Apparel Product 1475,Fashion,Womens Apparel,Urban,Supplier B,4736.27,7409.54,2022-07-09,Active
1476,PRD01476,Sports & Lifestyle Fitness Product 1476,Sports & Lifestyle,Fitness,XBrand,Supplier A,1612.74,2170.89,2022-01-22,Active
1477,PRD01477,Electronics Wearables Product 1477,Electronics,Wearables,Orion,Supplier B,3295.04,3803.29,2022-11-12,Active
1478,PRD01478,Fashion Accessories Product 1478,Fashion,Accessories,Nova,Supplier C,4385.33,7879.39,2023-02-15,Active
1479,PRD01479,Beauty & Personal Care Haircare Product 1479,Beauty & Personal Care,Haircare,Zenith,Supplier D,488.52,749.65,2025-02-06,Active
1480,PRD01480,Grocery & FMCG Staples Product 1480,Grocery & FMCG,Staples,XBrand,Supplier E,3380.63,3853.41,2021-07-22,Active
1481,PRD01481,Electronics Laptops Product 1481,Electronics,Laptops,Apex,Supplier F,12759.55,14374.23,2023-10-07,Active
1482,PRD01482,Grocery & FMCG Snacks Product 1482,Grocery & FMCG,Snacks,Apex,Supplier D,1760.52,2031.05,2022-03-23,Active
1483,PRD01483,Fashion Kids Apparel Product 1483,Fashion,Kids Apparel,XBrand,Supplier D,4217.44,7101.82,2023-06-19,Active
1484,PRD01484,Fashion Mens Apparel Product 1484,Fashion,Mens Apparel,Urban,Supplier E,421.08,693.86,2023-12-28,Inactive
1485,PRD01485,Electronics Wearables Product 1485,Electronics,Wearables,Urban,Supplier B,45898.22,52663.06,2024-01-21,Active
1486,PRD01486,Grocery & FMCG Household Care Product 1486,Grocery & FMCG,Household Care,Nova,Supplier A,53.77,58.47,2023-02-17,Inactive
1487,PRD01487,Electronics Audio Product 1487,Electronics,Audio,Vertex,Supplier D,7371.31,8466.35,2021-06-27,Active
1488,PRD01488,Home & Kitchen Storage Product 1488,Home & Kitchen,Storage,Nova,Supplier A,4370.33,5545.87,2023-04-09,Active
1489,PRD01489,Home & Kitchen Furniture Product 1489,Home & Kitchen,Furniture,Prime,Supplier F,26766.35,34484.65,2022-07-13,Active
1490,PRD01490,Grocery & FMCG Snacks Product 1490,Grocery & FMCG,Snacks,Vertex,Supplier F,71.23,81.69,2023-10-24,Inactive
1491,PRD01491,Beauty & Personal Care Haircare Product 1491,Beauty & Personal Care,Haircare,Zenith,Supplier F,689.08,989.73,2021-04-13,Active
1492,PRD01492,Grocery & FMCG Household Care Product 1492,Grocery & FMCG,Household Care,Orion,Supplier C,97.83,108.34,2024-07-20,Active
1493,PRD01493,Home & Kitchen Cookware Product 1493,Home & Kitchen,Cookware,Zenith,Supplier D,10189.82,14787.46,2021-04-26,Active
1494,PRD01494,Beauty & Personal Care Haircare Product 1494,Beauty & Personal Care,Haircare,Prime,Supplier F,477.87,836.2,2023-05-09,Active
1495,PRD01495,Beauty & Personal Care Cosmetics Product 1495,Beauty & Personal Care,Cosmetics,Nova,Supplier C,2114.88,2956.09,2022-04-09,Active
1496,PRD01496,Grocery & FMCG Packaged Food Product 1496,Grocery & FMCG,Packaged Food,Vertex,Supplier F,6790.57,8104.3,2021-04-14,Active
1497,PRD01497,Sports & Lifestyle Outdoor Product 1497,Sports & Lifestyle,Outdoor,Vertex,Supplier B,448.97,588.6,2021-09-16,Inactive
1498,PRD01498,Electronics Smartphones Product 1498,Electronics,Smartphones,Prime,Supplier D,1389.27,1542.56,2024-08-24,Active
1499,PRD01499,Beauty & Personal Care Grooming Product 1499,Beauty & Personal Care,Grooming,Zenith,Supplier C,1978.54,3127.69,2024-10-22,Active
1500,PRD01500,Electronics Accessories Product 1500,Electronics,Accessories,XBrand,Supplier F,39266.24,48148.46,2023-07-18,Active
1501,PRD01501,Fashion Accessories Product 1501,Fashion,Accessories,Urban,Supplier C,1954.49,3189.82,2023-03-21,Active
1502,PRD01502,Home & Kitchen Furniture Product 1502,Home & Kitchen,Furniture,Vertex,Supplier F,170.39,222.15,2022-10-04,Active
1503,PRD01503,Home & Kitchen Storage Product 1503,Home & Kitchen,Storage,Orion,Supplier B,7462.16,9117.86,2023-03-18,Active
1504,PRD01504,Home & Kitchen Home Decor Product 1504,Home & Kitchen,Home Decor,Orion,Supplier A,163.74,242.51,2023-10-20,Active
1505,PRD01505,Beauty & Personal Care Haircare Product 1505,Beauty & Personal Care,Haircare,Vertex,Supplier F,1590.41,2326.33,2024-08-18,Active
1506,PRD01506,Home & Kitchen Cookware Product 1506,Home & Kitchen,Cookware,Prime,Supplier A,8439.97,12316.05,2022-07-14,Active
1507,PRD01507,Grocery & FMCG Packaged Food Product 1507,Grocery & FMCG,Packaged Food,Vertex,Supplier D,123.35,134.6,2021-01-27,Active
1508,PRD01508,Fashion Accessories Product 1508,Fashion,Accessories,Zenith,Supplier B,7850.76,11528.89,2022-05-23,Active
1509,PRD01509,Electronics Smartphones Product 1509,Electronics,Smartphones,Prime,Supplier D,1187.51,1395.2,2022-06-11,Inactive
1510,PRD01510,Grocery & FMCG Beverages Product 1510,Grocery & FMCG,Beverages,XBrand,Supplier A,2129.6,2371.93,2023-02-14,Active
1511,PRD01511,Home & Kitchen Cookware Product 1511,Home & Kitchen,Cookware,Orion,Supplier B,779.94,1001.54,2024-10-20,Active
1512,PRD01512,Fashion Accessories Product 1512,Fashion,Accessories,Vertex,Supplier E,10315.92,14518.84,2023-08-11,Active
1513,PRD01513,Beauty & Personal Care Personal Hygiene Product 1513,Beauty & Personal Care,Personal Hygiene,Apex,Supplier B,731.29,1409.9,2021-10-25,Active
1514,PRD01514,Home & Kitchen Home Decor Product 1514,Home & Kitchen,Home Decor,Nova,Supplier B,314.5,480.18,2023-02-16,Active
1515,PRD01515,Electronics Wearables Product 1515,Electronics,Wearables,Orion,Supplier E,90714.92,113940.58,2021-12-27,Active
1516,PRD01516,Fashion Accessories Product 1516,Fashion,Accessories,XBrand,Supplier C,431.65,692.64,2022-05-19,Active
1517,PRD01517,Sports & Lifestyle Sports Equipment Product 1517,Sports & Lifestyle,Sports Equipment,Apex,Supplier C,6784.42,11254.95,2022-08-11,Active
1518,PRD01518,Beauty & Personal Care Skincare Product 1518,Beauty & Personal Care,Skincare,Orion,Supplier C,127.14,227.65,2021-01-30,Active
1519,PRD01519,Beauty & Personal Care Grooming Product 1519,Beauty & Personal Care,Grooming,XBrand,Supplier A,333.87,472.84,2025-01-02,Active
1520,PRD01520,Beauty & Personal Care Personal Hygiene Product 1520,Beauty & Personal Care,Personal Hygiene,Urban,Supplier B,381.77,692.19,2024-09-25,Active
1521,PRD01521,Home & Kitchen Storage Product 1521,Home & Kitchen,Storage,XBrand,Supplier F,2354.69,3231.71,2021-05-06,Active
1522,PRD01522,Fashion Mens Apparel Product 1522,Fashion,Mens Apparel,XBrand,Supplier E,9863.94,14718.39,2022-08-19,Active
1523,PRD01523,Grocery & FMCG Packaged Food Product 1523,Grocery & FMCG,Packaged Food,Urban,Supplier F,809.42,916.17,2024-10-21,Active
1524,PRD01524,Electronics Smartphones Product 1524,Electronics,Smartphones,Vertex,Supplier A,5137.56,6245.43,2025-01-06,Active
1525,PRD01525,Home & Kitchen Kitchen Appliances Product 1525,Home & Kitchen,Kitchen Appliances,Nova,Supplier E,40118.47,55123.01,2021-09-20,Active
1526,PRD01526,Home & Kitchen Furniture Product 1526,Home & Kitchen,Furniture,Zenith,Supplier F,16056.66,19950.26,2023-07-25,Active
1527,PRD01527,Fashion Accessories Product 1527,Fashion,Accessories,Apex,Supplier A,443.97,683.48,2023-05-22,Active
1528,PRD01528,Sports & Lifestyle Sports Equipment Product 1528,Sports & Lifestyle,Sports Equipment,Orion,Supplier A,165.83,221.28,2024-05-30,Active
1529,PRD01529,Electronics Wearables Product 1529,Electronics,Wearables,Zenith,Supplier A,11007.27,11991.72,2021-01-02,Active
1530,PRD01530,Fashion Kids Apparel Product 1530,Fashion,Kids Apparel,Prime,Supplier E,545.19,842.39,2022-01-29,Active
1531,PRD01531,Electronics Smartphones Product 1531,Electronics,Smartphones,Nova,Supplier F,12690.28,16055.62,2021-11-02,Active
1532,PRD01532,Sports & Lifestyle Outdoor Product 1532,Sports & Lifestyle,Outdoor,Zenith,Supplier F,4372.89,6098.42,2024-03-15,Active
1533,PRD01533,Electronics Audio Product 1533,Electronics,Audio,Orion,Supplier D,84389.61,104169.74,2022-06-14,Active
1534,PRD01534,Fashion Footwear Product 1534,Fashion,Footwear,XBrand,Supplier A,473.6,654.29,2022-06-12,Active
1535,PRD01535,Grocery & FMCG Snacks Product 1535,Grocery & FMCG,Snacks,Zenith,Supplier C,1152.25,1333.6,2024-08-24,Active
1536,PRD01536,Beauty & Personal Care Grooming Product 1536,Beauty & Personal Care,Grooming,Prime,Supplier B,2141.45,3788.17,2023-08-23,Inactive
1537,PRD01537,Fashion Womens Apparel Product 1537,Fashion,Womens Apparel,Urban,Supplier D,1911.18,3457.75,2022-11-02,Active
1538,PRD01538,Home & Kitchen Cookware Product 1538,Home & Kitchen,Cookware,Zenith,Supplier D,3908.01,4880.31,2024-09-25,Active
1539,PRD01539,Fashion Footwear Product 1539,Fashion,Footwear,Nova,Supplier E,5357.38,7657.45,2021-12-18,Active
1540,PRD01540,Home & Kitchen Kitchen Appliances Product 1540,Home & Kitchen,Kitchen Appliances,Vertex,Supplier D,13832.17,21044.18,2023-03-21,Active
1541,PRD01541,Home & Kitchen Furniture Product 1541,Home & Kitchen,Furniture,Apex,Supplier F,9332.67,12985.95,2021-07-28,Active
1542,PRD01542,Fashion Womens Apparel Product 1542,Fashion,Womens Apparel,Nova,Supplier E,1227.96,1813.51,2023-08-16,Active
1543,PRD01543,Home & Kitchen Cookware Product 1543,Home & Kitchen,Cookware,Nova,Supplier E,1176.33,1652.57,2021-07-24,Active
1544,PRD01544,Home & Kitchen Kitchen Appliances Product 1544,Home & Kitchen,Kitchen Appliances,Vertex,Supplier C,12685.89,18003.06,2022-09-17,Active
1545,PRD01545,Beauty & Personal Care Skincare Product 1545,Beauty & Personal Care,Skincare,Prime,Supplier A,154.97,247.36,2022-12-22,Active
1546,PRD01546,Sports & Lifestyle Fitness Product 1546,Sports & Lifestyle,Fitness,Urban,Supplier D,9338.27,13248.42,2022-09-28,Active
1547,PRD01547,Beauty & Personal Care Cosmetics Product 1547,Beauty & Personal Care,Cosmetics,Vertex,Supplier A,656.52,1178.21,2023-11-05,Inactive
1548,PRD01548,Electronics Smartphones Product 1548,Electronics,Smartphones,Orion,Supplier A,21969.41,25466.12,2023-05-08,Active
1549,PRD01549,Electronics Laptops Product 1549,Electronics,Laptops,Urban,Supplier A,77842.42,86757.58,2024-12-22,Active
1550,PRD01550,Sports & Lifestyle Sports Equipment Product 1550,Sports & Lifestyle,Sports Equipment,Vertex,Supplier E,30319.61,39060.11,2022-04-21,Active
1551,PRD01551,Home & Kitchen Home Decor Product 1551,Home & Kitchen,Home Decor,Nova,Supplier A,145.55,217.66,2021-10-25,Active
1552,PRD01552,Electronics Smartphones Product 1552,Electronics,Smartphones,Urban,Supplier D,2355.75,2880.44,2022-07-11,Active
1553,PRD01553,Beauty & Personal Care Grooming Product 1553,Beauty & Personal Care,Grooming,Prime,Supplier E,2237.51,4180.28,2024-01-23,Active
1554,PRD01554,Beauty & Personal Care Cosmetics Product 1554,Beauty & Personal Care,Cosmetics,Prime,Supplier D,6507.49,9619.48,2021-04-17,Active
1555,PRD01555,Beauty & Personal Care Grooming Product 1555,Beauty & Personal Care,Grooming,Apex,Supplier E,1893.42,2625.56,2024-12-13,Active
1556,PRD01556,Home & Kitchen Cookware Product 1556,Home & Kitchen,Cookware,Urban,Supplier B,1542.15,2281.82,2024-07-25,Active
1557,PRD01557,Electronics Accessories Product 1557,Electronics,Accessories,Apex,Supplier B,4584.45,5475.63,2021-05-08,Active
1558,PRD01558,Sports & Lifestyle Fitness Product 1558,Sports & Lifestyle,Fitness,Orion,Supplier B,1930.84,2878.38,2022-04-04,Active
1559,PRD01559,Home & Kitchen Cookware Product 1559,Home & Kitchen,Cookware,Vertex,Supplier B,55114.64,67998.69,2021-02-07,Active
1560,PRD01560,Beauty & Personal Care Haircare Product 1560,Beauty & Personal Care,Haircare,XBrand,Supplier E,747.83,1399.79,2021-07-17,Active
1561,PRD01561,Beauty & Personal Care Haircare Product 1561,Beauty & Personal Care,Haircare,Orion,Supplier A,666.87,913.07,2021-12-23,Active
1562,PRD01562,Beauty & Personal Care Haircare Product 1562,Beauty & Personal Care,Haircare,Prime,Supplier C,877.56,1315.71,2021-01-07,Active
1563,PRD01563,Home & Kitchen Cookware Product 1563,Home & Kitchen,Cookware,Nova,Supplier F,340.48,503.92,2024-09-17,Active
1564,PRD01564,Home & Kitchen Home Decor Product 1564,Home & Kitchen,Home Decor,Zenith,Supplier C,3003.64,4541.73,2022-06-03,Active
1565,PRD01565,Beauty & Personal Care Grooming Product 1565,Beauty & Personal Care,Grooming,Prime,Supplier B,2356.02,4084.95,2021-07-13,Active
1566,PRD01566,Grocery & FMCG Staples Product 1566,Grocery & FMCG,Staples,XBrand,Supplier A,18.1,20.63,2021-11-12,Active
1567,PRD01567,Sports & Lifestyle Outdoor Product 1567,Sports & Lifestyle,Outdoor,Nova,Supplier D,350.41,567.16,2023-10-22,Active
1568,PRD01568,Electronics Audio Product 1568,Electronics,Audio,Urban,Supplier A,1753.6,1992.83,2023-12-22,Active
1569,PRD01569,Electronics Smartphones Product 1569,Electronics,Smartphones,Zenith,Supplier D,10558.99,11956.34,2021-12-09,Inactive
1570,PRD01570,Sports & Lifestyle Fitness Product 1570,Sports & Lifestyle,Fitness,Urban,Supplier C,411.94,605.64,2022-08-24,Active
1571,PRD01571,Grocery & FMCG Packaged Food Product 1571,Grocery & FMCG,Packaged Food,Orion,Supplier A,31.77,34.76,2023-11-08,Active
1572,PRD01572,Grocery & FMCG Household Care Product 1572,Grocery & FMCG,Household Care,Zenith,Supplier A,171.42,202.17,2022-09-12,Active
1573,PRD01573,Home & Kitchen Kitchen Appliances Product 1573,Home & Kitchen,Kitchen Appliances,Prime,Supplier F,4146.36,5542.44,2024-10-26,Active
1574,PRD01574,Beauty & Personal Care Grooming Product 1574,Beauty & Personal Care,Grooming,Nova,Supplier C,887.67,1347.74,2023-04-02,Active
1575,PRD01575,Beauty & Personal Care Personal Hygiene Product 1575,Beauty & Personal Care,Personal Hygiene,Vertex,Supplier A,5483.44,7447.56,2021-08-23,Active
1576,PRD01576,Beauty & Personal Care Grooming Product 1576,Beauty & Personal Care,Grooming,Zenith,Supplier D,1167.66,2214.92,2023-12-29,Inactive
1577,PRD01577,Fashion Mens Apparel Product 1577,Fashion,Mens Apparel,Nova,Supplier A,4963.86,6960.06,2022-03-23,Active
1578,PRD01578,Electronics Televisions Product 1578,Electronics,Televisions,Apex,Supplier D,3082.89,3761.39,2022-09-02,Active
1579,PRD01579,Beauty & Personal Care Cosmetics Product 1579,Beauty & Personal Care,Cosmetics,XBrand,Supplier B,79.9,146.06,2021-01-08,Active
1580,PRD01580,Home & Kitchen Home Decor Product 1580,Home & Kitchen,Home Decor,Orion,Supplier A,10319.19,14827.13,2022-04-07,Active
1581,PRD01581,Fashion Accessories Product 1581,Fashion,Accessories,Urban,Supplier D,268.48,442.71,2023-09-27,Active
1582,PRD01582,Sports & Lifestyle Sports Equipment Product 1582,Sports & Lifestyle,Sports Equipment,Prime,Supplier C,4640.64,7321.75,2024-08-27,Active
1583,PRD01583,Fashion Accessories Product 1583,Fashion,Accessories,Nova,Supplier B,262.29,351.89,2021-05-14,Active
1584,PRD01584,Grocery & FMCG Packaged Food Product 1584,Grocery & FMCG,Packaged Food,Urban,Supplier A,183.85,203.13,2022-01-20,Active
1585,PRD01585,Electronics Laptops Product 1585,Electronics,Laptops,Prime,Supplier F,11763.83,14861.37,2021-02-25,Active
1586,PRD01586,Beauty & Personal Care Cosmetics Product 1586,Beauty & Personal Care,Cosmetics,Zenith,Supplier D,324.86,602.98,2023-09-20,Active
1587,PRD01587,Sports & Lifestyle Lifestyle Accessories Product 1587,Sports & Lifestyle,Lifestyle Accessories,Urban,Supplier F,152.69,199.25,2024-10-15,Active
1588,PRD01588,Electronics Audio Product 1588,Electronics,Audio,Prime,Supplier A,818.95,936.95,2024-02-12,Active
1589,PRD01589,Electronics Audio Product 1589,Electronics,Audio,Urban,Supplier D,84079.27,92759.03,2024-01-17,Active
1590,PRD01590,Fashion Kids Apparel Product 1590,Fashion,Kids Apparel,Vertex,Supplier A,2119.19,3212.35,2021-05-18,Active
1591,PRD01591,Electronics Smartphones Product 1591,Electronics,Smartphones,Apex,Supplier B,98131.92,108691.61,2024-02-06,Active
1592,PRD01592,Grocery & FMCG Household Care Product 1592,Grocery & FMCG,Household Care,XBrand,Supplier B,68.5,74.69,2025-03-04,Active
1593,PRD01593,Sports & Lifestyle Sports Equipment Product 1593,Sports & Lifestyle,Sports Equipment,Urban,Supplier A,1479.52,1987.45,2022-06-19,Active
1594,PRD01594,Fashion Mens Apparel Product 1594,Fashion,Mens Apparel,XBrand,Supplier A,5669.38,9013.15,2021-05-24,Inactive
1595,PRD01595,Home & Kitchen Cookware Product 1595,Home & Kitchen,Cookware,Urban,Supplier E,5769.8,7908.44,2023-05-19,Active
1596,PRD01596,Fashion Kids Apparel Product 1596,Fashion,Kids Apparel,Orion,Supplier A,283.17,428.41,2022-10-18,Active
1597,PRD01597,Beauty & Personal Care Skincare Product 1597,Beauty & Personal Care,Skincare,Nova,Supplier A,5399.58,9977.19,2021-02-25,Active
1598,PRD01598,Electronics Laptops Product 1598,Electronics,Laptops,Apex,Supplier F,69107.59,85874.79,2022-09-12,Active
1599,PRD01599,Beauty & Personal Care Cosmetics Product 1599,Beauty & Personal Care,Cosmetics,Orion,Supplier F,110.4,159.28,2023-10-27,Inactive
1600,PRD01600,Beauty & Personal Care Personal Hygiene Product 1600,Beauty & Personal Care,Personal Hygiene,Vertex,Supplier B,67.71,100.44,2022-06-26,Active
1601,PRD01601,Beauty & Personal Care Cosmetics Product 1601,Beauty & Personal Care,Cosmetics,Apex,Supplier F,103.25,163.43,2022-03-23,Active
1602,PRD01602,Home & Kitchen Storage Product 1602,Home & Kitchen,Storage,XBrand,Supplier A,7748.05,11541.27,2024-11-09,Active
1603,PRD01603,Beauty & Personal Care Cosmetics Product 1603,Beauty & Personal Care,Cosmetics,Nova,Supplier C,1619.74,3142.97,2024-08-23,Active
1604,PRD01604,Electronics Wearables Product 1604,Electronics,Wearables,Prime,Supplier A,972.9,1059.47,2023-05-24,Active
1605,PRD01605,Home & Kitchen Cookware Product 1605,Home & Kitchen,Cookware,Orion,Supplier E,8092.48,10498.67,2022-10-01,Active
1606,PRD01606,Grocery & FMCG Household Care Product 1606,Grocery & FMCG,Household Care,Apex,Supplier D,85.72,96.65,2024-08-18,Active
1607,PRD01607,Grocery & FMCG Beverages Product 1607,Grocery & FMCG,Beverages,Vertex,Supplier B,92.93,106.96,2024-11-29,Active
1608,PRD01608,Electronics Laptops Product 1608,Electronics,Laptops,Orion,Supplier F,6788.48,8002.83,2022-09-03,Active
1609,PRD01609,Home & Kitchen Kitchen Appliances Product 1609,Home & Kitchen,Kitchen Appliances,Nova,Supplier C,8476.92,11239.8,2023-04-17,Active
1610,PRD01610,Home & Kitchen Cookware Product 1610,Home & Kitchen,Cookware,Nova,Supplier D,711.06,898.09,2023-02-19,Active
1611,PRD01611,Home & Kitchen Cookware Product 1611,Home & Kitchen,Cookware,XBrand,Supplier C,1122.69,1617.96,2023-04-17,Active
1612,PRD01612,Home & Kitchen Furniture Product 1612,Home & Kitchen,Furniture,Vertex,Supplier B,13142.61,18599.1,2022-05-25,Active
1613,PRD01613,Electronics Televisions Product 1613,Electronics,Televisions,Nova,Supplier F,2278.73,2720.32,2024-01-02,Active
1614,PRD01614,Fashion Footwear Product 1614,Fashion,Footwear,Zenith,Supplier E,1824.29,2793.08,2023-03-23,Active
1615,PRD01615,Grocery & FMCG Packaged Food Product 1615,Grocery & FMCG,Packaged Food,Nova,Supplier B,531.29,610.11,2022-07-18,Active
1616,PRD01616,Beauty & Personal Care Haircare Product 1616,Beauty & Personal Care,Haircare,Prime,Supplier C,768.68,1345.91,2021-09-22,Inactive
1617,PRD01617,Beauty & Personal Care Skincare Product 1617,Beauty & Personal Care,Skincare,XBrand,Supplier C,92.38,164.2,2024-06-04,Active
1618,PRD01618,Electronics Wearables Product 1618,Electronics,Wearables,XBrand,Supplier B,1482.01,1627.38,2024-05-01,Active
1619,PRD01619,Sports & Lifestyle Lifestyle Accessories Product 1619,Sports & Lifestyle,Lifestyle Accessories,Vertex,Supplier A,21443.7,35234.37,2024-10-29,Active
1620,PRD01620,Grocery & FMCG Beverages Product 1620,Grocery & FMCG,Beverages,Nova,Supplier B,25.5,29.12,2021-01-10,Active
1621,PRD01621,Grocery & FMCG Packaged Food Product 1621,Grocery & FMCG,Packaged Food,Prime,Supplier F,55.46,63.64,2021-10-29,Active
1622,PRD01622,Grocery & FMCG Staples Product 1622,Grocery & FMCG,Staples,Urban,Supplier F,2871.28,3480.59,2024-10-14,Inactive
1623,PRD01623,Sports & Lifestyle Lifestyle Accessories Product 1623,Sports & Lifestyle,Lifestyle Accessories,Apex,Supplier E,4193.01,5750.0,2023-03-16,Active
1624,PRD01624,Fashion Womens Apparel Product 1624,Fashion,Womens Apparel,Zenith,Supplier B,2182.3,3173.79,2023-12-12,Active
1625,PRD01625,Home & Kitchen Storage Product 1625,Home & Kitchen,Storage,Orion,Supplier D,31306.84,46585.35,2021-04-09,Active
1626,PRD01626,Beauty & Personal Care Personal Hygiene Product 1626,Beauty & Personal Care,Personal Hygiene,XBrand,Supplier F,870.63,1301.77,2022-08-16,Active
1627,PRD01627,Grocery & FMCG Staples Product 1627,Grocery & FMCG,Staples,Prime,Supplier F,113.52,123.85,2023-11-03,Active
1628,PRD01628,Grocery & FMCG Snacks Product 1628,Grocery & FMCG,Snacks,Vertex,Supplier F,2785.45,3183.51,2024-11-14,Active
1629,PRD01629,Fashion Mens Apparel Product 1629,Fashion,Mens Apparel,Prime,Supplier A,700.31,1067.91,2021-12-23,Active
1630,PRD01630,Electronics Audio Product 1630,Electronics,Audio,Nova,Supplier D,52415.2,58074.3,2023-07-17,Active
1631,PRD01631,Fashion Kids Apparel Product 1631,Fashion,Kids Apparel,Zenith,Supplier B,4901.18,8591.06,2021-01-11,Active
1632,PRD01632,Sports & Lifestyle Lifestyle Accessories Product 1632,Sports & Lifestyle,Lifestyle Accessories,Apex,Supplier A,21724.65,30152.08,2021-03-22,Active
1633,PRD01633,Beauty & Personal Care Personal Hygiene Product 1633,Beauty & Personal Care,Personal Hygiene,XBrand,Supplier F,177.08,269.69,2024-07-08,Active
1634,PRD01634,Fashion Mens Apparel Product 1634,Fashion,Mens Apparel,Urban,Supplier D,786.91,1100.93,2021-01-06,Active
1635,PRD01635,Home & Kitchen Kitchen Appliances Product 1635,Home & Kitchen,Kitchen Appliances,Nova,Supplier D,5609.81,7591.36,2025-01-21,Active
1636,PRD01636,Home & Kitchen Cookware Product 1636,Home & Kitchen,Cookware,XBrand,Supplier A,29124.38,35755.56,2022-01-08,Active
1637,PRD01637,Grocery & FMCG Household Care Product 1637,Grocery & FMCG,Household Care,Orion,Supplier F,922.57,1093.48,2022-04-26,Active
1638,PRD01638,Beauty & Personal Care Skincare Product 1638,Beauty & Personal Care,Skincare,Vertex,Supplier A,1741.62,3295.52,2021-08-10,Active
1639,PRD01639,Grocery & FMCG Snacks Product 1639,Grocery & FMCG,Snacks,XBrand,Supplier C,1535.64,1856.39,2024-01-10,Active
1640,PRD01640,Fashion Kids Apparel Product 1640,Fashion,Kids Apparel,Prime,Supplier F,714.19,1099.83,2022-05-30,Active
1641,PRD01641,Beauty & Personal Care Cosmetics Product 1641,Beauty & Personal Care,Cosmetics,Orion,Supplier A,79.05,105.65,2023-12-20,Active
1642,PRD01642,Home & Kitchen Storage Product 1642,Home & Kitchen,Storage,Apex,Supplier B,674.28,839.85,2021-08-09,Active
1643,PRD01643,Beauty & Personal Care Personal Hygiene Product 1643,Beauty & Personal Care,Personal Hygiene,Zenith,Supplier F,232.19,329.0,2021-12-15,Active
1644,PRD01644,Fashion Accessories Product 1644,Fashion,Accessories,Urban,Supplier E,189.94,334.32,2021-08-16,Active
1645,PRD01645,Fashion Accessories Product 1645,Fashion,Accessories,Apex,Supplier F,186.13,308.78,2021-10-17,Active
1646,PRD01646,Beauty & Personal Care Personal Hygiene Product 1646,Beauty & Personal Care,Personal Hygiene,Prime,Supplier C,104.28,199.8,2021-10-20,Active
1647,PRD01647,Sports & Lifestyle Lifestyle Accessories Product 1647,Sports & Lifestyle,Lifestyle Accessories,Urban,Supplier A,15160.57,22654.1,2023-03-21,Active
1648,PRD01648,Electronics Audio Product 1648,Electronics,Audio,Urban,Supplier E,24793.39,26971.25,2024-05-01,Active
1649,PRD01649,Grocery & FMCG Staples Product 1649,Grocery & FMCG,Staples,Zenith,Supplier C,7575.39,9102.67,2023-08-14,Active
1650,PRD01650,Home & Kitchen Home Decor Product 1650,Home & Kitchen,Home Decor,Nova,Supplier B,30193.34,42650.27,2025-02-06,Active
1651,PRD01651,Fashion Accessories Product 1651,Fashion,Accessories,Urban,Supplier F,658.86,1153.33,2024-07-04,Active
1652,PRD01652,Electronics Laptops Product 1652,Electronics,Laptops,XBrand,Supplier E,3091.96,3675.56,2025-03-10,Active
1653,PRD01653,Home & Kitchen Cookware Product 1653,Home & Kitchen,Cookware,Apex,Supplier A,240.03,361.89,2022-01-23,Active
1654,PRD01654,Fashion Mens Apparel Product 1654,Fashion,Mens Apparel,Vertex,Supplier A,365.8,518.85,2022-09-07,Active
1655,PRD01655,Electronics Laptops Product 1655,Electronics,Laptops,Vertex,Supplier B,12066.87,14841.9,2024-11-22,Active
1656,PRD01656,Fashion Womens Apparel Product 1656,Fashion,Womens Apparel,Apex,Supplier C,2377.6,3379.31,2022-01-01,Active
1657,PRD01657,Sports & Lifestyle Fitness Product 1657,Sports & Lifestyle,Fitness,Nova,Supplier E,129.71,200.0,2022-10-20,Active
1658,PRD01658,Electronics Audio Product 1658,Electronics,Audio,Urban,Supplier B,111975.81,138822.37,2021-10-17,Active
1659,PRD01659,Grocery & FMCG Staples Product 1659,Grocery & FMCG,Staples,Prime,Supplier C,289.73,349.23,2024-08-25,Active
1660,PRD01660,Fashion Accessories Product 1660,Fashion,Accessories,Orion,Supplier D,959.74,1487.94,2024-07-25,Active
1661,PRD01661,Beauty & Personal Care Haircare Product 1661,Beauty & Personal Care,Haircare,Orion,Supplier D,571.3,895.32,2025-01-27,Active
1662,PRD01662,Home & Kitchen Storage Product 1662,Home & Kitchen,Storage,XBrand,Supplier C,15178.31,20779.42,2021-07-08,Inactive
1663,PRD01663,Electronics Smartphones Product 1663,Electronics,Smartphones,Nova,Supplier A,3706.8,4193.89,2023-07-07,Active
1664,PRD01664,Electronics Audio Product 1664,Electronics,Audio,Orion,Supplier A,816.19,973.57,2024-04-16,Active
1665,PRD01665,Electronics Televisions Product 1665,Electronics,Televisions,Zenith,Supplier D,2394.75,2663.02,2023-07-13,Inactive
1666,PRD01666,Electronics Smartphones Product 1666,Electronics,Smartphones,Zenith,Supplier A,20198.44,24493.92,2023-09-15,Active
1667,PRD01667,Beauty & Personal Care Skincare Product 1667,Beauty & Personal Care,Skincare,Urban,Supplier A,1988.32,3185.87,2022-01-10,Active
1668,PRD01668,Grocery & FMCG Snacks Product 1668,Grocery & FMCG,Snacks,Vertex,Supplier C,4277.88,5176.74,2023-01-30,Active
1669,PRD01669,Grocery & FMCG Beverages Product 1669,Grocery & FMCG,Beverages,Prime,Supplier F,2587.0,3020.65,2025-01-17,Active
1670,PRD01670,Beauty & Personal Care Personal Hygiene Product 1670,Beauty & Personal Care,Personal Hygiene,Urban,Supplier C,202.8,402.16,2021-08-05,Active
1671,PRD01671,Electronics Accessories Product 1671,Electronics,Accessories,Nova,Supplier A,2992.2,3355.89,2023-12-02,Active
1672,PRD01672,Home & Kitchen Furniture Product 1672,Home & Kitchen,Furniture,Zenith,Supplier C,2285.56,2820.51,2021-07-13,Active
1673,PRD01673,Home & Kitchen Kitchen Appliances Product 1673,Home & Kitchen,Kitchen Appliances,Prime,Supplier E,50628.68,70320.91,2024-09-12,Active
1674,PRD01674,Home & Kitchen Furniture Product 1674,Home & Kitchen,Furniture,Orion,Supplier D,3977.75,5614.21,2024-10-28,Active
1675,PRD01675,Fashion Womens Apparel Product 1675,Fashion,Womens Apparel,Prime,Supplier F,1556.51,2093.25,2025-01-28,Active
1676,PRD01676,Fashion Womens Apparel Product 1676,Fashion,Womens Apparel,Prime,Supplier E,1994.7,3287.44,2021-06-12,Active
1677,PRD01677,Home & Kitchen Furniture Product 1677,Home & Kitchen,Furniture,Prime,Supplier E,1674.2,2421.96,2021-10-03,Active
1678,PRD01678,Home & Kitchen Home Decor Product 1678,Home & Kitchen,Home Decor,Zenith,Supplier A,607.35,776.28,2021-12-30,Inactive
1679,PRD01679,Grocery & FMCG Beverages Product 1679,Grocery & FMCG,Beverages,Orion,Supplier A,48.15,54.54,2023-02-14,Active
1680,PRD01680,Grocery & FMCG Household Care Product 1680,Grocery & FMCG,Household Care,Urban,Supplier E,3235.37,3864.47,2022-04-25,Active
1681,PRD01681,Home & Kitchen Kitchen Appliances Product 1681,Home & Kitchen,Kitchen Appliances,Prime,Supplier E,1422.52,1976.14,2022-11-20,Active
1682,PRD01682,Sports & Lifestyle Outdoor Product 1682,Sports & Lifestyle,Outdoor,Urban,Supplier B,6841.02,9100.02,2022-04-05,Active
1683,PRD01683,Sports & Lifestyle Outdoor Product 1683,Sports & Lifestyle,Outdoor,Prime,Supplier B,293.96,485.42,2024-07-12,Active
1684,PRD01684,Home & Kitchen Storage Product 1684,Home & Kitchen,Storage,Zenith,Supplier D,5273.97,8074.56,2022-06-23,Active
1685,PRD01685,Home & Kitchen Cookware Product 1685,Home & Kitchen,Cookware,Prime,Supplier E,1056.45,1508.17,2023-09-01,Active
1686,PRD01686,Fashion Footwear Product 1686,Fashion,Footwear,Nova,Supplier C,498.77,714.81,2024-11-10,Active
1687,PRD01687,Sports & Lifestyle Lifestyle Accessories Product 1687,Sports & Lifestyle,Lifestyle Accessories,Urban,Supplier F,2212.04,3005.17,2021-03-26,Inactive
1688,PRD01688,Grocery & FMCG Snacks Product 1688,Grocery & FMCG,Snacks,Vertex,Supplier B,50.66,56.68,2024-09-01,Active
1689,PRD01689,Electronics Accessories Product 1689,Electronics,Accessories,Zenith,Supplier A,791.35,963.43,2021-08-31,Active
1690,PRD01690,Fashion Footwear Product 1690,Fashion,Footwear,Urban,Supplier E,1501.36,2053.41,2025-02-01,Active
1691,PRD01691,Fashion Kids Apparel Product 1691,Fashion,Kids Apparel,Zenith,Supplier C,427.21,585.63,2023-05-30,Inactive
1692,PRD01692,Fashion Accessories Product 1692,Fashion,Accessories,Apex,Supplier F,2406.29,3291.06,2024-09-27,Active
1693,PRD01693,Home & Kitchen Kitchen Appliances Product 1693,Home & Kitchen,Kitchen Appliances,Orion,Supplier C,14967.39,18330.87,2024-04-15,Active
1694,PRD01694,Grocery & FMCG Beverages Product 1694,Grocery & FMCG,Beverages,Vertex,Supplier C,78.28,94.21,2024-02-28,Active
1695,PRD01695,Beauty & Personal Care Haircare Product 1695,Beauty & Personal Care,Haircare,Nova,Supplier A,1996.19,2727.94,2022-10-19,Active
1696,PRD01696,Grocery & FMCG Beverages Product 1696,Grocery & FMCG,Beverages,Urban,Supplier B,2864.78,3290.22,2024-01-12,Active
1697,PRD01697,Grocery & FMCG Household Care Product 1697,Grocery & FMCG,Household Care,Nova,Supplier C,3318.43,3858.98,2024-10-15,Active
1698,PRD01698,Grocery & FMCG Packaged Food Product 1698,Grocery & FMCG,Packaged Food,Vertex,Supplier F,1136.15,1384.45,2021-03-29,Active
1699,PRD01699,Fashion Accessories Product 1699,Fashion,Accessories,Nova,Supplier B,464.26,742.57,2023-01-12,Active
1700,PRD01700,Beauty & Personal Care Grooming Product 1700,Beauty & Personal Care,Grooming,Nova,Supplier D,613.2,828.49,2023-09-12,Active
1701,PRD01701,Electronics Laptops Product 1701,Electronics,Laptops,XBrand,Supplier A,778.54,861.88,2022-04-16,Active
1702,PRD01702,Beauty & Personal Care Skincare Product 1702,Beauty & Personal Care,Skincare,Urban,Supplier B,1204.22,1979.94,2025-03-02,Active
1703,PRD01703,Electronics Smartphones Product 1703,Electronics,Smartphones,Nova,Supplier B,13257.78,14480.83,2025-03-11,Active
1704,PRD01704,Beauty & Personal Care Skincare Product 1704,Beauty & Personal Care,Skincare,XBrand,Supplier C,448.05,863.55,2024-10-09,Active
1705,PRD01705,Home & Kitchen Home Decor Product 1705,Home & Kitchen,Home Decor,XBrand,Supplier F,1541.1,2159.12,2022-02-20,Active
1706,PRD01706,Electronics Audio Product 1706,Electronics,Audio,Zenith,Supplier C,38381.2,47369.55,2023-12-11,Active
1707,PRD01707,Electronics Laptops Product 1707,Electronics,Laptops,Prime,Supplier F,9686.83,12110.25,2022-11-13,Active
1708,PRD01708,Electronics Smartphones Product 1708,Electronics,Smartphones,Prime,Supplier A,4932.28,6199.58,2023-12-23,Active
1709,PRD01709,Beauty & Personal Care Skincare Product 1709,Beauty & Personal Care,Skincare,Orion,Supplier B,203.99,300.01,2024-01-18,Active
1710,PRD01710,Grocery & FMCG Snacks Product 1710,Grocery & FMCG,Snacks,Vertex,Supplier E,23.38,27.82,2024-04-28,Active
1711,PRD01711,Fashion Accessories Product 1711,Fashion,Accessories,Urban,Supplier F,1077.76,1530.52,2023-06-18,Active
1712,PRD01712,Electronics Laptops Product 1712,Electronics,Laptops,Prime,Supplier F,2134.25,2688.64,2022-08-24,Active
1713,PRD01713,Electronics Accessories Product 1713,Electronics,Accessories,Vertex,Supplier C,52974.41,62877.21,2024-10-03,Active
1714,PRD01714,Electronics Smartphones Product 1714,Electronics,Smartphones,Urban,Supplier C,17161.44,20104.91,2024-04-14,Active
1715,PRD01715,Electronics Accessories Product 1715,Electronics,Accessories,Vertex,Supplier D,4916.45,6208.95,2024-10-19,Active
1716,PRD01716,Grocery & FMCG Beverages Product 1716,Grocery & FMCG,Beverages,Orion,Supplier F,38.34,43.66,2023-02-15,Active
1717,PRD01717,Home & Kitchen Storage Product 1717,Home & Kitchen,Storage,Orion,Supplier A,1155.17,1570.99,2023-06-20,Active
1718,PRD01718,Home & Kitchen Storage Product 1718,Home & Kitchen,Storage,XBrand,Supplier B,2264.75,3094.82,2022-04-28,Active
1719,PRD01719,Electronics Audio Product 1719,Electronics,Audio,XBrand,Supplier B,1409.73,1662.11,2024-02-17,Active
1720,PRD01720,Home & Kitchen Cookware Product 1720,Home & Kitchen,Cookware,Urban,Supplier B,671.52,851.47,2021-06-18,Active
1721,PRD01721,Fashion Womens Apparel Product 1721,Fashion,Womens Apparel,Vertex,Supplier F,230.27,385.4,2021-05-27,Active
1722,PRD01722,Beauty & Personal Care Skincare Product 1722,Beauty & Personal Care,Skincare,Vertex,Supplier C,422.36,711.84,2024-12-31,Active
1723,PRD01723,Home & Kitchen Kitchen Appliances Product 1723,Home & Kitchen,Kitchen Appliances,Prime,Supplier A,11004.48,15619.91,2022-03-15,Active
1724,PRD01724,Electronics Audio Product 1724,Electronics,Audio,Prime,Supplier B,8121.11,9381.04,2023-06-07,Active
1725,PRD01725,Fashion Kids Apparel Product 1725,Fashion,Kids Apparel,Urban,Supplier F,810.48,1303.05,2024-04-27,Inactive
1726,PRD01726,Home & Kitchen Furniture Product 1726,Home & Kitchen,Furniture,Apex,Supplier E,2612.97,3867.36,2021-06-09,Active
1727,PRD01727,Home & Kitchen Furniture Product 1727,Home & Kitchen,Furniture,Prime,Supplier D,29851.31,37738.47,2023-03-25,Active
1728,PRD01728,Sports & Lifestyle Sports Equipment Product 1728,Sports & Lifestyle,Sports Equipment,Nova,Supplier D,276.21,409.85,2022-02-06,Active
1729,PRD01729,Beauty & Personal Care Haircare Product 1729,Beauty & Personal Care,Haircare,Prime,Supplier B,296.32,397.56,2022-08-09,Active
1730,PRD01730,Fashion Accessories Product 1730,Fashion,Accessories,Apex,Supplier C,6834.27,9699.22,2023-05-14,Active
1731,PRD01731,Fashion Womens Apparel Product 1731,Fashion,Womens Apparel,Vertex,Supplier D,6897.3,11372.05,2023-11-08,Active
1732,PRD01732,Fashion Womens Apparel Product 1732,Fashion,Womens Apparel,XBrand,Supplier D,4203.22,5922.46,2021-05-20,Active
1733,PRD01733,Fashion Womens Apparel Product 1733,Fashion,Womens Apparel,Zenith,Supplier D,483.02,748.0,2024-02-13,Active
1734,PRD01734,Beauty & Personal Care Personal Hygiene Product 1734,Beauty & Personal Care,Personal Hygiene,Zenith,Supplier D,147.58,219.07,2021-11-24,Active
1735,PRD01735,Beauty & Personal Care Haircare Product 1735,Beauty & Personal Care,Haircare,XBrand,Supplier B,309.94,436.48,2021-08-13,Active
1736,PRD01736,Electronics Smartphones Product 1736,Electronics,Smartphones,Vertex,Supplier F,1893.7,2339.05,2022-07-12,Active
1737,PRD01737,Fashion Mens Apparel Product 1737,Fashion,Mens Apparel,XBrand,Supplier A,428.28,575.41,2022-03-15,Active
1738,PRD01738,Fashion Accessories Product 1738,Fashion,Accessories,Prime,Supplier A,1949.75,3514.3,2022-01-21,Active
1739,PRD01739,Grocery & FMCG Staples Product 1739,Grocery & FMCG,Staples,Orion,Supplier C,142.27,156.66,2022-06-05,Active
1740,PRD01740,Beauty & Personal Care Skincare Product 1740,Beauty & Personal Care,Skincare,XBrand,Supplier F,720.68,1376.89,2024-06-30,Active
1741,PRD01741,Fashion Footwear Product 1741,Fashion,Footwear,Orion,Supplier E,4028.38,6440.29,2022-09-12,Active
1742,PRD01742,Electronics Audio Product 1742,Electronics,Audio,Apex,Supplier A,3509.58,4157.59,2024-01-27,Inactive
1743,PRD01743,Beauty & Personal Care Grooming Product 1743,Beauty & Personal Care,Grooming,Orion,Supplier E,87.53,150.84,2023-02-26,Active
1744,PRD01744,Electronics Audio Product 1744,Electronics,Audio,Apex,Supplier A,27918.8,35570.08,2023-12-31,Active
1745,PRD01745,Home & Kitchen Cookware Product 1745,Home & Kitchen,Cookware,Prime,Supplier A,774.71,948.4,2022-07-05,Active
1746,PRD01746,Electronics Audio Product 1746,Electronics,Audio,Vertex,Supplier C,11412.51,13899.91,2022-03-23,Active
1747,PRD01747,Beauty & Personal Care Grooming Product 1747,Beauty & Personal Care,Grooming,Nova,Supplier D,2666.66,3801.02,2024-01-19,Active
1748,PRD01748,Home & Kitchen Storage Product 1748,Home & Kitchen,Storage,Prime,Supplier C,700.71,956.14,2024-12-24,Active
1749,PRD01749,Fashion Accessories Product 1749,Fashion,Accessories,XBrand,Supplier A,630.5,1091.02,2024-05-27,Active
1750,PRD01750,Grocery & FMCG Packaged Food Product 1750,Grocery & FMCG,Packaged Food,Prime,Supplier F,319.15,379.92,2021-04-17,Active
1751,PRD01751,Home & Kitchen Cookware Product 1751,Home & Kitchen,Cookware,Zenith,Supplier D,4455.29,6470.3,2025-02-08,Active
1752,PRD01752,Fashion Mens Apparel Product 1752,Fashion,Mens Apparel,Zenith,Supplier F,642.03,1099.9,2023-07-05,Active
1753,PRD01753,Fashion Kids Apparel Product 1753,Fashion,Kids Apparel,Apex,Supplier F,561.4,876.11,2025-01-17,Inactive
1754,PRD01754,Electronics Accessories Product 1754,Electronics,Accessories,Prime,Supplier F,2090.58,2449.64,2023-06-23,Active
1755,PRD01755,Grocery & FMCG Beverages Product 1755,Grocery & FMCG,Beverages,Prime,Supplier D,129.06,144.47,2022-06-28,Active
1756,PRD01756,Electronics Audio Product 1756,Electronics,Audio,Nova,Supplier F,113268.21,126191.54,2024-02-24,Active
1757,PRD01757,Fashion Accessories Product 1757,Fashion,Accessories,Apex,Supplier D,3608.38,6523.13,2024-03-16,Active
1758,PRD01758,Fashion Kids Apparel Product 1758,Fashion,Kids Apparel,Urban,Supplier E,197.23,323.23,2021-10-07,Active
1759,PRD01759,Beauty & Personal Care Haircare Product 1759,Beauty & Personal Care,Haircare,Urban,Supplier A,235.35,318.1,2021-01-24,Active
1760,PRD01760,Beauty & Personal Care Skincare Product 1760,Beauty & Personal Care,Skincare,Apex,Supplier B,328.09,635.58,2023-08-10,Active
1761,PRD01761,Home & Kitchen Storage Product 1761,Home & Kitchen,Storage,Urban,Supplier F,153.77,213.55,2021-04-30,Active
1762,PRD01762,Electronics Accessories Product 1762,Electronics,Accessories,XBrand,Supplier C,8797.27,11027.93,2024-08-13,Active
1763,PRD01763,Beauty & Personal Care Skincare Product 1763,Beauty & Personal Care,Skincare,Urban,Supplier E,84.56,145.88,2023-05-05,Active
1764,PRD01764,Fashion Womens Apparel Product 1764,Fashion,Womens Apparel,Zenith,Supplier C,2641.52,4286.9,2023-10-13,Active
1765,PRD01765,Grocery & FMCG Beverages Product 1765,Grocery & FMCG,Beverages,XBrand,Supplier B,5853.92,6988.16,2023-08-02,Active
1766,PRD01766,Grocery & FMCG Household Care Product 1766,Grocery & FMCG,Household Care,Apex,Supplier D,22.66,25.96,2024-01-11,Active
1767,PRD01767,Grocery & FMCG Staples Product 1767,Grocery & FMCG,Staples,Urban,Supplier B,210.86,237.19,2022-03-24,Active
1768,PRD01768,Fashion Mens Apparel Product 1768,Fashion,Mens Apparel,Urban,Supplier C,1178.29,1750.38,2023-09-23,Active
1769,PRD01769,Home & Kitchen Furniture Product 1769,Home & Kitchen,Furniture,Vertex,Supplier B,1737.86,2659.21,2025-02-02,Active
1770,PRD01770,Grocery & FMCG Snacks Product 1770,Grocery & FMCG,Snacks,Orion,Supplier A,28.72,34.69,2024-12-17,Active
1771,PRD01771,Fashion Footwear Product 1771,Fashion,Footwear,XBrand,Supplier B,1225.55,1960.09,2023-11-14,Active
1772,PRD01772,Electronics Televisions Product 1772,Electronics,Televisions,XBrand,Supplier F,53615.68,61660.16,2023-12-21,Active
1773,PRD01773,Grocery & FMCG Packaged Food Product 1773,Grocery & FMCG,Packaged Food,Prime,Supplier A,255.12,290.22,2021-03-25,Active
1774,PRD01774,Grocery & FMCG Beverages Product 1774,Grocery & FMCG,Beverages,Nova,Supplier F,169.89,205.31,2021-08-13,Active
1775,PRD01775,Fashion Accessories Product 1775,Fashion,Accessories,Zenith,Supplier B,5590.5,7677.15,2021-07-05,Active
1776,PRD01776,Electronics Accessories Product 1776,Electronics,Accessories,Urban,Supplier A,1210.37,1407.25,2022-01-10,Active
1777,PRD01777,Fashion Mens Apparel Product 1777,Fashion,Mens Apparel,Vertex,Supplier A,275.51,439.98,2021-03-13,Active
1778,PRD01778,Grocery & FMCG Staples Product 1778,Grocery & FMCG,Staples,Nova,Supplier B,42.39,48.85,2021-03-15,Active
1779,PRD01779,Sports & Lifestyle Lifestyle Accessories Product 1779,Sports & Lifestyle,Lifestyle Accessories,Orion,Supplier E,152.32,206.77,2024-09-26,Active
1780,PRD01780,Home & Kitchen Home Decor Product 1780,Home & Kitchen,Home Decor,Orion,Supplier D,8517.38,11545.64,2021-06-02,Active
1781,PRD01781,Electronics Laptops Product 1781,Electronics,Laptops,Zenith,Supplier D,106778.79,133870.83,2021-04-06,Active
1782,PRD01782,Grocery & FMCG Beverages Product 1782,Grocery & FMCG,Beverages,Vertex,Supplier D,170.52,186.27,2022-03-21,Active
1783,PRD01783,Fashion Accessories Product 1783,Fashion,Accessories,Nova,Supplier A,4653.19,8195.8,2024-02-08,Active
1784,PRD01784,Fashion Accessories Product 1784,Fashion,Accessories,Zenith,Supplier D,5383.53,7431.6,2025-01-21,Active
1785,PRD01785,Sports & Lifestyle Sports Equipment Product 1785,Sports & Lifestyle,Sports Equipment,Zenith,Supplier A,29602.21,39560.17,2023-04-08,Active
1786,PRD01786,Electronics Laptops Product 1786,Electronics,Laptops,Zenith,Supplier E,28071.37,35404.53,2023-12-11,Active
1787,PRD01787,Beauty & Personal Care Personal Hygiene Product 1787,Beauty & Personal Care,Personal Hygiene,Zenith,Supplier B,153.63,293.79,2022-01-12,Active
1788,PRD01788,Electronics Laptops Product 1788,Electronics,Laptops,Urban,Supplier B,3162.98,4038.01,2023-02-04,Active
1789,PRD01789,Fashion Kids Apparel Product 1789,Fashion,Kids Apparel,Orion,Supplier A,503.02,899.36,2024-01-02,Active
1790,PRD01790,Grocery & FMCG Packaged Food Product 1790,Grocery & FMCG,Packaged Food,Zenith,Supplier A,23.69,27.9,2021-07-31,Active
1791,PRD01791,Fashion Womens Apparel Product 1791,Fashion,Womens Apparel,Vertex,Supplier E,1571.6,2401.51,2024-12-26,Inactive
1792,PRD01792,Sports & Lifestyle Fitness Product 1792,Sports & Lifestyle,Fitness,XBrand,Supplier D,428.96,651.04,2022-12-25,Active
1793,PRD01793,Fashion Kids Apparel Product 1793,Fashion,Kids Apparel,Prime,Supplier E,403.57,631.14,2024-04-06,Active
1794,PRD01794,Home & Kitchen Storage Product 1794,Home & Kitchen,Storage,Vertex,Supplier B,597.43,908.58,2023-02-14,Active
1795,PRD01795,Home & Kitchen Furniture Product 1795,Home & Kitchen,Furniture,Apex,Supplier B,185.72,236.27,2021-11-27,Active
1796,PRD01796,Home & Kitchen Cookware Product 1796,Home & Kitchen,Cookware,Orion,Supplier F,637.85,850.92,2023-01-21,Active
1797,PRD01797,Fashion Mens Apparel Product 1797,Fashion,Mens Apparel,Zenith,Supplier D,484.71,743.72,2025-02-26,Active
1798,PRD01798,Electronics Accessories Product 1798,Electronics,Accessories,Orion,Supplier B,63112.38,76937.13,2024-03-12,Active
1799,PRD01799,Home & Kitchen Storage Product 1799,Home & Kitchen,Storage,Zenith,Supplier F,5187.25,6444.83,2025-01-08,Active
1800,PRD01800,Fashion Kids Apparel Product 1800,Fashion,Kids Apparel,Urban,Supplier A,3244.12,4526.36,2023-04-04,Active
1801,PRD01801,Beauty & Personal Care Personal Hygiene Product 1801,Beauty & Personal Care,Personal Hygiene,Urban,Supplier B,2564.87,3730.8,2022-01-29,Active
1802,PRD01802,Beauty & Personal Care Haircare Product 1802,Beauty & Personal Care,Haircare,Apex,Supplier C,449.43,678.5,2022-05-27,Active
1803,PRD01803,Beauty & Personal Care Skincare Product 1803,Beauty & Personal Care,Skincare,Orion,Supplier D,3744.17,5212.09,2022-11-17,Active
1804,PRD01804,Electronics Laptops Product 1804,Electronics,Laptops,Zenith,Supplier F,13895.1,15437.1,2022-09-13,Active
1805,PRD01805,Home & Kitchen Home Decor Product 1805,Home & Kitchen,Home Decor,Nova,Supplier D,9075.53,13624.12,2024-09-13,Active
1806,PRD01806,Beauty & Personal Care Skincare Product 1806,Beauty & Personal Care,Skincare,Prime,Supplier D,462.05,735.78,2022-08-27,Active
1807,PRD01807,Fashion Footwear Product 1807,Fashion,Footwear,Nova,Supplier C,7290.86,11289.63,2024-07-06,Active
1808,PRD01808,Electronics Laptops Product 1808,Electronics,Laptops,Apex,Supplier E,8608.02,10259.44,2024-12-31,Active
1809,PRD01809,Grocery & FMCG Household Care Product 1809,Grocery & FMCG,Household Care,Apex,Supplier A,1318.11,1449.57,2022-12-19,Active
1810,PRD01810,Grocery & FMCG Beverages Product 1810,Grocery & FMCG,Beverages,Prime,Supplier D,2883.43,3289.9,2021-12-15,Active
1811,PRD01811,Fashion Womens Apparel Product 1811,Fashion,Womens Apparel,Apex,Supplier B,235.27,396.91,2022-05-30,Active
1812,PRD01812,Electronics Laptops Product 1812,Electronics,Laptops,Apex,Supplier A,5207.9,5748.56,2025-01-12,Active
1813,PRD01813,Grocery & FMCG Snacks Product 1813,Grocery & FMCG,Snacks,Orion,Supplier B,854.47,1027.02,2022-02-03,Active
1814,PRD01814,Beauty & Personal Care Personal Hygiene Product 1814,Beauty & Personal Care,Personal Hygiene,Vertex,Supplier A,3041.48,5956.86,2021-08-02,Active
1815,PRD01815,Grocery & FMCG Staples Product 1815,Grocery & FMCG,Staples,Zenith,Supplier A,4042.29,4394.82,2022-07-16,Active
1816,PRD01816,Grocery & FMCG Staples Product 1816,Grocery & FMCG,Staples,Orion,Supplier F,178.08,212.47,2024-08-05,Active
1817,PRD01817,Grocery & FMCG Snacks Product 1817,Grocery & FMCG,Snacks,Prime,Supplier B,167.48,194.78,2024-07-06,Active
1818,PRD01818,Fashion Kids Apparel Product 1818,Fashion,Kids Apparel,Urban,Supplier B,2173.95,3211.18,2021-09-15,Active
1819,PRD01819,Electronics Accessories Product 1819,Electronics,Accessories,Nova,Supplier A,77285.22,90972.16,2024-11-12,Active
1820,PRD01820,Beauty & Personal Care Haircare Product 1820,Beauty & Personal Care,Haircare,Urban,Supplier D,423.39,845.73,2022-11-25,Active
1821,PRD01821,Beauty & Personal Care Cosmetics Product 1821,Beauty & Personal Care,Cosmetics,Urban,Supplier B,681.12,965.58,2024-07-12,Active
1822,PRD01822,Grocery & FMCG Snacks Product 1822,Grocery & FMCG,Snacks,Vertex,Supplier C,406.76,485.05,2024-08-29,Active
1823,PRD01823,Electronics Audio Product 1823,Electronics,Audio,Nova,Supplier C,37760.96,46641.58,2023-11-30,Active
1824,PRD01824,Home & Kitchen Cookware Product 1824,Home & Kitchen,Cookware,Urban,Supplier A,10789.83,13890.4,2023-09-25,Active
1825,PRD01825,Grocery & FMCG Packaged Food Product 1825,Grocery & FMCG,Packaged Food,Zenith,Supplier E,3525.25,4243.94,2023-03-31,Active
1826,PRD01826,Grocery & FMCG Packaged Food Product 1826,Grocery & FMCG,Packaged Food,Prime,Supplier A,60.62,66.84,2021-07-29,Active
1827,PRD01827,Sports & Lifestyle Outdoor Product 1827,Sports & Lifestyle,Outdoor,Nova,Supplier A,22013.04,35145.78,2021-09-29,Active
1828,PRD01828,Grocery & FMCG Staples Product 1828,Grocery & FMCG,Staples,XBrand,Supplier D,4281.91,5150.48,2024-03-05,Active
1829,PRD01829,Beauty & Personal Care Skincare Product 1829,Beauty & Personal Care,Skincare,Vertex,Supplier D,709.65,1206.07,2022-08-22,Active
1830,PRD01830,Beauty & Personal Care Cosmetics Product 1830,Beauty & Personal Care,Cosmetics,Zenith,Supplier F,904.33,1226.71,2023-12-20,Active
1831,PRD01831,Grocery & FMCG Snacks Product 1831,Grocery & FMCG,Snacks,Urban,Supplier E,1788.02,2056.46,2025-03-14,Active
1832,PRD01832,Beauty & Personal Care Cosmetics Product 1832,Beauty & Personal Care,Cosmetics,Zenith,Supplier E,1228.29,1967.34,2025-03-19,Active
1833,PRD01833,Beauty & Personal Care Cosmetics Product 1833,Beauty & Personal Care,Cosmetics,Zenith,Supplier E,677.42,958.09,2023-11-05,Active
1834,PRD01834,Electronics Televisions Product 1834,Electronics,Televisions,Apex,Supplier E,3085.85,3437.28,2023-10-20,Inactive
1835,PRD01835,Fashion Womens Apparel Product 1835,Fashion,Womens Apparel,Nova,Supplier E,357.27,643.26,2021-09-12,Active
1836,PRD01836,Beauty & Personal Care Cosmetics Product 1836,Beauty & Personal Care,Cosmetics,XBrand,Supplier A,137.01,200.69,2023-01-07,Active
1837,PRD01837,Home & Kitchen Furniture Product 1837,Home & Kitchen,Furniture,Apex,Supplier A,4920.0,6868.92,2022-12-23,Active
1838,PRD01838,Home & Kitchen Cookware Product 1838,Home & Kitchen,Cookware,Zenith,Supplier F,343.22,501.0,2022-06-19,Active
1839,PRD01839,Home & Kitchen Cookware Product 1839,Home & Kitchen,Cookware,XBrand,Supplier C,17203.25,22065.17,2024-06-12,Active
1840,PRD01840,Home & Kitchen Storage Product 1840,Home & Kitchen,Storage,Zenith,Supplier C,742.18,1123.59,2024-02-29,Active
1841,PRD01841,Home & Kitchen Home Decor Product 1841,Home & Kitchen,Home Decor,Urban,Supplier F,19726.37,28125.3,2023-10-21,Active
1842,PRD01842,Fashion Mens Apparel Product 1842,Fashion,Mens Apparel,Zenith,Supplier F,274.92,412.57,2021-01-17,Active
1843,PRD01843,Sports & Lifestyle Fitness Product 1843,Sports & Lifestyle,Fitness,Apex,Supplier B,2946.4,3864.03,2023-06-01,Active
1844,PRD01844,Fashion Kids Apparel Product 1844,Fashion,Kids Apparel,Urban,Supplier A,1089.04,1729.2,2023-08-12,Active
1845,PRD01845,Electronics Wearables Product 1845,Electronics,Wearables,Apex,Supplier E,3594.97,4434.58,2023-04-06,Active
1846,PRD01846,Electronics Televisions Product 1846,Electronics,Televisions,Nova,Supplier B,56911.86,65064.83,2023-09-19,Active
1847,PRD01847,Beauty & Personal Care Skincare Product 1847,Beauty & Personal Care,Skincare,Zenith,Supplier D,3438.84,4749.09,2023-05-28,Active
1848,PRD01848,Fashion Womens Apparel Product 1848,Fashion,Womens Apparel,Orion,Supplier A,5716.93,7946.26,2021-07-04,Active
1849,PRD01849,Grocery & FMCG Staples Product 1849,Grocery & FMCG,Staples,Prime,Supplier F,28.66,33.48,2024-11-15,Active
1850,PRD01850,Beauty & Personal Care Grooming Product 1850,Beauty & Personal Care,Grooming,Orion,Supplier C,457.19,874.12,2024-12-17,Active
1851,PRD01851,Grocery & FMCG Beverages Product 1851,Grocery & FMCG,Beverages,Prime,Supplier A,170.33,191.1,2025-01-05,Active
1852,PRD01852,Home & Kitchen Home Decor Product 1852,Home & Kitchen,Home Decor,Orion,Supplier F,2975.61,4007.61,2023-11-02,Active
1853,PRD01853,Beauty & Personal Care Grooming Product 1853,Beauty & Personal Care,Grooming,XBrand,Supplier A,279.8,485.28,2025-03-24,Active
1854,PRD01854,Home & Kitchen Storage Product 1854,Home & Kitchen,Storage,Vertex,Supplier A,12771.18,18920.48,2021-03-21,Active
1855,PRD01855,Sports & Lifestyle Fitness Product 1855,Sports & Lifestyle,Fitness,Apex,Supplier A,25862.54,34637.23,2023-03-20,Active
1856,PRD01856,Beauty & Personal Care Haircare Product 1856,Beauty & Personal Care,Haircare,Urban,Supplier D,1757.19,2697.42,2021-10-29,Active
1857,PRD01857,Home & Kitchen Storage Product 1857,Home & Kitchen,Storage,Vertex,Supplier C,8527.63,11538.12,2024-05-24,Inactive
1858,PRD01858,Home & Kitchen Storage Product 1858,Home & Kitchen,Storage,Nova,Supplier A,53645.95,77067.93,2024-06-25,Inactive
1859,PRD01859,Home & Kitchen Home Decor Product 1859,Home & Kitchen,Home Decor,Nova,Supplier F,40797.27,60168.07,2024-07-19,Active
1860,PRD01860,Beauty & Personal Care Skincare Product 1860,Beauty & Personal Care,Skincare,Nova,Supplier D,3490.48,6388.2,2021-05-13,Active
1861,PRD01861,Home & Kitchen Furniture Product 1861,Home & Kitchen,Furniture,Prime,Supplier B,2427.41,3123.29,2023-10-26,Active
1862,PRD01862,Beauty & Personal Care Skincare Product 1862,Beauty & Personal Care,Skincare,Urban,Supplier A,407.39,546.88,2023-01-26,Active
1863,PRD01863,Home & Kitchen Furniture Product 1863,Home & Kitchen,Furniture,Nova,Supplier D,3382.47,4607.39,2022-09-21,Active
1864,PRD01864,Beauty & Personal Care Haircare Product 1864,Beauty & Personal Care,Haircare,Nova,Supplier E,566.24,1117.97,2023-10-07,Active
1865,PRD01865,Grocery & FMCG Beverages Product 1865,Grocery & FMCG,Beverages,Orion,Supplier B,5213.19,5767.89,2023-02-12,Active
1866,PRD01866,Grocery & FMCG Snacks Product 1866,Grocery & FMCG,Snacks,XBrand,Supplier C,173.75,197.99,2021-05-21,Active
1867,PRD01867,Grocery & FMCG Beverages Product 1867,Grocery & FMCG,Beverages,Apex,Supplier A,157.93,187.97,2022-04-28,Active
1868,PRD01868,Electronics Wearables Product 1868,Electronics,Wearables,Apex,Supplier A,10427.99,12415.66,2024-08-21,Active
1869,PRD01869,Electronics Smartphones Product 1869,Electronics,Smartphones,Zenith,Supplier D,56088.79,69488.2,2021-12-11,Active
1870,PRD01870,Beauty & Personal Care Haircare Product 1870,Beauty & Personal Care,Haircare,Apex,Supplier C,104.15,182.24,2024-07-17,Active
1871,PRD01871,Home & Kitchen Kitchen Appliances Product 1871,Home & Kitchen,Kitchen Appliances,Vertex,Supplier E,2085.8,2709.14,2024-02-06,Active
1872,PRD01872,Fashion Mens Apparel Product 1872,Fashion,Mens Apparel,Orion,Supplier B,237.32,363.68,2022-04-19,Active
1873,PRD01873,Electronics Accessories Product 1873,Electronics,Accessories,Orion,Supplier F,4544.51,5136.27,2024-01-11,Active
1874,PRD01874,Home & Kitchen Cookware Product 1874,Home & Kitchen,Cookware,XBrand,Supplier C,8836.5,12821.62,2024-01-13,Active
1875,PRD01875,Electronics Smartphones Product 1875,Electronics,Smartphones,Prime,Supplier A,2627.81,2877.97,2024-08-06,Active
1876,PRD01876,Grocery & FMCG Beverages Product 1876,Grocery & FMCG,Beverages,Vertex,Supplier D,3590.09,3906.5,2023-12-31,Active
1877,PRD01877,Home & Kitchen Cookware Product 1877,Home & Kitchen,Cookware,XBrand,Supplier E,39137.32,54867.61,2021-06-24,Active
1878,PRD01878,Fashion Womens Apparel Product 1878,Fashion,Womens Apparel,Nova,Supplier D,738.72,1054.25,2023-04-22,Active
1879,PRD01879,Electronics Televisions Product 1879,Electronics,Televisions,Urban,Supplier B,742.95,837.57,2025-01-26,Active
1880,PRD01880,Beauty & Personal Care Skincare Product 1880,Beauty & Personal Care,Skincare,Vertex,Supplier C,111.59,186.94,2024-11-19,Active
1881,PRD01881,Home & Kitchen Home Decor Product 1881,Home & Kitchen,Home Decor,Vertex,Supplier D,394.44,540.23,2023-05-16,Active
1882,PRD01882,Grocery & FMCG Beverages Product 1882,Grocery & FMCG,Beverages,Nova,Supplier F,696.98,782.95,2024-01-20,Active
1883,PRD01883,Grocery & FMCG Packaged Food Product 1883,Grocery & FMCG,Packaged Food,Nova,Supplier F,22.79,24.87,2022-04-14,Active
1884,PRD01884,Home & Kitchen Storage Product 1884,Home & Kitchen,Storage,Urban,Supplier D,161.82,233.06,2024-12-28,Active
1885,PRD01885,Sports & Lifestyle Sports Equipment Product 1885,Sports & Lifestyle,Sports Equipment,Apex,Supplier A,688.62,1074.72,2024-06-26,Active
1886,PRD01886,Sports & Lifestyle Sports Equipment Product 1886,Sports & Lifestyle,Sports Equipment,Vertex,Supplier D,1393.52,1964.37,2022-10-06,Active
1887,PRD01887,Grocery & FMCG Beverages Product 1887,Grocery & FMCG,Beverages,XBrand,Supplier E,411.19,484.49,2022-11-12,Active
1888,PRD01888,Grocery & FMCG Staples Product 1888,Grocery & FMCG,Staples,Prime,Supplier C,99.36,109.45,2023-08-13,Active
1889,PRD01889,Home & Kitchen Furniture Product 1889,Home & Kitchen,Furniture,Nova,Supplier B,4268.61,5584.16,2023-04-29,Active
1890,PRD01890,Beauty & Personal Care Cosmetics Product 1890,Beauty & Personal Care,Cosmetics,Nova,Supplier F,448.87,763.04,2021-08-29,Active
1891,PRD01891,Electronics Laptops Product 1891,Electronics,Laptops,Prime,Supplier D,8844.89,10616.07,2022-12-03,Active
1892,PRD01892,Electronics Smartphones Product 1892,Electronics,Smartphones,XBrand,Supplier E,11264.91,13797.8,2025-02-28,Active
1893,PRD01893,Sports & Lifestyle Fitness Product 1893,Sports & Lifestyle,Fitness,Zenith,Supplier F,5829.16,8409.52,2021-12-06,Active
1894,PRD01894,Home & Kitchen Storage Product 1894,Home & Kitchen,Storage,Nova,Supplier F,7832.85,11664.8,2023-03-04,Active
1895,PRD01895,Grocery & FMCG Packaged Food Product 1895,Grocery & FMCG,Packaged Food,Prime,Supplier B,257.97,293.57,2023-01-14,Active
1896,PRD01896,Grocery & FMCG Beverages Product 1896,Grocery & FMCG,Beverages,Orion,Supplier F,1991.06,2310.5,2025-02-03,Active
1897,PRD01897,Grocery & FMCG Snacks Product 1897,Grocery & FMCG,Snacks,Nova,Supplier E,25.83,31.09,2022-04-08,Inactive
1898,PRD01898,Sports & Lifestyle Outdoor Product 1898,Sports & Lifestyle,Outdoor,Apex,Supplier F,152.36,234.29,2023-03-12,Active
1899,PRD01899,Home & Kitchen Furniture Product 1899,Home & Kitchen,Furniture,Apex,Supplier F,12391.95,18833.58,2024-07-22,Active
1900,PRD01900,Electronics Smartphones Product 1900,Electronics,Smartphones,Nova,Supplier D,887.28,1060.78,2021-01-15,Active
1901,PRD01901,Fashion Footwear Product 1901,Fashion,Footwear,Orion,Supplier D,1091.83,1596.54,2023-12-01,Active
1902,PRD01902,Electronics Laptops Product 1902,Electronics,Laptops,Nova,Supplier C,1078.46,1282.01,2021-07-27,Active
1903,PRD01903,Electronics Smartphones Product 1903,Electronics,Smartphones,Zenith,Supplier A,8881.57,9809.96,2023-12-20,Active
1904,PRD01904,Home & Kitchen Storage Product 1904,Home & Kitchen,Storage,Zenith,Supplier E,5440.3,7832.87,2021-12-31,Active
1905,PRD01905,Grocery & FMCG Beverages Product 1905,Grocery & FMCG,Beverages,Apex,Supplier A,1952.94,2354.46,2024-06-17,Active
1906,PRD01906,Fashion Kids Apparel Product 1906,Fashion,Kids Apparel,Zenith,Supplier A,831.1,1485.74,2022-08-31,Inactive
1907,PRD01907,Home & Kitchen Cookware Product 1907,Home & Kitchen,Cookware,Orion,Supplier F,27472.51,35697.37,2021-06-09,Active
1908,PRD01908,Beauty & Personal Care Haircare Product 1908,Beauty & Personal Care,Haircare,Zenith,Supplier B,132.39,206.49,2022-02-01,Active
1909,PRD01909,Home & Kitchen Furniture Product 1909,Home & Kitchen,Furniture,Nova,Supplier B,1599.95,2215.61,2023-03-05,Active
1910,PRD01910,Electronics Accessories Product 1910,Electronics,Accessories,Orion,Supplier F,13805.75,16939.53,2022-05-15,Active
1911,PRD01911,Grocery & FMCG Household Care Product 1911,Grocery & FMCG,Household Care,XBrand,Supplier E,432.53,475.56,2021-07-28,Active
1912,PRD01912,Beauty & Personal Care Haircare Product 1912,Beauty & Personal Care,Haircare,XBrand,Supplier A,3496.99,5199.53,2024-03-02,Active
1913,PRD01913,Grocery & FMCG Household Care Product 1913,Grocery & FMCG,Household Care,Urban,Supplier C,7598.38,8366.29,2024-11-05,Active
1914,PRD01914,Electronics Accessories Product 1914,Electronics,Accessories,XBrand,Supplier A,109371.56,120551.73,2022-03-09,Active
1915,PRD01915,Grocery & FMCG Packaged Food Product 1915,Grocery & FMCG,Packaged Food,Vertex,Supplier B,76.94,84.06,2022-09-01,Active
1916,PRD01916,Beauty & Personal Care Cosmetics Product 1916,Beauty & Personal Care,Cosmetics,Orion,Supplier A,1378.03,2564.12,2022-01-24,Active
1917,PRD01917,Fashion Kids Apparel Product 1917,Fashion,Kids Apparel,Vertex,Supplier D,923.17,1635.97,2023-09-24,Active
1918,PRD01918,Beauty & Personal Care Haircare Product 1918,Beauty & Personal Care,Haircare,Vertex,Supplier D,894.33,1509.42,2022-08-06,Active
1919,PRD01919,Grocery & FMCG Packaged Food Product 1919,Grocery & FMCG,Packaged Food,Nova,Supplier C,3406.73,3826.41,2022-03-08,Inactive
1920,PRD01920,Beauty & Personal Care Personal Hygiene Product 1920,Beauty & Personal Care,Personal Hygiene,Nova,Supplier E,265.85,507.82,2024-07-21,Active
1921,PRD01921,Beauty & Personal Care Personal Hygiene Product 1921,Beauty & Personal Care,Personal Hygiene,Prime,Supplier A,3202.89,6331.33,2021-12-17,Active
1922,PRD01922,Sports & Lifestyle Fitness Product 1922,Sports & Lifestyle,Fitness,Orion,Supplier D,18408.11,23766.94,2021-05-14,Active
1923,PRD01923,Grocery & FMCG Household Care Product 1923,Grocery & FMCG,Household Care,Vertex,Supplier E,2939.23,3343.78,2023-12-26,Active
1924,PRD01924,Fashion Kids Apparel Product 1924,Fashion,Kids Apparel,Vertex,Supplier D,9485.31,14469.37,2022-10-01,Active
1925,PRD01925,Beauty & Personal Care Skincare Product 1925,Beauty & Personal Care,Skincare,XBrand,Supplier E,787.77,1275.63,2024-05-13,Active
1926,PRD01926,Fashion Footwear Product 1926,Fashion,Footwear,Apex,Supplier E,774.54,1053.8,2024-08-14,Active
1927,PRD01927,Home & Kitchen Storage Product 1927,Home & Kitchen,Storage,Orion,Supplier D,29248.81,42789.88,2021-04-27,Active
1928,PRD01928,Beauty & Personal Care Skincare Product 1928,Beauty & Personal Care,Skincare,Apex,Supplier F,104.77,188.49,2024-07-14,Active
1929,PRD01929,Sports & Lifestyle Outdoor Product 1929,Sports & Lifestyle,Outdoor,Orion,Supplier B,3949.44,5499.3,2021-05-29,Active
1930,PRD01930,Sports & Lifestyle Lifestyle Accessories Product 1930,Sports & Lifestyle,Lifestyle Accessories,Orion,Supplier E,480.74,765.45,2024-05-02,Active
1931,PRD01931,Home & Kitchen Storage Product 1931,Home & Kitchen,Storage,Urban,Supplier F,9633.29,13252.85,2021-06-28,Active
1932,PRD01932,Fashion Womens Apparel Product 1932,Fashion,Womens Apparel,Prime,Supplier A,2380.01,3252.32,2021-05-28,Active
1933,PRD01933,Home & Kitchen Home Decor Product 1933,Home & Kitchen,Home Decor,Apex,Supplier F,2685.75,3412.34,2022-04-10,Active
1934,PRD01934,Sports & Lifestyle Fitness Product 1934,Sports & Lifestyle,Fitness,Urban,Supplier D,401.25,600.9,2023-09-03,Active
1935,PRD01935,Sports & Lifestyle Fitness Product 1935,Sports & Lifestyle,Fitness,XBrand,Supplier F,17969.82,24984.15,2022-07-23,Inactive
1936,PRD01936,Beauty & Personal Care Haircare Product 1936,Beauty & Personal Care,Haircare,Prime,Supplier B,151.8,258.25,2023-10-26,Active
1937,PRD01937,Grocery & FMCG Snacks Product 1937,Grocery & FMCG,Snacks,Prime,Supplier D,3795.6,4490.94,2022-06-10,Active
1938,PRD01938,Beauty & Personal Care Grooming Product 1938,Beauty & Personal Care,Grooming,Vertex,Supplier C,3360.66,5456.84,2021-10-07,Active
1939,PRD01939,Beauty & Personal Care Cosmetics Product 1939,Beauty & Personal Care,Cosmetics,Orion,Supplier A,2274.92,3181.78,2022-05-14,Active
1940,PRD01940,Electronics Accessories Product 1940,Electronics,Accessories,Zenith,Supplier C,4281.67,4947.26,2023-04-16,Active
1941,PRD01941,Fashion Footwear Product 1941,Fashion,Footwear,Orion,Supplier F,1248.85,2213.55,2022-03-12,Active
1942,PRD01942,Beauty & Personal Care Cosmetics Product 1942,Beauty & Personal Care,Cosmetics,Nova,Supplier E,4010.34,5598.15,2023-03-27,Active
1943,PRD01943,Beauty & Personal Care Haircare Product 1943,Beauty & Personal Care,Haircare,Orion,Supplier F,145.18,219.77,2024-05-24,Active
1944,PRD01944,Fashion Accessories Product 1944,Fashion,Accessories,Orion,Supplier E,585.27,933.38,2022-11-18,Active
1945,PRD01945,Sports & Lifestyle Outdoor Product 1945,Sports & Lifestyle,Outdoor,Orion,Supplier C,14511.4,23885.43,2023-04-08,Active
1946,PRD01946,Electronics Accessories Product 1946,Electronics,Accessories,Vertex,Supplier C,19636.88,24464.83,2023-08-27,Active
1947,PRD01947,Fashion Footwear Product 1947,Fashion,Footwear,XBrand,Supplier E,1655.67,2337.41,2025-03-19,Active
1948,PRD01948,Beauty & Personal Care Haircare Product 1948,Beauty & Personal Care,Haircare,Orion,Supplier B,681.56,1115.07,2024-03-06,Active
1949,PRD01949,Beauty & Personal Care Skincare Product 1949,Beauty & Personal Care,Skincare,Zenith,Supplier A,2117.36,3046.43,2022-09-04,Active
1950,PRD01950,Beauty & Personal Care Cosmetics Product 1950,Beauty & Personal Care,Cosmetics,Vertex,Supplier D,357.06,541.83,2022-08-18,Active
1951,PRD01951,Home & Kitchen Cookware Product 1951,Home & Kitchen,Cookware,Zenith,Supplier C,46702.8,62727.95,2024-07-27,Active
1952,PRD01952,Electronics Smartphones Product 1952,Electronics,Smartphones,Prime,Supplier A,33914.36,41618.51,2021-05-12,Active
1953,PRD01953,Beauty & Personal Care Cosmetics Product 1953,Beauty & Personal Care,Cosmetics,Vertex,Supplier D,204.69,337.2,2022-01-28,Active
1954,PRD01954,Beauty & Personal Care Haircare Product 1954,Beauty & Personal Care,Haircare,Orion,Supplier F,3875.36,6139.66,2022-04-26,Active
1955,PRD01955,Electronics Laptops Product 1955,Electronics,Laptops,Urban,Supplier D,100159.39,112541.7,2025-03-17,Inactive
1956,PRD01956,Beauty & Personal Care Cosmetics Product 1956,Beauty & Personal Care,Cosmetics,Vertex,Supplier C,73.49,139.4,2022-09-20,Active
1957,PRD01957,Fashion Womens Apparel Product 1957,Fashion,Womens Apparel,Apex,Supplier B,4556.35,8262.0,2022-02-23,Active
1958,PRD01958,Beauty & Personal Care Grooming Product 1958,Beauty & Personal Care,Grooming,XBrand,Supplier B,1174.61,2277.13,2024-05-10,Active
1959,PRD01959,Grocery & FMCG Household Care Product 1959,Grocery & FMCG,Household Care,XBrand,Supplier A,2850.47,3411.46,2022-10-14,Active
1960,PRD01960,Electronics Laptops Product 1960,Electronics,Laptops,Prime,Supplier F,13622.87,15722.28,2022-10-20,Active
1961,PRD01961,Electronics Accessories Product 1961,Electronics,Accessories,Vertex,Supplier A,91527.97,106489.34,2022-04-07,Active
1962,PRD01962,Grocery & FMCG Packaged Food Product 1962,Grocery & FMCG,Packaged Food,Zenith,Supplier E,498.3,569.23,2024-05-10,Active
1963,PRD01963,Beauty & Personal Care Skincare Product 1963,Beauty & Personal Care,Skincare,Zenith,Supplier B,848.62,1341.95,2021-06-01,Active
1964,PRD01964,Beauty & Personal Care Grooming Product 1964,Beauty & Personal Care,Grooming,Prime,Supplier A,65.41,123.53,2021-08-10,Active
1965,PRD01965,Grocery & FMCG Household Care Product 1965,Grocery & FMCG,Household Care,Prime,Supplier E,272.58,316.55,2021-03-20,Inactive
1966,PRD01966,Grocery & FMCG Beverages Product 1966,Grocery & FMCG,Beverages,Urban,Supplier F,43.68,47.5,2024-05-08,Active
1967,PRD01967,Sports & Lifestyle Sports Equipment Product 1967,Sports & Lifestyle,Sports Equipment,Nova,Supplier D,481.67,730.81,2021-04-09,Active
1968,PRD01968,Fashion Mens Apparel Product 1968,Fashion,Mens Apparel,Prime,Supplier A,250.53,440.9,2023-07-01,Active
1969,PRD01969,Fashion Accessories Product 1969,Fashion,Accessories,Nova,Supplier E,492.03,693.9,2021-08-01,Active
1970,PRD01970,Fashion Mens Apparel Product 1970,Fashion,Mens Apparel,Zenith,Supplier B,454.73,608.57,2024-03-12,Active
1971,PRD01971,Electronics Smartphones Product 1971,Electronics,Smartphones,Nova,Supplier D,36225.04,45423.53,2022-12-03,Active
1972,PRD01972,Beauty & Personal Care Grooming Product 1972,Beauty & Personal Care,Grooming,XBrand,Supplier A,1184.58,1685.16,2024-11-13,Active
1973,PRD01973,Home & Kitchen Furniture Product 1973,Home & Kitchen,Furniture,Zenith,Supplier B,813.74,1100.99,2024-10-29,Active
1974,PRD01974,Sports & Lifestyle Sports Equipment Product 1974,Sports & Lifestyle,Sports Equipment,Apex,Supplier D,23565.53,31398.53,2023-12-12,Active
1975,PRD01975,Beauty & Personal Care Cosmetics Product 1975,Beauty & Personal Care,Cosmetics,Zenith,Supplier C,1855.21,2898.15,2023-08-25,Active
1976,PRD01976,Beauty & Personal Care Personal Hygiene Product 1976,Beauty & Personal Care,Personal Hygiene,Apex,Supplier B,248.94,391.41,2021-05-15,Active
1977,PRD01977,Home & Kitchen Home Decor Product 1977,Home & Kitchen,Home Decor,Vertex,Supplier C,208.68,304.99,2022-02-15,Active
1978,PRD01978,Electronics Audio Product 1978,Electronics,Audio,Urban,Supplier F,2337.18,2855.65,2025-02-02,Active
1979,PRD01979,Electronics Wearables Product 1979,Electronics,Wearables,Urban,Supplier A,898.5,1142.72,2024-02-10,Active
1980,PRD01980,Fashion Mens Apparel Product 1980,Fashion,Mens Apparel,Apex,Supplier E,365.07,636.62,2025-03-29,Active
1981,PRD01981,Electronics Televisions Product 1981,Electronics,Televisions,Vertex,Supplier A,43402.31,55324.83,2023-02-24,Active
1982,PRD01982,Beauty & Personal Care Haircare Product 1982,Beauty & Personal Care,Haircare,Zenith,Supplier B,510.46,898.47,2023-12-04,Active
1983,PRD01983,Grocery & FMCG Staples Product 1983,Grocery & FMCG,Staples,Orion,Supplier C,180.54,200.25,2024-11-21,Active
1984,PRD01984,Grocery & FMCG Household Care Product 1984,Grocery & FMCG,Household Care,Apex,Supplier C,283.64,313.96,2021-09-18,Active
1985,PRD01985,Beauty & Personal Care Personal Hygiene Product 1985,Beauty & Personal Care,Personal Hygiene,Zenith,Supplier D,6682.06,9204.73,2023-01-13,Active
1986,PRD01986,Home & Kitchen Home Decor Product 1986,Home & Kitchen,Home Decor,Vertex,Supplier A,4860.65,6812.4,2022-06-29,Active
1987,PRD01987,Grocery & FMCG Beverages Product 1987,Grocery & FMCG,Beverages,Vertex,Supplier A,483.77,566.62,2022-01-23,Active
1988,PRD01988,Grocery & FMCG Snacks Product 1988,Grocery & FMCG,Snacks,Vertex,Supplier B,35.59,41.17,2025-02-08,Active
1989,PRD01989,Home & Kitchen Kitchen Appliances Product 1989,Home & Kitchen,Kitchen Appliances,Vertex,Supplier C,735.32,1113.84,2024-12-04,Active
1990,PRD01990,Grocery & FMCG Snacks Product 1990,Grocery & FMCG,Snacks,XBrand,Supplier B,1875.45,2279.49,2021-01-16,Active
1991,PRD01991,Home & Kitchen Furniture Product 1991,Home & Kitchen,Furniture,Zenith,Supplier B,192.31,249.26,2022-10-24,Active
1992,PRD01992,Grocery & FMCG Snacks Product 1992,Grocery & FMCG,Snacks,XBrand,Supplier F,61.91,67.37,2021-04-12,Active
1993,PRD01993,Sports & Lifestyle Outdoor Product 1993,Sports & Lifestyle,Outdoor,Apex,Supplier C,477.87,719.41,2024-04-24,Inactive
1994,PRD01994,Electronics Televisions Product 1994,Electronics,Televisions,Vertex,Supplier B,2273.59,2678.78,2023-08-09,Active
1995,PRD01995,Grocery & FMCG Packaged Food Product 1995,Grocery & FMCG,Packaged Food,Prime,Supplier C,4236.06,4979.94,2023-07-20,Active
1996,PRD01996,Beauty & Personal Care Haircare Product 1996,Beauty & Personal Care,Haircare,Vertex,Supplier B,401.89,611.81,2021-01-25,Active
1997,PRD01997,Sports & Lifestyle Lifestyle Accessories Product 1997,Sports & Lifestyle,Lifestyle Accessories,Prime,Supplier E,1705.83,2231.04,2024-01-01,Active
1998,PRD01998,Fashion Mens Apparel Product 1998,Fashion,Mens Apparel,XBrand,Supplier B,2423.46,3578.81,2021-01-18,Active
1999,PRD01999,Grocery & FMCG Snacks Product 1999,Grocery & FMCG,Snacks,Vertex,Supplier B,3373.33,3995.2,2022-07-24,Active
2000,PRD02000,Electronics Televisions Product 2000,Electronics,Televisions,Nova,Supplier E,16966.85,19524.31,2023-10-14,Active
2001,PRD02001,Home & Kitchen Home Decor Product 2001,Home & Kitchen,Home Decor,Apex,Supplier A,482.16,700.75,2024-09-17,Active
2002,PRD02002,Electronics Audio Product 2002,Electronics,Audio,Vertex,Supplier C,9059.29,10195.76,2024-01-26,Active
2003,PRD02003,Sports & Lifestyle Outdoor Product 2003,Sports & Lifestyle,Outdoor,Urban,Supplier D,429.67,560.25,2023-04-11,Active
2004,PRD02004,Grocery & FMCG Household Care Product 2004,Grocery & FMCG,Household Care,Prime,Supplier E,2245.98,2503.6,2023-11-02,Active
2005,PRD02005,Grocery & FMCG Packaged Food Product 2005,Grocery & FMCG,Packaged Food,Orion,Supplier A,461.69,527.74,2023-11-01,Active
2006,PRD02006,Sports & Lifestyle Sports Equipment Product 2006,Sports & Lifestyle,Sports Equipment,Orion,Supplier B,2687.8,4303.45,2021-06-12,Active
2007,PRD02007,Electronics Smartphones Product 2007,Electronics,Smartphones,Vertex,Supplier F,64315.19,75060.09,2024-07-30,Active
2008,PRD02008,Fashion Kids Apparel Product 2008,Fashion,Kids Apparel,Zenith,Supplier A,211.07,317.54,2023-05-22,Active
2009,PRD02009,Electronics Televisions Product 2009,Electronics,Televisions,Nova,Supplier E,16070.22,19087.75,2023-04-15,Inactive
2010,PRD02010,Home & Kitchen Cookware Product 2010,Home & Kitchen,Cookware,Prime,Supplier F,7848.77,9887.5,2024-06-18,Active
2011,PRD02011,Home & Kitchen Storage Product 2011,Home & Kitchen,Storage,Nova,Supplier B,7579.36,9606.91,2023-05-07,Active
2012,PRD02012,Fashion Accessories Product 2012,Fashion,Accessories,Orion,Supplier A,3852.81,5647.77,2023-12-05,Active
2013,PRD02013,Home & Kitchen Cookware Product 2013,Home & Kitchen,Cookware,Apex,Supplier D,11404.38,14047.17,2023-08-28,Active
2014,PRD02014,Electronics Wearables Product 2014,Electronics,Wearables,Orion,Supplier C,5550.52,6758.26,2022-08-16,Active
2015,PRD02015,Electronics Audio Product 2015,Electronics,Audio,Apex,Supplier C,2118.91,2620.28,2021-09-12,Active
2016,PRD02016,Electronics Wearables Product 2016,Electronics,Wearables,Apex,Supplier E,18187.06,21709.64,2021-03-08,Active
2017,PRD02017,Sports & Lifestyle Fitness Product 2017,Sports & Lifestyle,Fitness,XBrand,Supplier B,912.89,1297.63,2023-07-07,Active
2018,PRD02018,Grocery & FMCG Snacks Product 2018,Grocery & FMCG,Snacks,Orion,Supplier B,714.74,818.95,2022-09-06,Active
2019,PRD02019,Sports & Lifestyle Lifestyle Accessories Product 2019,Sports & Lifestyle,Lifestyle Accessories,Zenith,Supplier C,5760.52,8076.31,2023-09-01,Active
2020,PRD02020,Fashion Accessories Product 2020,Fashion,Accessories,Orion,Supplier A,466.84,660.12,2022-08-26,Active
2021,PRD02021,Home & Kitchen Home Decor Product 2021,Home & Kitchen,Home Decor,Nova,Supplier B,158.42,206.05,2023-12-02,Active
2022,PRD02022,Grocery & FMCG Beverages Product 2022,Grocery & FMCG,Beverages,Vertex,Supplier D,1765.7,2100.57,2022-01-19,Active
2023,PRD02023,Home & Kitchen Kitchen Appliances Product 2023,Home & Kitchen,Kitchen Appliances,Urban,Supplier D,440.22,670.08,2024-06-11,Active
2024,PRD02024,Home & Kitchen Cookware Product 2024,Home & Kitchen,Cookware,Urban,Supplier B,2688.26,4047.89,2023-08-24,Active
2025,PRD02025,Home & Kitchen Kitchen Appliances Product 2025,Home & Kitchen,Kitchen Appliances,Zenith,Supplier B,9611.39,13785.97,2022-04-30,Active
2026,PRD02026,Electronics Laptops Product 2026,Electronics,Laptops,Apex,Supplier C,1108.91,1247.09,2021-02-08,Active
2027,PRD02027,Home & Kitchen Kitchen Appliances Product 2027,Home & Kitchen,Kitchen Appliances,Zenith,Supplier E,146.5,209.8,2021-01-11,Active
2028,PRD02028,Home & Kitchen Kitchen Appliances Product 2028,Home & Kitchen,Kitchen Appliances,Urban,Supplier C,1077.32,1569.83,2022-09-16,Active
2029,PRD02029,Beauty & Personal Care Cosmetics Product 2029,Beauty & Personal Care,Cosmetics,Zenith,Supplier E,257.94,473.14,2022-02-13,Active
2030,PRD02030,Electronics Smartphones Product 2030,Electronics,Smartphones,Prime,Supplier D,1418.64,1583.78,2021-04-18,Active
2031,PRD02031,Home & Kitchen Kitchen Appliances Product 2031,Home & Kitchen,Kitchen Appliances,Nova,Supplier E,1153.35,1536.65,2024-01-23,Active
2032,PRD02032,Grocery & FMCG Household Care Product 2032,Grocery & FMCG,Household Care,Nova,Supplier C,147.34,174.65,2021-03-25,Active
2033,PRD02033,Electronics Wearables Product 2033,Electronics,Wearables,Zenith,Supplier B,1155.85,1327.3,2021-02-27,Active
2034,PRD02034,Home & Kitchen Storage Product 2034,Home & Kitchen,Storage,Nova,Supplier E,24377.1,30145.63,2024-08-09,Active
2035,PRD02035,Grocery & FMCG Household Care Product 2035,Grocery & FMCG,Household Care,Prime,Supplier C,5740.17,6988.55,2023-11-06,Active
2036,PRD02036,Electronics Audio Product 2036,Electronics,Audio,Vertex,Supplier D,1116.89,1270.31,2023-09-18,Active
2037,PRD02037,Electronics Smartphones Product 2037,Electronics,Smartphones,XBrand,Supplier F,4554.08,5613.27,2025-02-09,Active
2038,PRD02038,Fashion Mens Apparel Product 2038,Fashion,Mens Apparel,Prime,Supplier E,1915.04,3083.17,2023-04-18,Active
2039,PRD02039,Home & Kitchen Furniture Product 2039,Home & Kitchen,Furniture,Nova,Supplier D,14950.22,18689.09,2022-08-28,Active
2040,PRD02040,Fashion Kids Apparel Product 2040,Fashion,Kids Apparel,Nova,Supplier D,4753.42,7806.88,2023-08-27,Active
2041,PRD02041,Grocery & FMCG Staples Product 2041,Grocery & FMCG,Staples,Orion,Supplier A,601.0,723.2,2021-06-14,Active
2042,PRD02042,Electronics Accessories Product 2042,Electronics,Accessories,Nova,Supplier F,27859.5,31240.96,2022-03-13,Active
2043,PRD02043,Beauty & Personal Care Grooming Product 2043,Beauty & Personal Care,Grooming,Vertex,Supplier E,450.73,719.45,2022-12-28,Active
2044,PRD02044,Fashion Womens Apparel Product 2044,Fashion,Womens Apparel,Urban,Supplier C,207.51,371.16,2022-02-07,Active
2045,PRD02045,Electronics Accessories Product 2045,Electronics,Accessories,XBrand,Supplier E,1288.05,1566.29,2024-11-10,Active
2046,PRD02046,Beauty & Personal Care Grooming Product 2046,Beauty & Personal Care,Grooming,Prime,Supplier E,761.45,1024.02,2024-03-07,Active
2047,PRD02047,Home & Kitchen Kitchen Appliances Product 2047,Home & Kitchen,Kitchen Appliances,Zenith,Supplier F,34398.47,50946.53,2022-12-17,Active
2048,PRD02048,Fashion Kids Apparel Product 2048,Fashion,Kids Apparel,Nova,Supplier D,1639.96,2328.79,2023-03-25,Active
2049,PRD02049,Electronics Audio Product 2049,Electronics,Audio,Orion,Supplier D,1312.64,1510.3,2022-12-23,Inactive
2050,PRD02050,Fashion Accessories Product 2050,Fashion,Accessories,Orion,Supplier D,527.26,812.84,2022-06-15,Active
2051,PRD02051,Home & Kitchen Home Decor Product 2051,Home & Kitchen,Home Decor,Apex,Supplier D,47239.37,65405.13,2021-10-20,Active
2052,PRD02052,Grocery & FMCG Snacks Product 2052,Grocery & FMCG,Snacks,XBrand,Supplier F,4313.69,5045.77,2025-02-07,Active
2053,PRD02053,Electronics Accessories Product 2053,Electronics,Accessories,Orion,Supplier C,7697.04,9617.03,2023-10-20,Active
2054,PRD02054,Fashion Mens Apparel Product 2054,Fashion,Mens Apparel,Apex,Supplier B,1091.0,1893.19,2022-04-07,Active
2055,PRD02055,Fashion Womens Apparel Product 2055,Fashion,Womens Apparel,XBrand,Supplier A,678.2,936.43,2024-10-28,Inactive
2056,PRD02056,Beauty & Personal Care Personal Hygiene Product 2056,Beauty & Personal Care,Personal Hygiene,Nova,Supplier D,3093.29,5128.58,2024-03-31,Active
2057,PRD02057,Beauty & Personal Care Personal Hygiene Product 2057,Beauty & Personal Care,Personal Hygiene,XBrand,Supplier D,3090.05,5993.78,2022-10-04,Active
2058,PRD02058,Beauty & Personal Care Haircare Product 2058,Beauty & Personal Care,Haircare,XBrand,Supplier A,79.22,126.8,2021-02-13,Active
2059,PRD02059,Grocery & FMCG Staples Product 2059,Grocery & FMCG,Staples,Zenith,Supplier D,176.29,205.61,2024-01-12,Active
2060,PRD02060,Grocery & FMCG Staples Product 2060,Grocery & FMCG,Staples,Nova,Supplier B,2473.12,2772.74,2023-06-11,Active
2061,PRD02061,Home & Kitchen Storage Product 2061,Home & Kitchen,Storage,Vertex,Supplier E,3923.61,5609.03,2022-09-28,Active
2062,PRD02062,Fashion Accessories Product 2062,Fashion,Accessories,Orion,Supplier A,297.19,506.13,2022-06-23,Active
2063,PRD02063,Grocery & FMCG Beverages Product 2063,Grocery & FMCG,Beverages,Apex,Supplier C,713.48,864.77,2023-05-12,Active
2064,PRD02064,Sports & Lifestyle Outdoor Product 2064,Sports & Lifestyle,Outdoor,Zenith,Supplier A,937.66,1204.64,2022-06-03,Active
2065,PRD02065,Grocery & FMCG Packaged Food Product 2065,Grocery & FMCG,Packaged Food,Zenith,Supplier B,424.4,465.65,2024-12-05,Active
2066,PRD02066,Fashion Footwear Product 2066,Fashion,Footwear,Vertex,Supplier F,9881.69,13312.93,2024-09-26,Active
2067,PRD02067,Home & Kitchen Kitchen Appliances Product 2067,Home & Kitchen,Kitchen Appliances,Apex,Supplier C,13332.58,18245.5,2022-12-12,Active
2068,PRD02068,Fashion Womens Apparel Product 2068,Fashion,Womens Apparel,Urban,Supplier E,932.93,1266.14,2021-03-30,Active
2069,PRD02069,Grocery & FMCG Beverages Product 2069,Grocery & FMCG,Beverages,Orion,Supplier D,823.16,955.52,2024-06-07,Active
2070,PRD02070,Fashion Accessories Product 2070,Fashion,Accessories,Apex,Supplier A,510.04,898.03,2023-11-08,Active
2071,PRD02071,Fashion Footwear Product 2071,Fashion,Footwear,Apex,Supplier C,649.18,983.53,2022-11-04,Active
2072,PRD02072,Grocery & FMCG Household Care Product 2072,Grocery & FMCG,Household Care,XBrand,Supplier A,534.14,586.99,2023-05-14,Active
2073,PRD02073,Home & Kitchen Cookware Product 2073,Home & Kitchen,Cookware,Urban,Supplier E,40284.1,53262.68,2023-06-09,Active
2074,PRD02074,Grocery & FMCG Staples Product 2074,Grocery & FMCG,Staples,Nova,Supplier A,29.12,33.04,2024-07-28,Active
2075,PRD02075,Fashion Mens Apparel Product 2075,Fashion,Mens Apparel,Nova,Supplier C,2029.33,3135.22,2022-02-26,Inactive
2076,PRD02076,Home & Kitchen Storage Product 2076,Home & Kitchen,Storage,Prime,Supplier B,10384.71,12811.65,2023-05-26,Inactive
2077,PRD02077,Fashion Mens Apparel Product 2077,Fashion,Mens Apparel,Urban,Supplier F,533.98,910.98,2022-12-03,Active
2078,PRD02078,Grocery & FMCG Beverages Product 2078,Grocery & FMCG,Beverages,XBrand,Supplier C,27.42,32.86,2021-12-04,Active
2079,PRD02079,Electronics Laptops Product 2079,Electronics,Laptops,Prime,Supplier A,1038.22,1292.64,2021-09-23,Active
2080,PRD02080,Home & Kitchen Kitchen Appliances Product 2080,Home & Kitchen,Kitchen Appliances,Prime,Supplier E,1239.65,1731.54,2023-03-14,Active
2081,PRD02081,Sports & Lifestyle Sports Equipment Product 2081,Sports & Lifestyle,Sports Equipment,Nova,Supplier D,352.23,447.7,2024-10-10,Active
2082,PRD02082,Electronics Audio Product 2082,Electronics,Audio,Apex,Supplier D,2232.27,2474.53,2021-12-26,Active
2083,PRD02083,Fashion Womens Apparel Product 2083,Fashion,Womens Apparel,XBrand,Supplier E,657.48,1016.0,2023-10-11,Active
2084,PRD02084,Beauty & Personal Care Grooming Product 2084,Beauty & Personal Care,Grooming,Zenith,Supplier A,828.1,1498.73,2021-08-05,Inactive
2085,PRD02085,Fashion Footwear Product 2085,Fashion,Footwear,Zenith,Supplier F,2452.93,3904.4,2021-11-17,Active
2086,PRD02086,Beauty & Personal Care Cosmetics Product 2086,Beauty & Personal Care,Cosmetics,Urban,Supplier E,418.22,662.21,2023-04-30,Active
2087,PRD02087,Home & Kitchen Cookware Product 2087,Home & Kitchen,Cookware,Prime,Supplier A,1617.5,2389.81,2022-12-20,Active
2088,PRD02088,Fashion Womens Apparel Product 2088,Fashion,Womens Apparel,XBrand,Supplier C,551.02,735.81,2023-09-19,Active
2089,PRD02089,Fashion Accessories Product 2089,Fashion,Accessories,Nova,Supplier F,2717.35,3829.91,2024-05-20,Active
2090,PRD02090,Beauty & Personal Care Grooming Product 2090,Beauty & Personal Care,Grooming,Prime,Supplier B,3223.28,6022.14,2023-08-11,Active
2091,PRD02091,Electronics Accessories Product 2091,Electronics,Accessories,Prime,Supplier A,1080.66,1193.96,2024-05-11,Active
2092,PRD02092,Beauty & Personal Care Skincare Product 2092,Beauty & Personal Care,Skincare,Vertex,Supplier D,581.59,973.06,2022-12-18,Active
2093,PRD02093,Electronics Smartphones Product 2093,Electronics,Smartphones,Nova,Supplier D,2761.79,3369.48,2023-09-12,Active
2094,PRD02094,Home & Kitchen Kitchen Appliances Product 2094,Home & Kitchen,Kitchen Appliances,Zenith,Supplier F,5391.28,7049.45,2023-06-15,Active
2095,PRD02095,Home & Kitchen Storage Product 2095,Home & Kitchen,Storage,Vertex,Supplier B,160.45,231.7,2024-03-22,Active
2096,PRD02096,Electronics Smartphones Product 2096,Electronics,Smartphones,Nova,Supplier A,1975.19,2459.23,2024-12-23,Inactive
2097,PRD02097,Grocery & FMCG Packaged Food Product 2097,Grocery & FMCG,Packaged Food,Nova,Supplier B,234.98,272.51,2021-10-14,Active
2098,PRD02098,Home & Kitchen Furniture Product 2098,Home & Kitchen,Furniture,Vertex,Supplier C,25139.24,37343.79,2023-01-27,Active
2099,PRD02099,Sports & Lifestyle Fitness Product 2099,Sports & Lifestyle,Fitness,Zenith,Supplier B,1082.27,1427.38,2024-09-06,Inactive
2100,PRD02100,Sports & Lifestyle Sports Equipment Product 2100,Sports & Lifestyle,Sports Equipment,Orion,Supplier C,8659.61,12138.78,2024-12-30,Active
2101,PRD02101,Beauty & Personal Care Grooming Product 2101,Beauty & Personal Care,Grooming,XBrand,Supplier D,125.83,240.19,2022-05-11,Active
2102,PRD02102,Electronics Audio Product 2102,Electronics,Audio,XBrand,Supplier C,2065.5,2253.96,2024-03-18,Active
2103,PRD02103,Fashion Kids Apparel Product 2103,Fashion,Kids Apparel,Orion,Supplier A,202.49,323.71,2022-06-26,Active
2104,PRD02104,Grocery & FMCG Snacks Product 2104,Grocery & FMCG,Snacks,XBrand,Supplier F,1085.73,1221.44,2022-09-27,Active
2105,PRD02105,Home & Kitchen Storage Product 2105,Home & Kitchen,Storage,Apex,Supplier F,1033.61,1355.93,2025-02-14,Active
2106,PRD02106,Electronics Laptops Product 2106,Electronics,Laptops,Prime,Supplier A,25635.76,28113.67,2024-09-11,Active
2107,PRD02107,Fashion Mens Apparel Product 2107,Fashion,Mens Apparel,XBrand,Supplier A,8017.77,11364.73,2023-07-28,Active
2108,PRD02108,Grocery & FMCG Beverages Product 2108,Grocery & FMCG,Beverages,Apex,Supplier A,9010.16,9979.71,2023-11-19,Active
2109,PRD02109,Grocery & FMCG Packaged Food Product 2109,Grocery & FMCG,Packaged Food,Prime,Supplier E,2170.31,2417.75,2024-07-06,Active
2110,PRD02110,Electronics Smartphones Product 2110,Electronics,Smartphones,XBrand,Supplier C,972.95,1219.99,2022-11-29,Active
2111,PRD02111,Beauty & Personal Care Grooming Product 2111,Beauty & Personal Care,Grooming,Nova,Supplier A,3382.23,5210.58,2021-03-16,Active
2112,PRD02112,Home & Kitchen Kitchen Appliances Product 2112,Home & Kitchen,Kitchen Appliances,Orion,Supplier F,9740.38,13429.48,2022-05-13,Active
2113,PRD02113,Home & Kitchen Furniture Product 2113,Home & Kitchen,Furniture,Urban,Supplier B,25388.16,33124.77,2024-12-10,Active
2114,PRD02114,Grocery & FMCG Household Care Product 2114,Grocery & FMCG,Household Care,XBrand,Supplier B,451.5,518.09,2022-12-23,Active
2115,PRD02115,Home & Kitchen Furniture Product 2115,Home & Kitchen,Furniture,Urban,Supplier E,1110.65,1661.53,2024-09-25,Active
2116,PRD02116,Home & Kitchen Storage Product 2116,Home & Kitchen,Storage,XBrand,Supplier C,427.54,538.07,2021-11-04,Active
2117,PRD02117,Electronics Laptops Product 2117,Electronics,Laptops,Nova,Supplier C,13557.54,16374.81,2022-12-05,Active
2118,PRD02118,Grocery & FMCG Staples Product 2118,Grocery & FMCG,Staples,Orion,Supplier C,59.05,67.03,2023-06-03,Active
2119,PRD02119,Grocery & FMCG Packaged Food Product 2119,Grocery & FMCG,Packaged Food,Zenith,Supplier F,6423.39,7174.27,2024-06-18,Active
2120,PRD02120,Beauty & Personal Care Personal Hygiene Product 2120,Beauty & Personal Care,Personal Hygiene,Orion,Supplier F,1222.63,2164.08,2021-09-10,Active
2121,PRD02121,Grocery & FMCG Beverages Product 2121,Grocery & FMCG,Beverages,Urban,Supplier E,267.69,323.98,2023-07-25,Active
2122,PRD02122,Electronics Laptops Product 2122,Electronics,Laptops,Apex,Supplier C,32343.49,37789.28,2024-05-28,Active
2123,PRD02123,Fashion Accessories Product 2123,Fashion,Accessories,Nova,Supplier C,1698.87,2778.31,2022-02-01,Active
2124,PRD02124,Home & Kitchen Furniture Product 2124,Home & Kitchen,Furniture,Urban,Supplier A,4650.87,6935.16,2023-09-13,Active
2125,PRD02125,Electronics Televisions Product 2125,Electronics,Televisions,Urban,Supplier C,4544.14,5175.46,2024-09-21,Active
2126,PRD02126,Fashion Womens Apparel Product 2126,Fashion,Womens Apparel,Vertex,Supplier F,512.8,690.7,2023-11-19,Active
2127,PRD02127,Sports & Lifestyle Fitness Product 2127,Sports & Lifestyle,Fitness,Vertex,Supplier A,156.49,249.99,2022-05-09,Active
2128,PRD02128,Electronics Wearables Product 2128,Electronics,Wearables,Nova,Supplier A,23050.75,27855.04,2023-08-17,Active
2129,PRD02129,Home & Kitchen Kitchen Appliances Product 2129,Home & Kitchen,Kitchen Appliances,Nova,Supplier C,5360.92,7934.66,2025-03-06,Active
2130,PRD02130,Home & Kitchen Furniture Product 2130,Home & Kitchen,Furniture,Nova,Supplier B,2382.16,3544.72,2024-03-23,Active
2131,PRD02131,Home & Kitchen Cookware Product 2131,Home & Kitchen,Cookware,Prime,Supplier D,1137.87,1717.64,2023-09-19,Active
2132,PRD02132,Sports & Lifestyle Lifestyle Accessories Product 2132,Sports & Lifestyle,Lifestyle Accessories,Apex,Supplier F,6056.67,8091.05,2024-06-08,Active
2133,PRD02133,Fashion Footwear Product 2133,Fashion,Footwear,XBrand,Supplier B,1751.17,2721.78,2021-04-12,Active
2134,PRD02134,Fashion Kids Apparel Product 2134,Fashion,Kids Apparel,Zenith,Supplier C,324.12,513.05,2023-04-07,Active
2135,PRD02135,Grocery & FMCG Packaged Food Product 2135,Grocery & FMCG,Packaged Food,Vertex,Supplier C,129.4,141.46,2021-06-26,Active
2136,PRD02136,Electronics Wearables Product 2136,Electronics,Wearables,Orion,Supplier B,95178.08,114645.96,2023-09-11,Active
2137,PRD02137,Fashion Womens Apparel Product 2137,Fashion,Womens Apparel,Orion,Supplier C,5695.45,9264.07,2023-07-16,Active
2138,PRD02138,Fashion Kids Apparel Product 2138,Fashion,Kids Apparel,Urban,Supplier F,783.26,1209.74,2021-08-20,Inactive
2139,PRD02139,Beauty & Personal Care Personal Hygiene Product 2139,Beauty & Personal Care,Personal Hygiene,Vertex,Supplier A,1141.81,2239.12,2021-01-12,Active
2140,PRD02140,Sports & Lifestyle Lifestyle Accessories Product 2140,Sports & Lifestyle,Lifestyle Accessories,XBrand,Supplier E,477.52,764.02,2024-04-24,Active
2141,PRD02141,Grocery & FMCG Packaged Food Product 2141,Grocery & FMCG,Packaged Food,Nova,Supplier C,5321.28,6238.62,2023-01-31,Active
2142,PRD02142,Fashion Mens Apparel Product 2142,Fashion,Mens Apparel,Orion,Supplier C,7683.61,11460.82,2023-07-21,Active
2143,PRD02143,Grocery & FMCG Household Care Product 2143,Grocery & FMCG,Household Care,Vertex,Supplier B,6345.54,7467.79,2021-09-23,Active
2144,PRD02144,Electronics Audio Product 2144,Electronics,Audio,Apex,Supplier A,789.48,995.52,2024-03-04,Active
2145,PRD02145,Electronics Smartphones Product 2145,Electronics,Smartphones,Apex,Supplier B,8635.05,10092.93,2023-01-27,Active
2146,PRD02146,Home & Kitchen Cookware Product 2146,Home & Kitchen,Cookware,Zenith,Supplier F,4722.99,5943.83,2023-11-21,Active
2147,PRD02147,Home & Kitchen Kitchen Appliances Product 2147,Home & Kitchen,Kitchen Appliances,Prime,Supplier B,2250.9,3316.44,2022-04-01,Active
2148,PRD02148,Fashion Footwear Product 2148,Fashion,Footwear,Vertex,Supplier C,220.92,317.69,2021-09-16,Active
2149,PRD02149,Beauty & Personal Care Grooming Product 2149,Beauty & Personal Care,Grooming,Nova,Supplier A,64.69,100.13,2024-02-02,Active
2150,PRD02150,Sports & Lifestyle Fitness Product 2150,Sports & Lifestyle,Fitness,Urban,Supplier F,6062.63,9469.22,2022-03-07,Active
2151,PRD02151,Fashion Kids Apparel Product 2151,Fashion,Kids Apparel,Zenith,Supplier C,7604.27,12102.94,2024-11-06,Active
2152,PRD02152,Fashion Footwear Product 2152,Fashion,Footwear,Zenith,Supplier F,457.96,810.3,2022-04-14,Active
2153,PRD02153,Electronics Accessories Product 2153,Electronics,Accessories,Prime,Supplier C,38843.98,46265.97,2025-03-17,Inactive
2154,PRD02154,Electronics Smartphones Product 2154,Electronics,Smartphones,Nova,Supplier C,24102.95,30487.07,2024-05-15,Active
2155,PRD02155,Fashion Mens Apparel Product 2155,Fashion,Mens Apparel,Zenith,Supplier C,3290.0,4864.52,2022-10-09,Active
2156,PRD02156,Fashion Accessories Product 2156,Fashion,Accessories,Prime,Supplier E,3618.18,4876.62,2022-03-23,Active
2157,PRD02157,Grocery & FMCG Snacks Product 2157,Grocery & FMCG,Snacks,Vertex,Supplier D,194.14,220.78,2023-02-22,Active
2158,PRD02158,Electronics Laptops Product 2158,Electronics,Laptops,XBrand,Supplier A,1754.37,1913.64,2024-01-18,Active
2159,PRD02159,Electronics Wearables Product 2159,Electronics,Wearables,Zenith,Supplier E,1330.49,1606.18,2021-07-14,Active
2160,PRD02160,Fashion Womens Apparel Product 2160,Fashion,Womens Apparel,Orion,Supplier D,3820.51,6916.7,2024-12-08,Active
2161,PRD02161,Home & Kitchen Kitchen Appliances Product 2161,Home & Kitchen,Kitchen Appliances,Vertex,Supplier F,1140.39,1588.06,2024-02-20,Active
2162,PRD02162,Electronics Accessories Product 2162,Electronics,Accessories,Nova,Supplier D,96781.67,107941.28,2022-04-07,Active
2163,PRD02163,Beauty & Personal Care Haircare Product 2163,Beauty & Personal Care,Haircare,Urban,Supplier D,1524.82,2716.81,2024-02-14,Active
2164,PRD02164,Electronics Accessories Product 2164,Electronics,Accessories,Urban,Supplier E,1017.69,1273.02,2021-07-15,Active
2165,PRD02165,Beauty & Personal Care Haircare Product 2165,Beauty & Personal Care,Haircare,Nova,Supplier A,3130.35,4220.8,2021-02-05,Active
2166,PRD02166,Home & Kitchen Furniture Product 2166,Home & Kitchen,Furniture,Prime,Supplier B,278.89,343.6,2021-03-08,Active
2167,PRD02167,Electronics Wearables Product 2167,Electronics,Wearables,Apex,Supplier D,3911.61,4608.94,2022-10-07,Active
2168,PRD02168,Fashion Womens Apparel Product 2168,Fashion,Womens Apparel,Nova,Supplier B,1674.12,2403.73,2024-07-28,Active
2169,PRD02169,Grocery & FMCG Packaged Food Product 2169,Grocery & FMCG,Packaged Food,Orion,Supplier B,5098.57,5773.01,2025-02-11,Active
2170,PRD02170,Fashion Footwear Product 2170,Fashion,Footwear,Zenith,Supplier C,246.57,357.38,2023-11-01,Active
2171,PRD02171,Grocery & FMCG Beverages Product 2171,Grocery & FMCG,Beverages,Vertex,Supplier B,477.04,542.6,2021-11-18,Active
2172,PRD02172,Electronics Wearables Product 2172,Electronics,Wearables,Urban,Supplier F,3021.07,3350.73,2021-08-28,Active
2173,PRD02173,Grocery & FMCG Household Care Product 2173,Grocery & FMCG,Household Care,XBrand,Supplier F,2666.54,3250.35,2023-10-14,Active
2174,PRD02174,Home & Kitchen Kitchen Appliances Product 2174,Home & Kitchen,Kitchen Appliances,Urban,Supplier C,1084.12,1435.68,2023-12-20,Active
2175,PRD02175,Beauty & Personal Care Cosmetics Product 2175,Beauty & Personal Care,Cosmetics,Apex,Supplier A,978.54,1715.57,2022-10-12,Active
2176,PRD02176,Fashion Footwear Product 2176,Fashion,Footwear,Zenith,Supplier A,789.6,1387.67,2022-07-16,Active
2177,PRD02177,Sports & Lifestyle Sports Equipment Product 2177,Sports & Lifestyle,Sports Equipment,Urban,Supplier F,2753.4,3878.45,2021-06-14,Active
2178,PRD02178,Fashion Womens Apparel Product 2178,Fashion,Womens Apparel,Apex,Supplier C,2103.97,3760.85,2023-04-11,Active
2179,PRD02179,Electronics Wearables Product 2179,Electronics,Wearables,Zenith,Supplier A,46787.74,51167.8,2021-07-08,Active
2180,PRD02180,Electronics Laptops Product 2180,Electronics,Laptops,Orion,Supplier D,3886.77,4550.59,2025-02-19,Active
2181,PRD02181,Grocery & FMCG Packaged Food Product 2181,Grocery & FMCG,Packaged Food,Zenith,Supplier A,120.04,141.22,2021-04-02,Active
2182,PRD02182,Fashion Footwear Product 2182,Fashion,Footwear,Nova,Supplier C,4586.9,7597.59,2021-10-16,Active
2183,PRD02183,Grocery & FMCG Household Care Product 2183,Grocery & FMCG,Household Care,Urban,Supplier F,8354.85,9358.6,2025-03-13,Active
2184,PRD02184,Home & Kitchen Home Decor Product 2184,Home & Kitchen,Home Decor,Prime,Supplier D,26072.16,37803.59,2024-01-04,Active
2185,PRD02185,Home & Kitchen Cookware Product 2185,Home & Kitchen,Cookware,Vertex,Supplier B,1213.84,1746.03,2024-12-22,Active
2186,PRD02186,Electronics Accessories Product 2186,Electronics,Accessories,Prime,Supplier B,1115.27,1377.74,2024-11-09,Active
2187,PRD02187,Sports & Lifestyle Outdoor Product 2187,Sports & Lifestyle,Outdoor,Vertex,Supplier B,2483.46,3349.04,2023-12-13,Inactive
2188,PRD02188,Beauty & Personal Care Grooming Product 2188,Beauty & Personal Care,Grooming,Urban,Supplier F,1203.94,2041.98,2021-06-24,Active
2189,PRD02189,Sports & Lifestyle Lifestyle Accessories Product 2189,Sports & Lifestyle,Lifestyle Accessories,Orion,Supplier C,479.87,604.43,2022-04-19,Active
2190,PRD02190,Home & Kitchen Furniture Product 2190,Home & Kitchen,Furniture,Urban,Supplier B,1938.02,2679.84,2024-10-16,Active
2191,PRD02191,Beauty & Personal Care Cosmetics Product 2191,Beauty & Personal Care,Cosmetics,Vertex,Supplier A,2930.6,5658.12,2021-09-27,Active
2192,PRD02192,Beauty & Personal Care Cosmetics Product 2192,Beauty & Personal Care,Cosmetics,Orion,Supplier B,638.18,1136.46,2022-02-11,Active
2193,PRD02193,Home & Kitchen Kitchen Appliances Product 2193,Home & Kitchen,Kitchen Appliances,XBrand,Supplier E,1921.94,2772.7,2024-02-22,Active
2194,PRD02194,Grocery & FMCG Staples Product 2194,Grocery & FMCG,Staples,Orion,Supplier F,63.05,71.41,2022-11-25,Active
2195,PRD02195,Sports & Lifestyle Sports Equipment Product 2195,Sports & Lifestyle,Sports Equipment,Urban,Supplier E,4578.52,5749.25,2022-01-11,Active
2196,PRD02196,Grocery & FMCG Household Care Product 2196,Grocery & FMCG,Household Care,XBrand,Supplier B,1490.63,1782.1,2024-11-16,Active
2197,PRD02197,Grocery & FMCG Staples Product 2197,Grocery & FMCG,Staples,XBrand,Supplier B,209.13,238.95,2021-07-01,Active
2198,PRD02198,Home & Kitchen Furniture Product 2198,Home & Kitchen,Furniture,Vertex,Supplier E,22566.78,32793.94,2021-02-05,Active
2199,PRD02199,Home & Kitchen Storage Product 2199,Home & Kitchen,Storage,XBrand,Supplier F,856.8,1120.11,2024-05-20,Active
2200,PRD02200,Sports & Lifestyle Fitness Product 2200,Sports & Lifestyle,Fitness,XBrand,Supplier F,5007.66,7285.34,2021-05-14,Inactive
2201,PRD02201,Electronics Wearables Product 2201,Electronics,Wearables,Nova,Supplier B,1637.53,1868.03,2023-05-15,Active
2202,PRD02202,Beauty & Personal Care Haircare Product 2202,Beauty & Personal Care,Haircare,Orion,Supplier F,3642.71,6302.75,2023-07-13,Active
2203,PRD02203,Beauty & Personal Care Cosmetics Product 2203,Beauty & Personal Care,Cosmetics,Zenith,Supplier D,5232.55,9373.19,2022-11-21,Active
2204,PRD02204,Beauty & Personal Care Haircare Product 2204,Beauty & Personal Care,Haircare,Prime,Supplier F,5324.46,7650.6,2022-05-06,Active
2205,PRD02205,Sports & Lifestyle Lifestyle Accessories Product 2205,Sports & Lifestyle,Lifestyle Accessories,XBrand,Supplier E,9476.15,11905.36,2023-04-21,Active
2206,PRD02206,Home & Kitchen Cookware Product 2206,Home & Kitchen,Cookware,Zenith,Supplier C,8223.05,11108.9,2023-09-15,Active
2207,PRD02207,Home & Kitchen Home Decor Product 2207,Home & Kitchen,Home Decor,Prime,Supplier E,1071.93,1591.84,2025-01-01,Active
2208,PRD02208,Electronics Audio Product 2208,Electronics,Audio,Zenith,Supplier A,64131.86,69945.92,2023-04-19,Active
2209,PRD02209,Fashion Footwear Product 2209,Fashion,Footwear,XBrand,Supplier D,2199.43,3251.52,2023-12-06,Active
2210,PRD02210,Home & Kitchen Cookware Product 2210,Home & Kitchen,Cookware,Prime,Supplier C,1632.74,2406.21,2022-10-30,Active
2211,PRD02211,Home & Kitchen Furniture Product 2211,Home & Kitchen,Furniture,Urban,Supplier B,841.56,1275.7,2024-11-25,Active
2212,PRD02212,Grocery & FMCG Beverages Product 2212,Grocery & FMCG,Beverages,Urban,Supplier A,52.14,61.07,2025-02-20,Active
2213,PRD02213,Sports & Lifestyle Outdoor Product 2213,Sports & Lifestyle,Outdoor,Prime,Supplier A,5268.14,7028.3,2023-10-17,Active
2214,PRD02214,Electronics Televisions Product 2214,Electronics,Televisions,Orion,Supplier D,3512.91,4374.03,2022-03-08,Active
2215,PRD02215,Fashion Footwear Product 2215,Fashion,Footwear,XBrand,Supplier C,4038.6,5902.83,2024-12-22,Active
2216,PRD02216,Sports & Lifestyle Lifestyle Accessories Product 2216,Sports & Lifestyle,Lifestyle Accessories,Nova,Supplier A,2660.76,3378.05,2023-01-18,Active
2217,PRD02217,Electronics Laptops Product 2217,Electronics,Laptops,Zenith,Supplier C,2030.35,2383.09,2023-04-08,Active
2218,PRD02218,Electronics Televisions Product 2218,Electronics,Televisions,Orion,Supplier C,1004.96,1253.18,2022-06-01,Active
2219,PRD02219,Electronics Wearables Product 2219,Electronics,Wearables,Prime,Supplier F,27004.25,34274.08,2022-04-07,Active
2220,PRD02220,Beauty & Personal Care Cosmetics Product 2220,Beauty & Personal Care,Cosmetics,Orion,Supplier A,1251.18,2429.94,2023-08-24,Active
2221,PRD02221,Electronics Wearables Product 2221,Electronics,Wearables,Zenith,Supplier C,12174.36,14563.16,2021-06-30,Active
2222,PRD02222,Sports & Lifestyle Sports Equipment Product 2222,Sports & Lifestyle,Sports Equipment,Apex,Supplier D,23774.62,35401.33,2021-05-25,Active
2223,PRD02223,Fashion Womens Apparel Product 2223,Fashion,Womens Apparel,Nova,Supplier A,204.15,337.3,2024-07-12,Active
2224,PRD02224,Fashion Womens Apparel Product 2224,Fashion,Womens Apparel,Zenith,Supplier D,6121.4,10359.73,2023-01-05,Active
2225,PRD02225,Home & Kitchen Furniture Product 2225,Home & Kitchen,Furniture,Apex,Supplier D,4656.11,6596.19,2022-02-10,Active
2226,PRD02226,Fashion Mens Apparel Product 2226,Fashion,Mens Apparel,Zenith,Supplier C,10564.42,14434.88,2023-03-24,Inactive
2227,PRD02227,Beauty & Personal Care Cosmetics Product 2227,Beauty & Personal Care,Cosmetics,Zenith,Supplier C,1462.19,2152.97,2023-08-27,Active
2228,PRD02228,Grocery & FMCG Household Care Product 2228,Grocery & FMCG,Household Care,Prime,Supplier F,917.76,1068.11,2023-08-13,Active
2229,PRD02229,Grocery & FMCG Staples Product 2229,Grocery & FMCG,Staples,XBrand,Supplier F,46.68,51.9,2022-04-29,Active
2230,PRD02230,Beauty & Personal Care Personal Hygiene Product 2230,Beauty & Personal Care,Personal Hygiene,Orion,Supplier A,1252.27,1744.25,2022-04-27,Active
2231,PRD02231,Sports & Lifestyle Outdoor Product 2231,Sports & Lifestyle,Outdoor,Orion,Supplier F,514.03,812.12,2024-06-14,Inactive
2232,PRD02232,Grocery & FMCG Snacks Product 2232,Grocery & FMCG,Snacks,Apex,Supplier B,133.03,152.7,2025-03-29,Active
2233,PRD02233,Grocery & FMCG Staples Product 2233,Grocery & FMCG,Staples,Orion,Supplier A,6224.01,6936.49,2021-12-05,Active
2234,PRD02234,Electronics Televisions Product 2234,Electronics,Televisions,Prime,Supplier D,5129.97,6142.98,2021-09-25,Active
2235,PRD02235,Electronics Smartphones Product 2235,Electronics,Smartphones,Nova,Supplier F,33077.85,41671.91,2021-09-23,Active
2236,PRD02236,Home & Kitchen Storage Product 2236,Home & Kitchen,Storage,XBrand,Supplier F,33153.69,48190.52,2022-06-12,Active
2237,PRD02237,Beauty & Personal Care Haircare Product 2237,Beauty & Personal Care,Haircare,Apex,Supplier F,211.23,283.98,2024-01-21,Active
2238,PRD02238,Fashion Kids Apparel Product 2238,Fashion,Kids Apparel,Orion,Supplier C,969.61,1343.53,2024-06-25,Active
2239,PRD02239,Fashion Kids Apparel Product 2239,Fashion,Kids Apparel,Prime,Supplier D,2981.66,4826.46,2023-11-09,Active
2240,PRD02240,Grocery & FMCG Snacks Product 2240,Grocery & FMCG,Snacks,XBrand,Supplier F,21.98,26.29,2023-05-22,Active
2241,PRD02241,Grocery & FMCG Staples Product 2241,Grocery & FMCG,Staples,XBrand,Supplier E,82.28,93.84,2024-11-14,Active
2242,PRD02242,Sports & Lifestyle Lifestyle Accessories Product 2242,Sports & Lifestyle,Lifestyle Accessories,Urban,Supplier E,4909.21,6874.52,2024-11-12,Active
2243,PRD02243,Home & Kitchen Home Decor Product 2243,Home & Kitchen,Home Decor,XBrand,Supplier D,2269.53,2805.89,2023-07-15,Active
2244,PRD02244,Beauty & Personal Care Haircare Product 2244,Beauty & Personal Care,Haircare,Zenith,Supplier F,352.79,631.36,2024-01-24,Active
2245,PRD02245,Home & Kitchen Storage Product 2245,Home & Kitchen,Storage,Prime,Supplier B,36064.49,48104.87,2022-03-06,Active
2246,PRD02246,Home & Kitchen Storage Product 2246,Home & Kitchen,Storage,Nova,Supplier B,1767.71,2523.31,2023-03-06,Active
2247,PRD02247,Electronics Audio Product 2247,Electronics,Audio,Vertex,Supplier A,98118.39,111168.27,2023-07-30,Active
2248,PRD02248,Home & Kitchen Home Decor Product 2248,Home & Kitchen,Home Decor,Urban,Supplier A,1908.02,2786.72,2023-11-27,Inactive
2249,PRD02249,Fashion Mens Apparel Product 2249,Fashion,Mens Apparel,Prime,Supplier F,2368.47,3253.92,2024-11-17,Active
2250,PRD02250,Grocery & FMCG Packaged Food Product 2250,Grocery & FMCG,Packaged Food,Prime,Supplier A,891.55,989.15,2024-08-07,Active
2251,PRD02251,Electronics Televisions Product 2251,Electronics,Televisions,Prime,Supplier C,9769.62,11549.03,2021-10-30,Active
2252,PRD02252,Grocery & FMCG Household Care Product 2252,Grocery & FMCG,Household Care,Apex,Supplier B,4048.22,4633.15,2022-02-05,Active
2253,PRD02253,Fashion Accessories Product 2253,Fashion,Accessories,Orion,Supplier D,628.48,892.98,2023-04-03,Active
2254,PRD02254,Home & Kitchen Storage Product 2254,Home & Kitchen,Storage,Apex,Supplier F,29767.96,37636.75,2021-12-10,Inactive
2255,PRD02255,Fashion Womens Apparel Product 2255,Fashion,Womens Apparel,Zenith,Supplier F,1128.89,1584.26,2023-05-13,Active
2256,PRD02256,Home & Kitchen Cookware Product 2256,Home & Kitchen,Cookware,Nova,Supplier E,15190.57,20545.66,2022-06-02,Active
2257,PRD02257,Beauty & Personal Care Skincare Product 2257,Beauty & Personal Care,Skincare,Zenith,Supplier B,330.23,500.56,2024-11-01,Active
2258,PRD02258,Fashion Kids Apparel Product 2258,Fashion,Kids Apparel,Prime,Supplier B,5376.02,8409.95,2021-06-14,Active
2259,PRD02259,Electronics Smartphones Product 2259,Electronics,Smartphones,Orion,Supplier B,27208.12,34249.27,2023-11-03,Active
2260,PRD02260,Electronics Smartphones Product 2260,Electronics,Smartphones,Zenith,Supplier A,78381.28,89680.2,2021-01-25,Active
2261,PRD02261,Fashion Kids Apparel Product 2261,Fashion,Kids Apparel,Apex,Supplier C,9277.03,12451.98,2024-02-21,Active
2262,PRD02262,Sports & Lifestyle Outdoor Product 2262,Sports & Lifestyle,Outdoor,Apex,Supplier D,911.51,1468.19,2021-05-09,Inactive
2263,PRD02263,Home & Kitchen Cookware Product 2263,Home & Kitchen,Cookware,Apex,Supplier A,799.05,1032.93,2023-03-28,Inactive
2264,PRD02264,Grocery & FMCG Household Care Product 2264,Grocery & FMCG,Household Care,Nova,Supplier C,112.64,131.16,2023-10-15,Active
2265,PRD02265,Beauty & Personal Care Personal Hygiene Product 2265,Beauty & Personal Care,Personal Hygiene,Nova,Supplier B,425.41,748.54,2022-08-18,Active
2266,PRD02266,Sports & Lifestyle Lifestyle Accessories Product 2266,Sports & Lifestyle,Lifestyle Accessories,Prime,Supplier C,15238.55,22909.6,2024-08-25,Active
2267,PRD02267,Grocery & FMCG Staples Product 2267,Grocery & FMCG,Staples,Urban,Supplier A,58.92,71.27,2022-03-12,Active
2268,PRD02268,Fashion Accessories Product 2268,Fashion,Accessories,Zenith,Supplier B,606.41,842.21,2021-07-01,Active
2269,PRD02269,Beauty & Personal Care Haircare Product 2269,Beauty & Personal Care,Haircare,Prime,Supplier A,91.35,149.96,2022-09-08,Active
2270,PRD02270,Grocery & FMCG Beverages Product 2270,Grocery & FMCG,Beverages,Apex,Supplier D,36.75,40.56,2023-01-14,Active
2271,PRD02271,Fashion Accessories Product 2271,Fashion,Accessories,Vertex,Supplier B,671.43,967.94,2021-02-12,Active
2272,PRD02272,Home & Kitchen Kitchen Appliances Product 2272,Home & Kitchen,Kitchen Appliances,Zenith,Supplier C,5077.86,7454.8,2022-02-08,Active
2273,PRD02273,Electronics Accessories Product 2273,Electronics,Accessories,Orion,Supplier A,37983.4,43004.02,2022-08-28,Active
2274,PRD02274,Grocery & FMCG Staples Product 2274,Grocery & FMCG,Staples,Apex,Supplier E,75.64,91.86,2022-10-18,Active
2275,PRD02275,Grocery & FMCG Staples Product 2275,Grocery & FMCG,Staples,XBrand,Supplier C,17.51,21.05,2021-09-20,Active
2276,PRD02276,Electronics Accessories Product 2276,Electronics,Accessories,Vertex,Supplier C,1789.88,2273.2,2021-03-11,Active
2277,PRD02277,Beauty & Personal Care Skincare Product 2277,Beauty & Personal Care,Skincare,Vertex,Supplier B,307.51,480.56,2022-10-23,Active
2278,PRD02278,Fashion Kids Apparel Product 2278,Fashion,Kids Apparel,Orion,Supplier F,3013.77,4765.11,2024-08-08,Inactive
2279,PRD02279,Electronics Accessories Product 2279,Electronics,Accessories,Prime,Supplier C,3555.88,4220.81,2024-05-22,Active
2280,PRD02280,Sports & Lifestyle Outdoor Product 2280,Sports & Lifestyle,Outdoor,Apex,Supplier A,7590.86,9590.08,2023-05-22,Active
2281,PRD02281,Home & Kitchen Cookware Product 2281,Home & Kitchen,Cookware,Apex,Supplier E,157.94,212.82,2023-04-02,Active
2282,PRD02282,Electronics Wearables Product 2282,Electronics,Wearables,Urban,Supplier D,1317.6,1593.25,2021-05-27,Active
2283,PRD02283,Beauty & Personal Care Haircare Product 2283,Beauty & Personal Care,Haircare,XBrand,Supplier E,170.63,265.87,2021-01-25,Active
2284,PRD02284,Grocery & FMCG Household Care Product 2284,Grocery & FMCG,Household Care,Prime,Supplier A,59.11,68.32,2024-09-08,Active
2285,PRD02285,Electronics Accessories Product 2285,Electronics,Accessories,Nova,Supplier B,1344.8,1466.9,2024-02-07,Active
2286,PRD02286,Beauty & Personal Care Skincare Product 2286,Beauty & Personal Care,Skincare,Prime,Supplier A,64.11,125.35,2022-11-24,Active
2287,PRD02287,Fashion Womens Apparel Product 2287,Fashion,Womens Apparel,Zenith,Supplier F,317.5,521.94,2021-09-08,Active
2288,PRD02288,Electronics Audio Product 2288,Electronics,Audio,Zenith,Supplier F,1031.72,1140.2,2022-04-27,Active
2289,PRD02289,Electronics Audio Product 2289,Electronics,Audio,Vertex,Supplier F,9804.47,11468.31,2022-12-16,Active
2290,PRD02290,Fashion Mens Apparel Product 2290,Fashion,Mens Apparel,Prime,Supplier C,6962.19,12409.59,2023-03-27,Active
2291,PRD02291,Home & Kitchen Furniture Product 2291,Home & Kitchen,Furniture,Urban,Supplier B,15312.53,21337.26,2022-11-13,Active
2292,PRD02292,Sports & Lifestyle Lifestyle Accessories Product 2292,Sports & Lifestyle,Lifestyle Accessories,Prime,Supplier F,1619.23,2221.88,2021-06-24,Active
2293,PRD02293,Grocery & FMCG Staples Product 2293,Grocery & FMCG,Staples,Urban,Supplier D,6187.89,7197.65,2024-10-02,Active
2294,PRD02294,Sports & Lifestyle Outdoor Product 2294,Sports & Lifestyle,Outdoor,Vertex,Supplier D,3233.92,4291.18,2024-04-08,Active
2295,PRD02295,Home & Kitchen Storage Product 2295,Home & Kitchen,Storage,Urban,Supplier A,173.6,263.31,2021-01-02,Active
2296,PRD02296,Sports & Lifestyle Sports Equipment Product 2296,Sports & Lifestyle,Sports Equipment,Orion,Supplier F,747.51,1050.63,2022-10-01,Active
2297,PRD02297,Fashion Kids Apparel Product 2297,Fashion,Kids Apparel,Orion,Supplier C,272.89,468.39,2022-12-07,Active
2298,PRD02298,Home & Kitchen Cookware Product 2298,Home & Kitchen,Cookware,Zenith,Supplier D,159.29,234.86,2021-12-28,Active
2299,PRD02299,Electronics Televisions Product 2299,Electronics,Televisions,Apex,Supplier E,1325.38,1665.29,2024-08-12,Active
2300,PRD02300,Electronics Audio Product 2300,Electronics,Audio,Nova,Supplier B,32695.18,36451.66,2022-07-24,Active
2301,PRD02301,Beauty & Personal Care Grooming Product 2301,Beauty & Personal Care,Grooming,Vertex,Supplier E,905.74,1348.16,2022-08-13,Active
2302,PRD02302,Fashion Womens Apparel Product 2302,Fashion,Womens Apparel,Zenith,Supplier D,347.37,600.82,2021-07-21,Active
2303,PRD02303,Home & Kitchen Home Decor Product 2303,Home & Kitchen,Home Decor,Urban,Supplier D,1682.99,2237.29,2023-10-02,Active
2304,PRD02304,Beauty & Personal Care Cosmetics Product 2304,Beauty & Personal Care,Cosmetics,XBrand,Supplier A,141.87,216.85,2024-08-05,Active
2305,PRD02305,Home & Kitchen Cookware Product 2305,Home & Kitchen,Cookware,Vertex,Supplier A,28091.35,37046.73,2023-12-22,Active
2306,PRD02306,Beauty & Personal Care Haircare Product 2306,Beauty & Personal Care,Haircare,XBrand,Supplier F,4106.49,7998.27,2025-03-06,Active
2307,PRD02307,Home & Kitchen Home Decor Product 2307,Home & Kitchen,Home Decor,Nova,Supplier B,374.76,474.46,2021-05-06,Active
2308,PRD02308,Grocery & FMCG Beverages Product 2308,Grocery & FMCG,Beverages,Urban,Supplier F,3751.47,4259.53,2023-09-19,Active
2309,PRD02309,Grocery & FMCG Snacks Product 2309,Grocery & FMCG,Snacks,Vertex,Supplier A,18.34,20.55,2021-02-18,Active
2310,PRD02310,Fashion Accessories Product 2310,Fashion,Accessories,Vertex,Supplier C,1831.69,3103.78,2023-04-26,Inactive
2311,PRD02311,Home & Kitchen Home Decor Product 2311,Home & Kitchen,Home Decor,Nova,Supplier B,354.79,442.82,2021-06-28,Active
2312,PRD02312,Home & Kitchen Furniture Product 2312,Home & Kitchen,Furniture,Apex,Supplier C,34713.48,50141.9,2022-05-08,Active
2313,PRD02313,Grocery & FMCG Staples Product 2313,Grocery & FMCG,Staples,XBrand,Supplier F,658.71,781.32,2024-12-27,Active
2314,PRD02314,Home & Kitchen Storage Product 2314,Home & Kitchen,Storage,Vertex,Supplier A,1799.74,2604.3,2022-07-26,Active
2315,PRD02315,Home & Kitchen Kitchen Appliances Product 2315,Home & Kitchen,Kitchen Appliances,Prime,Supplier B,1440.05,1849.76,2021-10-29,Active
2316,PRD02316,Electronics Smartphones Product 2316,Electronics,Smartphones,XBrand,Supplier F,31269.32,36307.07,2023-08-22,Active
2317,PRD02317,Fashion Womens Apparel Product 2317,Fashion,Womens Apparel,Zenith,Supplier D,9484.17,13945.19,2023-09-17,Active
2318,PRD02318,Fashion Womens Apparel Product 2318,Fashion,Womens Apparel,Urban,Supplier F,6220.39,11040.66,2024-04-07,Active
2319,PRD02319,Grocery & FMCG Packaged Food Product 2319,Grocery & FMCG,Packaged Food,Nova,Supplier E,75.54,89.9,2023-09-04,Active
2320,PRD02320,Home & Kitchen Storage Product 2320,Home & Kitchen,Storage,Zenith,Supplier D,1773.63,2671.05,2021-09-26,Active
2321,PRD02321,Fashion Womens Apparel Product 2321,Fashion,Womens Apparel,XBrand,Supplier C,1047.24,1742.09,2024-10-19,Active
2322,PRD02322,Grocery & FMCG Staples Product 2322,Grocery & FMCG,Staples,Prime,Supplier D,326.78,364.22,2022-09-16,Active
2323,PRD02323,Grocery & FMCG Staples Product 2323,Grocery & FMCG,Staples,Orion,Supplier F,60.58,69.04,2021-04-10,Active
2324,PRD02324,Fashion Accessories Product 2324,Fashion,Accessories,Prime,Supplier D,3622.18,5758.77,2021-08-03,Active
2325,PRD02325,Fashion Womens Apparel Product 2325,Fashion,Womens Apparel,Zenith,Supplier E,3073.96,4432.31,2022-09-17,Active
2326,PRD02326,Home & Kitchen Home Decor Product 2326,Home & Kitchen,Home Decor,Nova,Supplier F,2900.17,3569.64,2021-04-07,Active
2327,PRD02327,Sports & Lifestyle Sports Equipment Product 2327,Sports & Lifestyle,Sports Equipment,Zenith,Supplier E,9149.8,15198.45,2023-03-30,Active
2328,PRD02328,Electronics Laptops Product 2328,Electronics,Laptops,Nova,Supplier D,6175.43,6723.64,2022-09-22,Active
2329,PRD02329,Sports & Lifestyle Lifestyle Accessories Product 2329,Sports & Lifestyle,Lifestyle Accessories,Orion,Supplier E,327.84,489.69,2022-07-02,Active
2330,PRD02330,Beauty & Personal Care Skincare Product 2330,Beauty & Personal Care,Skincare,XBrand,Supplier D,923.03,1669.03,2021-12-03,Active
2331,PRD02331,Fashion Footwear Product 2331,Fashion,Footwear,Urban,Supplier B,482.56,807.94,2021-12-25,Active
2332,PRD02332,Electronics Wearables Product 2332,Electronics,Wearables,Apex,Supplier D,25622.46,29289.3,2024-08-06,Active
2333,PRD02333,Fashion Kids Apparel Product 2333,Fashion,Kids Apparel,Prime,Supplier A,1823.44,2530.64,2024-11-20,Active
2334,PRD02334,Fashion Footwear Product 2334,Fashion,Footwear,Nova,Supplier E,1009.14,1758.82,2023-03-27,Inactive
2335,PRD02335,Electronics Laptops Product 2335,Electronics,Laptops,Apex,Supplier E,5815.24,7246.76,2021-12-26,Inactive
2336,PRD02336,Beauty & Personal Care Haircare Product 2336,Beauty & Personal Care,Haircare,Zenith,Supplier C,1059.44,1509.1,2023-10-12,Active
2337,PRD02337,Sports & Lifestyle Lifestyle Accessories Product 2337,Sports & Lifestyle,Lifestyle Accessories,Apex,Supplier C,3031.21,4337.71,2021-12-13,Active
2338,PRD02338,Fashion Kids Apparel Product 2338,Fashion,Kids Apparel,Apex,Supplier A,1033.97,1424.06,2024-02-22,Inactive
2339,PRD02339,Beauty & Personal Care Personal Hygiene Product 2339,Beauty & Personal Care,Personal Hygiene,Urban,Supplier E,495.76,677.44,2022-07-06,Active
2340,PRD02340,Electronics Televisions Product 2340,Electronics,Televisions,Nova,Supplier E,1154.77,1339.99,2022-06-22,Active
2341,PRD02341,Fashion Kids Apparel Product 2341,Fashion,Kids Apparel,Zenith,Supplier C,558.36,988.43,2022-10-16,Active
2342,PRD02342,Electronics Wearables Product 2342,Electronics,Wearables,Prime,Supplier C,4648.38,5711.24,2022-02-26,Active
2343,PRD02343,Beauty & Personal Care Haircare Product 2343,Beauty & Personal Care,Haircare,Nova,Supplier D,656.66,1144.05,2021-12-02,Active
2344,PRD02344,Sports & Lifestyle Sports Equipment Product 2344,Sports & Lifestyle,Sports Equipment,XBrand,Supplier F,483.54,790.59,2025-03-07,Active
2345,PRD02345,Beauty & Personal Care Cosmetics Product 2345,Beauty & Personal Care,Cosmetics,Zenith,Supplier E,619.81,1143.21,2021-02-26,Active
2346,PRD02346,Electronics Laptops Product 2346,Electronics,Laptops,Prime,Supplier E,4893.37,5401.25,2023-10-14,Active
2347,PRD02347,Home & Kitchen Kitchen Appliances Product 2347,Home & Kitchen,Kitchen Appliances,Zenith,Supplier D,9257.05,11307.27,2023-07-01,Active
2348,PRD02348,Fashion Kids Apparel Product 2348,Fashion,Kids Apparel,Nova,Supplier E,1367.75,1922.51,2022-12-18,Active
2349,PRD02349,Fashion Womens Apparel Product 2349,Fashion,Womens Apparel,Prime,Supplier A,1932.3,3487.17,2024-01-05,Active
2350,PRD02350,Grocery & FMCG Packaged Food Product 2350,Grocery & FMCG,Packaged Food,XBrand,Supplier C,300.48,358.46,2025-01-29,Active
2351,PRD02351,Grocery & FMCG Snacks Product 2351,Grocery & FMCG,Snacks,Vertex,Supplier C,408.56,469.38,2021-10-12,Active
2352,PRD02352,Beauty & Personal Care Haircare Product 2352,Beauty & Personal Care,Haircare,Prime,Supplier F,3826.25,7253.43,2022-12-23,Active
2353,PRD02353,Fashion Mens Apparel Product 2353,Fashion,Mens Apparel,Vertex,Supplier C,4479.01,6484.28,2022-01-21,Inactive
2354,PRD02354,Home & Kitchen Home Decor Product 2354,Home & Kitchen,Home Decor,Apex,Supplier B,4086.54,5226.18,2023-08-08,Active
2355,PRD02355,Electronics Accessories Product 2355,Electronics,Accessories,Orion,Supplier A,6955.97,8162.27,2023-02-09,Active
2356,PRD02356,Home & Kitchen Home Decor Product 2356,Home & Kitchen,Home Decor,Zenith,Supplier A,19462.83,29150.15,2024-07-06,Active
2357,PRD02357,Fashion Mens Apparel Product 2357,Fashion,Mens Apparel,Urban,Supplier D,1131.63,1516.0,2025-02-09,Active
2358,PRD02358,Beauty & Personal Care Cosmetics Product 2358,Beauty & Personal Care,Cosmetics,XBrand,Supplier B,3732.62,5283.78,2023-04-20,Active
2359,PRD02359,Beauty & Personal Care Cosmetics Product 2359,Beauty & Personal Care,Cosmetics,Prime,Supplier E,1298.81,1746.28,2021-01-11,Active
2360,PRD02360,Electronics Laptops Product 2360,Electronics,Laptops,XBrand,Supplier F,5058.6,6469.08,2023-08-30,Active
2361,PRD02361,Fashion Footwear Product 2361,Fashion,Footwear,Apex,Supplier A,295.04,443.5,2022-11-03,Active
2362,PRD02362,Electronics Televisions Product 2362,Electronics,Televisions,Vertex,Supplier B,3164.44,3989.02,2021-09-17,Active
2363,PRD02363,Electronics Televisions Product 2363,Electronics,Televisions,Urban,Supplier B,67114.72,75688.55,2022-01-28,Inactive
2364,PRD02364,Grocery & FMCG Staples Product 2364,Grocery & FMCG,Staples,XBrand,Supplier A,28.4,33.12,2022-08-23,Inactive
2365,PRD02365,Electronics Wearables Product 2365,Electronics,Wearables,Vertex,Supplier D,3839.09,4648.32,2024-10-24,Inactive
2366,PRD02366,Fashion Kids Apparel Product 2366,Fashion,Kids Apparel,Apex,Supplier B,245.26,339.07,2024-04-22,Active
2367,PRD02367,Electronics Accessories Product 2367,Electronics,Accessories,Apex,Supplier C,25856.24,29043.21,2023-11-06,Active
2368,PRD02368,Grocery & FMCG Packaged Food Product 2368,Grocery & FMCG,Packaged Food,Apex,Supplier B,3772.65,4126.99,2023-01-26,Active
2369,PRD02369,Fashion Womens Apparel Product 2369,Fashion,Womens Apparel,Zenith,Supplier E,382.53,695.15,2025-03-10,Active
2370,PRD02370,Home & Kitchen Furniture Product 2370,Home & Kitchen,Furniture,Orion,Supplier A,1871.08,2671.07,2024-01-15,Active
2371,PRD02371,Fashion Kids Apparel Product 2371,Fashion,Kids Apparel,Zenith,Supplier E,383.93,611.33,2022-12-12,Active
2372,PRD02372,Grocery & FMCG Snacks Product 2372,Grocery & FMCG,Snacks,Vertex,Supplier D,1619.76,1822.92,2023-10-31,Inactive
2373,PRD02373,Sports & Lifestyle Fitness Product 2373,Sports & Lifestyle,Fitness,Prime,Supplier F,10965.96,16142.64,2022-04-22,Active
2374,PRD02374,Home & Kitchen Cookware Product 2374,Home & Kitchen,Cookware,Nova,Supplier C,1488.26,2052.21,2024-04-02,Active
2375,PRD02375,Grocery & FMCG Household Care Product 2375,Grocery & FMCG,Household Care,XBrand,Supplier A,651.02,720.59,2021-01-24,Active
2376,PRD02376,Sports & Lifestyle Lifestyle Accessories Product 2376,Sports & Lifestyle,Lifestyle Accessories,Orion,Supplier B,1231.78,1684.34,2021-11-08,Active
2377,PRD02377,Sports & Lifestyle Sports Equipment Product 2377,Sports & Lifestyle,Sports Equipment,Nova,Supplier C,1080.54,1668.07,2024-06-15,Active
2378,PRD02378,Beauty & Personal Care Personal Hygiene Product 2378,Beauty & Personal Care,Personal Hygiene,Apex,Supplier B,472.67,917.95,2022-04-07,Active
2379,PRD02379,Beauty & Personal Care Cosmetics Product 2379,Beauty & Personal Care,Cosmetics,Nova,Supplier D,248.06,383.95,2025-01-25,Active
2380,PRD02380,Fashion Kids Apparel Product 2380,Fashion,Kids Apparel,Vertex,Supplier F,4173.95,6513.71,2024-06-15,Active
2381,PRD02381,Grocery & FMCG Staples Product 2381,Grocery & FMCG,Staples,Zenith,Supplier A,547.9,599.02,2021-01-22,Active
2382,PRD02382,Fashion Accessories Product 2382,Fashion,Accessories,Apex,Supplier D,990.78,1423.83,2021-06-29,Active
2383,PRD02383,Beauty & Personal Care Cosmetics Product 2383,Beauty & Personal Care,Cosmetics,Zenith,Supplier D,6708.5,9969.36,2023-03-02,Active
2384,PRD02384,Fashion Womens Apparel Product 2384,Fashion,Womens Apparel,Orion,Supplier F,5866.62,9543.04,2022-12-31,Active
2385,PRD02385,Grocery & FMCG Packaged Food Product 2385,Grocery & FMCG,Packaged Food,Apex,Supplier D,144.04,166.4,2025-03-03,Active
2386,PRD02386,Grocery & FMCG Beverages Product 2386,Grocery & FMCG,Beverages,Urban,Supplier D,3087.16,3712.03,2025-02-07,Active
2387,PRD02387,Electronics Wearables Product 2387,Electronics,Wearables,Urban,Supplier B,1614.19,1850.16,2023-01-19,Active
2388,PRD02388,Grocery & FMCG Packaged Food Product 2388,Grocery & FMCG,Packaged Food,Orion,Supplier E,147.09,160.62,2022-12-17,Active
2389,PRD02389,Fashion Womens Apparel Product 2389,Fashion,Womens Apparel,Vertex,Supplier B,1801.49,3111.19,2021-12-05,Active
2390,PRD02390,Grocery & FMCG Beverages Product 2390,Grocery & FMCG,Beverages,Vertex,Supplier F,181.24,214.23,2022-06-15,Active
2391,PRD02391,Fashion Footwear Product 2391,Fashion,Footwear,Nova,Supplier C,2356.38,3491.61,2022-11-23,Active
2392,PRD02392,Fashion Accessories Product 2392,Fashion,Accessories,Orion,Supplier F,315.89,519.44,2021-06-11,Active
2393,PRD02393,Sports & Lifestyle Sports Equipment Product 2393,Sports & Lifestyle,Sports Equipment,Zenith,Supplier F,12260.13,18496.67,2023-12-21,Active
2394,PRD02394,Home & Kitchen Home Decor Product 2394,Home & Kitchen,Home Decor,XBrand,Supplier F,173.5,221.52,2024-01-14,Active
2395,PRD02395,Grocery & FMCG Packaged Food Product 2395,Grocery & FMCG,Packaged Food,Orion,Supplier F,26.58,30.8,2022-05-05,Active
2396,PRD02396,Fashion Footwear Product 2396,Fashion,Footwear,Nova,Supplier D,4207.88,5780.97,2021-01-05,Active
2397,PRD02397,Fashion Accessories Product 2397,Fashion,Accessories,Vertex,Supplier F,5088.96,7965.22,2021-03-17,Active
2398,PRD02398,Home & Kitchen Furniture Product 2398,Home & Kitchen,Furniture,XBrand,Supplier C,8162.92,12465.1,2024-06-30,Active
2399,PRD02399,Beauty & Personal Care Cosmetics Product 2399,Beauty & Personal Care,Cosmetics,Orion,Supplier F,76.43,145.67,2021-01-07,Active
2400,PRD02400,Home & Kitchen Kitchen Appliances Product 2400,Home & Kitchen,Kitchen Appliances,Nova,Supplier B,319.27,423.89,2022-11-12,Inactive
2401,PRD02401,Electronics Televisions Product 2401,Electronics,Televisions,Prime,Supplier D,54660.28,68917.66,2022-04-18,Active
2402,PRD02402,Home & Kitchen Home Decor Product 2402,Home & Kitchen,Home Decor,Zenith,Supplier B,2980.54,4145.39,2024-03-07,Active
2403,PRD02403,Electronics Smartphones Product 2403,Electronics,Smartphones,Prime,Supplier D,26151.13,32550.02,2024-10-13,Active
2404,PRD02404,Sports & Lifestyle Sports Equipment Product 2404,Sports & Lifestyle,Sports Equipment,Zenith,Supplier B,241.84,379.07,2023-03-23,Active
2405,PRD02405,Sports & Lifestyle Lifestyle Accessories Product 2405,Sports & Lifestyle,Lifestyle Accessories,XBrand,Supplier A,1813.48,2554.65,2023-04-18,Active
2406,PRD02406,Fashion Accessories Product 2406,Fashion,Accessories,Urban,Supplier E,1018.97,1572.1,2022-08-26,Active
2407,PRD02407,Beauty & Personal Care Skincare Product 2407,Beauty & Personal Care,Skincare,Zenith,Supplier E,4756.48,7759.99,2024-04-01,Active
2408,PRD02408,Home & Kitchen Kitchen Appliances Product 2408,Home & Kitchen,Kitchen Appliances,XBrand,Supplier D,47689.55,60416.17,2021-11-14,Active
2409,PRD02409,Beauty & Personal Care Haircare Product 2409,Beauty & Personal Care,Haircare,Nova,Supplier A,1531.11,2799.42,2025-01-21,Active
2410,PRD02410,Grocery & FMCG Beverages Product 2410,Grocery & FMCG,Beverages,Apex,Supplier C,1169.84,1361.38,2024-06-30,Active
2411,PRD02411,Sports & Lifestyle Fitness Product 2411,Sports & Lifestyle,Fitness,Prime,Supplier A,2497.84,3978.63,2024-05-09,Active
2412,PRD02412,Fashion Kids Apparel Product 2412,Fashion,Kids Apparel,Apex,Supplier D,5413.5,7461.32,2024-04-03,Active
2413,PRD02413,Grocery & FMCG Beverages Product 2413,Grocery & FMCG,Beverages,Prime,Supplier A,3428.71,3902.5,2021-08-20,Active
2414,PRD02414,Home & Kitchen Storage Product 2414,Home & Kitchen,Storage,Nova,Supplier C,612.35,911.04,2021-11-24,Active
2415,PRD02415,Sports & Lifestyle Sports Equipment Product 2415,Sports & Lifestyle,Sports Equipment,Prime,Supplier D,1255.85,1967.41,2021-08-26,Active
2416,PRD02416,Electronics Audio Product 2416,Electronics,Audio,XBrand,Supplier E,2916.99,3172.54,2024-02-18,Active
2417,PRD02417,Beauty & Personal Care Haircare Product 2417,Beauty & Personal Care,Haircare,Apex,Supplier F,706.35,974.35,2023-08-08,Active
2418,PRD02418,Beauty & Personal Care Skincare Product 2418,Beauty & Personal Care,Skincare,Vertex,Supplier A,2191.87,3218.69,2023-06-14,Active
2419,PRD02419,Beauty & Personal Care Cosmetics Product 2419,Beauty & Personal Care,Cosmetics,Apex,Supplier E,558.65,767.12,2022-09-11,Active
2420,PRD02420,Electronics Audio Product 2420,Electronics,Audio,Nova,Supplier E,2904.57,3583.27,2021-09-07,Active
2421,PRD02421,Sports & Lifestyle Sports Equipment Product 2421,Sports & Lifestyle,Sports Equipment,Vertex,Supplier B,298.15,444.62,2024-09-21,Active
2422,PRD02422,Electronics Accessories Product 2422,Electronics,Accessories,Apex,Supplier C,80300.07,97354.33,2024-07-31,Active
2423,PRD02423,Beauty & Personal Care Haircare Product 2423,Beauty & Personal Care,Haircare,Zenith,Supplier F,3021.42,4180.41,2021-07-17,Active
2424,PRD02424,Home & Kitchen Furniture Product 2424,Home & Kitchen,Furniture,Orion,Supplier A,597.79,894.99,2022-02-20,Active
2425,PRD02425,Home & Kitchen Furniture Product 2425,Home & Kitchen,Furniture,Zenith,Supplier E,10308.5,14492.97,2023-01-02,Active
2426,PRD02426,Fashion Kids Apparel Product 2426,Fashion,Kids Apparel,Nova,Supplier E,2682.77,4021.18,2024-11-19,Active
2427,PRD02427,Fashion Mens Apparel Product 2427,Fashion,Mens Apparel,Orion,Supplier C,211.14,355.99,2023-07-27,Inactive
2428,PRD02428,Electronics Accessories Product 2428,Electronics,Accessories,Urban,Supplier F,23822.72,27901.75,2024-03-20,Active
2429,PRD02429,Electronics Accessories Product 2429,Electronics,Accessories,XBrand,Supplier F,77477.13,88754.48,2024-07-12,Inactive
2430,PRD02430,Fashion Accessories Product 2430,Fashion,Accessories,Zenith,Supplier E,544.68,946.55,2024-05-28,Active
2431,PRD02431,Grocery & FMCG Household Care Product 2431,Grocery & FMCG,Household Care,Prime,Supplier E,2459.5,2831.89,2024-05-24,Active
2432,PRD02432,Grocery & FMCG Staples Product 2432,Grocery & FMCG,Staples,Orion,Supplier E,40.49,45.07,2024-08-31,Active
2433,PRD02433,Electronics Laptops Product 2433,Electronics,Laptops,Prime,Supplier E,21482.04,24803.35,2021-08-04,Active
2434,PRD02434,Fashion Footwear Product 2434,Fashion,Footwear,Prime,Supplier B,4428.15,7907.28,2024-09-20,Inactive
2435,PRD02435,Electronics Smartphones Product 2435,Electronics,Smartphones,Urban,Supplier B,47020.71,54224.83,2024-10-14,Active
2436,PRD02436,Electronics Smartphones Product 2436,Electronics,Smartphones,XBrand,Supplier F,43209.37,49620.42,2024-03-30,Active
2437,PRD02437,Beauty & Personal Care Personal Hygiene Product 2437,Beauty & Personal Care,Personal Hygiene,Apex,Supplier D,158.77,214.07,2023-03-26,Active
2438,PRD02438,Beauty & Personal Care Grooming Product 2438,Beauty & Personal Care,Grooming,Orion,Supplier A,307.73,587.15,2022-09-02,Active
2439,PRD02439,Electronics Smartphones Product 2439,Electronics,Smartphones,Apex,Supplier C,2487.79,2791.86,2022-05-26,Active
2440,PRD02440,Home & Kitchen Kitchen Appliances Product 2440,Home & Kitchen,Kitchen Appliances,Zenith,Supplier D,54456.89,66756.9,2023-07-07,Active
2441,PRD02441,Electronics Audio Product 2441,Electronics,Audio,XBrand,Supplier B,42763.14,48871.7,2021-06-06,Inactive
2442,PRD02442,Grocery & FMCG Packaged Food Product 2442,Grocery & FMCG,Packaged Food,Vertex,Supplier B,20.91,25.25,2021-06-11,Active
2443,PRD02443,Sports & Lifestyle Fitness Product 2443,Sports & Lifestyle,Fitness,XBrand,Supplier B,287.81,417.33,2021-02-11,Active
2444,PRD02444,Electronics Wearables Product 2444,Electronics,Wearables,Prime,Supplier D,3055.48,3354.45,2024-04-18,Active
2445,PRD02445,Home & Kitchen Storage Product 2445,Home & Kitchen,Storage,Apex,Supplier B,214.86,268.45,2021-10-30,Active
2446,PRD02446,Grocery & FMCG Beverages Product 2446,Grocery & FMCG,Beverages,XBrand,Supplier D,26.3,31.16,2024-09-15,Active
2447,PRD02447,Sports & Lifestyle Fitness Product 2447,Sports & Lifestyle,Fitness,Apex,Supplier B,1911.53,2613.44,2023-10-11,Active
2448,PRD02448,Fashion Accessories Product 2448,Fashion,Accessories,XBrand,Supplier E,867.99,1538.42,2023-02-03,Active
2449,PRD02449,Electronics Laptops Product 2449,Electronics,Laptops,Nova,Supplier E,77071.22,94011.62,2024-12-23,Active
2450,PRD02450,Electronics Accessories Product 2450,Electronics,Accessories,Zenith,Supplier A,71786.58,82018.44,2024-10-05,Active
2451,PRD02451,Beauty & Personal Care Cosmetics Product 2451,Beauty & Personal Care,Cosmetics,Orion,Supplier B,342.91,574.8,2021-04-30,Active
2452,PRD02452,Fashion Mens Apparel Product 2452,Fashion,Mens Apparel,Prime,Supplier A,2246.2,3436.35,2024-01-04,Active
2453,PRD02453,Electronics Wearables Product 2453,Electronics,Wearables,XBrand,Supplier D,5088.98,6508.19,2022-11-05,Active
2454,PRD02454,Beauty & Personal Care Skincare Product 2454,Beauty & Personal Care,Skincare,Urban,Supplier A,2808.65,4379.92,2022-10-23,Active
2455,PRD02455,Electronics Audio Product 2455,Electronics,Audio,XBrand,Supplier B,31745.04,35981.44,2021-05-03,Active
2456,PRD02456,Grocery & FMCG Packaged Food Product 2456,Grocery & FMCG,Packaged Food,Nova,Supplier D,32.98,37.27,2022-10-15,Active
2457,PRD02457,Home & Kitchen Cookware Product 2457,Home & Kitchen,Cookware,Zenith,Supplier D,1822.27,2229.92,2024-04-20,Active
2458,PRD02458,Electronics Smartphones Product 2458,Electronics,Smartphones,Urban,Supplier E,49475.31,56886.95,2023-07-10,Inactive
2459,PRD02459,Beauty & Personal Care Skincare Product 2459,Beauty & Personal Care,Skincare,Urban,Supplier D,1054.93,1442.13,2023-10-11,Active
2460,PRD02460,Fashion Mens Apparel Product 2460,Fashion,Mens Apparel,Zenith,Supplier D,339.38,593.25,2023-02-28,Active
2461,PRD02461,Sports & Lifestyle Outdoor Product 2461,Sports & Lifestyle,Outdoor,XBrand,Supplier A,3062.5,5020.96,2021-09-14,Active
2462,PRD02462,Fashion Kids Apparel Product 2462,Fashion,Kids Apparel,Nova,Supplier F,10084.94,14926.77,2023-01-27,Active
2463,PRD02463,Home & Kitchen Home Decor Product 2463,Home & Kitchen,Home Decor,Urban,Supplier D,804.86,1194.01,2022-08-21,Active
2464,PRD02464,Beauty & Personal Care Haircare Product 2464,Beauty & Personal Care,Haircare,Orion,Supplier C,5888.04,9936.12,2024-07-16,Inactive
2465,PRD02465,Home & Kitchen Kitchen Appliances Product 2465,Home & Kitchen,Kitchen Appliances,Prime,Supplier F,16091.99,23420.05,2025-02-25,Active
2466,PRD02466,Sports & Lifestyle Fitness Product 2466,Sports & Lifestyle,Fitness,Vertex,Supplier E,897.55,1310.01,2024-04-18,Inactive
2467,PRD02467,Fashion Mens Apparel Product 2467,Fashion,Mens Apparel,Prime,Supplier E,4777.9,7802.22,2023-03-02,Active
2468,PRD02468,Fashion Mens Apparel Product 2468,Fashion,Mens Apparel,Apex,Supplier D,221.75,324.83,2024-03-18,Active
2469,PRD02469,Electronics Televisions Product 2469,Electronics,Televisions,Apex,Supplier A,1510.53,1702.23,2025-03-22,Active
2470,PRD02470,Fashion Footwear Product 2470,Fashion,Footwear,Nova,Supplier F,7693.98,10360.57,2024-03-17,Active
2471,PRD02471,Grocery & FMCG Snacks Product 2471,Grocery & FMCG,Snacks,Urban,Supplier E,69.69,78.39,2022-11-11,Active
2472,PRD02472,Grocery & FMCG Beverages Product 2472,Grocery & FMCG,Beverages,Prime,Supplier E,801.3,924.66,2023-10-30,Active
2473,PRD02473,Home & Kitchen Kitchen Appliances Product 2473,Home & Kitchen,Kitchen Appliances,Prime,Supplier C,583.51,736.68,2024-04-16,Active
2474,PRD02474,Home & Kitchen Home Decor Product 2474,Home & Kitchen,Home Decor,Vertex,Supplier D,604.73,823.25,2023-03-07,Active
2475,PRD02475,Grocery & FMCG Snacks Product 2475,Grocery & FMCG,Snacks,Nova,Supplier F,89.02,107.88,2024-11-19,Active
2476,PRD02476,Sports & Lifestyle Sports Equipment Product 2476,Sports & Lifestyle,Sports Equipment,Orion,Supplier E,1836.07,2329.33,2022-08-31,Active
2477,PRD02477,Electronics Audio Product 2477,Electronics,Audio,Urban,Supplier E,31773.04,36355.19,2021-11-27,Active
2478,PRD02478,Fashion Kids Apparel Product 2478,Fashion,Kids Apparel,Nova,Supplier E,2680.94,3862.57,2021-02-25,Active
2479,PRD02479,Home & Kitchen Storage Product 2479,Home & Kitchen,Storage,XBrand,Supplier E,4200.07,6098.25,2024-05-15,Inactive
2480,PRD02480,Grocery & FMCG Staples Product 2480,Grocery & FMCG,Staples,Prime,Supplier A,5714.53,6392.9,2021-04-15,Active
2481,PRD02481,Electronics Accessories Product 2481,Electronics,Accessories,Nova,Supplier B,3943.0,4611.68,2022-07-01,Inactive
2482,PRD02482,Home & Kitchen Furniture Product 2482,Home & Kitchen,Furniture,Nova,Supplier C,34467.38,51693.51,2023-03-04,Active
2483,PRD02483,Grocery & FMCG Staples Product 2483,Grocery & FMCG,Staples,Vertex,Supplier A,31.7,34.96,2024-10-10,Active
2484,PRD02484,Electronics Audio Product 2484,Electronics,Audio,Orion,Supplier C,9678.16,10693.23,2022-05-04,Active
2485,PRD02485,Fashion Accessories Product 2485,Fashion,Accessories,XBrand,Supplier E,833.36,1156.92,2025-03-07,Active
2486,PRD02486,Fashion Kids Apparel Product 2486,Fashion,Kids Apparel,Apex,Supplier C,2020.57,3607.51,2023-12-10,Active
2487,PRD02487,Home & Kitchen Kitchen Appliances Product 2487,Home & Kitchen,Kitchen Appliances,Prime,Supplier D,59323.37,78448.37,2024-01-16,Active
2488,PRD02488,Fashion Womens Apparel Product 2488,Fashion,Womens Apparel,Vertex,Supplier D,1806.06,3120.64,2021-10-30,Active
2489,PRD02489,Fashion Accessories Product 2489,Fashion,Accessories,Orion,Supplier B,289.88,473.59,2023-10-22,Active
2490,PRD02490,Electronics Televisions Product 2490,Electronics,Televisions,Orion,Supplier B,6053.64,6793.15,2024-11-05,Active
2491,PRD02491,Beauty & Personal Care Personal Hygiene Product 2491,Beauty & Personal Care,Personal Hygiene,Nova,Supplier C,464.33,635.19,2022-10-12,Active
2492,PRD02492,Grocery & FMCG Household Care Product 2492,Grocery & FMCG,Household Care,Prime,Supplier A,1347.73,1506.31,2022-10-10,Active
2493,PRD02493,Grocery & FMCG Beverages Product 2493,Grocery & FMCG,Beverages,Zenith,Supplier A,125.76,138.52,2024-10-17,Active
2494,PRD02494,Electronics Accessories Product 2494,Electronics,Accessories,Apex,Supplier E,62845.67,73856.33,2022-01-16,Active
2495,PRD02495,Electronics Laptops Product 2495,Electronics,Laptops,Zenith,Supplier A,13420.6,15971.59,2021-06-11,Active
2496,PRD02496,Home & Kitchen Kitchen Appliances Product 2496,Home & Kitchen,Kitchen Appliances,Zenith,Supplier B,1836.53,2332.78,2021-01-19,Active
2497,PRD02497,Home & Kitchen Kitchen Appliances Product 2497,Home & Kitchen,Kitchen Appliances,Zenith,Supplier A,13854.03,17352.23,2023-09-01,Active
2498,PRD02498,Fashion Womens Apparel Product 2498,Fashion,Womens Apparel,Orion,Supplier E,273.01,449.06,2021-08-31,Active
2499,PRD02499,Beauty & Personal Care Grooming Product 2499,Beauty & Personal Care,Grooming,Nova,Supplier D,174.76,259.55,2021-05-09,Active
2500,PRD02500,Electronics Wearables Product 2500,Electronics,Wearables,Orion,Supplier A,8241.84,9616.07,2024-04-14,Active
2501,PRD02501,Electronics Audio Product 2501,Electronics,Audio,XBrand,Supplier A,27166.38,32623.68,2022-02-13,Active
2502,PRD02502,Fashion Mens Apparel Product 2502,Fashion,Mens Apparel,Orion,Supplier B,2263.29,3727.48,2023-03-03,Active
2503,PRD02503,Beauty & Personal Care Personal Hygiene Product 2503,Beauty & Personal Care,Personal Hygiene,Prime,Supplier C,255.76,382.07,2023-08-01,Active
2504,PRD02504,Home & Kitchen Kitchen Appliances Product 2504,Home & Kitchen,Kitchen Appliances,Orion,Supplier D,2112.09,2751.08,2024-01-13,Active
2505,PRD02505,Beauty & Personal Care Haircare Product 2505,Beauty & Personal Care,Haircare,Orion,Supplier C,5097.88,9328.46,2024-10-31,Active
2506,PRD02506,Home & Kitchen Storage Product 2506,Home & Kitchen,Storage,Zenith,Supplier E,437.48,534.14,2021-08-10,Active
2507,PRD02507,Grocery & FMCG Snacks Product 2507,Grocery & FMCG,Snacks,Vertex,Supplier E,23.37,26.09,2024-09-10,Active
2508,PRD02508,Grocery & FMCG Beverages Product 2508,Grocery & FMCG,Beverages,XBrand,Supplier C,35.27,40.69,2025-01-14,Active
2509,PRD02509,Home & Kitchen Home Decor Product 2509,Home & Kitchen,Home Decor,Apex,Supplier B,23719.53,34140.97,2024-12-10,Active
2510,PRD02510,Home & Kitchen Home Decor Product 2510,Home & Kitchen,Home Decor,Apex,Supplier F,545.3,725.02,2022-03-21,Active
2511,PRD02511,Fashion Kids Apparel Product 2511,Fashion,Kids Apparel,Prime,Supplier B,1284.26,2184.26,2022-09-10,Inactive
2512,PRD02512,Home & Kitchen Kitchen Appliances Product 2512,Home & Kitchen,Kitchen Appliances,Apex,Supplier F,20284.92,30487.69,2024-09-10,Active
2513,PRD02513,Beauty & Personal Care Personal Hygiene Product 2513,Beauty & Personal Care,Personal Hygiene,Urban,Supplier F,598.54,1038.36,2022-06-07,Active
2514,PRD02514,Grocery & FMCG Beverages Product 2514,Grocery & FMCG,Beverages,Vertex,Supplier B,34.6,40.07,2021-06-15,Active
2515,PRD02515,Beauty & Personal Care Personal Hygiene Product 2515,Beauty & Personal Care,Personal Hygiene,Prime,Supplier F,200.3,311.96,2022-12-09,Active
2516,PRD02516,Grocery & FMCG Snacks Product 2516,Grocery & FMCG,Snacks,Orion,Supplier F,920.02,1028.76,2023-01-13,Active
2517,PRD02517,Fashion Mens Apparel Product 2517,Fashion,Mens Apparel,Urban,Supplier F,274.34,366.78,2024-06-15,Active
2518,PRD02518,Electronics Accessories Product 2518,Electronics,Accessories,Apex,Supplier D,824.45,897.28,2023-10-06,Active
2519,PRD02519,Grocery & FMCG Household Care Product 2519,Grocery & FMCG,Household Care,Orion,Supplier E,35.58,39.71,2023-07-02,Active
2520,PRD02520,Home & Kitchen Kitchen Appliances Product 2520,Home & Kitchen,Kitchen Appliances,Prime,Supplier F,489.08,749.84,2023-11-03,Active
2521,PRD02521,Beauty & Personal Care Grooming Product 2521,Beauty & Personal Care,Grooming,Zenith,Supplier E,291.87,406.43,2024-07-04,Active
2522,PRD02522,Home & Kitchen Storage Product 2522,Home & Kitchen,Storage,Urban,Supplier E,3534.94,5243.57,2025-03-18,Active
2523,PRD02523,Electronics Wearables Product 2523,Electronics,Wearables,Apex,Supplier D,24429.41,27806.56,2024-05-18,Active
2524,PRD02524,Sports & Lifestyle Outdoor Product 2524,Sports & Lifestyle,Outdoor,Nova,Supplier E,2570.13,3911.75,2025-02-16,Active
2525,PRD02525,Electronics Wearables Product 2525,Electronics,Wearables,Nova,Supplier C,29872.02,36134.72,2021-12-31,Active
2526,PRD02526,Sports & Lifestyle Lifestyle Accessories Product 2526,Sports & Lifestyle,Lifestyle Accessories,XBrand,Supplier A,12620.29,20160.89,2021-08-13,Active
2527,PRD02527,Sports & Lifestyle Sports Equipment Product 2527,Sports & Lifestyle,Sports Equipment,Nova,Supplier D,3061.82,4288.09,2023-09-23,Active
2528,PRD02528,Grocery & FMCG Household Care Product 2528,Grocery & FMCG,Household Care,Zenith,Supplier A,903.54,1077.98,2021-07-13,Active
2529,PRD02529,Beauty & Personal Care Grooming Product 2529,Beauty & Personal Care,Grooming,Urban,Supplier C,51.01,101.62,2024-05-04,Active
2530,PRD02530,Beauty & Personal Care Grooming Product 2530,Beauty & Personal Care,Grooming,Zenith,Supplier B,145.63,230.26,2024-11-24,Active
2531,PRD02531,Grocery & FMCG Staples Product 2531,Grocery & FMCG,Staples,Vertex,Supplier B,4051.77,4514.53,2021-02-26,Active
2532,PRD02532,Home & Kitchen Furniture Product 2532,Home & Kitchen,Furniture,Nova,Supplier F,2768.54,3471.69,2021-08-01,Active
2533,PRD02533,Fashion Mens Apparel Product 2533,Fashion,Mens Apparel,Prime,Supplier B,1003.49,1404.32,2024-07-26,Active
2534,PRD02534,Beauty & Personal Care Cosmetics Product 2534,Beauty & Personal Care,Cosmetics,Prime,Supplier D,348.18,530.25,2024-11-04,Active
2535,PRD02535,Fashion Kids Apparel Product 2535,Fashion,Kids Apparel,Prime,Supplier B,8047.48,14604.23,2021-04-27,Active
2536,PRD02536,Fashion Kids Apparel Product 2536,Fashion,Kids Apparel,Nova,Supplier D,283.45,468.66,2025-01-14,Active
2537,PRD02537,Home & Kitchen Storage Product 2537,Home & Kitchen,Storage,Orion,Supplier D,221.16,271.4,2022-08-22,Active
2538,PRD02538,Fashion Accessories Product 2538,Fashion,Accessories,Zenith,Supplier A,251.51,451.63,2022-02-14,Active
2539,PRD02539,Grocery & FMCG Beverages Product 2539,Grocery & FMCG,Beverages,Nova,Supplier B,6236.31,6924.56,2024-10-22,Active
2540,PRD02540,Home & Kitchen Kitchen Appliances Product 2540,Home & Kitchen,Kitchen Appliances,XBrand,Supplier E,408.78,524.67,2023-03-23,Active
2541,PRD02541,Sports & Lifestyle Lifestyle Accessories Product 2541,Sports & Lifestyle,Lifestyle Accessories,Vertex,Supplier B,2101.97,3063.83,2023-07-18,Active
2542,PRD02542,Beauty & Personal Care Cosmetics Product 2542,Beauty & Personal Care,Cosmetics,Orion,Supplier B,154.39,275.29,2024-02-11,Active
2543,PRD02543,Grocery & FMCG Packaged Food Product 2543,Grocery & FMCG,Packaged Food,Vertex,Supplier B,113.35,136.93,2024-04-02,Active
2544,PRD02544,Fashion Mens Apparel Product 2544,Fashion,Mens Apparel,Orion,Supplier F,2592.46,3911.79,2021-01-04,Active
2545,PRD02545,Grocery & FMCG Beverages Product 2545,Grocery & FMCG,Beverages,Orion,Supplier E,2271.59,2710.06,2021-01-23,Active
2546,PRD02546,Electronics Audio Product 2546,Electronics,Audio,Apex,Supplier E,3189.37,3655.69,2023-07-10,Active
2547,PRD02547,Grocery & FMCG Household Care Product 2547,Grocery & FMCG,Household Care,XBrand,Supplier D,6068.56,6716.53,2023-01-15,Active
2548,PRD02548,Electronics Audio Product 2548,Electronics,Audio,Urban,Supplier E,853.24,996.27,2022-08-25,Active
2549,PRD02549,Grocery & FMCG Beverages Product 2549,Grocery & FMCG,Beverages,Prime,Supplier D,2450.27,2907.18,2023-09-15,Active
2550,PRD02550,Sports & Lifestyle Fitness Product 2550,Sports & Lifestyle,Fitness,Nova,Supplier A,18100.1,26104.92,2024-01-21,Active
2551,PRD02551,Home & Kitchen Kitchen Appliances Product 2551,Home & Kitchen,Kitchen Appliances,Apex,Supplier D,261.05,362.61,2022-04-14,Active
2552,PRD02552,Home & Kitchen Furniture Product 2552,Home & Kitchen,Furniture,Apex,Supplier B,17033.67,21182.62,2023-08-28,Active
2553,PRD02553,Grocery & FMCG Snacks Product 2553,Grocery & FMCG,Snacks,Orion,Supplier C,53.73,58.48,2024-03-24,Active
2554,PRD02554,Home & Kitchen Cookware Product 2554,Home & Kitchen,Cookware,Nova,Supplier C,4682.27,6996.25,2022-09-19,Active
2555,PRD02555,Grocery & FMCG Staples Product 2555,Grocery & FMCG,Staples,XBrand,Supplier F,1061.44,1291.61,2021-07-26,Active
2556,PRD02556,Electronics Smartphones Product 2556,Electronics,Smartphones,Apex,Supplier B,881.96,1111.36,2023-10-11,Active
2557,PRD02557,Electronics Televisions Product 2557,Electronics,Televisions,Vertex,Supplier D,49644.87,56671.83,2021-03-22,Active
2558,PRD02558,Sports & Lifestyle Lifestyle Accessories Product 2558,Sports & Lifestyle,Lifestyle Accessories,XBrand,Supplier B,25806.64,34760.51,2022-09-07,Active
2559,PRD02559,Beauty & Personal Care Grooming Product 2559,Beauty & Personal Care,Grooming,Nova,Supplier F,3178.69,5999.66,2022-04-28,Active
2560,PRD02560,Grocery & FMCG Snacks Product 2560,Grocery & FMCG,Snacks,Orion,Supplier E,1915.42,2217.81,2022-08-15,Active
2561,PRD02561,Home & Kitchen Kitchen Appliances Product 2561,Home & Kitchen,Kitchen Appliances,XBrand,Supplier D,298.15,408.67,2024-12-01,Active
2562,PRD02562,Beauty & Personal Care Personal Hygiene Product 2562,Beauty & Personal Care,Personal Hygiene,Orion,Supplier B,283.58,513.79,2024-02-01,Inactive
2563,PRD02563,Beauty & Personal Care Haircare Product 2563,Beauty & Personal Care,Haircare,Vertex,Supplier E,1710.65,3274.94,2024-06-17,Active
2564,PRD02564,Beauty & Personal Care Personal Hygiene Product 2564,Beauty & Personal Care,Personal Hygiene,Prime,Supplier F,58.07,106.01,2024-07-12,Active
2565,PRD02565,Beauty & Personal Care Personal Hygiene Product 2565,Beauty & Personal Care,Personal Hygiene,Orion,Supplier E,4160.31,7527.58,2021-02-02,Inactive
2566,PRD02566,Beauty & Personal Care Personal Hygiene Product 2566,Beauty & Personal Care,Personal Hygiene,Orion,Supplier D,131.74,180.55,2021-02-04,Active
2567,PRD02567,Fashion Mens Apparel Product 2567,Fashion,Mens Apparel,Zenith,Supplier F,202.52,324.43,2024-06-26,Active
2568,PRD02568,Home & Kitchen Kitchen Appliances Product 2568,Home & Kitchen,Kitchen Appliances,Nova,Supplier F,5663.27,8683.0,2023-09-27,Inactive
2569,PRD02569,Grocery & FMCG Beverages Product 2569,Grocery & FMCG,Beverages,Vertex,Supplier F,210.46,237.32,2023-12-10,Active
2570,PRD02570,Home & Kitchen Home Decor Product 2570,Home & Kitchen,Home Decor,Nova,Supplier A,5718.56,8414.02,2021-10-07,Active
2571,PRD02571,Beauty & Personal Care Skincare Product 2571,Beauty & Personal Care,Skincare,Vertex,Supplier F,4102.21,7469.16,2021-06-01,Active
2572,PRD02572,Home & Kitchen Cookware Product 2572,Home & Kitchen,Cookware,Vertex,Supplier A,1830.34,2570.47,2022-12-02,Active
2573,PRD02573,Beauty & Personal Care Haircare Product 2573,Beauty & Personal Care,Haircare,Apex,Supplier E,3232.06,5151.95,2023-01-05,Active
2574,PRD02574,Grocery & FMCG Staples Product 2574,Grocery & FMCG,Staples,Apex,Supplier A,69.43,76.89,2023-10-16,Active
2575,PRD02575,Home & Kitchen Furniture Product 2575,Home & Kitchen,Furniture,Apex,Supplier E,139.01,199.19,2024-06-07,Active
2576,PRD02576,Electronics Audio Product 2576,Electronics,Audio,Prime,Supplier A,1266.19,1429.33,2022-10-27,Active
2577,PRD02577,Electronics Televisions Product 2577,Electronics,Televisions,Prime,Supplier E,3197.87,3799.98,2023-07-12,Active
2578,PRD02578,Beauty & Personal Care Haircare Product 2578,Beauty & Personal Care,Haircare,Vertex,Supplier E,361.17,621.28,2024-08-04,Active
2579,PRD02579,Grocery & FMCG Packaged Food Product 2579,Grocery & FMCG,Packaged Food,Urban,Supplier F,25.65,28.26,2024-11-19,Inactive
2580,PRD02580,Electronics Accessories Product 2580,Electronics,Accessories,Nova,Supplier F,9515.98,10902.51,2022-03-29,Inactive
2581,PRD02581,Grocery & FMCG Snacks Product 2581,Grocery & FMCG,Snacks,Apex,Supplier E,114.82,125.72,2022-09-12,Inactive
2582,PRD02582,Home & Kitchen Cookware Product 2582,Home & Kitchen,Cookware,Nova,Supplier F,30067.47,42807.32,2023-11-23,Active
2583,PRD02583,Fashion Mens Apparel Product 2583,Fashion,Mens Apparel,Orion,Supplier E,354.76,481.36,2024-10-18,Active
2584,PRD02584,Sports & Lifestyle Lifestyle Accessories Product 2584,Sports & Lifestyle,Lifestyle Accessories,Vertex,Supplier F,23238.12,35009.53,2024-02-09,Active
2585,PRD02585,Home & Kitchen Cookware Product 2585,Home & Kitchen,Cookware,XBrand,Supplier C,1704.29,2432.25,2024-02-19,Active
2586,PRD02586,Fashion Footwear Product 2586,Fashion,Footwear,Vertex,Supplier A,3431.98,5777.67,2021-01-16,Active
2587,PRD02587,Electronics Accessories Product 2587,Electronics,Accessories,Prime,Supplier E,8383.55,9750.39,2023-01-09,Active
2588,PRD02588,Electronics Televisions Product 2588,Electronics,Televisions,Urban,Supplier B,668.96,846.49,2025-03-27,Active
2589,PRD02589,Home & Kitchen Cookware Product 2589,Home & Kitchen,Cookware,XBrand,Supplier F,5822.85,7413.27,2022-12-16,Inactive
2590,PRD02590,Electronics Smartphones Product 2590,Electronics,Smartphones,Nova,Supplier F,77979.71,98470.48,2022-12-15,Active
2591,PRD02591,Beauty & Personal Care Personal Hygiene Product 2591,Beauty & Personal Care,Personal Hygiene,Prime,Supplier D,5056.07,9513.08,2021-04-08,Active
2592,PRD02592,Fashion Accessories Product 2592,Fashion,Accessories,Apex,Supplier B,10425.11,14870.44,2021-04-26,Active
2593,PRD02593,Fashion Footwear Product 2593,Fashion,Footwear,XBrand,Supplier B,4734.76,8088.15,2023-08-23,Active
2594,PRD02594,Electronics Accessories Product 2594,Electronics,Accessories,Prime,Supplier C,2425.68,2676.7,2025-02-03,Active
2595,PRD02595,Home & Kitchen Furniture Product 2595,Home & Kitchen,Furniture,Nova,Supplier A,54425.69,70712.49,2025-01-02,Active
2596,PRD02596,Beauty & Personal Care Personal Hygiene Product 2596,Beauty & Personal Care,Personal Hygiene,Vertex,Supplier C,4127.47,5510.87,2024-07-28,Active
2597,PRD02597,Sports & Lifestyle Fitness Product 2597,Sports & Lifestyle,Fitness,Nova,Supplier A,157.25,222.47,2021-12-15,Active
2598,PRD02598,Electronics Smartphones Product 2598,Electronics,Smartphones,XBrand,Supplier E,2295.61,2787.89,2021-08-20,Active
2599,PRD02599,Grocery & FMCG Beverages Product 2599,Grocery & FMCG,Beverages,Zenith,Supplier C,613.18,672.16,2024-02-09,Inactive
2600,PRD02600,Beauty & Personal Care Cosmetics Product 2600,Beauty & Personal Care,Cosmetics,XBrand,Supplier D,136.93,209.7,2024-10-07,Active
2601,PRD02601,Fashion Accessories Product 2601,Fashion,Accessories,Vertex,Supplier A,365.82,618.41,2023-11-02,Active
2602,PRD02602,Fashion Kids Apparel Product 2602,Fashion,Kids Apparel,XBrand,Supplier C,1114.99,1524.63,2023-09-11,Active
2603,PRD02603,Electronics Audio Product 2603,Electronics,Audio,Urban,Supplier D,9150.91,10086.07,2025-02-20,Active
2604,PRD02604,Electronics Televisions Product 2604,Electronics,Televisions,Apex,Supplier B,1391.07,1569.25,2022-10-01,Active
2605,PRD02605,Beauty & Personal Care Grooming Product 2605,Beauty & Personal Care,Grooming,Prime,Supplier F,2713.2,5229.28,2021-10-12,Active
2606,PRD02606,Home & Kitchen Cookware Product 2606,Home & Kitchen,Cookware,Vertex,Supplier E,21541.02,28224.35,2022-09-28,Active
2607,PRD02607,Sports & Lifestyle Sports Equipment Product 2607,Sports & Lifestyle,Sports Equipment,Nova,Supplier E,582.52,844.02,2022-06-29,Active
2608,PRD02608,Fashion Kids Apparel Product 2608,Fashion,Kids Apparel,Nova,Supplier B,2783.13,5048.06,2022-01-27,Active
2609,PRD02609,Electronics Accessories Product 2609,Electronics,Accessories,Apex,Supplier C,1452.77,1591.03,2024-04-08,Active
2610,PRD02610,Beauty & Personal Care Skincare Product 2610,Beauty & Personal Care,Skincare,XBrand,Supplier F,1322.31,2439.93,2021-03-18,Active
2611,PRD02611,Home & Kitchen Furniture Product 2611,Home & Kitchen,Furniture,XBrand,Supplier B,22435.0,31838.0,2021-10-24,Active
2612,PRD02612,Fashion Footwear Product 2612,Fashion,Footwear,Nova,Supplier D,8115.95,12528.49,2021-11-26,Active
2613,PRD02613,Beauty & Personal Care Haircare Product 2613,Beauty & Personal Care,Haircare,Apex,Supplier F,3413.16,6718.21,2023-12-23,Active
2614,PRD02614,Sports & Lifestyle Sports Equipment Product 2614,Sports & Lifestyle,Sports Equipment,Nova,Supplier A,13125.53,17784.1,2021-09-27,Active
2615,PRD02615,Grocery & FMCG Beverages Product 2615,Grocery & FMCG,Beverages,XBrand,Supplier C,58.58,67.7,2021-08-04,Active
2616,PRD02616,Beauty & Personal Care Skincare Product 2616,Beauty & Personal Care,Skincare,Vertex,Supplier F,424.99,801.02,2024-04-28,Active
2617,PRD02617,Beauty & Personal Care Skincare Product 2617,Beauty & Personal Care,Skincare,Prime,Supplier A,107.69,157.09,2024-01-04,Active
2618,PRD02618,Sports & Lifestyle Fitness Product 2618,Sports & Lifestyle,Fitness,XBrand,Supplier B,8376.34,10725.11,2022-05-25,Active
2619,PRD02619,Home & Kitchen Furniture Product 2619,Home & Kitchen,Furniture,Vertex,Supplier E,1027.25,1362.07,2022-08-02,Active
2620,PRD02620,Electronics Televisions Product 2620,Electronics,Televisions,Prime,Supplier F,18674.58,20798.95,2024-01-22,Active
2621,PRD02621,Home & Kitchen Home Decor Product 2621,Home & Kitchen,Home Decor,Orion,Supplier F,25798.59,34679.36,2023-12-13,Active
2622,PRD02622,Home & Kitchen Cookware Product 2622,Home & Kitchen,Cookware,Urban,Supplier A,36016.19,48640.15,2022-05-11,Active
2623,PRD02623,Beauty & Personal Care Skincare Product 2623,Beauty & Personal Care,Skincare,Apex,Supplier A,251.74,352.3,2023-08-06,Active
2624,PRD02624,Beauty & Personal Care Personal Hygiene Product 2624,Beauty & Personal Care,Personal Hygiene,Vertex,Supplier E,62.14,100.73,2021-04-04,Active
2625,PRD02625,Beauty & Personal Care Personal Hygiene Product 2625,Beauty & Personal Care,Personal Hygiene,Urban,Supplier A,105.85,162.34,2022-09-17,Active
2626,PRD02626,Electronics Accessories Product 2626,Electronics,Accessories,XBrand,Supplier A,15397.75,17469.57,2021-08-17,Active
2627,PRD02627,Beauty & Personal Care Skincare Product 2627,Beauty & Personal Care,Skincare,Orion,Supplier F,123.64,222.25,2021-09-07,Active
2628,PRD02628,Home & Kitchen Furniture Product 2628,Home & Kitchen,Furniture,Apex,Supplier E,46687.07,58146.23,2024-11-15,Active
2629,PRD02629,Beauty & Personal Care Haircare Product 2629,Beauty & Personal Care,Haircare,Vertex,Supplier E,103.53,203.0,2022-12-22,Active
2630,PRD02630,Fashion Kids Apparel Product 2630,Fashion,Kids Apparel,Orion,Supplier F,192.22,346.67,2023-09-07,Active
2631,PRD02631,Home & Kitchen Home Decor Product 2631,Home & Kitchen,Home Decor,Zenith,Supplier B,137.4,204.62,2021-07-01,Active
2632,PRD02632,Electronics Laptops Product 2632,Electronics,Laptops,XBrand,Supplier B,3148.62,3992.68,2021-09-24,Active
2633,PRD02633,Electronics Wearables Product 2633,Electronics,Wearables,Apex,Supplier F,3478.36,4198.9,2023-10-01,Active
2634,PRD02634,Grocery & FMCG Staples Product 2634,Grocery & FMCG,Staples,Zenith,Supplier A,29.46,32.89,2021-10-08,Active
2635,PRD02635,Sports & Lifestyle Outdoor Product 2635,Sports & Lifestyle,Outdoor,Apex,Supplier C,8362.2,12044.72,2023-08-20,Active
2636,PRD02636,Beauty & Personal Care Cosmetics Product 2636,Beauty & Personal Care,Cosmetics,XBrand,Supplier B,4610.07,7171.73,2022-10-29,Active
2637,PRD02637,Electronics Accessories Product 2637,Electronics,Accessories,XBrand,Supplier B,65036.75,75875.9,2024-01-12,Active
2638,PRD02638,Fashion Kids Apparel Product 2638,Fashion,Kids Apparel,Orion,Supplier F,7717.29,13829.44,2024-04-24,Active
2639,PRD02639,Beauty & Personal Care Skincare Product 2639,Beauty & Personal Care,Skincare,Orion,Supplier F,239.0,452.22,2022-06-15,Active
2640,PRD02640,Grocery & FMCG Staples Product 2640,Grocery & FMCG,Staples,Vertex,Supplier C,3486.86,3878.89,2024-10-03,Active
2641,PRD02641,Electronics Laptops Product 2641,Electronics,Laptops,Apex,Supplier C,19092.22,20984.51,2022-02-27,Active
2642,PRD02642,Electronics Televisions Product 2642,Electronics,Televisions,Vertex,Supplier E,57140.26,63803.69,2023-09-08,Active
2643,PRD02643,Beauty & Personal Care Cosmetics Product 2643,Beauty & Personal Care,Cosmetics,Orion,Supplier F,89.22,137.27,2022-03-30,Active
2644,PRD02644,Home & Kitchen Kitchen Appliances Product 2644,Home & Kitchen,Kitchen Appliances,Apex,Supplier B,4269.56,6328.42,2021-09-24,Active
2645,PRD02645,Home & Kitchen Cookware Product 2645,Home & Kitchen,Cookware,Vertex,Supplier D,51089.84,68550.63,2022-05-22,Active
2646,PRD02646,Electronics Audio Product 2646,Electronics,Audio,XBrand,Supplier D,893.72,1096.42,2024-03-11,Active
2647,PRD02647,Fashion Accessories Product 2647,Fashion,Accessories,XBrand,Supplier A,1805.2,2733.4,2021-11-12,Inactive
2648,PRD02648,Grocery & FMCG Packaged Food Product 2648,Grocery & FMCG,Packaged Food,Zenith,Supplier B,118.89,136.69,2023-02-03,Active
2649,PRD02649,Sports & Lifestyle Lifestyle Accessories Product 2649,Sports & Lifestyle,Lifestyle Accessories,Nova,Supplier D,777.82,1199.23,2024-06-09,Active
2650,PRD02650,Fashion Footwear Product 2650,Fashion,Footwear,Orion,Supplier B,1445.13,2514.89,2024-08-13,Active
2651,PRD02651,Fashion Accessories Product 2651,Fashion,Accessories,Vertex,Supplier F,1763.91,2511.45,2023-06-17,Active
2652,PRD02652,Electronics Televisions Product 2652,Electronics,Televisions,Nova,Supplier B,57922.68,68792.65,2023-08-11,Active
2653,PRD02653,Fashion Kids Apparel Product 2653,Fashion,Kids Apparel,Nova,Supplier D,420.22,672.03,2023-05-25,Active
2654,PRD02654,Fashion Womens Apparel Product 2654,Fashion,Womens Apparel,Urban,Supplier B,705.03,1213.22,2023-07-05,Active
2655,PRD02655,Beauty & Personal Care Grooming Product 2655,Beauty & Personal Care,Grooming,Apex,Supplier C,455.89,802.07,2021-01-22,Active
2656,PRD02656,Fashion Kids Apparel Product 2656,Fashion,Kids Apparel,Prime,Supplier A,291.55,434.63,2022-01-19,Inactive
2657,PRD02657,Home & Kitchen Furniture Product 2657,Home & Kitchen,Furniture,Urban,Supplier E,49384.27,72351.36,2024-02-24,Active
2658,PRD02658,Electronics Accessories Product 2658,Electronics,Accessories,Orion,Supplier D,1626.34,1845.78,2021-04-13,Active
2659,PRD02659,Home & Kitchen Cookware Product 2659,Home & Kitchen,Cookware,Zenith,Supplier F,1020.2,1438.04,2023-06-19,Active
2660,PRD02660,Electronics Audio Product 2660,Electronics,Audio,Apex,Supplier E,34261.07,42034.71,2023-01-03,Active
2661,PRD02661,Electronics Televisions Product 2661,Electronics,Televisions,Prime,Supplier A,9297.46,11528.38,2021-04-20,Active
2662,PRD02662,Sports & Lifestyle Outdoor Product 2662,Sports & Lifestyle,Outdoor,Nova,Supplier C,1566.61,2020.85,2025-02-04,Active
2663,PRD02663,Fashion Mens Apparel Product 2663,Fashion,Mens Apparel,Zenith,Supplier C,1525.07,2725.58,2023-12-25,Active
2664,PRD02664,Fashion Mens Apparel Product 2664,Fashion,Mens Apparel,Prime,Supplier C,4230.2,6669.5,2025-02-04,Active
2665,PRD02665,Grocery & FMCG Staples Product 2665,Grocery & FMCG,Staples,XBrand,Supplier C,920.91,1113.63,2022-11-01,Active
2666,PRD02666,Sports & Lifestyle Fitness Product 2666,Sports & Lifestyle,Fitness,Orion,Supplier D,1415.62,1929.37,2024-01-05,Active
2667,PRD02667,Beauty & Personal Care Haircare Product 2667,Beauty & Personal Care,Haircare,Zenith,Supplier D,4808.82,9002.93,2023-11-09,Active
2668,PRD02668,Grocery & FMCG Packaged Food Product 2668,Grocery & FMCG,Packaged Food,XBrand,Supplier B,130.09,148.91,2022-01-19,Active
2669,PRD02669,Home & Kitchen Kitchen Appliances Product 2669,Home & Kitchen,Kitchen Appliances,Vertex,Supplier F,1905.43,2397.81,2021-07-09,Active
2670,PRD02670,Home & Kitchen Home Decor Product 2670,Home & Kitchen,Home Decor,Zenith,Supplier B,46669.78,62121.44,2023-02-01,Active
2671,PRD02671,Fashion Accessories Product 2671,Fashion,Accessories,Zenith,Supplier F,6556.27,9206.58,2021-12-26,Active
2672,PRD02672,Beauty & Personal Care Grooming Product 2672,Beauty & Personal Care,Grooming,Apex,Supplier A,923.31,1240.99,2023-05-25,Active
2673,PRD02673,Beauty & Personal Care Personal Hygiene Product 2673,Beauty & Personal Care,Personal Hygiene,Urban,Supplier B,2037.06,3368.31,2023-06-05,Active
2674,PRD02674,Home & Kitchen Kitchen Appliances Product 2674,Home & Kitchen,Kitchen Appliances,Orion,Supplier A,6873.35,8472.99,2025-01-15,Active
2675,PRD02675,Electronics Laptops Product 2675,Electronics,Laptops,Nova,Supplier A,2193.81,2411.86,2021-03-20,Active
2676,PRD02676,Beauty & Personal Care Skincare Product 2676,Beauty & Personal Care,Skincare,Orion,Supplier A,222.78,375.6,2022-08-19,Active
2677,PRD02677,Electronics Wearables Product 2677,Electronics,Wearables,Apex,Supplier C,12915.69,15480.89,2024-04-10,Active
2678,PRD02678,Beauty & Personal Care Skincare Product 2678,Beauty & Personal Care,Skincare,Zenith,Supplier E,851.44,1248.92,2024-05-20,Active
2679,PRD02679,Beauty & Personal Care Haircare Product 2679,Beauty & Personal Care,Haircare,Nova,Supplier E,219.01,306.0,2023-06-05,Active
2680,PRD02680,Beauty & Personal Care Cosmetics Product 2680,Beauty & Personal Care,Cosmetics,XBrand,Supplier D,2969.22,4982.91,2023-10-12,Active
2681,PRD02681,Grocery & FMCG Packaged Food Product 2681,Grocery & FMCG,Packaged Food,Orion,Supplier A,57.51,63.74,2025-01-08,Active
2682,PRD02682,Grocery & FMCG Staples Product 2682,Grocery & FMCG,Staples,Urban,Supplier C,3842.0,4542.83,2021-05-29,Inactive
2683,PRD02683,Fashion Kids Apparel Product 2683,Fashion,Kids Apparel,Urban,Supplier B,2643.08,3953.0,2021-01-10,Active
2684,PRD02684,Grocery & FMCG Staples Product 2684,Grocery & FMCG,Staples,XBrand,Supplier B,83.75,101.88,2023-03-03,Active
2685,PRD02685,Beauty & Personal Care Personal Hygiene Product 2685,Beauty & Personal Care,Personal Hygiene,Prime,Supplier D,2646.13,3922.78,2023-12-15,Active
2686,PRD02686,Electronics Audio Product 2686,Electronics,Audio,Urban,Supplier D,54955.83,67534.09,2023-05-22,Inactive
2687,PRD02687,Electronics Smartphones Product 2687,Electronics,Smartphones,Prime,Supplier A,3255.47,3784.19,2021-06-29,Inactive
2688,PRD02688,Home & Kitchen Storage Product 2688,Home & Kitchen,Storage,Nova,Supplier A,486.2,606.9,2023-01-14,Active
2689,PRD02689,Fashion Kids Apparel Product 2689,Fashion,Kids Apparel,Urban,Supplier B,3528.5,5066.06,2022-01-16,Active
2690,PRD02690,Beauty & Personal Care Haircare Product 2690,Beauty & Personal Care,Haircare,Vertex,Supplier B,2184.02,4358.46,2024-12-16,Active
2691,PRD02691,Grocery & FMCG Snacks Product 2691,Grocery & FMCG,Snacks,Zenith,Supplier B,28.1,32.2,2022-03-27,Inactive
2692,PRD02692,Home & Kitchen Kitchen Appliances Product 2692,Home & Kitchen,Kitchen Appliances,XBrand,Supplier B,16744.07,24412.6,2024-01-22,Active
2693,PRD02693,Electronics Audio Product 2693,Electronics,Audio,Zenith,Supplier E,37198.24,42700.61,2025-03-24,Inactive
2694,PRD02694,Sports & Lifestyle Sports Equipment Product 2694,Sports & Lifestyle,Sports Equipment,Zenith,Supplier A,1504.26,2208.87,2024-12-07,Active
2695,PRD02695,Electronics Televisions Product 2695,Electronics,Televisions,Orion,Supplier A,114400.18,130871.18,2022-01-29,Active
2696,PRD02696,Fashion Accessories Product 2696,Fashion,Accessories,Prime,Supplier B,7728.46,11102.06,2023-08-23,Active
2697,PRD02697,Beauty & Personal Care Grooming Product 2697,Beauty & Personal Care,Grooming,Vertex,Supplier C,5537.94,9508.26,2024-09-16,Active
2698,PRD02698,Fashion Womens Apparel Product 2698,Fashion,Womens Apparel,Nova,Supplier B,1151.66,1835.84,2022-03-09,Inactive
2699,PRD02699,Electronics Smartphones Product 2699,Electronics,Smartphones,Nova,Supplier F,2933.85,3327.81,2023-08-12,Active
2700,PRD02700,Electronics Televisions Product 2700,Electronics,Televisions,Urban,Supplier D,1308.89,1447.83,2024-04-01,Active
2701,PRD02701,Electronics Laptops Product 2701,Electronics,Laptops,Urban,Supplier F,4010.43,4931.67,2023-08-04,Active
2702,PRD02702,Beauty & Personal Care Personal Hygiene Product 2702,Beauty & Personal Care,Personal Hygiene,Vertex,Supplier C,1186.27,1637.69,2023-11-30,Active
2703,PRD02703,Fashion Kids Apparel Product 2703,Fashion,Kids Apparel,Apex,Supplier D,5296.43,8410.68,2023-02-05,Active
2704,PRD02704,Home & Kitchen Storage Product 2704,Home & Kitchen,Storage,Apex,Supplier C,44667.89,63262.83,2023-06-27,Active
2705,PRD02705,Beauty & Personal Care Haircare Product 2705,Beauty & Personal Care,Haircare,Urban,Supplier D,140.33,222.2,2021-03-26,Active
2706,PRD02706,Grocery & FMCG Snacks Product 2706,Grocery & FMCG,Snacks,Apex,Supplier B,1032.18,1125.4,2023-02-23,Inactive
2707,PRD02707,Electronics Wearables Product 2707,Electronics,Wearables,XBrand,Supplier B,779.11,863.87,2023-03-27,Active
2708,PRD02708,Fashion Accessories Product 2708,Fashion,Accessories,Vertex,Supplier C,531.9,800.95,2024-01-20,Active
2709,PRD02709,Beauty & Personal Care Skincare Product 2709,Beauty & Personal Care,Skincare,XBrand,Supplier D,671.81,938.95,2025-02-16,Active
2710,PRD02710,Home & Kitchen Storage Product 2710,Home & Kitchen,Storage,Apex,Supplier E,8110.46,11285.59,2024-11-09,Active
2711,PRD02711,Home & Kitchen Home Decor Product 2711,Home & Kitchen,Home Decor,Urban,Supplier C,951.24,1163.34,2024-05-01,Active
2712,PRD02712,Beauty & Personal Care Personal Hygiene Product 2712,Beauty & Personal Care,Personal Hygiene,Zenith,Supplier C,92.38,141.67,2024-06-30,Active
2713,PRD02713,Grocery & FMCG Household Care Product 2713,Grocery & FMCG,Household Care,Zenith,Supplier F,45.94,52.07,2024-06-21,Active
2714,PRD02714,Grocery & FMCG Snacks Product 2714,Grocery & FMCG,Snacks,XBrand,Supplier A,858.28,991.92,2022-12-08,Active
2715,PRD02715,Beauty & Personal Care Grooming Product 2715,Beauty & Personal Care,Grooming,Nova,Supplier C,191.07,287.74,2021-09-27,Active
2716,PRD02716,Grocery & FMCG Beverages Product 2716,Grocery & FMCG,Beverages,Orion,Supplier E,757.54,908.41,2023-04-21,Active
2717,PRD02717,Home & Kitchen Kitchen Appliances Product 2717,Home & Kitchen,Kitchen Appliances,Zenith,Supplier B,13221.76,18213.75,2023-11-09,Active
2718,PRD02718,Beauty & Personal Care Cosmetics Product 2718,Beauty & Personal Care,Cosmetics,Zenith,Supplier D,347.15,526.99,2023-11-30,Active
2719,PRD02719,Fashion Accessories Product 2719,Fashion,Accessories,Urban,Supplier A,6942.93,9355.13,2022-05-31,Active
2720,PRD02720,Electronics Laptops Product 2720,Electronics,Laptops,Vertex,Supplier D,116484.51,140854.03,2023-11-23,Active
2721,PRD02721,Beauty & Personal Care Skincare Product 2721,Beauty & Personal Care,Skincare,Prime,Supplier B,1699.84,2295.53,2022-03-26,Active
2722,PRD02722,Fashion Kids Apparel Product 2722,Fashion,Kids Apparel,Prime,Supplier C,2090.59,3201.29,2022-11-16,Active
2723,PRD02723,Home & Kitchen Furniture Product 2723,Home & Kitchen,Furniture,Urban,Supplier F,289.98,375.25,2022-09-17,Active
2724,PRD02724,Sports & Lifestyle Fitness Product 2724,Sports & Lifestyle,Fitness,Apex,Supplier E,15427.02,22357.92,2023-06-04,Active
2725,PRD02725,Electronics Televisions Product 2725,Electronics,Televisions,Zenith,Supplier A,6330.32,6957.73,2021-11-15,Active
2726,PRD02726,Home & Kitchen Cookware Product 2726,Home & Kitchen,Cookware,Zenith,Supplier E,10092.82,14407.7,2024-02-22,Active
2727,PRD02727,Electronics Televisions Product 2727,Electronics,Televisions,XBrand,Supplier E,16876.66,19888.51,2024-10-27,Active
2728,PRD02728,Grocery & FMCG Staples Product 2728,Grocery & FMCG,Staples,XBrand,Supplier E,255.06,296.35,2024-10-06,Active
2729,PRD02729,Beauty & Personal Care Haircare Product 2729,Beauty & Personal Care,Haircare,Urban,Supplier E,149.62,290.7,2024-09-08,Active
2730,PRD02730,Home & Kitchen Kitchen Appliances Product 2730,Home & Kitchen,Kitchen Appliances,Nova,Supplier B,5212.71,6795.38,2022-05-03,Active
2731,PRD02731,Beauty & Personal Care Skincare Product 2731,Beauty & Personal Care,Skincare,Vertex,Supplier E,432.71,788.78,2022-03-27,Active
2732,PRD02732,Fashion Accessories Product 2732,Fashion,Accessories,Apex,Supplier F,389.26,562.97,2021-12-19,Active
2733,PRD02733,Grocery & FMCG Snacks Product 2733,Grocery & FMCG,Snacks,Zenith,Supplier E,1212.37,1364.59,2024-02-14,Active
2734,PRD02734,Fashion Footwear Product 2734,Fashion,Footwear,Nova,Supplier B,4818.82,6656.67,2023-08-13,Active
2735,PRD02735,Fashion Mens Apparel Product 2735,Fashion,Mens Apparel,Urban,Supplier D,4361.44,5923.22,2023-11-03,Active
2736,PRD02736,Sports & Lifestyle Fitness Product 2736,Sports & Lifestyle,Fitness,Urban,Supplier B,131.98,212.74,2021-11-16,Active
2737,PRD02737,Home & Kitchen Kitchen Appliances Product 2737,Home & Kitchen,Kitchen Appliances,Zenith,Supplier F,4939.92,6498.28,2024-04-03,Active
2738,PRD02738,Electronics Smartphones Product 2738,Electronics,Smartphones,Nova,Supplier F,2250.8,2699.98,2021-03-26,Active
2739,PRD02739,Beauty & Personal Care Cosmetics Product 2739,Beauty & Personal Care,Cosmetics,Prime,Supplier C,520.78,1037.2,2021-09-05,Active
2740,PRD02740,Sports & Lifestyle Sports Equipment Product 2740,Sports & Lifestyle,Sports Equipment,Urban,Supplier B,24627.19,36593.41,2024-12-26,Active
2741,PRD02741,Fashion Womens Apparel Product 2741,Fashion,Womens Apparel,Vertex,Supplier D,1103.65,1693.31,2022-07-22,Active
2742,PRD02742,Electronics Laptops Product 2742,Electronics,Laptops,Orion,Supplier C,25776.02,28457.27,2022-11-15,Inactive
2743,PRD02743,Home & Kitchen Home Decor Product 2743,Home & Kitchen,Home Decor,Apex,Supplier C,1150.65,1425.48,2022-10-06,Active
2744,PRD02744,Fashion Kids Apparel Product 2744,Fashion,Kids Apparel,Nova,Supplier A,283.26,398.49,2022-04-24,Active
2745,PRD02745,Electronics Smartphones Product 2745,Electronics,Smartphones,Prime,Supplier E,8210.08,10134.25,2022-12-14,Active
2746,PRD02746,Beauty & Personal Care Skincare Product 2746,Beauty & Personal Care,Skincare,Nova,Supplier C,619.88,930.56,2022-01-03,Active
2747,PRD02747,Sports & Lifestyle Fitness Product 2747,Sports & Lifestyle,Fitness,Prime,Supplier C,212.49,307.98,2021-12-23,Active
2748,PRD02748,Fashion Accessories Product 2748,Fashion,Accessories,Prime,Supplier F,542.27,864.85,2022-02-12,Active
2749,PRD02749,Home & Kitchen Home Decor Product 2749,Home & Kitchen,Home Decor,Vertex,Supplier D,55892.75,69772.05,2024-09-30,Active
2750,PRD02750,Fashion Mens Apparel Product 2750,Fashion,Mens Apparel,Apex,Supplier C,449.64,686.08,2021-06-28,Active
2751,PRD02751,Electronics Audio Product 2751,Electronics,Audio,Urban,Supplier D,103338.19,127272.15,2024-12-19,Active
2752,PRD02752,Grocery & FMCG Household Care Product 2752,Grocery & FMCG,Household Care,Prime,Supplier E,4710.48,5312.8,2025-01-06,Active
2753,PRD02753,Fashion Womens Apparel Product 2753,Fashion,Womens Apparel,Urban,Supplier F,10605.69,14539.63,2024-08-22,Active
2754,PRD02754,Fashion Mens Apparel Product 2754,Fashion,Mens Apparel,Apex,Supplier A,212.98,367.91,2022-01-02,Active
2755,PRD02755,Beauty & Personal Care Cosmetics Product 2755,Beauty & Personal Care,Cosmetics,Urban,Supplier A,5199.46,7148.46,2023-11-26,Inactive
2756,PRD02756,Fashion Mens Apparel Product 2756,Fashion,Mens Apparel,Zenith,Supplier E,346.54,466.17,2022-04-08,Active
2757,PRD02757,Beauty & Personal Care Grooming Product 2757,Beauty & Personal Care,Grooming,Vertex,Supplier E,111.88,160.36,2023-04-08,Active
2758,PRD02758,Electronics Audio Product 2758,Electronics,Audio,Vertex,Supplier F,105999.0,128250.52,2024-03-15,Active
2759,PRD02759,Grocery & FMCG Snacks Product 2759,Grocery & FMCG,Snacks,XBrand,Supplier F,2127.32,2525.35,2021-05-26,Active
2760,PRD02760,Sports & Lifestyle Sports Equipment Product 2760,Sports & Lifestyle,Sports Equipment,Vertex,Supplier B,2176.5,3398.12,2022-01-15,Active
2761,PRD02761,Beauty & Personal Care Grooming Product 2761,Beauty & Personal Care,Grooming,Prime,Supplier C,1039.46,1548.28,2021-06-17,Active
2762,PRD02762,Sports & Lifestyle Fitness Product 2762,Sports & Lifestyle,Fitness,Apex,Supplier C,2704.74,3901.27,2024-07-22,Active
2763,PRD02763,Electronics Accessories Product 2763,Electronics,Accessories,Vertex,Supplier C,46582.26,59525.62,2021-03-28,Active
2764,PRD02764,Fashion Accessories Product 2764,Fashion,Accessories,Nova,Supplier D,892.94,1494.91,2021-06-03,Active
2765,PRD02765,Beauty & Personal Care Skincare Product 2765,Beauty & Personal Care,Skincare,Apex,Supplier B,87.2,156.89,2022-05-12,Active
2766,PRD02766,Beauty & Personal Care Haircare Product 2766,Beauty & Personal Care,Haircare,Prime,Supplier C,406.83,549.65,2021-11-11,Active
2767,PRD02767,Fashion Accessories Product 2767,Fashion,Accessories,Apex,Supplier D,778.42,1239.77,2022-12-24,Active
2768,PRD02768,Home & Kitchen Home Decor Product 2768,Home & Kitchen,Home Decor,Vertex,Supplier D,269.69,406.83,2024-07-21,Active
2769,PRD02769,Electronics Audio Product 2769,Electronics,Audio,Nova,Supplier A,947.67,1199.88,2023-02-03,Active
2770,PRD02770,Fashion Footwear Product 2770,Fashion,Footwear,XBrand,Supplier D,3259.83,4765.43,2021-09-19,Active
2771,PRD02771,Electronics Wearables Product 2771,Electronics,Wearables,Prime,Supplier E,5044.03,6179.24,2022-05-02,Active
2772,PRD02772,Grocery & FMCG Snacks Product 2772,Grocery & FMCG,Snacks,Orion,Supplier F,716.55,840.2,2022-03-30,Active
2773,PRD02773,Home & Kitchen Storage Product 2773,Home & Kitchen,Storage,Zenith,Supplier D,1513.0,2052.72,2022-03-19,Active
2774,PRD02774,Electronics Smartphones Product 2774,Electronics,Smartphones,Prime,Supplier E,126610.38,142250.74,2024-07-09,Active
2775,PRD02775,Fashion Womens Apparel Product 2775,Fashion,Womens Apparel,Apex,Supplier E,1061.89,1535.33,2022-06-27,Active
2776,PRD02776,Beauty & Personal Care Personal Hygiene Product 2776,Beauty & Personal Care,Personal Hygiene,Orion,Supplier A,1890.63,3382.19,2024-02-03,Active
2777,PRD02777,Grocery & FMCG Packaged Food Product 2777,Grocery & FMCG,Packaged Food,Orion,Supplier A,112.27,123.12,2021-12-16,Active
2778,PRD02778,Beauty & Personal Care Personal Hygiene Product 2778,Beauty & Personal Care,Personal Hygiene,Urban,Supplier D,67.12,104.36,2023-04-04,Inactive
2779,PRD02779,Home & Kitchen Kitchen Appliances Product 2779,Home & Kitchen,Kitchen Appliances,Orion,Supplier A,1519.5,2330.61,2022-03-14,Inactive
2780,PRD02780,Grocery & FMCG Snacks Product 2780,Grocery & FMCG,Snacks,Urban,Supplier A,331.53,370.69,2021-06-18,Active
2781,PRD02781,Fashion Footwear Product 2781,Fashion,Footwear,Zenith,Supplier F,6386.18,9797.96,2024-09-28,Active
2782,PRD02782,Electronics Wearables Product 2782,Electronics,Wearables,Orion,Supplier C,16680.84,18399.21,2024-06-07,Active
2783,PRD02783,Fashion Footwear Product 2783,Fashion,Footwear,Nova,Supplier D,751.4,1339.03,2021-01-23,Active
2784,PRD02784,Sports & Lifestyle Lifestyle Accessories Product 2784,Sports & Lifestyle,Lifestyle Accessories,XBrand,Supplier D,3315.76,4535.3,2023-09-15,Inactive
2785,PRD02785,Fashion Kids Apparel Product 2785,Fashion,Kids Apparel,XBrand,Supplier D,1967.22,3463.92,2022-11-07,Active
2786,PRD02786,Home & Kitchen Kitchen Appliances Product 2786,Home & Kitchen,Kitchen Appliances,Orion,Supplier A,755.37,1028.94,2021-10-08,Active
2787,PRD02787,Electronics Televisions Product 2787,Electronics,Televisions,Apex,Supplier F,108246.78,120829.4,2025-03-23,Active
2788,PRD02788,Electronics Smartphones Product 2788,Electronics,Smartphones,Apex,Supplier A,28832.78,34572.81,2022-12-23,Active
2789,PRD02789,Fashion Womens Apparel Product 2789,Fashion,Womens Apparel,Urban,Supplier E,2909.09,4279.61,2021-09-10,Active
2790,PRD02790,Beauty & Personal Care Personal Hygiene Product 2790,Beauty & Personal Care,Personal Hygiene,Vertex,Supplier B,244.01,421.47,2022-02-08,Active
2791,PRD02791,Electronics Laptops Product 2791,Electronics,Laptops,XBrand,Supplier B,2126.78,2469.41,2021-05-13,Active
2792,PRD02792,Sports & Lifestyle Sports Equipment Product 2792,Sports & Lifestyle,Sports Equipment,Vertex,Supplier B,430.97,539.83,2024-07-21,Inactive
2793,PRD02793,Grocery & FMCG Packaged Food Product 2793,Grocery & FMCG,Packaged Food,XBrand,Supplier C,7279.49,8302.06,2022-09-10,Active
2794,PRD02794,Beauty & Personal Care Cosmetics Product 2794,Beauty & Personal Care,Cosmetics,Vertex,Supplier A,6206.15,8680.91,2021-08-20,Active
2795,PRD02795,Grocery & FMCG Snacks Product 2795,Grocery & FMCG,Snacks,Vertex,Supplier E,692.65,769.69,2022-06-29,Active
2796,PRD02796,Electronics Smartphones Product 2796,Electronics,Smartphones,XBrand,Supplier E,40499.66,49982.21,2021-03-20,Active
2797,PRD02797,Fashion Accessories Product 2797,Fashion,Accessories,Zenith,Supplier B,263.74,464.68,2023-11-25,Active
2798,PRD02798,Beauty & Personal Care Haircare Product 2798,Beauty & Personal Care,Haircare,Nova,Supplier F,145.06,243.08,2022-05-10,Active
2799,PRD02799,Grocery & FMCG Snacks Product 2799,Grocery & FMCG,Snacks,Nova,Supplier C,7607.18,9145.88,2024-02-08,Active
2800,PRD02800,Grocery & FMCG Household Care Product 2800,Grocery & FMCG,Household Care,Apex,Supplier C,6761.98,7634.27,2024-09-06,Active
2801,PRD02801,Home & Kitchen Kitchen Appliances Product 2801,Home & Kitchen,Kitchen Appliances,Vertex,Supplier B,295.33,374.8,2021-11-24,Active
2802,PRD02802,Sports & Lifestyle Lifestyle Accessories Product 2802,Sports & Lifestyle,Lifestyle Accessories,Vertex,Supplier B,1814.24,2828.76,2023-08-25,Active
2803,PRD02803,Electronics Accessories Product 2803,Electronics,Accessories,Zenith,Supplier A,1451.34,1753.59,2022-11-21,Active
2804,PRD02804,Grocery & FMCG Household Care Product 2804,Grocery & FMCG,Household Care,Vertex,Supplier F,132.35,149.4,2022-01-19,Active
2805,PRD02805,Sports & Lifestyle Outdoor Product 2805,Sports & Lifestyle,Outdoor,Zenith,Supplier C,4705.01,6658.66,2024-10-19,Active
2806,PRD02806,Electronics Televisions Product 2806,Electronics,Televisions,Vertex,Supplier E,50361.63,56071.3,2024-06-09,Active
2807,PRD02807,Beauty & Personal Care Skincare Product 2807,Beauty & Personal Care,Skincare,Vertex,Supplier B,2783.82,3792.97,2024-12-08,Active
2808,PRD02808,Electronics Accessories Product 2808,Electronics,Accessories,Zenith,Supplier A,1827.43,2206.67,2024-08-10,Active
2809,PRD02809,Fashion Kids Apparel Product 2809,Fashion,Kids Apparel,Urban,Supplier E,5945.24,8499.71,2022-07-01,Active
2810,PRD02810,Fashion Footwear Product 2810,Fashion,Footwear,Prime,Supplier C,691.77,1076.55,2024-04-12,Active
2811,PRD02811,Beauty & Personal Care Personal Hygiene Product 2811,Beauty & Personal Care,Personal Hygiene,Vertex,Supplier B,143.83,262.85,2022-01-27,Active
2812,PRD02812,Sports & Lifestyle Lifestyle Accessories Product 2812,Sports & Lifestyle,Lifestyle Accessories,Urban,Supplier F,9283.67,12041.99,2024-01-31,Active
2813,PRD02813,Beauty & Personal Care Grooming Product 2813,Beauty & Personal Care,Grooming,Nova,Supplier B,468.41,842.01,2024-08-09,Active
2814,PRD02814,Fashion Kids Apparel Product 2814,Fashion,Kids Apparel,Vertex,Supplier F,698.27,1120.14,2024-01-14,Active
2815,PRD02815,Grocery & FMCG Packaged Food Product 2815,Grocery & FMCG,Packaged Food,Nova,Supplier A,23.48,27.32,2023-06-28,Active
2816,PRD02816,Sports & Lifestyle Lifestyle Accessories Product 2816,Sports & Lifestyle,Lifestyle Accessories,Apex,Supplier A,283.44,447.14,2024-05-09,Active
2817,PRD02817,Electronics Smartphones Product 2817,Electronics,Smartphones,Prime,Supplier C,4523.21,5136.61,2022-11-16,Active
2818,PRD02818,Sports & Lifestyle Fitness Product 2818,Sports & Lifestyle,Fitness,XBrand,Supplier F,13589.57,17202.61,2022-06-25,Active
2819,PRD02819,Electronics Smartphones Product 2819,Electronics,Smartphones,Prime,Supplier B,5531.9,6371.69,2021-10-24,Active
2820,PRD02820,Grocery & FMCG Staples Product 2820,Grocery & FMCG,Staples,Vertex,Supplier A,97.31,117.41,2021-02-25,Active
2821,PRD02821,Home & Kitchen Furniture Product 2821,Home & Kitchen,Furniture,Vertex,Supplier B,14536.79,17965.88,2025-02-04,Active
2822,PRD02822,Electronics Smartphones Product 2822,Electronics,Smartphones,Zenith,Supplier C,28502.46,33683.75,2023-11-06,Inactive
2823,PRD02823,Fashion Mens Apparel Product 2823,Fashion,Mens Apparel,Prime,Supplier F,6994.25,10174.78,2021-03-07,Active
2824,PRD02824,Beauty & Personal Care Haircare Product 2824,Beauty & Personal Care,Haircare,Prime,Supplier B,875.42,1401.09,2023-08-16,Active
2825,PRD02825,Fashion Womens Apparel Product 2825,Fashion,Womens Apparel,Apex,Supplier E,1339.28,2032.97,2025-02-04,Active
2826,PRD02826,Electronics Laptops Product 2826,Electronics,Laptops,Orion,Supplier B,1908.91,2344.52,2023-11-13,Active
2827,PRD02827,Beauty & Personal Care Cosmetics Product 2827,Beauty & Personal Care,Cosmetics,Nova,Supplier D,405.66,794.84,2022-12-03,Active
2828,PRD02828,Sports & Lifestyle Lifestyle Accessories Product 2828,Sports & Lifestyle,Lifestyle Accessories,Zenith,Supplier D,526.45,793.5,2023-01-30,Active
2829,PRD02829,Fashion Footwear Product 2829,Fashion,Footwear,XBrand,Supplier C,7341.55,11892.83,2022-05-01,Active
2830,PRD02830,Home & Kitchen Home Decor Product 2830,Home & Kitchen,Home Decor,Zenith,Supplier C,25115.04,36970.4,2024-12-09,Active
2831,PRD02831,Fashion Kids Apparel Product 2831,Fashion,Kids Apparel,Orion,Supplier C,771.52,1224.68,2023-04-01,Active
2832,PRD02832,Electronics Televisions Product 2832,Electronics,Televisions,Prime,Supplier E,1529.97,1810.56,2023-06-07,Active
2833,PRD02833,Grocery & FMCG Beverages Product 2833,Grocery & FMCG,Beverages,XBrand,Supplier F,70.81,83.74,2024-08-21,Active
2834,PRD02834,Grocery & FMCG Packaged Food Product 2834,Grocery & FMCG,Packaged Food,Prime,Supplier E,467.92,532.41,2021-06-26,Active
2835,PRD02835,Beauty & Personal Care Grooming Product 2835,Beauty & Personal Care,Grooming,Zenith,Supplier B,171.26,342.3,2021-07-14,Active
2836,PRD02836,Home & Kitchen Storage Product 2836,Home & Kitchen,Storage,Nova,Supplier A,248.59,305.92,2023-11-03,Active
2837,PRD02837,Grocery & FMCG Packaged Food Product 2837,Grocery & FMCG,Packaged Food,XBrand,Supplier F,63.5,77.16,2023-05-26,Active
2838,PRD02838,Fashion Womens Apparel Product 2838,Fashion,Womens Apparel,Orion,Supplier D,8560.28,13828.89,2021-06-15,Active
2839,PRD02839,Grocery & FMCG Packaged Food Product 2839,Grocery & FMCG,Packaged Food,Urban,Supplier D,4265.6,4746.92,2024-03-19,Active
2840,PRD02840,Beauty & Personal Care Skincare Product 2840,Beauty & Personal Care,Skincare,Nova,Supplier D,6278.34,8789.46,2024-09-26,Active
2841,PRD02841,Grocery & FMCG Snacks Product 2841,Grocery & FMCG,Snacks,Orion,Supplier B,34.07,37.49,2022-07-11,Active
2842,PRD02842,Beauty & Personal Care Haircare Product 2842,Beauty & Personal Care,Haircare,XBrand,Supplier B,773.56,1394.42,2024-04-12,Active
2843,PRD02843,Fashion Kids Apparel Product 2843,Fashion,Kids Apparel,Prime,Supplier C,696.62,1256.49,2021-06-16,Active
2844,PRD02844,Sports & Lifestyle Lifestyle Accessories Product 2844,Sports & Lifestyle,Lifestyle Accessories,Orion,Supplier A,1534.1,1992.57,2022-12-10,Active
2845,PRD02845,Fashion Accessories Product 2845,Fashion,Accessories,Prime,Supplier C,1138.45,1853.58,2022-12-19,Active
2846,PRD02846,Beauty & Personal Care Cosmetics Product 2846,Beauty & Personal Care,Cosmetics,Nova,Supplier B,2928.89,4610.19,2021-04-07,Active
2847,PRD02847,Home & Kitchen Cookware Product 2847,Home & Kitchen,Cookware,Nova,Supplier E,5417.47,6994.33,2022-11-10,Active
2848,PRD02848,Beauty & Personal Care Skincare Product 2848,Beauty & Personal Care,Skincare,Orion,Supplier C,982.41,1951.14,2022-02-08,Active
2849,PRD02849,Beauty & Personal Care Personal Hygiene Product 2849,Beauty & Personal Care,Personal Hygiene,Prime,Supplier F,65.6,124.15,2024-01-06,Active
2850,PRD02850,Electronics Accessories Product 2850,Electronics,Accessories,XBrand,Supplier B,13419.0,15167.75,2024-06-14,Active
2851,PRD02851,Electronics Audio Product 2851,Electronics,Audio,Orion,Supplier B,100957.59,118448.89,2021-10-18,Active
2852,PRD02852,Beauty & Personal Care Haircare Product 2852,Beauty & Personal Care,Haircare,Urban,Supplier E,322.42,457.58,2021-05-16,Active
2853,PRD02853,Grocery & FMCG Staples Product 2853,Grocery & FMCG,Staples,Zenith,Supplier E,76.45,91.37,2023-06-08,Active
2854,PRD02854,Fashion Kids Apparel Product 2854,Fashion,Kids Apparel,Apex,Supplier E,1880.52,3314.56,2023-05-31,Active
2855,PRD02855,Home & Kitchen Home Decor Product 2855,Home & Kitchen,Home Decor,Nova,Supplier A,639.32,799.75,2022-01-02,Active
2856,PRD02856,Beauty & Personal Care Haircare Product 2856,Beauty & Personal Care,Haircare,Prime,Supplier F,63.44,101.82,2022-07-02,Active
2857,PRD02857,Electronics Laptops Product 2857,Electronics,Laptops,XBrand,Supplier B,122316.78,148676.38,2023-06-21,Active
2858,PRD02858,Fashion Kids Apparel Product 2858,Fashion,Kids Apparel,Nova,Supplier E,574.72,1000.16,2021-09-05,Active
2859,PRD02859,Electronics Audio Product 2859,Electronics,Audio,XBrand,Supplier A,43913.19,47843.96,2023-02-05,Active
2860,PRD02860,Electronics Audio Product 2860,Electronics,Audio,Nova,Supplier D,50486.29,57506.3,2024-05-22,Active
2861,PRD02861,Home & Kitchen Kitchen Appliances Product 2861,Home & Kitchen,Kitchen Appliances,Prime,Supplier F,381.58,488.25,2021-03-11,Active
2862,PRD02862,Fashion Accessories Product 2862,Fashion,Accessories,XBrand,Supplier D,1245.35,1872.64,2023-01-16,Active
2863,PRD02863,Electronics Laptops Product 2863,Electronics,Laptops,Prime,Supplier D,3247.88,3625.31,2023-09-23,Active
2864,PRD02864,Fashion Mens Apparel Product 2864,Fashion,Mens Apparel,XBrand,Supplier B,3263.66,5912.67,2021-11-25,Active
2865,PRD02865,Fashion Womens Apparel Product 2865,Fashion,Womens Apparel,Nova,Supplier A,4341.14,6284.11,2023-11-06,Active
2866,PRD02866,Fashion Mens Apparel Product 2866,Fashion,Mens Apparel,Apex,Supplier A,550.86,779.74,2025-02-19,Inactive
2867,PRD02867,Fashion Accessories Product 2867,Fashion,Accessories,Zenith,Supplier D,326.67,510.63,2024-04-12,Active
2868,PRD02868,Grocery & FMCG Packaged Food Product 2868,Grocery & FMCG,Packaged Food,Zenith,Supplier F,731.35,860.97,2022-11-30,Active
2869,PRD02869,Electronics Laptops Product 2869,Electronics,Laptops,Apex,Supplier C,24721.07,28121.74,2023-03-17,Active
2870,PRD02870,Fashion Footwear Product 2870,Fashion,Footwear,Zenith,Supplier D,668.79,1089.78,2021-10-01,Active
2871,PRD02871,Electronics Laptops Product 2871,Electronics,Laptops,Orion,Supplier B,4431.34,4977.73,2022-06-08,Active
2872,PRD02872,Electronics Accessories Product 2872,Electronics,Accessories,Urban,Supplier D,5000.81,5670.44,2021-08-07,Inactive
2873,PRD02873,Beauty & Personal Care Cosmetics Product 2873,Beauty & Personal Care,Cosmetics,Urban,Supplier F,80.73,148.81,2023-10-21,Active
2874,PRD02874,Fashion Kids Apparel Product 2874,Fashion,Kids Apparel,Orion,Supplier F,5958.74,8439.54,2022-05-28,Active
2875,PRD02875,Grocery & FMCG Household Care Product 2875,Grocery & FMCG,Household Care,Orion,Supplier D,25.31,29.91,2024-11-23,Active
2876,PRD02876,Fashion Kids Apparel Product 2876,Fashion,Kids Apparel,Vertex,Supplier A,459.5,684.48,2024-02-09,Active
2877,PRD02877,Sports & Lifestyle Outdoor Product 2877,Sports & Lifestyle,Outdoor,Prime,Supplier D,211.04,279.62,2022-04-09,Active
2878,PRD02878,Electronics Wearables Product 2878,Electronics,Wearables,XBrand,Supplier E,40956.78,50727.72,2024-01-22,Active
2879,PRD02879,Electronics Audio Product 2879,Electronics,Audio,Urban,Supplier E,2062.36,2362.45,2022-03-27,Active
2880,PRD02880,Electronics Audio Product 2880,Electronics,Audio,Nova,Supplier C,1467.58,1613.41,2024-11-20,Active
2881,PRD02881,Electronics Laptops Product 2881,Electronics,Laptops,Orion,Supplier B,119244.23,143977.06,2023-07-13,Active
2882,PRD02882,Fashion Mens Apparel Product 2882,Fashion,Mens Apparel,Zenith,Supplier B,1490.61,2497.26,2023-07-22,Active
2883,PRD02883,Beauty & Personal Care Haircare Product 2883,Beauty & Personal Care,Haircare,Apex,Supplier A,2621.15,4780.31,2022-04-24,Active
2884,PRD02884,Electronics Laptops Product 2884,Electronics,Laptops,XBrand,Supplier B,778.78,871.26,2021-11-12,Inactive
2885,PRD02885,Sports & Lifestyle Outdoor Product 2885,Sports & Lifestyle,Outdoor,Vertex,Supplier C,4650.32,6415.57,2022-11-02,Active
2886,PRD02886,Grocery & FMCG Beverages Product 2886,Grocery & FMCG,Beverages,Apex,Supplier E,7654.28,8968.53,2022-11-29,Active
2887,PRD02887,Home & Kitchen Cookware Product 2887,Home & Kitchen,Cookware,Zenith,Supplier A,48441.74,61650.0,2023-09-20,Active
2888,PRD02888,Electronics Audio Product 2888,Electronics,Audio,Orion,Supplier F,64387.99,73585.38,2024-10-08,Active
2889,PRD02889,Electronics Smartphones Product 2889,Electronics,Smartphones,XBrand,Supplier E,127528.06,142025.52,2023-02-07,Active
2890,PRD02890,Electronics Laptops Product 2890,Electronics,Laptops,Orion,Supplier C,9647.57,11925.27,2024-06-16,Active
2891,PRD02891,Electronics Audio Product 2891,Electronics,Audio,Urban,Supplier A,6574.68,7694.47,2024-02-02,Active
2892,PRD02892,Fashion Womens Apparel Product 2892,Fashion,Womens Apparel,Urban,Supplier D,9455.22,14219.7,2023-06-26,Active
2893,PRD02893,Home & Kitchen Furniture Product 2893,Home & Kitchen,Furniture,Prime,Supplier B,6037.75,7447.32,2023-05-28,Active
2894,PRD02894,Home & Kitchen Cookware Product 2894,Home & Kitchen,Cookware,Zenith,Supplier C,22045.03,31057.58,2023-11-19,Inactive
2895,PRD02895,Sports & Lifestyle Outdoor Product 2895,Sports & Lifestyle,Outdoor,Vertex,Supplier A,1351.22,1695.88,2021-03-30,Active
2896,PRD02896,Beauty & Personal Care Haircare Product 2896,Beauty & Personal Care,Haircare,XBrand,Supplier E,1134.44,1518.99,2022-01-10,Active
2897,PRD02897,Sports & Lifestyle Fitness Product 2897,Sports & Lifestyle,Fitness,Vertex,Supplier A,135.54,200.27,2024-11-21,Active
2898,PRD02898,Electronics Televisions Product 2898,Electronics,Televisions,Nova,Supplier D,1919.57,2149.24,2021-12-30,Active
2899,PRD02899,Fashion Mens Apparel Product 2899,Fashion,Mens Apparel,Vertex,Supplier C,2853.02,3859.29,2021-05-27,Active
2900,PRD02900,Fashion Womens Apparel Product 2900,Fashion,Womens Apparel,Orion,Supplier A,734.5,1019.98,2021-11-10,Active
2901,PRD02901,Electronics Smartphones Product 2901,Electronics,Smartphones,Orion,Supplier F,13781.43,16657.26,2022-07-02,Active
2902,PRD02902,Electronics Televisions Product 2902,Electronics,Televisions,Urban,Supplier C,30808.1,34840.25,2023-03-07,Active
2903,PRD02903,Beauty & Personal Care Haircare Product 2903,Beauty & Personal Care,Haircare,Prime,Supplier C,109.15,149.46,2025-01-15,Active
2904,PRD02904,Beauty & Personal Care Grooming Product 2904,Beauty & Personal Care,Grooming,Zenith,Supplier E,363.39,707.62,2023-06-18,Active
2905,PRD02905,Fashion Footwear Product 2905,Fashion,Footwear,Orion,Supplier B,489.96,701.3,2025-03-10,Active
2906,PRD02906,Fashion Accessories Product 2906,Fashion,Accessories,Urban,Supplier F,279.12,443.84,2025-02-18,Inactive
2907,PRD02907,Fashion Accessories Product 2907,Fashion,Accessories,Apex,Supplier D,2661.47,4282.93,2021-04-11,Active
2908,PRD02908,Electronics Audio Product 2908,Electronics,Audio,Urban,Supplier A,61766.57,72504.45,2021-04-17,Active
2909,PRD02909,Home & Kitchen Home Decor Product 2909,Home & Kitchen,Home Decor,XBrand,Supplier B,343.52,445.67,2023-05-07,Active
2910,PRD02910,Electronics Accessories Product 2910,Electronics,Accessories,Zenith,Supplier E,21372.81,25621.87,2023-07-26,Inactive
2911,PRD02911,Electronics Audio Product 2911,Electronics,Audio,Prime,Supplier B,10615.39,12876.74,2021-10-18,Active
2912,PRD02912,Sports & Lifestyle Sports Equipment Product 2912,Sports & Lifestyle,Sports Equipment,Orion,Supplier C,3646.67,5846.5,2024-10-04,Active
2913,PRD02913,Beauty & Personal Care Skincare Product 2913,Beauty & Personal Care,Skincare,XBrand,Supplier C,821.85,1479.88,2022-09-09,Active
2914,PRD02914,Beauty & Personal Care Skincare Product 2914,Beauty & Personal Care,Skincare,Nova,Supplier D,181.09,311.99,2022-08-11,Active
2915,PRD02915,Home & Kitchen Home Decor Product 2915,Home & Kitchen,Home Decor,Nova,Supplier F,33573.5,44502.08,2024-06-04,Active
2916,PRD02916,Fashion Accessories Product 2916,Fashion,Accessories,Urban,Supplier A,3821.74,6316.49,2022-08-19,Active
2917,PRD02917,Home & Kitchen Furniture Product 2917,Home & Kitchen,Furniture,Prime,Supplier A,205.07,284.36,2023-09-04,Active
2918,PRD02918,Electronics Audio Product 2918,Electronics,Audio,Vertex,Supplier E,1239.29,1579.57,2023-12-10,Active
2919,PRD02919,Electronics Wearables Product 2919,Electronics,Wearables,Prime,Supplier D,50558.36,55887.9,2023-05-18,Active
2920,PRD02920,Grocery & FMCG Snacks Product 2920,Grocery & FMCG,Snacks,Prime,Supplier A,36.68,42.62,2023-08-28,Active
2921,PRD02921,Beauty & Personal Care Haircare Product 2921,Beauty & Personal Care,Haircare,Prime,Supplier F,360.49,486.32,2022-12-23,Active
2922,PRD02922,Fashion Womens Apparel Product 2922,Fashion,Womens Apparel,Urban,Supplier C,1676.24,2492.81,2021-06-07,Active
2923,PRD02923,Fashion Mens Apparel Product 2923,Fashion,Mens Apparel,XBrand,Supplier D,261.89,444.16,2021-11-24,Active
2924,PRD02924,Sports & Lifestyle Fitness Product 2924,Sports & Lifestyle,Fitness,Urban,Supplier B,16538.48,25495.54,2024-01-06,Active
2925,PRD02925,Electronics Televisions Product 2925,Electronics,Televisions,Vertex,Supplier D,52674.43,59205.29,2023-01-05,Active
2926,PRD02926,Home & Kitchen Furniture Product 2926,Home & Kitchen,Furniture,XBrand,Supplier D,758.37,966.63,2022-09-25,Active
2927,PRD02927,Home & Kitchen Furniture Product 2927,Home & Kitchen,Furniture,Vertex,Supplier F,12883.94,19555.08,2025-01-17,Active
2928,PRD02928,Grocery & FMCG Household Care Product 2928,Grocery & FMCG,Household Care,Apex,Supplier F,1431.52,1720.89,2024-08-26,Active
2929,PRD02929,Sports & Lifestyle Fitness Product 2929,Sports & Lifestyle,Fitness,Apex,Supplier A,4253.32,5887.21,2021-11-23,Active
2930,PRD02930,Home & Kitchen Storage Product 2930,Home & Kitchen,Storage,Zenith,Supplier E,2063.55,2556.45,2022-05-23,Active
2931,PRD02931,Grocery & FMCG Packaged Food Product 2931,Grocery & FMCG,Packaged Food,Orion,Supplier E,20.68,24.32,2023-05-20,Active
2932,PRD02932,Grocery & FMCG Beverages Product 2932,Grocery & FMCG,Beverages,Orion,Supplier F,263.78,305.03,2024-02-05,Active
2933,PRD02933,Home & Kitchen Cookware Product 2933,Home & Kitchen,Cookware,XBrand,Supplier A,4357.41,5638.13,2021-08-29,Active
2934,PRD02934,Fashion Footwear Product 2934,Fashion,Footwear,Urban,Supplier A,1263.84,1927.03,2022-03-11,Active
2935,PRD02935,Fashion Accessories Product 2935,Fashion,Accessories,Vertex,Supplier A,801.6,1368.23,2023-11-18,Active
2936,PRD02936,Sports & Lifestyle Outdoor Product 2936,Sports & Lifestyle,Outdoor,Vertex,Supplier F,1479.18,2177.6,2022-12-05,Active
2937,PRD02937,Electronics Televisions Product 2937,Electronics,Televisions,Orion,Supplier E,69334.62,86806.37,2024-06-26,Active
2938,PRD02938,Grocery & FMCG Staples Product 2938,Grocery & FMCG,Staples,Orion,Supplier A,4519.64,5061.19,2024-10-19,Active
2939,PRD02939,Home & Kitchen Cookware Product 2939,Home & Kitchen,Cookware,Nova,Supplier F,190.37,245.45,2025-02-04,Active
2940,PRD02940,Grocery & FMCG Household Care Product 2940,Grocery & FMCG,Household Care,Vertex,Supplier B,93.72,113.05,2022-08-12,Active
2941,PRD02941,Fashion Womens Apparel Product 2941,Fashion,Womens Apparel,Urban,Supplier B,2787.09,3798.89,2022-02-17,Active
2942,PRD02942,Beauty & Personal Care Personal Hygiene Product 2942,Beauty & Personal Care,Personal Hygiene,Nova,Supplier C,131.49,184.92,2022-07-23,Active
2943,PRD02943,Grocery & FMCG Beverages Product 2943,Grocery & FMCG,Beverages,Urban,Supplier B,851.38,1005.82,2024-04-03,Active
2944,PRD02944,Grocery & FMCG Beverages Product 2944,Grocery & FMCG,Beverages,Prime,Supplier D,3452.47,4180.07,2023-09-16,Active
2945,PRD02945,Grocery & FMCG Beverages Product 2945,Grocery & FMCG,Beverages,Vertex,Supplier C,62.28,70.05,2023-12-08,Active
2946,PRD02946,Electronics Televisions Product 2946,Electronics,Televisions,Prime,Supplier B,2445.33,2811.46,2022-04-29,Active
2947,PRD02947,Beauty & Personal Care Skincare Product 2947,Beauty & Personal Care,Skincare,Apex,Supplier D,4088.74,6744.62,2024-03-27,Active
2948,PRD02948,Electronics Wearables Product 2948,Electronics,Wearables,Apex,Supplier B,32432.77,38094.2,2022-10-30,Active
2949,PRD02949,Fashion Womens Apparel Product 2949,Fashion,Womens Apparel,XBrand,Supplier F,246.78,334.77,2021-05-31,Active
2950,PRD02950,Fashion Womens Apparel Product 2950,Fashion,Womens Apparel,Vertex,Supplier D,1489.4,2456.78,2021-08-13,Active
2951,PRD02951,Fashion Womens Apparel Product 2951,Fashion,Womens Apparel,Orion,Supplier A,420.75,694.74,2024-07-07,Active
2952,PRD02952,Fashion Mens Apparel Product 2952,Fashion,Mens Apparel,Nova,Supplier F,4771.7,7147.33,2024-11-11,Active
2953,PRD02953,Sports & Lifestyle Sports Equipment Product 2953,Sports & Lifestyle,Sports Equipment,Prime,Supplier D,7496.47,10423.44,2021-09-13,Inactive
2954,PRD02954,Electronics Audio Product 2954,Electronics,Audio,Urban,Supplier F,22642.23,27848.84,2021-03-02,Active
2955,PRD02955,Beauty & Personal Care Cosmetics Product 2955,Beauty & Personal Care,Cosmetics,Vertex,Supplier A,6393.78,9634.25,2022-01-31,Active
2956,PRD02956,Fashion Mens Apparel Product 2956,Fashion,Mens Apparel,XBrand,Supplier D,1071.66,1494.9,2024-11-21,Active
2957,PRD02957,Electronics Accessories Product 2957,Electronics,Accessories,Urban,Supplier D,1913.71,2325.5,2024-03-31,Active
2958,PRD02958,Electronics Laptops Product 2958,Electronics,Laptops,Prime,Supplier F,84020.25,97160.72,2022-01-15,Active
2959,PRD02959,Sports & Lifestyle Sports Equipment Product 2959,Sports & Lifestyle,Sports Equipment,Vertex,Supplier B,383.75,516.5,2025-01-06,Active
2960,PRD02960,Grocery & FMCG Packaged Food Product 2960,Grocery & FMCG,Packaged Food,Orion,Supplier D,301.33,338.22,2021-12-15,Active
2961,PRD02961,Sports & Lifestyle Fitness Product 2961,Sports & Lifestyle,Fitness,Prime,Supplier B,448.35,686.81,2021-01-31,Inactive
2962,PRD02962,Sports & Lifestyle Fitness Product 2962,Sports & Lifestyle,Fitness,Vertex,Supplier D,143.59,207.45,2021-03-12,Active
2963,PRD02963,Home & Kitchen Home Decor Product 2963,Home & Kitchen,Home Decor,Vertex,Supplier E,17995.61,23227.9,2022-02-01,Active
2964,PRD02964,Home & Kitchen Storage Product 2964,Home & Kitchen,Storage,Prime,Supplier C,5235.38,7412.54,2025-01-01,Active
2965,PRD02965,Beauty & Personal Care Cosmetics Product 2965,Beauty & Personal Care,Cosmetics,Prime,Supplier B,1299.36,2034.9,2021-01-02,Active
2966,PRD02966,Fashion Footwear Product 2966,Fashion,Footwear,Urban,Supplier B,676.91,1161.45,2023-07-18,Active
2967,PRD02967,Fashion Footwear Product 2967,Fashion,Footwear,XBrand,Supplier A,3994.97,5825.7,2022-07-16,Active
2968,PRD02968,Home & Kitchen Storage Product 2968,Home & Kitchen,Storage,Prime,Supplier E,298.15,369.1,2024-03-04,Active
2969,PRD02969,Beauty & Personal Care Personal Hygiene Product 2969,Beauty & Personal Care,Personal Hygiene,Apex,Supplier A,92.44,152.97,2021-05-26,Active
2970,PRD02970,Beauty & Personal Care Skincare Product 2970,Beauty & Personal Care,Skincare,Zenith,Supplier E,83.66,125.66,2021-06-28,Active
2971,PRD02971,Electronics Smartphones Product 2971,Electronics,Smartphones,XBrand,Supplier E,36213.09,41207.84,2021-09-21,Active
2972,PRD02972,Fashion Womens Apparel Product 2972,Fashion,Womens Apparel,Apex,Supplier F,3567.98,5937.66,2024-08-27,Active
2973,PRD02973,Fashion Footwear Product 2973,Fashion,Footwear,Urban,Supplier F,473.03,782.85,2021-07-23,Active
2974,PRD02974,Beauty & Personal Care Haircare Product 2974,Beauty & Personal Care,Haircare,Prime,Supplier F,2031.38,3122.14,2022-11-30,Active
2975,PRD02975,Home & Kitchen Furniture Product 2975,Home & Kitchen,Furniture,XBrand,Supplier D,514.02,702.81,2023-11-20,Active
2976,PRD02976,Grocery & FMCG Packaged Food Product 2976,Grocery & FMCG,Packaged Food,Orion,Supplier A,5252.28,6135.56,2021-02-28,Active
2977,PRD02977,Electronics Accessories Product 2977,Electronics,Accessories,Prime,Supplier C,1628.69,1975.58,2023-10-30,Active
2978,PRD02978,Home & Kitchen Furniture Product 2978,Home & Kitchen,Furniture,Vertex,Supplier E,1855.18,2578.64,2023-09-15,Active
2979,PRD02979,Grocery & FMCG Snacks Product 2979,Grocery & FMCG,Snacks,Prime,Supplier E,1663.49,1915.34,2024-09-09,Active
2980,PRD02980,Fashion Mens Apparel Product 2980,Fashion,Mens Apparel,Orion,Supplier B,4384.8,7240.79,2021-06-16,Active
2981,PRD02981,Home & Kitchen Furniture Product 2981,Home & Kitchen,Furniture,XBrand,Supplier D,6319.31,7955.18,2024-09-22,Inactive
2982,PRD02982,Beauty & Personal Care Grooming Product 2982,Beauty & Personal Care,Grooming,Prime,Supplier C,2420.2,4690.1,2023-06-26,Inactive
2983,PRD02983,Fashion Kids Apparel Product 2983,Fashion,Kids Apparel,Prime,Supplier F,333.47,511.17,2024-11-03,Active
2984,PRD02984,Grocery & FMCG Snacks Product 2984,Grocery & FMCG,Snacks,Nova,Supplier E,84.41,99.95,2023-06-17,Active
2985,PRD02985,Grocery & FMCG Snacks Product 2985,Grocery & FMCG,Snacks,Nova,Supplier B,1606.1,1772.91,2023-03-02,Active
2986,PRD02986,Beauty & Personal Care Skincare Product 2986,Beauty & Personal Care,Skincare,XBrand,Supplier A,3995.37,5669.15,2021-08-30,Active
2987,PRD02987,Fashion Womens Apparel Product 2987,Fashion,Womens Apparel,XBrand,Supplier E,4466.54,6781.82,2023-06-27,Active
2988,PRD02988,Electronics Accessories Product 2988,Electronics,Accessories,Vertex,Supplier B,4000.28,4455.42,2024-03-29,Active
2989,PRD02989,Home & Kitchen Storage Product 2989,Home & Kitchen,Storage,Vertex,Supplier A,384.66,543.7,2023-02-16,Active
2990,PRD02990,Fashion Accessories Product 2990,Fashion,Accessories,Zenith,Supplier D,1872.07,2580.09,2024-06-12,Active
2991,PRD02991,Beauty & Personal Care Skincare Product 2991,Beauty & Personal Care,Skincare,Prime,Supplier F,121.9,166.54,2025-01-16,Active
2992,PRD02992,Fashion Womens Apparel Product 2992,Fashion,Womens Apparel,Apex,Supplier A,3342.13,5500.32,2021-07-18,Active
2993,PRD02993,Home & Kitchen Home Decor Product 2993,Home & Kitchen,Home Decor,XBrand,Supplier E,204.74,282.5,2025-02-09,Active
2994,PRD02994,Electronics Audio Product 2994,Electronics,Audio,Orion,Supplier C,987.63,1244.69,2023-11-23,Active
2995,PRD02995,Fashion Womens Apparel Product 2995,Fashion,Womens Apparel,Prime,Supplier A,6364.04,10426.82,2022-02-12,Inactive
2996,PRD02996,Home & Kitchen Furniture Product 2996,Home & Kitchen,Furniture,Apex,Supplier C,35049.88,51388.8,2024-01-18,Active
2997,PRD02997,Grocery & FMCG Packaged Food Product 2997,Grocery & FMCG,Packaged Food,Nova,Supplier C,2973.42,3445.33,2021-08-09,Active
2998,PRD02998,Electronics Laptops Product 2998,Electronics,Laptops,Vertex,Supplier A,3528.06,3966.3,2023-12-29,Active
2999,PRD02999,Beauty & Personal Care Personal Hygiene Product 2999,Beauty & Personal Care,Personal Hygiene,Orion,Supplier D,265.72,448.19,2024-08-10,Active
3000,PRD03000,Sports & Lifestyle Fitness Product 3000,Sports & Lifestyle,Fitness,XBrand,Supplier A,372.03,497.18,2024-06-14,Active
