ReturnID,OrderID,ReturnDate,CustomerKey,ProductKey,StoreKey,QuantityReturned,ReturnReasonKey,RefundAmount
1,1199611,2025-10-10,8562,1346,77,1,3,5856.47
2,1031170,2025-09-03,35976,635,114,1,5,21896.28
3,1161444,2025-12-02,31529,974,83,1,2,50557.0
4,1128809,2026-01-06,807,804,3,1,4,3254.63
5,1011440,2025-07-05,41395,2822,27,1,3,31050.34
6,1196923,2025-09-08,9522,275,64,1,1,1736.9
7,1174973,2026-04-07,4501,3000,100,1,4,918.09
8,1047437,2025-11-27,33369,2827,92,1,3,735.52
9,1157685,2026-03-17,13461,2678,95,1,1,4535.65
10,1060936,2026-01-18,39353,1136,113,1,3,1407.39
11,1195456,2025-08-19,32146,1752,75,1,1,1079.61
12,1190465,2026-03-16,8146,263,118,1,5,307.44
13,1185621,2025-07-31,30093,1180,22,1,3,8354.39
14,1050061,2025-09-26,45367,236,115,1,2,2837.53
15,1021059,2025-07-07,27411,24,64,1,5,3239.86
16,1187647,2025-12-02,33783,1180,12,1,1,4418.71
17,1170404,2025-04-05,23782,2838,40,1,2,13704.32
18,1101336,2025-08-28,16748,2205,34,1,5,22835.59
19,1069821,2025-08-29,40484,14,120,1,3,5248.87
20,1091356,2026-03-21,42437,2248,36,1,5,5223.64
21,1076949,2025-07-05,35111,105,8,1,3,261.42
22,1093256,2025-07-03,25263,2857,58,1,5,293079.03
23,1193438,2025-09-28,38708,2003,24,1,3,1101.91
24,1079534,2025-08-02,11011,1161,114,1,2,15170.02
25,1152198,2025-05-13,7620,2138,110,1,3,7201.73
26,1160212,2026-01-15,43318,2642,13,1,3,165637.53
27,1060499,2025-05-15,48979,1729,55,1,2,722.82
28,1184179,2025-07-30,46089,381,116,1,2,1084.1
29,1037320,2026-04-01,5315,2633,116,1,4,4054.7
30,1195199,2025-06-14,8861,2461,115,1,4,9805.59
31,1172218,2026-03-06,14035,1307,60,1,5,34590.4
32,1197491,2026-02-02,12381,32,104,1,4,7680.02
33,1031692,2025-11-15,33209,163,86,1,1,10656.42
34,1150153,2025-12-12,40005,604,42,1,1,2944.56
35,1027466,2026-03-18,46592,900,35,1,4,12986.58
36,1180944,2025-05-03,12442,2223,67,1,5,1299.64
37,1096636,2026-02-02,30213,1940,11,1,4,14568.43
38,1009862,2025-12-25,21504,1039,89,1,1,3984.75
39,1171018,2025-05-10,33156,2927,119,1,2,37565.96
40,1141355,2025-11-03,49002,2145,35,1,3,18878.26
41,1043942,2025-07-19,24997,1453,30,1,4,217.56
42,1144223,2025-08-22,22237,2804,30,1,2,144.39
43,1121141,2026-02-02,48272,2582,86,1,5,40148.46
44,1021145,2025-08-26,24322,112,104,1,1,24457.94
45,1080796,2025-12-31,38751,1724,29,1,5,8789.96
46,1166928,2026-03-10,42739,2956,63,1,4,1374.5
47,1160006,2025-11-29,33552,1395,27,1,2,3710.22
48,1006045,2026-02-27,37631,2505,114,1,3,17364.9
49,1168612,2026-01-17,25828,1325,52,1,5,5021.16
50,1067746,2025-09-21,30609,145,119,1,2,47509.4
51,1178906,2026-01-19,10941,1343,34,1,4,8100.64
52,1055946,2026-01-25,32957,2456,21,1,1,32.97
53,1075747,2025-10-31,32674,1850,103,1,2,2538.72
54,1027110,2026-01-02,16184,1184,85,1,3,19036.82
55,1163360,2026-02-22,47276,130,55,1,1,284.99
56,1193399,2025-10-18,18700,197,94,1,3,1263.24
57,1109652,2026-01-30,14094,2748,117,1,1,1701.62
58,1179592,2025-06-25,24762,2451,73,1,5,1708.55
59,1047660,2025-10-24,48105,460,112,1,4,159089.88
60,1154466,2025-09-04,44176,2807,27,1,3,3777.56
61,1125088,2025-11-09,17344,1588,28,1,1,4912.05
62,1079588,2025-09-02,31350,187,55,1,4,2694.37
63,1001198,2026-01-12,42867,30,67,1,2,912.76
64,1187745,2025-10-26,16097,2917,28,1,4,262.94
65,1022293,2025-11-07,39797,2990,105,1,4,7002.71
66,1183186,2025-11-19,43228,494,69,1,3,86902.12
67,1045189,2025-07-12,8040,518,66,1,4,16245.14
68,1096779,2025-07-27,36042,2484,82,1,3,10675.98
69,1166814,2025-07-10,21851,78,61,1,3,4152.96
70,1037542,2026-02-21,5895,2708,91,1,1,4657.75
71,1199874,2025-11-04,37454,1077,64,1,1,144403.88
72,1049043,2025-11-28,39228,386,25,1,5,13744.38
73,1040181,2026-03-31,36411,1690,94,1,2,4035.3
74,1151862,2025-08-19,44515,2720,64,1,4,127100.68
75,1128551,2026-03-18,15677,537,82,1,2,133943.74
76,1160096,2025-11-12,48064,1776,64,1,2,2518.83
77,1029085,2025-07-25,35510,2067,116,1,4,17301.52
78,1031846,2026-04-12,34425,163,106,1,2,5360.08
79,1068644,2025-06-14,44328,547,84,1,3,2063.3
80,1048992,2026-01-28,26639,1014,55,1,2,31033.81
81,1191640,2025-08-17,31661,736,40,1,1,3653.03
82,1054828,2026-03-26,9148,1147,111,1,3,38.17
83,1107426,2025-06-13,35088,998,49,1,5,1705.58
84,1006087,2025-11-06,32544,1387,106,1,3,5665.89
85,1181630,2026-02-24,41143,1065,51,1,5,7327.49
86,1039325,2026-02-08,40264,799,19,1,2,56458.41
87,1175655,2025-05-15,29926,674,60,1,2,2209.96
88,1072562,2025-08-05,19996,2867,83,1,3,473.15
89,1049656,2025-07-30,31106,2480,19,1,5,5985.39
90,1168899,2025-08-08,16030,1775,48,1,4,7199.0
91,1148486,2026-03-18,26312,1938,33,1,5,9792.78
92,1039666,2025-11-04,48000,2923,49,1,2,816.44
93,1143473,2025-11-03,17607,300,92,1,4,35009.91
94,1044718,2026-03-29,15094,128,46,1,1,3661.3
95,1055237,2025-07-14,7318,2945,82,1,1,137.66
96,1152494,2025-06-01,12397,2126,59,1,2,2759.51
97,1163823,2025-09-16,22029,1319,80,1,1,584.59
98,1051630,2025-10-10,30187,112,31,1,1,25046.86
99,1023084,2026-03-24,17872,1198,113,1,4,56679.51
100,1146193,2025-05-28,29691,1097,79,1,5,8835.02
101,1107189,2025-09-09,46291,1192,75,1,1,35807.96
102,1000559,2025-11-19,711,26,36,1,1,133417.68
103,1110312,2025-08-03,35076,686,41,1,2,2815.73
104,1079908,2025-05-26,23831,1415,45,1,4,2173.39
105,1180291,2025-08-20,30760,2788,14,1,5,31204.43
106,1195638,2026-03-11,6506,1469,41,1,5,7438.52
107,1081076,2025-07-16,13617,500,68,1,1,26878.67
108,1172661,2025-05-03,41605,2958,98,1,4,355917.18
109,1159432,2025-12-04,21329,760,91,1,5,5787.58
110,1000625,2025-09-23,41225,113,96,1,5,11256.89
111,1105485,2025-12-10,17896,194,50,1,2,806.27
112,1141054,2025-08-09,16258,804,1,1,3,1271.76
113,1076230,2025-04-14,2964,948,86,1,3,12540.97
114,1043339,2026-03-11,33143,130,36,1,2,277.03
115,1004216,2026-03-01,36646,2762,107,1,5,3526.72
116,1052740,2025-05-31,19799,1047,116,1,4,4920.51
117,1108367,2026-03-17,3269,2877,45,1,3,510.19
118,1045450,2026-04-18,32914,492,72,1,2,49108.42
119,1133275,2025-11-11,31706,943,54,1,2,496.2
120,1098004,2025-06-29,10621,1169,100,1,4,39033.92
121,1105267,2025-12-29,5776,2988,38,1,5,3992.87
122,1014250,2026-01-14,19107,1295,112,1,2,3046.14
123,1130829,2025-06-11,13564,907,78,1,3,1276.38
124,1018126,2026-04-14,31968,2253,96,1,2,786.16
125,1091931,2025-06-12,4875,1208,30,1,4,9830.96
126,1158186,2026-04-06,12295,480,84,1,3,1368.13
127,1157093,2025-12-14,8529,874,70,1,1,1478.67
128,1099513,2025-09-16,14943,168,90,1,1,1216.65
129,1184227,2025-08-17,17277,2170,78,1,1,712.12
130,1092253,2025-10-23,38936,2107,44,1,3,33874.45
131,1041428,2025-04-30,20370,22,59,1,5,1491.72
132,1030297,2025-05-28,27664,1479,21,1,3,3385.56
133,1149830,2025-12-06,34276,2584,54,1,2,86709.55
134,1137094,2026-01-22,44296,2134,47,1,2,460.95
135,1083320,2026-03-08,22071,541,49,1,2,2085.14
136,1061426,2025-07-14,2323,1818,73,1,4,3052.52
137,1027476,2025-10-08,30406,1436,90,1,4,85128.82
138,1026737,2025-09-24,30040,649,35,1,3,6889.77
139,1187733,2025-08-01,8259,1906,108,1,1,1308.59
140,1035094,2026-03-28,32427,1789,53,1,5,2599.64
141,1114844,2026-03-20,44428,843,53,1,1,1094.19
142,1142194,2026-04-02,22288,1633,22,1,2,501.39
143,1072547,2025-12-02,15960,1844,95,1,2,4266.79
144,1027961,2025-06-03,5019,2362,62,1,4,15250.74
145,1150122,2025-05-18,49078,1139,64,1,1,4740.85
146,1115517,2025-10-24,41764,2867,48,1,1,916.26
147,1108396,2025-12-13,35907,390,117,1,3,168.35
148,1113931,2025-09-22,42748,2988,109,1,3,4024.3
149,1038055,2025-05-01,17397,848,107,1,2,3012.58
150,1103854,2025-12-24,43330,1772,11,1,1,54918.42
151,1106989,2025-09-09,3999,146,10,1,4,2695.81
152,1108432,2025-05-26,42740,2378,86,1,3,905.8
153,1097017,2026-02-28,15125,2096,76,1,5,9805.38
154,1030744,2025-10-23,34984,623,46,1,2,4654.46
155,1078525,2025-12-12,38806,618,44,1,2,82179.98
156,1075470,2025-11-05,43400,522,9,1,4,5834.33
157,1054666,2025-12-11,29830,362,112,1,1,1902.91
158,1048469,2025-06-18,37658,2770,98,1,5,4542.87
159,1074618,2026-02-24,18611,1759,117,1,1,1149.09
160,1048655,2026-03-29,8389,194,58,1,5,455.86
161,1126189,2026-01-16,10087,91,13,1,5,1614.29
162,1037709,2025-05-12,43435,1726,60,1,4,10739.22
163,1139321,2025-07-08,49404,2898,106,1,2,4146.91
164,1106868,2026-03-21,43243,639,65,1,1,1709.14
165,1031058,2026-01-08,28411,1139,51,1,4,3167.84
166,1029282,2025-09-16,27500,542,100,1,4,33909.06
167,1065147,2025-10-17,49388,2156,111,1,3,4519.15
168,1193857,2025-09-04,41695,1393,6,1,3,6032.98
169,1185687,2026-03-15,43622,811,83,1,3,981.3
170,1040758,2025-05-24,30661,944,22,1,2,542.6
171,1057743,2025-10-28,6499,100,29,1,1,419.41
172,1107303,2026-03-24,15374,1917,78,1,3,1594.14
173,1094579,2025-05-26,15528,1752,77,1,5,1069.93
174,1068567,2025-08-15,701,1169,91,1,5,188587.39
175,1123519,2025-12-30,29498,2866,25,1,3,1343.33
176,1093231,2026-03-30,41028,899,78,1,4,783.3
177,1034613,2026-03-26,44860,703,7,1,5,3305.83
178,1097966,2025-12-28,16663,1020,77,1,5,4827.24
179,1169467,2025-11-09,17981,2290,107,1,4,10412.38
180,1179972,2025-10-24,25102,573,35,1,3,308.19
181,1078071,2025-05-18,39095,1396,32,1,3,8186.52
182,1026691,2025-05-14,6833,2307,90,1,5,452.83
183,1134573,2025-10-17,43321,951,66,1,4,13685.42
184,1145884,2026-01-19,25142,2160,96,1,3,11397.74
185,1085997,2025-10-04,48670,2858,79,1,3,987.92
186,1192534,2025-06-14,15860,2458,58,1,5,55818.68
187,1142267,2025-10-14,35012,1613,53,1,5,5044.23
188,1082810,2025-10-07,17196,490,26,1,3,2459.05
189,1096853,2026-02-20,25314,1744,116,1,3,31727.72
190,1167514,2025-06-19,8861,1785,92,1,2,49850.37
191,1073063,2025-12-02,19517,1321,81,1,1,2125.86
192,1197973,2025-05-17,12023,2764,15,1,1,1355.95
193,1175342,2025-12-10,11175,2142,25,1,3,9404.28
194,1024310,2025-10-26,39901,2594,49,1,4,7126.26
195,1175454,2025-07-14,12730,605,101,1,2,372.52
196,1059393,2026-03-06,16806,1509,84,1,2,1327.95
197,1132974,2025-11-08,4590,2152,27,1,1,772.27
198,1112265,2025-07-20,6728,1232,48,1,2,59142.21
199,1162496,2026-01-20,38503,1984,82,1,4,529.37
200,1182276,2025-08-30,5963,135,45,1,2,86755.78
201,1029638,2025-06-01,39063,2338,12,1,2,1291.16
202,1189947,2025-10-01,26189,1377,49,1,4,601.29
203,1045066,2026-04-06,31761,414,104,1,2,10422.54
204,1069354,2025-05-12,38726,2068,44,1,1,2358.72
205,1093328,2025-09-18,36242,633,47,1,1,304.67
206,1120174,2025-11-13,4347,1206,90,1,4,2243.83
207,1019487,2026-03-27,20432,645,42,1,2,6260.98
208,1168960,2026-04-11,14399,1035,35,1,3,255822.06
209,1120987,2025-09-24,50000,382,115,1,3,15844.9
210,1114202,2025-04-14,11358,22,42,1,3,1462.15
211,1005368,2025-12-20,28433,1968,34,1,1,802.67
212,1041480,2026-01-12,7197,486,32,1,3,102.57
213,1197881,2025-04-12,8249,905,106,1,2,3929.66
214,1053487,2026-02-16,42926,258,93,1,2,6897.15
215,1178487,2025-09-13,2959,1206,100,1,3,2268.23
216,1165648,2025-09-22,32122,1829,44,1,1,2334.81
217,1120503,2026-01-09,39459,1508,54,1,2,42794.04
218,1041358,2026-03-24,17738,2727,43,1,4,19809.27
219,1155016,2025-04-10,47584,2737,90,1,2,12745.2
220,1103799,2026-01-07,48257,542,51,1,2,29742.56
221,1192044,2025-07-24,22390,245,22,1,5,960.01
222,1089757,2025-12-27,11445,12,56,1,5,3569.19
223,1076882,2025-10-14,49383,2168,103,1,2,2336.03
224,1056202,2025-07-30,35546,2748,3,1,2,1720.73
225,1098979,2026-01-18,6637,864,13,1,5,9880.7
226,1103737,2025-04-21,45645,2289,57,1,5,21791.4
227,1011349,2025-05-29,5564,512,85,1,1,8418.74
228,1016520,2025-06-04,18786,2447,19,1,5,2470.74
229,1175140,2025-05-24,26345,718,102,1,2,239.95
230,1187313,2026-02-02,48000,730,16,1,1,645.93
231,1197463,2025-10-29,42224,29,15,1,3,18479.26
232,1063486,2025-08-09,35542,961,109,1,3,2617.02
233,1157379,2025-10-29,6122,2242,44,1,4,12468.35
234,1031427,2025-06-12,39197,441,14,1,1,15445.96
235,1167603,2025-08-01,33028,1475,100,1,2,7153.31
236,1102174,2025-10-24,29391,552,114,1,2,12144.09
237,1001159,2026-01-07,2647,248,79,1,4,1529.07
238,1057108,2026-01-17,33203,2660,39,1,5,74574.43
239,1058868,2025-08-13,36921,639,67,1,2,1649.51
240,1072190,2025-12-21,38465,2736,30,1,2,200.2
241,1008319,2026-01-13,3037,668,52,1,1,3508.9
242,1163032,2026-04-15,20323,2860,89,1,3,113409.34
243,1073886,2025-05-05,29443,799,119,1,2,18413.69
244,1104269,2025-08-16,17552,2458,40,1,3,56035.59
245,1028135,2025-07-28,5381,910,21,1,2,1407.86
246,1070841,2025-06-06,47250,890,105,1,3,4501.44
247,1155251,2025-08-02,5354,592,34,1,5,880.48
248,1016888,2025-11-25,2754,1478,35,1,4,7498.34
249,1089734,2025-10-21,30179,2987,81,1,4,6099.77
250,1022628,2025-09-21,46632,1630,40,1,2,54949.0
251,1100826,2026-01-07,15792,6,110,1,4,259924.88
252,1017591,2025-10-10,16561,1079,6,1,5,51534.77
253,1025722,2025-10-21,40421,1451,89,1,2,2320.76
254,1012365,2025-08-03,40692,810,21,1,1,2424.12
255,1170039,2026-03-25,13253,732,94,1,4,6496.56
256,1063745,2025-10-17,42905,2589,44,1,1,12877.38
257,1018473,2025-07-24,47201,2750,46,1,3,2683.81
258,1040410,2025-07-17,12116,2362,63,1,2,11743.55
259,1076457,2026-01-30,36898,1493,2,1,3,28390.98
260,1045262,2025-10-03,43514,1381,7,1,3,5722.45
261,1127220,2025-07-04,20807,1044,23,1,1,103830.95
262,1198446,2026-03-01,16345,178,113,1,2,1238.85
263,1195912,2025-06-28,42928,1217,18,1,5,1740.0
264,1127597,2026-01-08,997,2920,55,1,2,79.63
265,1183624,2025-05-17,22706,1303,2,1,3,773.57
266,1057535,2025-11-24,47606,1595,71,1,5,7131.16
267,1080088,2025-11-25,24644,2637,89,1,1,62593.81
268,1130698,2025-09-01,43492,2278,13,1,1,9249.31
269,1163826,2025-11-10,25357,148,110,1,1,439.7
270,1004263,2025-05-19,42418,2292,99,1,2,3968.13
271,1160789,2025-05-05,15216,887,3,1,1,32900.44
272,1029846,2025-05-02,39950,480,94,1,2,2788.26
273,1092456,2026-04-22,30724,2755,65,1,5,26515.99
274,1037664,2026-01-15,4779,182,10,1,4,588.94
275,1175368,2025-11-18,33772,259,77,1,2,30468.5
276,1020724,2025-12-23,47491,2383,17,1,4,8913.67
277,1151183,2026-01-06,37552,312,6,1,1,188643.14
278,1109665,2025-04-29,41898,35,46,1,3,2165.75
279,1009520,2025-12-04,33231,1495,58,1,2,5329.61
280,1198326,2026-01-26,31709,490,111,1,5,2591.91
281,1011241,2026-04-11,49410,1630,61,1,1,111294.13
282,1099613,2025-06-27,8246,1038,5,1,3,1302.43
283,1100145,2025-11-03,12011,269,62,1,1,59993.78
284,1108654,2026-04-04,38008,2361,97,1,1,397.13
285,1060326,2026-03-08,26204,70,11,1,3,1099.52
286,1089391,2025-11-22,40009,2790,26,1,1,2041.53
287,1134871,2026-03-05,48283,1143,69,1,3,9173.82
288,1075511,2026-02-20,37298,348,2,1,3,3672.4
289,1052650,2025-08-26,31393,134,84,1,5,213.78
290,1066603,2025-10-01,12724,2588,3,1,2,1493.56
291,1193965,2026-03-12,33615,2526,36,1,5,20075.31
292,1006742,2025-10-25,13168,2140,15,1,5,1390.13
293,1073620,2025-06-15,39182,2510,4,1,4,2097.45
294,1040192,2025-12-01,14853,1841,42,1,3,46255.32
295,1064300,2025-09-26,46716,554,87,1,5,1506.04
296,1007980,2025-06-29,12416,516,16,1,4,7578.49
297,1081035,2025-08-10,27089,133,19,1,2,6064.01
298,1110668,2026-03-22,2210,38,22,1,3,1015.22
299,1192553,2025-12-04,49501,2584,119,1,4,65063.97
300,1110798,2025-07-17,3953,905,104,1,3,6965.12
301,1070464,2025-07-23,23194,2542,96,1,3,539.46
302,1173953,2025-12-10,21870,1874,53,1,4,11089.07
303,1043615,2025-05-13,39924,523,63,1,5,4007.23
304,1042652,2025-08-30,47187,1564,66,1,5,4270.3
305,1195764,2025-08-28,38161,1389,99,1,5,4792.34
306,1195014,2026-01-03,47434,2266,106,1,5,21947.38
307,1067975,2025-09-13,34394,2882,73,1,5,11346.52
308,1135437,2026-01-20,5209,525,88,1,1,101.22
309,1071300,2025-12-27,23544,19,29,1,4,8398.92
310,1139896,2025-04-26,30472,2280,70,1,4,8906.93
311,1062472,2025-07-26,4221,2977,75,1,4,5735.57
312,1189904,2025-10-08,10775,340,111,1,5,4025.78
313,1162213,2025-05-14,28440,1177,25,1,3,257299.71
314,1006899,2025-09-24,37877,2214,114,1,1,21579.39
315,1165918,2026-02-11,21842,2310,55,1,4,2989.34
316,1029484,2026-01-28,26416,641,15,1,1,72124.52
317,1011618,2025-11-23,35200,2074,98,1,4,28.2
318,1025967,2026-03-14,12752,210,81,1,5,40765.84
319,1157130,2025-06-08,38317,591,60,1,5,1980.6
320,1052594,2025-09-20,22365,2283,29,1,3,262.68
321,1111492,2025-08-24,36770,2835,48,1,4,327.09
322,1025416,2025-12-04,8521,146,67,1,4,5020.63
323,1106619,2025-08-26,49791,1178,10,1,2,2962.35
324,1061520,2025-12-04,49561,1176,8,1,1,4302.09
325,1130984,2025-12-03,38243,527,90,1,2,97064.67
326,1193648,2025-11-29,27168,465,36,1,1,3835.65
327,1039554,2025-12-02,49369,1295,106,1,2,7106.03
328,1084544,2026-04-05,26160,541,84,1,2,2190.41
329,1074052,2025-12-06,47594,686,81,1,4,2987.98
330,1017065,2026-02-04,15962,2594,45,1,5,2378.99
331,1009586,2025-11-13,15156,309,66,1,1,104.05
332,1186208,2025-05-14,5636,213,71,1,5,24734.43
333,1096575,2025-12-29,45524,612,115,1,5,14664.41
334,1121717,2025-11-30,27583,1085,98,1,2,36898.91
335,1154797,2025-07-10,9391,137,23,1,4,1581.1
336,1014652,2026-01-18,8091,1128,75,1,5,671.49
337,1181195,2025-04-20,8779,487,116,1,1,21269.58
338,1051081,2025-09-04,47256,1204,119,1,5,1162.42
339,1014659,2026-03-26,6881,1844,36,1,4,1534.48
340,1121051,2026-02-10,40355,895,85,1,4,1293.55
341,1164401,2026-01-06,25813,3,21,1,1,27732.04
342,1160239,2025-05-17,10222,1162,59,1,3,2030.58
343,1124827,2026-02-10,37104,52,44,1,3,7968.95
344,1159323,2025-04-17,10243,1998,19,1,3,3174.25
345,1075825,2025-10-23,1137,1066,64,1,4,4234.55
346,1014160,2025-11-09,47596,100,99,1,1,877.1
347,1191385,2025-10-03,22474,2287,42,1,3,1001.51
348,1135821,2025-09-04,47538,1914,9,1,4,349530.98
349,1030581,2026-02-01,16753,2590,21,1,5,87919.34
350,1032316,2025-09-14,8214,1263,29,1,5,41.3
351,1094118,2025-08-05,12254,2700,6,1,1,1349.84
352,1072470,2026-01-14,7386,1405,115,1,3,5959.09
353,1166938,2026-03-26,32274,2294,7,1,4,3872.97
354,1102473,2025-10-27,26454,2430,119,1,5,1566.81
355,1177715,2025-12-20,22429,2941,25,1,5,16879.38
356,1191356,2025-08-11,18727,2328,45,1,4,18008.57
357,1136592,2025-10-15,48550,2020,8,1,2,643.62
358,1192995,2025-10-31,19093,276,86,1,5,819.84
359,1045804,2026-01-14,33671,638,102,1,1,715.04
360,1039739,2025-11-19,18615,1722,70,1,4,587.51
361,1131341,2025-09-16,40994,865,30,1,5,7918.28
362,1191269,2026-01-17,27682,2235,82,1,5,75094.91
363,1186569,2025-12-31,33419,2103,23,1,3,541.38
364,1159216,2025-05-17,46824,2056,103,1,4,9802.0
365,1085564,2025-08-19,5842,685,12,1,3,980.18
366,1138518,2026-02-25,29713,2949,62,1,3,1498.07
367,1123713,2025-09-18,29665,2239,53,1,5,17257.38
368,1185950,2025-12-13,12762,852,60,1,1,829.65
369,1070793,2025-07-10,27524,1614,66,1,2,10681.14
370,1116645,2025-10-17,45012,1041,6,1,4,26779.64
371,1181366,2025-07-09,33162,1404,76,1,3,2318.8
372,1188436,2025-11-07,11486,665,82,1,5,932.78
373,1167329,2026-04-02,8405,2178,73,1,2,3493.14
374,1015868,2025-06-26,16985,1334,53,1,1,851.25
375,1056420,2025-11-17,34913,2602,117,1,1,1294.63
376,1039076,2025-04-26,23102,479,54,1,4,18214.27
377,1012572,2025-11-23,46218,728,21,1,1,9495.47
378,1109352,2025-10-28,5975,2056,86,1,5,8686.25
379,1090064,2025-07-21,24022,127,67,1,1,3459.77
380,1005019,2025-12-16,42188,2782,96,1,1,16518.72
381,1168184,2025-08-23,49281,2675,13,1,4,2223.26
382,1151921,2025-08-21,10270,1283,44,1,2,399.2
383,1104404,2026-02-07,36201,2909,25,1,5,443.05
384,1146677,2026-01-26,18903,2605,86,1,1,8675.24
385,1063859,2025-05-15,49632,1354,68,1,2,149.34
386,1060484,2025-10-20,48171,36,72,1,1,5748.69
387,1012546,2025-10-05,46310,1063,17,1,2,22028.16
388,1180326,2026-02-21,6743,941,43,1,4,58429.19
389,1135920,2026-01-27,1421,2384,91,1,3,9467.5
390,1192573,2025-11-18,19543,1945,70,1,2,22398.09
391,1043649,2025-12-05,11233,719,60,1,1,22710.82
392,1128369,2026-04-14,2148,1592,75,1,4,136.4
393,1085506,2025-10-24,45955,173,89,1,1,5444.05
394,1118821,2025-10-09,12584,2830,25,1,3,68701.47
395,1022627,2025-05-26,21743,2032,71,1,2,502.19
396,1099221,2025-06-26,46824,2208,35,1,4,67849.4
397,1046141,2026-02-03,35428,1547,88,1,4,1047.22
398,1032265,2026-01-04,26938,1668,28,1,5,4456.42
399,1195552,2025-12-08,14465,1045,62,1,1,2065.03
400,1035841,2025-10-17,28312,655,39,1,1,4167.12
401,1175640,2026-01-18,41408,1071,40,1,5,2586.45
402,1140135,2025-12-21,1336,438,71,1,1,4430.15
403,1058423,2025-07-05,29923,908,117,1,3,1248.22
404,1052302,2025-05-09,23554,683,42,1,5,4379.76
405,1176948,2025-12-09,18537,908,77,1,1,1204.95
406,1198500,2025-06-21,7669,1056,33,1,5,14321.04
407,1167896,2026-04-15,1589,1115,111,1,3,298.55
408,1167614,2025-04-23,5963,852,68,1,5,638.84
409,1169895,2025-10-10,40844,1320,65,1,1,69923.21
410,1187850,2025-07-30,7842,2567,13,1,3,641.33
411,1099465,2026-02-17,12836,39,42,1,4,4837.43
412,1106380,2025-10-09,28146,239,55,1,4,55.2
413,1178512,2025-09-27,8447,905,83,1,4,3938.01
414,1047065,2025-12-23,9701,1739,60,1,4,136.06
415,1165171,2025-11-01,48979,1795,120,1,5,821.35
416,1003965,2025-06-12,43156,2164,70,1,2,1206.17
417,1199873,2026-04-07,31932,1697,50,1,2,3750.83
418,1127773,2025-10-19,40070,370,3,1,5,1926.91
419,1143498,2025-07-30,351,1151,115,1,4,9519.75
420,1083066,2026-04-11,45180,1844,116,1,1,3327.05
421,1069344,2026-04-01,32274,658,9,1,3,3001.06
422,1025962,2026-02-12,37313,509,113,1,4,56995.64
423,1168221,2025-05-27,18246,2309,26,1,1,19.07
424,1063329,2025-09-28,9564,2291,28,1,3,77740.91
425,1181795,2025-09-13,3507,508,95,1,3,3404.35
426,1061075,2026-01-26,34626,719,70,1,5,43743.46
427,1174684,2026-04-22,34558,1186,1,1,5,886.59
428,1079557,2025-08-29,23928,2216,49,1,4,16130.63
429,1106002,2025-07-21,8099,2125,104,1,1,9933.73
430,1045479,2025-06-10,43995,1575,3,1,4,13262.85
431,1125260,2026-03-27,49110,2066,60,1,5,13262.42
432,1009363,2025-11-03,8732,1217,120,1,4,7525.43
433,1170082,2025-06-24,25820,693,31,1,1,4406.22
434,1083007,2025-10-15,36678,2260,86,1,3,81592.43
435,1055219,2025-05-21,6102,2304,93,1,3,397.32
436,1004006,2025-09-25,4157,629,60,1,2,14206.31
437,1061227,2026-01-31,22592,2425,14,1,1,13332.63
438,1005692,2025-12-17,1257,2466,118,1,4,1218.95
439,1123657,2026-02-08,40904,2700,116,1,1,1438.6
440,1057679,2026-02-11,39211,932,78,1,5,2063.83
441,1057777,2025-10-27,1634,2852,92,1,5,450.87
442,1089524,2025-11-16,30440,76,12,1,4,187214.76
443,1028053,2026-02-04,20687,2124,52,1,2,30872.99
444,1018686,2026-02-04,42318,205,110,1,4,5923.2
445,1089370,2025-10-29,13896,2619,44,1,5,2251.79
446,1187302,2025-11-28,23626,2915,88,1,4,42374.99
447,1199636,2026-01-02,2191,1977,118,1,5,267.71
448,1100212,2026-01-26,13180,739,19,1,4,3191.84
449,1184574,2025-05-10,11144,304,58,1,3,23518.01
450,1146614,2025-05-25,11148,689,50,1,2,1755.13
451,1108122,2025-06-30,3191,927,50,1,3,11820.78
452,1028106,2025-11-26,48841,363,20,1,1,682.79
453,1110604,2026-01-05,29811,348,108,1,4,3758.41
454,1018944,2026-01-16,38111,618,3,1,5,470548.11
455,1050691,2025-11-07,43407,2918,40,1,1,3025.78
456,1028404,2025-12-12,9610,2540,51,1,4,466.5
457,1020358,2025-11-30,10347,369,26,1,3,208.58
458,1172618,2025-09-15,28365,111,106,1,4,1219.35
459,1180113,2025-11-16,32187,273,78,1,4,2875.76
460,1007391,2025-07-28,19439,1934,73,1,1,1729.14
461,1074129,2026-03-02,259,2075,76,1,3,3060.35
462,1047195,2025-11-05,36899,942,13,1,3,602.46
463,1055710,2025-09-20,3001,291,10,1,2,35300.6
464,1055634,2025-07-10,32768,1483,91,1,3,18928.7
465,1058102,2026-01-04,47209,1295,98,1,5,4546.67
466,1032491,2025-11-01,14596,2763,14,1,2,54675.11
467,1119328,2025-05-09,17233,1485,49,1,3,152693.13
468,1045505,2026-04-06,39135,1867,16,1,2,342.79
469,1119562,2025-06-01,10487,2653,28,1,2,629.22
470,1041778,2025-11-15,43668,647,58,1,4,7609.06
471,1128736,2025-06-01,8689,2236,3,1,3,44031.69
472,1067367,2025-04-22,3855,1916,69,1,3,12672.64
473,1082044,2025-11-27,48140,2876,48,1,3,610.43
474,1082672,2025-08-11,15315,2692,69,1,4,47369.66
475,1154223,2025-12-25,24190,1115,71,1,3,545.77
476,1066090,2025-07-20,23515,2472,33,1,2,864.29
477,1122757,2026-02-08,32097,867,16,1,3,4018.62
478,1147485,2025-10-16,37957,621,6,1,2,3538.89
479,1026883,2025-04-27,32743,1638,56,1,1,5909.09
480,1020528,2026-04-04,46854,884,98,1,2,7781.88
481,1148589,2025-05-24,12128,1477,97,1,2,7527.21
482,1161948,2026-04-14,16710,942,43,1,4,330.9
483,1136635,2025-05-17,22106,1727,44,1,3,33934.12
484,1047237,2025-08-20,17412,321,112,1,5,294.83
485,1150231,2025-04-30,31790,231,107,1,2,1550.29
486,1170868,2026-01-15,2657,1530,36,1,4,713.2
487,1023308,2025-11-27,28422,251,4,1,3,1617.6
488,1049420,2025-11-09,1599,2937,32,1,3,151179.6
489,1036749,2025-12-05,39065,2296,23,1,1,1851.89
490,1170445,2026-02-03,15836,1922,80,1,4,46156.35
491,1117409,2025-05-25,36969,1598,76,1,5,458175.68
492,1138116,2025-07-28,20061,614,115,1,4,1864.55
493,1091804,2025-05-24,41207,1845,46,1,2,4327.64
494,1004552,2025-12-11,22006,310,43,1,3,6320.04
495,1192346,2025-08-14,42466,960,49,1,2,2691.13
496,1164001,2025-06-27,38235,2888,80,1,4,143980.56
497,1056803,2026-03-01,20220,2499,3,1,3,772.71
498,1057859,2025-11-01,10739,2221,91,1,3,51875.15
499,1156197,2025-07-07,7092,504,100,1,2,3320.27
500,1106093,2026-02-21,49109,840,4,1,1,15861.52
501,1029565,2025-11-12,25028,2878,12,1,1,141763.79
502,1192723,2025-06-06,33883,1308,16,1,4,253385.74
503,1081906,2026-03-16,20483,1201,29,1,1,1638.73
504,1197502,2025-05-18,33796,1654,87,1,5,496.08
505,1183753,2025-12-30,22503,1355,112,1,1,3297.82
506,1100505,2026-03-07,36610,491,36,1,5,111136.21
507,1057736,2025-10-22,6202,1438,22,1,3,9079.27
508,1092414,2025-07-11,26544,1661,120,1,4,795.63
509,1192037,2025-04-11,5828,1718,59,1,2,2788.34
510,1007105,2025-10-09,40859,952,71,1,4,305.05
511,1020172,2026-02-10,44276,1803,27,1,1,10006.88
512,1061832,2025-11-11,42554,1890,67,1,2,1426.47
513,1058044,2026-01-07,36582,2787,112,1,4,426614.63
514,1198993,2026-04-01,26621,2990,105,1,4,4635.15
515,1027936,2025-06-08,38129,903,55,1,2,16635.61
516,1083066,2025-11-28,15180,2240,60,1,3,91.85
517,1119195,2025-09-01,49718,744,108,1,3,366.97
518,1112806,2026-02-20,17828,2823,93,1,2,30463.95
519,1136385,2025-08-04,16310,2705,1,1,1,658.03
520,1122756,2025-11-14,8214,2255,45,1,2,1399.23
521,1146314,2025-11-02,11917,984,61,1,5,7332.37
522,1152795,2026-01-07,44987,2534,106,1,4,464.39
523,1174896,2026-04-08,24854,1891,18,1,1,18789.3
524,1105326,2025-05-31,7871,1081,50,1,3,233.37
525,1143358,2025-05-06,36522,1475,22,1,2,19800.83
526,1012416,2025-11-07,8483,2112,68,1,2,11829.12
527,1021272,2025-12-27,2117,2762,45,1,3,3312.26
528,1188584,2025-08-25,11233,126,96,1,5,1199.79
529,1011650,2026-03-08,2919,2967,110,1,3,15927.33
530,1199697,2026-03-19,32819,1371,72,1,4,26283.24
531,1186784,2025-09-27,16754,394,7,1,5,22285.09
532,1119147,2025-05-30,42294,1605,40,1,2,29614.16
533,1037814,2025-08-09,46198,237,69,1,3,18007.09
534,1191743,2025-10-11,7529,1277,51,1,5,29733.19
535,1198322,2026-04-08,11965,1881,93,1,5,2637.53
536,1132940,2025-05-01,26067,2802,100,1,3,11185.58
537,1115458,2026-03-23,20962,2722,41,1,5,3123.3
538,1153306,2026-01-25,29533,2076,70,1,1,11694.3
539,1170403,2025-08-07,29394,1515,3,1,3,431651.19
540,1075323,2025-08-12,26700,1707,93,1,5,24073.85
541,1187325,2025-10-11,44890,989,109,1,4,866.48
542,1004401,2025-11-13,15521,1844,100,1,4,6124.81
543,1058338,2025-10-27,44192,2205,97,1,3,11503.74
544,1042729,2025-11-25,3127,2366,82,1,1,1215.44
545,1158278,2025-12-20,6097,2377,28,1,2,2770.91
546,1086791,2026-03-17,8459,1299,31,1,4,10976.83
547,1094806,2025-10-23,26205,1237,31,1,2,2214.07
548,1157553,2025-05-10,35123,2260,15,1,1,79078.22
549,1097995,2025-08-23,8669,2329,103,1,2,476.84
550,1157171,2025-10-06,17098,2766,74,1,3,908.25
551,1059267,2025-06-17,33840,2413,94,1,4,3827.15
552,1055414,2025-05-08,45475,454,73,1,1,2166.48
553,1043170,2025-12-13,46415,1737,29,1,1,1042.32
554,1142512,2026-01-22,5789,2727,103,1,1,18633.96
555,1088260,2025-07-25,11841,949,84,1,3,682.71
556,1004483,2026-03-16,26979,195,116,1,5,34649.91
557,1074131,2025-12-25,7783,2753,40,1,4,54128.85
558,1196900,2025-10-28,20180,2149,62,1,1,190.12
559,1140389,2026-01-14,36308,2255,120,1,3,1402.19
560,1042268,2025-05-26,46381,2588,21,1,2,1521.77
561,1029447,2025-10-21,31656,526,101,1,1,3354.12
562,1020756,2026-03-30,7883,2504,95,1,2,2549.56
563,1067692,2026-01-22,17909,249,75,1,5,35509.57
564,1101807,2025-10-27,36285,350,17,1,5,477.65
565,1034521,2025-09-08,521,2297,37,1,4,442.13
566,1102837,2025-10-02,13579,1753,58,1,1,3181.81
567,1111071,2025-08-26,41749,2233,66,1,3,6863.46
568,1045744,2025-10-09,33737,2893,71,1,5,6644.48
569,1164795,2025-12-29,46049,2952,16,1,4,6041.95
570,1083232,2025-05-31,49571,2204,76,1,4,13830.02
571,1161295,2026-01-31,36206,2886,69,1,4,8194.39
572,1197182,2025-09-12,49303,280,88,1,2,5830.08
573,1059896,2025-05-22,38797,1522,41,1,1,14549.44
574,1173908,2025-11-03,465,432,116,1,1,731.77
575,1048453,2026-01-14,32390,1321,68,1,5,741.56
576,1116120,2025-07-01,40629,2067,5,1,1,35429.96
577,1132019,2025-12-13,8156,1331,95,1,1,551.36
578,1031375,2026-03-26,6437,1994,49,1,3,7368.62
579,1176819,2026-03-14,5786,1214,19,1,3,6658.46
580,1030709,2025-04-10,28216,2294,114,1,5,3952.83
581,1007853,2025-04-15,23516,2339,74,1,5,1301.77
582,1160708,2025-12-06,26212,627,80,1,3,7685.71
583,1140919,2025-07-19,36326,1992,77,1,2,61.1
584,1193407,2025-06-27,40261,748,36,1,5,4491.47
585,1131759,2025-11-06,45850,1529,36,1,1,56563.68
586,1072853,2025-12-27,25455,1171,52,1,1,15742.46
587,1137325,2025-10-21,45733,2630,43,1,4,310.69
588,1150736,2025-05-04,37832,560,36,1,4,2280.68
589,1022373,2026-03-03,46874,1330,50,1,2,9529.88
590,1099520,2025-07-30,38041,976,79,1,4,4151.7
591,1174302,2026-04-03,12021,2349,111,1,2,3271.76
592,1111055,2026-03-15,13428,2952,55,1,1,13953.86
593,1103171,2025-11-27,10164,62,99,1,4,2849.13
594,1051583,2026-03-03,36769,526,33,1,5,3505.58
595,1048428,2025-09-10,38146,1824,119,1,3,27495.99
596,1134477,2026-02-14,25685,2341,6,1,3,896.42
597,1138474,2026-04-03,20813,2478,49,1,5,7352.91
598,1180002,2025-06-29,21289,1893,59,1,4,16551.64
599,1065843,2025-08-29,28222,2494,11,1,5,143263.39
600,1135385,2025-08-07,16192,2923,110,1,1,813.25
601,1063798,2025-07-10,19678,1768,82,1,1,1595.07
602,1063630,2026-04-02,2589,354,54,1,2,389.87
603,1025600,2026-02-18,16997,1676,108,1,4,3155.72
604,1004149,2025-08-29,41407,240,98,1,2,22182.99
605,1075002,2025-09-25,17325,418,28,1,2,935.22
606,1147691,2025-11-11,12373,1073,120,1,5,622.25
607,1081906,2025-07-02,32468,665,117,1,2,1025.9
608,1086396,2026-02-06,30184,1563,15,1,5,1433.71
609,1158807,2025-09-07,30743,2006,72,1,4,4277.91
610,1005319,2026-02-07,37223,964,74,1,1,598.64
611,1183900,2025-08-10,47630,2092,79,1,5,1889.85
612,1012516,2025-05-03,47266,500,4,1,5,6831.28
613,1058439,2025-05-14,1167,2741,38,1,3,1524.97
614,1183537,2025-10-14,40354,1075,16,1,2,429.54
615,1073703,2025-05-11,27665,2845,93,1,2,1658.86
616,1110294,2026-01-24,4851,283,19,1,3,3280.24
617,1128791,2025-07-19,30751,1919,74,1,2,3609.82
618,1060238,2025-11-05,43837,729,52,1,2,22610.94
619,1069290,2026-03-10,31272,1375,22,1,5,99528.41
620,1050514,2025-10-08,10993,849,12,1,3,5282.52
621,1041587,2026-03-18,10226,1716,89,1,1,43.42
622,1022702,2026-01-07,15428,1694,11,1,5,259.69
623,1124749,2025-12-21,9309,2231,32,1,3,1548.12
624,1070309,2025-08-09,2834,2775,29,1,4,4322.27
625,1060906,2025-06-02,24942,2039,75,1,5,7140.11
626,1049331,2025-08-24,31681,1583,1,1,5,333.09
627,1150080,2025-11-15,37007,2990,25,1,3,4328.43
628,1002044,2025-07-19,45892,2354,90,1,2,4649.8
629,1092433,2025-09-07,9448,1912,104,1,4,4596.39
630,1058371,2025-10-09,46309,584,54,1,2,605.59
631,1095162,2025-11-05,10775,409,61,1,1,1351.94
632,1125009,2025-10-05,47554,1638,79,1,3,9150.33
633,1089351,2025-09-08,32833,2128,60,1,3,52972.64
634,1179992,2025-12-10,21367,990,104,1,5,1311.05
635,1129765,2025-08-11,22969,409,61,1,1,2797.08
636,1114912,2025-11-08,20064,239,95,1,2,104.72
637,1106068,2025-05-29,44233,2040,87,1,4,15306.26
638,1131790,2025-07-04,24118,2332,82,1,4,27633.5
639,1073971,2025-08-27,19771,1947,110,1,3,2097.51
640,1185810,2025-08-23,3429,2766,35,1,5,1089.07
641,1081017,2026-03-30,13693,2677,69,1,2,27394.68
642,1085058,2025-09-11,44088,898,80,1,4,32897.31
643,1008960,2025-05-16,30500,1603,42,1,5,9204.73
644,1077145,2025-10-11,46945,153,78,1,1,17318.94
645,1087022,2026-01-26,42001,2874,77,1,5,8285.87
646,1018368,2025-05-26,27865,773,56,1,1,617.09
647,1189642,2025-06-18,47882,574,72,1,5,1983.97
648,1152781,2025-11-17,22945,2281,92,1,5,572.93
649,1018772,2026-01-14,4135,1800,68,1,3,8989.32
650,1025408,2025-05-10,14273,1342,96,1,4,934.77
651,1050992,2025-09-21,17842,1611,92,1,5,1569.79
652,1141799,2025-12-13,43751,1334,3,1,1,1632.79
653,1183454,2025-05-30,46629,2297,88,1,3,426.22
654,1040499,2025-12-28,32420,299,88,1,1,67738.9
655,1061457,2026-03-07,40584,1858,105,1,5,73558.46
656,1164798,2025-11-27,29133,1050,118,1,1,2094.92
657,1161860,2025-09-06,1744,2803,23,1,2,1597.3
658,1152676,2025-07-28,33143,1263,72,1,4,89.51
659,1117276,2025-09-25,29810,134,116,1,5,427.24
660,1075091,2025-09-08,33615,1323,10,1,2,7016.08
661,1123785,2025-05-03,45708,580,16,1,1,4563.24
662,1021036,2026-03-18,24505,2158,95,1,5,1820.85
663,1085987,2026-02-08,48856,2495,17,1,1,28394.26
664,1005326,2026-01-22,18495,1103,79,1,2,1073.46
665,1169278,2025-11-24,47479,13,98,1,3,953.44
666,1089549,2025-04-11,45148,1071,26,1,4,2717.38
667,1046630,2025-06-05,23263,1077,103,1,1,30379.54
668,1035046,2025-07-25,40256,1185,2,1,1,15654.84
669,1129934,2026-03-03,29446,930,103,1,5,332652.68
670,1134634,2026-02-12,15617,1748,65,1,1,2609.3
671,1109490,2025-04-15,38380,2320,68,1,5,2599.49
672,1000032,2026-02-18,37308,2918,39,1,2,1469.84
673,1105800,2025-06-17,46806,662,89,1,4,15551.29
674,1194950,2025-05-23,31096,1558,6,1,1,5513.3
675,1114360,2025-11-20,8566,338,60,1,2,5907.01
676,1112744,2025-08-03,19557,1501,18,1,4,3153.52
677,1077800,2025-05-10,1462,2983,84,1,3,1954.63
678,1047274,2025-10-26,37717,2313,70,1,2,1515.33
679,1016467,2026-02-07,46327,2172,106,1,1,3028.46
680,1019986,2025-09-03,40227,931,74,1,3,2232.4
681,1104749,2026-01-04,29830,378,35,1,2,22376.6
682,1108870,2025-07-23,17250,1016,74,1,2,109298.58
683,1079226,2026-02-21,25173,1594,20,1,2,8826.1
684,1146235,2026-03-10,44972,2765,90,1,5,462.54
685,1131097,2026-01-15,1178,592,15,1,4,468.33
686,1111655,2025-05-11,39355,2720,97,1,5,135302.44
687,1014909,2025-12-25,12185,2503,46,1,4,350.26
688,1096283,2026-03-12,14175,1730,69,1,3,8878.81
689,1013167,2025-12-08,11771,2334,22,1,2,1689.68
690,1011593,2025-10-28,20351,550,27,1,5,7962.31
691,1106907,2025-12-06,30784,465,101,1,4,11357.65
692,1184839,2025-10-03,43178,2780,82,1,3,362.15
693,1102229,2025-04-13,44158,2460,53,1,3,522.5
694,1034479,2026-01-11,18390,1635,58,1,5,7044.95
695,1040693,2025-11-05,15747,2686,79,1,4,62975.99
696,1118590,2026-03-16,22103,538,83,1,4,216.47
697,1000871,2025-09-21,41236,2193,56,1,3,10494.18
698,1011852,2025-08-04,39088,2580,12,1,1,10485.15
699,1156041,2025-08-08,24664,1657,32,1,2,396.07
700,1133725,2026-03-13,10764,1865,73,1,1,10560.44
701,1151429,2026-01-23,13147,645,47,1,1,12141.25
702,1065071,2026-03-22,25846,852,53,1,3,299.92
703,1094659,2025-04-07,28979,124,42,1,2,1026.21
704,1116133,2025-10-29,46179,2237,119,1,1,1171.08
705,1141942,2025-10-25,11940,149,80,1,5,3152.67
706,1129406,2025-10-09,41225,1409,112,1,4,11430.93
707,1091855,2025-04-17,25659,1979,78,1,1,1033.26
708,1139919,2026-02-02,9307,1754,24,1,1,4787.03
709,1048548,2025-12-24,30901,2302,109,1,5,580.99
710,1003145,2025-10-09,22941,1191,18,1,4,5175.15
711,1100478,2025-11-20,41183,25,28,1,5,1972.6
712,1099473,2025-07-24,10850,84,100,1,4,12411.04
713,1020716,2025-12-16,3464,1468,106,1,3,40836.11
714,1116043,2026-01-04,26436,1512,5,1,2,28152.88
715,1165158,2025-06-13,21569,1944,39,1,4,917.25
716,1193943,2026-03-01,12725,2660,83,1,3,40999.95
717,1103204,2025-06-08,28050,184,85,1,4,4075.34
718,1090552,2025-08-16,21463,2600,27,1,4,209.4
719,1019944,2025-05-20,23537,509,71,1,4,103831.3
720,1077922,2025-12-02,48634,1165,25,1,1,1043.23
721,1075538,2025-06-26,7165,1675,80,1,4,5758.4
722,1133709,2026-01-02,2394,1653,16,1,1,696.09
723,1128156,2026-03-19,15345,1648,65,1,2,25222.46
724,1089630,2025-12-18,39756,2338,54,1,5,5317.71
725,1138695,2025-11-27,29581,913,22,1,5,5996.95
726,1034714,2025-10-21,40284,2836,6,1,2,556.69
727,1088947,2025-06-15,14430,259,36,1,3,20549.6
728,1131046,2025-04-24,18864,2073,16,1,2,187933.51
729,1175496,2025-06-09,21179,1107,58,1,5,236964.76
730,1165547,2025-08-21,33174,854,37,1,5,1303.28
731,1101016,2025-12-05,24044,2453,73,1,5,5802.45
732,1109304,2026-01-01,19902,2980,70,1,5,40962.85
733,1035761,2026-01-27,49028,1089,96,1,1,19004.58
734,1073390,2025-05-08,42815,2694,46,1,4,5926.4
735,1114523,2025-09-12,267,2818,72,1,2,15917.29
736,1137202,2025-11-09,6528,919,100,1,2,3441.5
737,1100349,2025-08-24,36354,978,53,1,5,120.52
738,1018534,2025-04-22,45247,376,70,1,2,3947.58
739,1025477,2025-07-25,37848,1659,105,1,2,348.02
740,1114760,2026-01-26,4274,2329,12,1,4,433.57
741,1131138,2026-02-09,25379,1441,78,1,3,8190.47
742,1052515,2025-07-01,13126,939,113,1,4,526435.42
743,1160931,2025-05-13,24683,273,82,1,2,5850.73
744,1163356,2025-05-25,11826,576,108,1,5,36107.97
745,1140920,2025-09-03,34158,575,108,1,2,9586.71
746,1008471,2025-11-23,38522,244,48,1,1,2321.5
747,1006845,2025-08-26,23334,2823,35,1,2,27002.74
748,1146051,2025-05-09,42659,3,77,1,1,81408.81
749,1061929,2025-09-06,29580,1721,80,1,1,345.05
750,1044008,2025-09-17,25581,2026,9,1,5,1115.32
751,1121875,2025-10-05,17774,444,95,1,3,595.63
752,1130219,2026-02-05,42641,2159,83,1,2,1447.22
753,1139641,2025-05-22,28945,1657,31,1,5,195.25
754,1055606,2025-10-14,5659,1884,9,1,3,194.18
755,1052900,2025-09-02,10987,2586,63,1,2,5312.38
756,1000279,2025-08-06,35191,1149,84,1,1,37561.22
757,1133823,2025-10-17,7800,149,43,1,4,872.61
758,1033556,2025-05-03,40525,1108,55,1,2,23213.4
759,1059276,2025-08-30,31233,261,64,1,1,4960.31
760,1033552,2025-09-27,40133,1523,58,1,4,3393.69
761,1069832,2025-06-07,2344,1715,31,1,3,5872.22
762,1023009,2025-07-21,34275,818,13,1,1,2779.56
763,1075298,2025-09-23,37281,2783,96,1,1,1318.43
764,1079063,2026-01-20,49567,68,42,1,5,7124.92
765,1050888,2025-09-12,5373,2636,64,1,4,6584.93
766,1052032,2026-03-23,3101,2728,26,1,5,270.49
767,1063000,2025-08-30,28534,391,63,1,1,7271.25
768,1183967,2025-09-01,25144,1532,111,1,4,5906.36
769,1135026,2026-01-08,608,658,29,1,1,1512.77
770,1045880,2026-03-22,31731,2570,58,1,1,16796.48
771,1104042,2025-08-19,10901,511,82,1,2,10373.97
772,1043803,2026-01-13,14385,2287,68,1,5,491.17
773,1087145,2025-11-12,9727,1568,22,1,2,1880.57
774,1153413,2025-09-02,370,305,1,1,3,10033.46
775,1144156,2025-11-03,9723,440,35,1,3,1321.77
776,1155707,2025-05-04,29902,1398,58,1,1,291823.28
777,1012231,2026-01-07,21134,456,54,1,2,4432.06
778,1069617,2025-08-08,21074,202,4,1,4,41318.1
779,1146829,2025-06-05,24392,749,99,1,2,2904.76
780,1100500,2025-09-24,27683,1707,36,1,2,21900.12
781,1155077,2025-05-23,20517,308,58,1,3,12344.16
782,1008408,2025-12-19,4074,2752,96,1,1,4821.6
783,1039892,2025-06-06,26943,658,58,1,2,3007.25
784,1052973,2025-10-10,26838,1430,43,1,3,11278.21
785,1095466,2025-09-09,33140,2291,43,1,2,20229.03
786,1011580,2025-10-18,12138,1717,32,1,1,2769.01
787,1038968,2026-04-04,30328,1163,68,1,4,233.37
788,1025521,2025-07-10,9505,2159,109,1,3,3071.62
789,1133613,2025-12-06,27833,1247,82,1,1,8318.45
790,1179014,2025-10-16,39410,2644,79,1,2,6052.79
791,1142153,2025-12-16,1591,1475,1,1,5,20091.73
792,1009916,2025-12-22,39830,2098,57,1,2,61606.1
793,1030968,2026-04-10,2147,2689,42,1,1,9177.99
794,1152191,2025-06-27,44411,1077,100,1,4,59581.78
795,1051888,2026-03-10,41519,2585,7,1,3,2239.45
796,1138636,2026-01-14,215,1101,41,1,3,4812.68
797,1134886,2026-02-05,44053,746,43,1,1,2390.83
798,1179685,2025-11-22,29699,1835,53,1,5,572.82
799,1034004,2025-12-10,38562,1612,77,1,3,16287.66
800,1192899,2025-09-01,23020,576,16,1,5,29103.99
801,1098694,2025-08-09,18922,1709,34,1,3,892.97
802,1186767,2025-06-23,47722,1686,100,1,1,1911.85
803,1011580,2025-11-01,38787,1366,42,1,3,24212.12
804,1090079,2025-09-05,44913,848,72,1,3,3104.19
805,1184451,2026-01-02,12512,2209,42,1,1,3016.93
806,1123723,2025-05-26,24875,2601,49,1,1,589.05
807,1024766,2025-10-06,5112,908,5,1,4,2353.37
808,1193721,2025-08-09,31507,75,78,1,4,4339.7
809,1190870,2026-01-13,14310,329,110,1,1,212.07
810,1191854,2026-01-10,19051,58,74,1,1,1075.07
811,1112222,2025-12-17,13306,668,58,1,5,1186.2
812,1188990,2025-06-08,30880,1792,11,1,3,1297.21
813,1092433,2025-10-28,9364,811,91,1,5,2067.68
814,1152785,2026-04-04,8500,54,120,1,5,2049.8
815,1111717,2025-06-27,42686,557,102,1,1,22400.22
816,1117092,2025-12-22,33964,2939,112,1,5,225.8
817,1027335,2025-10-13,21767,2890,66,1,4,10645.79
818,1002520,2026-03-03,39273,2980,16,1,5,13139.79
819,1052124,2025-08-17,33585,1436,57,1,2,44461.02
820,1172295,2026-03-05,40152,659,84,1,2,1031.73
821,1083564,2026-03-23,47531,143,82,1,4,65208.41
822,1058009,2025-08-14,3058,1675,98,1,3,1904.68
823,1156173,2025-06-17,38698,958,10,1,4,2387.85
824,1130718,2025-12-18,23591,1625,90,1,4,84848.84
825,1130416,2026-03-11,48263,2688,76,1,1,1152.78
826,1137527,2026-01-17,45890,1979,116,1,1,1022.92
827,1060813,2025-12-14,33869,1083,17,1,5,11052.19
828,1105938,2026-03-07,4493,700,21,1,2,1307.39
829,1141126,2026-03-20,33177,2193,114,1,2,2724.71
830,1169189,2025-09-28,40893,836,109,1,5,238.27
831,1171127,2025-08-02,15213,2152,37,1,3,789.48
832,1129233,2025-06-07,36774,2026,9,1,2,1187.84
833,1005071,2025-04-13,12926,1612,109,1,1,34235.91
834,1082252,2026-01-25,15678,515,91,1,4,9565.73
835,1086739,2026-02-04,35255,555,65,1,2,17134.02
836,1091329,2025-09-13,3605,1344,88,1,4,3631.69
837,1033040,2025-10-19,22459,1244,46,1,3,12090.79
838,1100487,2025-10-16,36032,1869,85,1,2,115152.17
839,1009689,2025-06-08,6632,2026,26,1,2,1214.08
840,1110295,2025-11-15,9227,1367,64,1,2,46603.95
841,1064991,2025-11-20,14715,1199,105,1,1,32758.84
842,1043078,2026-03-28,13350,1753,84,1,5,4233.44
843,1140768,2026-01-31,625,2171,74,1,3,505.13
844,1059262,2025-05-11,46043,392,106,1,3,4982.2
845,1080875,2026-01-06,48096,464,74,1,3,6231.3
846,1190310,2025-05-04,42938,1074,55,1,4,3038.26
847,1151495,2025-08-07,28585,2664,89,1,5,6396.48
848,1051961,2025-10-24,33706,2638,82,1,5,12884.98
849,1091152,2025-06-04,1255,533,27,1,3,765.77
850,1031229,2026-04-10,6910,1901,28,1,5,1517.08
851,1038907,2025-04-27,15554,298,14,1,2,16000.66
852,1150777,2025-12-19,34813,1184,42,1,3,5809.38
853,1075904,2025-08-24,21121,2020,7,1,5,651.89
854,1116883,2025-08-09,44118,2220,47,1,2,2215.42
855,1189085,2026-04-01,48898,2922,53,1,2,2477.27
856,1075897,2025-08-16,27660,1050,32,1,1,4155.15
857,1024713,2025-07-19,12491,1475,52,1,5,14190.2
858,1193573,2026-02-07,43257,2946,109,1,4,7500.98
859,1126426,2026-01-14,11530,2434,68,1,2,14860.05
860,1019576,2025-08-04,21458,2641,55,1,2,39017.19
861,1074701,2026-02-16,10297,1935,92,1,2,23064.12
862,1038518,2025-05-06,26584,2878,43,1,4,46134.97
863,1102828,2025-12-05,41861,2671,75,1,2,8625.3
864,1022192,2025-10-07,46163,1789,83,1,4,847.98
865,1147867,2025-11-27,21559,736,75,1,2,2210.0
866,1159318,2025-08-16,8760,621,103,1,1,4780.7
867,1166219,2026-01-02,31189,507,102,1,5,16221.95
868,1120264,2025-11-26,31473,437,1,1,4,6170.32
869,1083714,2026-04-01,48551,1339,54,1,4,10920.28
870,1042122,2025-09-14,47784,204,36,1,3,979.87
871,1158484,2025-12-04,4614,1811,104,1,3,342.93
872,1119287,2025-09-18,15674,492,87,1,5,91609.64
873,1079719,2025-07-11,34658,2136,29,1,4,103283.34
874,1033503,2025-10-21,44146,2990,40,1,4,6947.4
875,1089391,2025-04-20,32351,1918,79,1,3,2926.48
876,1006681,2026-01-16,7284,2317,112,1,3,65663.16
877,1095738,2026-01-03,7310,2088,90,1,3,663.29
878,1195267,2025-12-02,41412,1903,23,1,4,8849.08
879,1099653,2025-06-07,19416,509,43,1,5,28153.85
880,1051385,2025-09-06,30500,434,80,1,5,214.54
881,1160929,2025-09-02,38843,2895,19,1,3,1639.25
882,1065284,2025-08-18,30409,1586,100,1,2,2268.73
883,1041203,2025-09-24,14467,2426,45,1,1,7957.57
884,1025672,2025-10-21,23439,2255,4,1,5,1506.58
885,1184582,2026-03-26,2852,1517,119,1,5,30637.65
886,1040092,2026-02-24,45445,2532,43,1,2,3467.54
887,1196719,2025-11-04,35156,445,57,1,5,13865.24
888,1090665,2025-09-29,9287,25,73,1,5,1027.63
889,1105676,2025-05-01,34289,1804,73,1,5,14881.96
890,1038307,2026-03-17,44180,937,2,1,2,2456.62
891,1107647,2025-06-10,33113,2144,119,1,1,1858.7
892,1008875,2026-01-26,32447,1181,59,1,3,7901.52
893,1154207,2025-07-01,23517,188,22,1,5,6370.59
894,1013011,2025-09-10,24613,1257,11,1,2,3378.67
895,1197378,2026-03-31,5921,2815,88,1,3,48.48
896,1177375,2025-12-15,34808,1957,118,1,1,14079.23
897,1148041,2025-05-04,17015,26,13,1,4,282855.48
898,1021441,2025-08-15,44333,473,80,1,4,333.72
899,1183252,2025-09-18,36026,1621,29,1,1,57.74
900,1017475,2025-08-20,48942,2764,95,1,1,2784.98
901,1039900,2025-06-05,13707,194,2,1,4,1844.93
902,1076760,2026-02-04,32126,1459,74,1,1,465.36
903,1100605,2025-08-24,45809,2666,110,1,1,5416.58
904,1087413,2025-08-23,5154,547,117,1,2,2144.72
905,1087983,2025-11-13,49332,40,21,1,3,6983.48
906,1111795,2026-02-14,38470,111,53,1,4,3331.16
907,1025463,2026-04-13,1160,429,58,1,4,36103.24
908,1182154,2025-12-11,44945,2814,117,1,1,2765.17
909,1101520,2025-12-10,44410,254,114,1,3,9264.91
910,1148238,2026-03-22,42816,405,98,1,5,12940.44
911,1178470,2026-01-23,17808,1472,57,1,3,261.47
912,1152598,2026-04-07,7808,2594,47,1,1,2465.6
913,1091802,2026-02-10,10795,963,32,1,4,20975.87
914,1173174,2026-02-03,34696,2023,81,1,2,658.32
915,1166798,2025-07-23,30255,717,89,1,5,24165.06
916,1193499,2026-01-22,49685,2039,72,1,1,17095.91
917,1011106,2026-03-05,23523,1483,63,1,4,28295.61
918,1139055,2025-11-18,3492,1564,23,1,2,4360.19
919,1127839,2025-09-29,11202,2162,35,1,2,105496.9
920,1119825,2025-08-11,15827,1758,111,1,5,635.57
921,1095740,2025-12-24,30512,443,40,1,1,2678.15
922,1049034,2025-05-04,16617,637,90,1,2,810.24
923,1108950,2026-01-29,16755,995,6,1,2,3651.43
924,1162888,2025-11-02,21269,2546,80,1,4,3157.65
925,1189568,2025-12-15,4585,168,84,1,4,1008.68
926,1129127,2026-03-20,30515,1256,114,1,1,23685.6
927,1109082,2025-10-27,26411,2653,32,1,2,1697.05
928,1064756,2026-04-18,2978,1050,109,1,4,1953.8
929,1109516,2025-12-30,32644,459,72,1,2,1849.95
930,1017151,2025-07-16,27201,2435,66,1,5,53632.17
931,1049752,2025-06-20,19124,2074,83,1,4,119.15
932,1115126,2026-04-01,10731,2149,23,1,5,89.25
933,1076544,2025-11-23,33674,655,21,1,1,4383.84
934,1023700,2025-04-20,840,1748,34,1,4,886.76
935,1019226,2025-07-28,45625,774,10,1,3,124388.12
936,1005003,2026-01-03,16737,1341,105,1,5,130.74
937,1059329,2025-05-23,17238,1845,80,1,4,12103.13
938,1146970,2025-10-26,3522,1791,63,1,5,4225.82
939,1040417,2025-06-06,11960,2995,26,1,5,20265.56
940,1075530,2025-10-12,47489,783,61,1,5,84649.65
941,1165012,2025-11-07,15102,439,16,1,3,506.99
942,1117805,2026-04-09,17324,1539,70,1,3,7550.82
943,1019521,2026-02-22,28360,2980,23,1,2,6548.03
944,1109248,2026-01-29,23718,828,9,1,1,1260.13
945,1179165,2025-09-30,25235,851,53,1,3,8056.92
946,1126613,2025-11-14,43960,2561,42,1,2,753.43
947,1031960,2025-11-20,38610,13,113,1,1,2081.31
948,1072971,2025-07-05,17338,1370,101,1,2,2340.42
949,1085589,2025-07-19,21467,1227,83,1,3,198.67
950,1157750,2026-01-29,35935,892,115,1,1,93189.92
951,1053389,2025-09-04,32182,2826,60,1,4,4419.09
952,1174903,2025-11-07,45424,2008,18,1,2,582.59
953,1125682,2025-09-28,31156,272,32,1,4,303.9
954,1061418,2025-11-01,23144,2619,17,1,1,2288.59
955,1177057,2026-01-02,12715,1753,47,1,4,1579.59
956,1118080,2025-11-22,37849,1384,57,1,3,2732.24
957,1151373,2025-12-28,18195,2082,44,1,5,6124.58
958,1168058,2026-04-07,44043,2630,23,1,1,325.37
959,1117489,2026-03-25,28369,1838,46,1,1,894.58
960,1199073,2026-02-20,14344,1180,56,1,2,4482.52
961,1108037,2025-10-09,6544,724,32,1,4,46.5
962,1086853,2025-10-10,45081,532,116,1,1,518.66
963,1131203,2025-11-04,34358,979,95,1,1,7402.51
964,1068716,2026-03-26,12185,1261,9,1,4,4162.1
965,1196984,2025-10-27,15257,2148,54,1,4,272.17
966,1005705,2026-01-07,44579,2646,101,1,3,972.9
967,1098692,2025-06-13,41814,2230,26,1,5,1673.28
968,1135596,2025-10-28,38737,686,38,1,5,2857.0
969,1139741,2025-10-28,37704,685,104,1,5,3710.55
970,1144746,2025-11-15,43970,217,35,1,2,1732.28
971,1163232,2026-02-13,27492,2745,19,1,2,9291.79
972,1177638,2025-06-18,41043,682,69,1,3,529.73
973,1094588,2025-10-27,32001,489,52,1,1,4855.08
974,1157720,2025-11-15,1469,2120,58,1,4,1857.98
975,1198865,2025-10-16,31519,35,111,1,5,2134.27
976,1067896,2026-02-16,3639,767,89,1,5,354.61
977,1164559,2025-07-05,25766,512,95,1,3,8663.68
978,1121519,2025-12-04,42318,2179,72,1,4,44142.29
979,1000446,2026-02-08,38926,1903,85,1,4,19384.52
980,1191538,2025-11-04,39824,769,98,1,2,548.13
981,1033359,2025-07-03,8619,1579,4,1,3,128.87
982,1154212,2025-10-25,41162,25,12,1,5,1015.52
983,1170453,2025-11-13,13806,1266,115,1,1,636.31
984,1188158,2025-06-29,19504,56,85,1,1,596.31
985,1048974,2026-02-12,47739,2981,74,1,4,14336.12
986,1043176,2025-12-31,13134,458,74,1,1,33384.49
987,1130166,2026-03-06,22251,550,31,1,3,45731.62
988,1048422,2025-10-01,18854,2511,99,1,5,2025.68
989,1021587,2025-09-16,25642,2239,35,1,1,4390.04
990,1125273,2026-02-21,24041,2440,17,1,2,132698.35
991,1170107,2025-09-21,46588,1772,28,1,3,58090.53
992,1078517,2026-03-07,24109,2300,82,1,4,100063.31
993,1135259,2025-09-10,27956,451,57,1,3,981.7
994,1126524,2026-01-29,14985,515,19,1,1,8613.88
995,1085312,2025-09-17,33604,2822,41,1,1,98600.06
996,1094034,2025-12-29,7544,1381,59,1,2,5684.44
997,1033839,2025-11-18,18360,212,72,1,1,8265.25
998,1195681,2026-04-03,4491,341,7,1,4,4996.7
999,1036993,2025-08-04,10859,780,116,1,4,1224.17
1000,1150798,2025-12-12,23291,227,111,1,2,5998.18
1001,1070678,2025-10-01,44968,2930,98,1,4,2501.75
1002,1040624,2025-12-29,14129,2378,31,1,5,755.23
1003,1171131,2025-10-02,34648,321,39,1,3,561.19
1004,1081695,2025-07-30,727,207,41,1,1,4829.64
1005,1194576,2025-10-22,2053,2537,85,1,1,451.21
1006,1043625,2025-08-25,34919,1930,24,1,1,1511.6
1007,1041728,2026-01-17,17973,2656,71,1,3,402.13
1008,1138774,2025-07-11,37421,1060,68,1,3,6897.76
1009,1083429,2025-11-23,19264,2576,98,1,2,2675.49
1010,1089812,2025-10-18,37182,1801,60,1,1,3244.0
1011,1107745,2025-08-26,40168,2609,61,1,4,1453.7
1012,1045654,2025-05-06,295,1618,100,1,2,1443.53
1013,1098974,2025-11-13,49500,1401,17,1,1,4598.07
1014,1125110,2025-06-06,32661,1813,52,1,4,987.22
1015,1108835,2025-06-22,24229,2238,47,1,4,1244.86
1016,1023166,2025-11-22,4486,1189,73,1,1,449.61
1017,1097556,2025-12-19,32336,231,20,1,1,510.67
1018,1092501,2025-08-09,37399,2659,87,1,1,1329.55
1019,1167522,2025-07-15,32734,312,110,1,3,505151.64
1020,1196755,2026-03-10,20015,2144,11,1,5,2835.59
1021,1165385,2025-12-07,38394,2392,28,1,2,932.38
1022,1049368,2025-09-19,21965,1389,36,1,2,7014.94
1023,1126440,2025-11-10,17054,2865,28,1,5,5320.72
1024,1054237,2026-01-16,17578,1444,9,1,3,666.95
1025,1031040,2025-10-06,13070,295,8,1,1,37582.01
1026,1009426,2025-12-12,22199,1251,7,1,4,5027.36
1027,1101257,2026-02-02,7211,348,26,1,5,7675.87
1028,1154008,2026-02-09,18329,1068,20,1,4,951.59
1029,1027491,2025-09-21,24357,646,112,1,2,6450.49
1030,1070941,2025-07-04,16865,242,33,1,2,27821.91
1031,1072046,2025-10-23,33455,1909,116,1,2,5668.35
1032,1185124,2025-07-20,41525,115,61,1,1,42747.52
1033,1035900,2026-01-23,32889,2983,116,1,2,493.04
1034,1035117,2026-01-06,39942,2937,64,1,4,80625.4
1035,1125545,2025-08-29,37609,466,16,1,3,3127.73
1036,1106431,2025-07-15,20387,259,95,1,4,9528.75
1037,1136223,2026-01-15,1667,2042,70,1,2,92649.13
1038,1010457,2026-01-13,2358,1352,81,1,1,724.09
1039,1140458,2026-03-31,16280,2699,98,1,1,2947.35
1040,1141855,2025-05-19,24334,1188,66,1,3,13533.68
1041,1173560,2025-06-30,33163,1858,77,1,4,430167.19
1042,1101432,2026-01-27,31508,2254,32,1,5,32305.8
1043,1007948,2025-04-20,14722,2756,15,1,4,897.79
1044,1129899,2025-10-06,12000,560,88,1,3,2335.05
1045,1126071,2026-02-03,541,82,100,1,2,605.78
1046,1044839,2025-05-07,24857,552,100,1,5,8602.5
1047,1149931,2026-02-17,49043,1180,10,1,3,4117.48
1048,1164496,2025-12-01,18185,1949,119,1,5,5086.41
1049,1110779,2026-01-07,19436,1262,99,1,5,510.71
1050,1109921,2025-12-30,28458,2332,49,1,3,26881.29
1051,1007124,2026-01-07,30393,523,70,1,4,2037.0
1052,1147263,2025-12-31,5165,2812,2,1,4,45962.13
1053,1018242,2025-11-06,16686,2839,88,1,5,12174.52
1054,1088896,2026-02-22,24040,2975,2,1,3,2744.94
1055,1121055,2025-04-13,3902,1786,8,1,4,32967.13
1056,1035430,2026-03-13,20812,750,120,1,5,11618.67
1057,1070533,2026-04-20,37266,1268,49,1,4,3372.82
1058,1104008,2026-03-20,24441,1184,31,1,4,26330.03
1059,1076631,2025-06-02,27485,1845,69,1,3,12537.68
1060,1029673,2025-10-01,10386,910,71,1,1,1329.34
1061,1029131,2025-09-14,47889,2076,63,1,2,22781.32
1062,1177071,2026-03-15,27943,185,36,1,5,7662.55
1063,1178653,2026-03-28,1921,15,87,1,3,867.14
1064,1189914,2025-11-05,32880,65,67,1,5,796.01
1065,1052831,2025-12-12,43647,2129,80,1,3,15182.59
1066,1167692,2026-01-30,42942,653,47,1,5,67396.09
1067,1090579,2025-08-12,31920,2858,115,1,2,4569.99
1068,1156281,2025-11-18,20546,504,62,1,2,3378.72
1069,1178511,2025-08-26,34633,1370,11,1,4,6933.01
1070,1151281,2025-10-08,14476,2784,26,1,2,4385.93
1071,1067728,2025-11-25,12894,1674,48,1,2,4669.43
1072,1150001,2026-03-28,17970,2325,72,1,4,8573.84
1073,1115128,2025-08-26,4707,958,108,1,4,4579.42
1074,1049328,2025-08-08,8578,1941,88,1,3,2068.81
1075,1022996,2025-11-12,23944,2414,31,1,4,748.33
1076,1014513,2025-10-14,36675,2580,58,1,5,8952.25
1077,1081661,2025-09-13,16032,382,41,1,1,8233.84
1078,1198966,2026-04-09,23087,2580,55,1,4,9655.66
1079,1117437,2026-02-02,14071,868,31,1,5,39.8
1080,1050512,2025-11-14,35280,1426,29,1,5,246808.76
1081,1076081,2025-11-12,27232,173,107,1,3,5384.44
1082,1125168,2026-02-11,31901,1515,82,1,3,214407.12
1083,1167813,2025-10-08,38044,1848,115,1,3,14541.76
1084,1172888,2025-04-29,43022,2887,37,1,2,170301.5
1085,1122190,2025-12-08,48247,947,37,1,4,22815.2
1086,1193050,2025-12-17,8904,409,118,1,5,2738.76
1087,1019943,2025-05-27,23876,2547,37,1,3,6062.96
1088,1143770,2025-10-25,43458,1452,5,1,4,996.15
1089,1169583,2025-11-19,10497,492,14,1,1,43856.71
1090,1029680,2025-07-16,44157,1837,19,1,4,39797.55
1091,1133026,2025-10-16,37590,2416,117,1,4,2648.97
1092,1128090,2025-10-08,11289,2302,25,1,2,1169.8
1093,1123299,2025-12-02,28952,2258,20,1,4,6946.86
1094,1195062,2025-11-03,3124,993,51,1,1,3526.08
1095,1017482,2025-10-28,34818,740,44,1,4,28158.57
1096,1031912,2026-02-16,25426,2606,20,1,4,135930.07
1097,1199120,2025-11-07,48717,2991,9,1,1,468.15
1098,1086834,2026-01-23,18702,1217,86,1,1,1951.57
1099,1159093,2025-05-23,9317,862,1,1,3,197.46
1100,1187573,2026-03-19,45963,2608,28,1,4,4920.67
1101,1121493,2025-04-23,7793,1619,14,1,3,66817.49
1102,1014872,2026-02-25,42130,1512,81,1,3,27205.01
1103,1096437,2025-06-13,24602,1957,94,1,3,7852.95
1104,1136356,2026-01-19,4496,2782,105,1,2,50391.38
1105,1088171,2025-09-27,11879,62,6,1,4,9678.76
1106,1119272,2025-09-21,36003,1394,83,1,1,8971.61
1107,1170708,2025-11-05,22923,1384,41,1,5,2761.38
1108,1174492,2025-07-16,7614,91,76,1,4,546.32
1109,1136805,2026-02-01,22159,2817,98,1,5,9622.04
1110,1097686,2025-11-14,2907,2687,32,1,2,6618.58
1111,1153968,2025-06-13,21355,1694,20,1,4,279.83
1112,1085052,2025-05-19,46553,2514,40,1,1,79.58
1113,1100043,2025-06-11,48089,27,106,1,4,53985.53
1114,1137620,2025-11-04,33895,2209,85,1,1,2920.7
1115,1127331,2026-03-22,47703,1016,44,1,1,65740.02
1116,1165414,2026-03-11,40610,1296,21,1,2,27528.24
1117,1007478,2025-07-24,17689,2494,114,1,5,68620.2
1118,1121484,2025-05-24,37669,2202,89,1,1,18018.91
1119,1134851,2026-02-26,32649,1295,6,1,5,5881.32
1120,1067543,2026-03-06,42755,33,89,1,4,4220.36
1121,1081027,2025-05-28,42662,41,50,1,4,737.55
1122,1026929,2025-08-12,21910,643,102,1,1,33987.96
1123,1096184,2026-03-30,12164,1307,117,1,5,15834.19
1124,1013129,2025-11-07,23048,405,36,1,2,38019.58
1125,1169993,2025-06-19,32618,2589,88,1,3,7372.67
1126,1035772,2025-04-28,27661,439,109,1,1,567.53
1127,1131738,2025-11-06,46820,1660,41,1,3,1288.78
1128,1155139,2026-04-17,28814,2710,46,1,3,10537.43
1129,1085272,2026-04-04,11171,2511,44,1,1,1944.24
1130,1048160,2025-12-24,24054,2714,67,1,5,868.25
1131,1073039,2025-12-16,23527,2089,28,1,4,3250.03
1132,1026288,2025-12-23,203,1264,13,1,2,5576.47
1133,1181339,2025-06-15,40875,1325,45,1,5,2458.97
1134,1191276,2025-04-25,4851,849,42,1,2,2840.67
1135,1052894,2025-11-03,4702,280,42,1,3,3743.86
1136,1126265,2025-09-23,33373,2642,68,1,1,115432.76
1137,1140954,2025-11-03,7770,1583,97,1,2,311.42
1138,1040361,2025-11-25,38497,1552,66,1,1,2601.54
1139,1003318,2025-10-26,6277,311,75,1,1,49428.17
1140,1185785,2025-06-10,24764,473,88,1,5,1699.15
1141,1019026,2025-09-05,45964,657,119,1,1,225.3
1142,1065659,2026-02-03,36051,674,2,1,2,1322.8
1143,1173518,2025-11-15,21030,1548,99,1,1,47757.64
1144,1053161,2025-11-13,17311,2946,21,1,1,2550.84
1145,1008542,2025-08-23,44244,501,68,1,5,64092.07
1146,1126594,2025-09-12,8083,230,13,1,3,566.15
1147,1124318,2025-11-08,36650,562,18,1,3,1254.09
1148,1119106,2025-12-12,34881,2859,61,1,5,40827.9
1149,1086188,2025-10-16,23178,2724,25,1,1,37392.38
1150,1163622,2026-04-07,44870,947,51,1,3,17045.67
1151,1124659,2026-04-04,26574,1815,114,1,4,8234.51
1152,1095897,2026-02-28,4359,216,38,1,3,1014.28
1153,1064504,2026-01-20,42008,1867,12,1,5,175.84
1154,1038703,2025-12-13,13067,2539,46,1,3,12523.69
1155,1138524,2025-08-10,48161,1670,42,1,5,715.89
1156,1063298,2026-04-18,40922,2741,72,1,5,1645.2
1157,1113434,2026-02-14,9733,2596,92,1,2,15772.67
1158,1026428,2025-09-11,33786,376,22,1,3,7888.67
1159,1077073,2026-03-07,36239,840,57,1,4,8164.16
1160,1052034,2025-10-11,28266,247,62,1,4,706.01
1161,1138324,2025-05-28,20714,2430,3,1,4,1856.04
1162,1146937,2025-07-07,38636,1969,66,1,3,1383.92
1163,1145034,2026-03-23,371,2881,17,1,4,272488.8
1164,1194564,2025-10-29,7565,1096,97,1,4,5171.3
1165,1121521,2025-10-25,43151,2506,105,1,1,470.71
1166,1075357,2025-04-24,14724,178,39,1,3,820.32
1167,1189707,2025-12-07,40436,2478,68,1,5,3416.77
1168,1198008,2025-12-20,47593,1994,28,1,2,2257.94
1169,1187105,2026-01-08,36610,2080,17,1,2,3073.64
1170,1012999,2025-04-18,49224,2526,79,1,3,19358.25
1171,1099347,2025-10-21,19890,2630,73,1,5,330.37
1172,1048954,2026-04-08,4444,385,96,1,3,492.21
1173,1190099,2025-12-28,43933,1006,41,1,2,4979.54
1174,1188338,2025-07-26,20831,1139,95,1,5,2289.28
1175,1046451,2025-06-15,15620,850,94,1,3,137098.68
1176,1045088,2026-03-10,34131,1872,103,1,3,1059.51
1177,1074590,2025-11-10,6941,2893,42,1,2,12981.75
1178,1099860,2025-11-23,46093,705,73,1,1,1377.64
1179,1187457,2025-05-03,38105,1353,112,1,2,8234.9
1180,1136934,2025-12-05,22565,658,60,1,4,4779.85
1181,1190811,2025-10-23,20503,2745,42,1,2,8427.74
1182,1068326,2026-03-08,9943,1844,104,1,3,4993.64
1183,1030953,2025-07-08,2752,2122,49,1,1,72410.58
1184,1151848,2025-09-30,23048,1305,25,1,3,10845.75
1185,1180503,2025-08-27,32517,969,86,1,2,1480.97
1186,1007576,2025-07-06,30575,465,61,1,3,3539.51
1187,1007401,2025-05-22,13826,2594,43,1,5,2671.65
1188,1020991,2025-08-17,37856,14,95,1,1,3567.5
1189,1017119,2025-10-12,31784,1744,64,1,1,35530.75
1190,1106465,2025-09-21,29655,2924,16,1,1,45620.52
1191,1169834,2025-08-27,385,1968,76,1,2,421.12
1192,1008642,2026-03-06,18438,834,86,1,3,96361.88
1193,1168130,2025-12-19,29563,2106,58,1,1,23694.31
1194,1003015,2025-07-22,16849,582,14,1,5,2664.15
1195,1060406,2025-08-12,17443,1791,102,1,2,4802.68
1196,1019723,2025-07-18,1737,1611,40,1,4,1569.38
1197,1100884,2025-10-08,33285,1233,115,1,2,16975.4
1198,1121617,2026-02-15,18655,1567,48,1,3,528.26
1199,1034078,2025-09-11,46930,2934,69,1,5,3608.72
1200,1157237,2026-02-18,17570,127,84,1,4,3513.75
1201,1002381,2025-05-17,13220,1054,44,1,5,66235.26
1202,1122388,2025-04-05,46366,647,4,1,2,7239.91
1203,1048819,2026-04-10,32965,182,39,1,3,703.39
1204,1141578,2025-10-21,466,2452,10,1,4,3181.68
1205,1041977,2025-09-06,41035,2271,13,1,5,896.56
1206,1063105,2025-11-03,14173,2126,64,1,4,632.75
1207,1030009,2025-09-10,4575,2338,39,1,2,2810.74
1208,1130266,2026-02-04,36977,130,97,1,5,1181.42
1209,1022417,2025-07-13,49839,2762,102,1,2,3501.69
1210,1171792,2026-03-06,27767,2717,113,1,3,48998.64
1211,1167359,2026-04-08,9236,1310,16,1,5,658.62
1212,1048833,2025-09-21,14614,25,71,1,1,967.1
1213,1093229,2026-02-02,18674,774,17,1,1,120715.1
1214,1085516,2025-12-21,49884,2101,37,1,2,228.25
1215,1005788,2025-10-29,40761,216,21,1,2,2679.85
1216,1016848,2025-12-05,6017,2604,72,1,2,1375.91
1217,1153807,2026-03-22,19834,816,112,1,1,54302.08
1218,1071000,2026-01-04,21748,1097,12,1,3,4993.83
1219,1073222,2025-04-22,39969,2612,79,1,5,35325.64
1220,1045783,2025-07-17,27683,588,41,1,5,898.49
1221,1122355,2026-02-26,29773,1695,111,1,2,4806.46
1222,1090389,2025-05-14,23684,217,34,1,2,6507.94
1223,1041041,2025-11-27,17141,2465,25,1,3,22147.13
1224,1143524,2026-03-15,26972,2015,25,1,5,2416.43
1225,1000431,2025-10-04,2709,2953,81,1,2,20805.6
1226,1058309,2025-09-20,20621,2476,37,1,4,2055.34
1227,1092801,2025-10-19,45737,2861,11,1,3,454.46
1228,1037165,2025-05-15,8609,1941,57,1,2,4283.65
1229,1141428,2026-02-15,21986,1668,44,1,1,9712.33
1230,1076205,2025-12-22,18426,1596,63,1,5,359.43
1231,1126317,2025-04-18,3980,659,16,1,2,413.44
1232,1172261,2025-07-20,8729,1514,53,1,2,943.96
1233,1030753,2026-01-12,23885,706,32,1,3,411.12
1234,1043265,2025-04-20,638,1157,26,1,3,30293.7
1235,1071240,2025-07-06,17696,1771,2,1,2,1925.35
1236,1112961,2025-06-17,29242,322,17,1,5,572.07
1237,1059867,2025-11-30,21566,173,88,1,5,10678.2
1238,1154243,2025-10-16,40941,1367,64,1,3,20166.17
1239,1125754,2025-11-03,29514,2552,17,1,3,61596.22
1240,1193420,2026-03-18,4808,537,83,1,2,65892.48
1241,1078380,2025-05-27,4659,1693,28,1,3,51072.13
1242,1037335,2026-01-21,23872,1768,65,1,2,4808.96
1243,1023098,2025-12-04,8036,647,81,1,5,2215.41
1244,1132664,2025-09-20,26492,2429,30,1,1,176739.22
1245,1152864,2025-07-25,25697,257,15,1,4,11492.07
1246,1039736,2025-04-06,36352,1690,19,1,2,1934.41
1247,1075708,2025-10-06,41486,907,4,1,5,4568.82
1248,1059525,2025-07-29,31206,2105,46,1,4,1350.81
1249,1009019,2025-08-18,25191,1924,62,1,3,26891.99
1250,1082427,2026-03-24,15124,2791,14,1,4,2361.9
1251,1168003,2026-01-28,6353,377,32,1,1,110418.24
1252,1029026,2026-01-08,25064,2821,18,1,1,85535.17
1253,1090723,2025-10-12,42401,2262,92,1,2,4119.37
1254,1117669,2026-03-04,47224,1342,52,1,3,896.59
1255,1130134,2025-12-12,49801,2145,62,1,4,8555.75
1256,1192904,2025-11-08,1280,285,90,1,2,306208.08
1257,1087214,2025-12-14,1745,2535,83,1,2,13701.23
1258,1090453,2025-12-09,33975,1670,60,1,1,339.94
1259,1024111,2026-02-23,12700,2158,82,1,3,1710.1
1260,1001086,2026-01-10,9318,2912,9,1,3,9912.05
1261,1076892,2025-11-11,10540,770,71,1,2,32717.53
1262,1124239,2026-03-22,11044,1194,98,1,2,8913.56
1263,1017800,2025-09-04,46393,346,5,1,2,3495.23
1264,1018650,2025-07-04,815,734,69,1,2,1656.6
1265,1045072,2026-04-06,3016,738,3,1,1,50.54
1266,1103362,2025-08-19,5357,1834,119,1,4,9814.93
1267,1013812,2025-11-25,44143,1851,82,1,3,175.5
1268,1003543,2026-04-22,38589,2741,109,1,2,1517.94
1269,1106518,2026-03-04,44080,507,113,1,3,65537.73
1270,1053247,2025-12-27,19589,2381,24,1,1,1013.14
1271,1025107,2025-12-13,9948,1315,37,1,2,1215.33
1272,1062991,2025-06-22,17073,524,53,1,4,217.73
1273,1152503,2025-04-23,41140,536,57,1,1,438.38
1274,1113165,2026-03-04,43576,251,112,1,3,1858.23
1275,1199604,2026-01-30,14338,1552,42,1,1,8503.33
1276,1156087,2025-07-13,25517,2380,66,1,3,6457.7
1277,1098355,2026-02-22,11279,2356,63,1,3,28718.53
1278,1073349,2025-10-01,47800,987,96,1,5,932.53
1279,1044479,2025-06-29,26779,835,74,1,4,6156.4
1280,1055780,2025-05-30,45668,107,56,1,4,1313.38
1281,1151849,2025-11-01,12168,2155,14,1,3,4075.98
1282,1105507,2026-04-24,41281,1689,23,1,5,922.9
1283,1090486,2025-08-25,10046,1402,94,1,4,86648.8
1284,1168846,2026-03-31,49820,897,91,1,1,20667.19
1285,1176093,2026-02-25,8935,1114,96,1,2,2781.23
1286,1006101,2026-03-27,7826,2514,48,1,1,76.79
1287,1173079,2026-01-15,16745,199,49,1,5,2300.35
1288,1038071,2025-05-10,55,612,20,1,4,7456.04
1289,1171405,2025-12-23,45292,2772,63,1,2,805.23
1290,1078580,2026-04-26,10771,1626,70,1,3,3740.86
1291,1075601,2026-03-20,32554,1444,36,1,3,730.84
1292,1002902,2025-05-21,3695,1722,117,1,5,681.77
1293,1060800,2025-10-31,39608,2320,37,1,2,5039.03
1294,1010566,2025-06-17,6658,2324,103,1,2,5735.43
1295,1177629,2025-12-15,40454,2107,68,1,4,20800.25
1296,1017010,2025-05-07,26021,2247,105,1,2,110919.71
1297,1010609,2025-12-05,16097,1957,35,1,2,7144.21
1298,1060845,2025-06-06,9606,534,113,1,4,5695.61
1299,1151211,2026-04-11,42578,2973,112,1,5,764.97
1300,1048586,2025-11-10,11851,2052,100,1,2,4354.46
1301,1003179,2025-07-08,3047,1730,70,1,2,18429.5
1302,1130568,2025-10-03,15006,2646,46,1,1,3996.18
1303,1053821,2025-11-20,32840,2657,34,1,3,275602.3
1304,1136745,2025-10-11,18140,2583,8,1,1,456.28
1305,1078397,2026-01-25,17303,1477,9,1,5,6473.03
1306,1122986,2025-12-21,16428,2178,22,1,4,9459.68
1307,1180953,2026-03-20,1254,47,9,1,1,264.81
1308,1070580,2025-10-13,17299,1808,30,1,1,9046.53
1309,1090315,2025-10-11,17379,667,49,1,4,2804.84
1310,1101228,2025-05-21,47819,1180,31,1,3,4295.17
1311,1016863,2026-03-23,33698,808,59,1,1,3557.5
1312,1098344,2026-04-10,23645,2345,108,1,2,2064.51
1313,1025665,2025-12-07,44627,1878,37,1,4,885.09
1314,1072920,2025-05-04,26717,423,41,1,1,9178.14
1315,1063897,2025-12-09,11369,145,48,1,5,85641.01
1316,1094462,2026-03-03,39268,1553,12,1,2,7440.9
1317,1166961,2026-04-16,16385,726,77,1,2,193.0
1318,1062377,2025-12-03,3259,2536,20,1,3,385.76
1319,1192609,2026-03-22,21128,2686,32,1,1,192935.19
1320,1145942,2025-05-11,27292,574,64,1,1,4354.8
1321,1125679,2025-05-25,3186,1420,11,1,3,341.15
1322,1009740,2025-10-31,27789,279,54,1,2,2972.62
1323,1147111,2026-03-19,30188,2899,60,1,3,3425.13
1324,1024745,2026-01-10,36061,2857,34,1,3,270486.32
1325,1196997,2025-05-12,34545,145,59,1,5,49404.66
1326,1136919,2025-04-17,23937,1311,77,1,5,51186.43
1327,1000495,2025-10-17,18646,12,93,1,4,3450.78
1328,1144970,2026-02-26,46297,2112,26,1,5,13113.96
1329,1058906,2025-09-17,46586,2248,80,1,1,2469.0
1330,1044123,2025-06-29,18626,343,36,1,4,3077.81
1331,1001048,2025-07-25,34110,1839,85,1,1,21371.35
1332,1136274,2025-09-10,27255,2766,28,1,2,3262.2
1333,1125952,2025-05-27,40728,827,61,1,4,3236.09
1334,1165291,2025-11-15,13164,2757,113,1,5,303.2
1335,1021549,2026-04-13,36168,1279,110,1,3,13552.26
1336,1128034,2025-12-27,11081,2266,97,1,1,39557.27
1337,1021440,2026-01-21,18568,1969,31,1,5,640.77
1338,1043285,2026-04-23,8630,133,49,1,2,3368.91
1339,1154659,2025-05-24,27844,2195,88,1,1,5453.33
1340,1002668,2025-08-18,12573,1328,74,1,1,13037.43
1341,1005225,2025-08-29,38404,2863,47,1,2,3421.88
1342,1159086,2025-08-26,15690,184,92,1,2,2031.94
1343,1123355,2025-06-07,36406,954,92,1,4,3082.15
1344,1126917,2025-06-22,49582,634,54,1,4,46410.48
1345,1187556,2025-05-02,13640,1926,18,1,4,2834.64
1346,1078287,2026-03-12,22897,676,58,1,5,6003.21
1347,1113185,2026-01-19,19393,2848,6,1,4,3741.49
1348,1175862,2025-12-02,37471,398,91,1,2,1577.44
1349,1127847,2025-12-31,16413,2604,72,1,4,2943.65
1350,1166874,2026-04-02,40560,1135,86,1,2,27901.6
1351,1189082,2025-09-02,23455,2221,22,1,1,13267.29
1352,1121848,2025-10-08,6565,1842,118,1,3,1149.6
1353,1052882,2026-03-04,45505,837,83,1,1,1198.76
1354,1061830,2025-10-10,23834,348,68,1,2,3927.6
1355,1089961,2025-10-05,20630,32,30,1,4,7695.43
1356,1198379,2025-07-27,6201,2801,84,1,2,372.76
1357,1115496,2026-01-19,42032,601,88,1,4,5862.33
1358,1134717,2025-09-29,18750,2427,12,1,4,322.22
1359,1046363,2025-08-25,44446,2340,83,1,3,1325.2
1360,1063101,2025-10-28,20623,290,52,1,4,19641.75
1361,1100013,2025-10-25,28611,504,15,1,4,3527.69
1362,1034201,2026-02-16,19963,2517,98,1,5,330.27
1363,1155495,2025-11-06,27777,1947,97,1,5,2199.23
1364,1002641,2025-10-11,12468,107,44,1,2,635.99
1365,1167573,2026-03-14,22736,1330,103,1,1,5128.21
1366,1156493,2025-12-19,29610,2706,60,1,1,2148.38
1367,1061000,2025-08-04,10918,2830,2,1,1,100521.89
1368,1064931,2026-01-18,149,2226,91,1,2,12446.6
1369,1008929,2025-11-28,48360,568,79,1,3,555.98
1370,1065891,2025-05-22,8316,2147,55,1,3,12027.41
1371,1064145,2026-03-17,45436,38,107,1,2,1024.85
1372,1027686,2026-02-10,7653,1050,56,1,4,2123.99
1373,1042051,2026-02-23,817,914,67,1,4,9933.7
1374,1067078,2025-12-22,32050,2554,73,1,1,5894.51
1375,1093932,2025-09-25,30983,1283,15,1,5,408.65
1376,1165523,2025-06-29,16553,1842,117,1,2,377.54
1377,1120540,2026-01-10,27793,505,7,1,4,1848.05
1378,1161988,2025-09-16,33721,2860,98,1,1,102045.6
1379,1192705,2025-10-09,23305,1143,54,1,4,9926.76
1380,1041024,2026-03-23,43740,1791,48,1,2,4535.57
1381,1095795,2026-04-13,22862,451,99,1,3,1907.06
1382,1172054,2025-05-10,19060,1494,81,1,1,3291.67
1383,1159875,2026-01-04,29242,258,44,1,5,24487.35
1384,1090044,2026-02-13,46883,377,3,1,5,117720.27
1385,1036296,2025-05-20,415,946,95,1,5,17340.86
1386,1088312,2025-10-29,27070,225,120,1,2,83703.27
1387,1154776,2025-05-24,18801,2426,73,1,5,3729.94
1388,1021757,2026-04-24,40247,405,52,1,1,25722.42
1389,1194095,2026-02-01,47102,1944,107,1,3,3303.51
1390,1117323,2026-04-03,47425,2333,39,1,5,2463.44
1391,1017090,2025-05-23,16410,2315,43,1,2,1771.56
1392,1136792,2025-07-03,15339,2899,34,1,4,6882.36
1393,1102184,2025-10-12,42273,1037,72,1,5,44124.56
1394,1035512,2026-02-02,40316,2619,53,1,5,2528.56
1395,1028004,2026-03-26,40053,1994,72,1,4,5218.79
1396,1075221,2025-10-17,29269,1899,3,1,1,17897.99
1397,1098754,2025-10-06,12174,1560,68,1,5,4014.9
1398,1033026,2026-01-15,12361,1453,103,1,2,224.63
1399,1142140,2025-06-23,17573,2747,70,1,1,575.4
1400,1132046,2025-10-26,32323,2026,99,1,3,2230.37
1401,1191011,2025-05-25,16557,1264,15,1,2,2133.21
1402,1103885,2025-11-23,4692,1892,70,1,5,24877.44
1403,1046533,2025-05-30,13410,1522,66,1,1,13657.56
1404,1019387,2025-08-22,23312,765,105,1,3,204.42
1405,1110805,2025-11-14,41457,2278,51,1,1,8363.05
1406,1140390,2025-05-12,34986,215,85,1,3,2372.62
1407,1013354,2025-09-03,10427,235,26,1,4,884.34
1408,1096980,2025-10-07,13370,2958,97,1,5,87721.88
1409,1194093,2026-03-04,13921,2391,49,1,4,3209.25
1410,1061777,2025-08-29,13825,1992,12,1,2,181.59
1411,1118301,2025-07-28,31657,766,73,1,2,190.42
1412,1063937,2025-07-06,46993,2985,104,1,2,1590.71
1413,1109305,2026-02-25,35453,1053,87,1,2,959.83
1414,1148374,2025-08-16,3065,452,44,1,4,3122.87
1415,1010695,2026-03-27,49119,792,97,1,5,5882.33
1416,1004986,2025-08-30,2398,2462,45,1,3,28466.89
1417,1069861,2025-08-22,33666,1368,44,1,2,1672.63
1418,1003225,2025-05-04,34509,1194,44,1,5,18262.99
1419,1154849,2025-09-13,39237,2133,20,1,5,2421.87
1420,1188508,2026-04-04,27873,667,111,1,1,2925.27
1421,1052863,2026-04-09,19263,134,33,1,2,231.92
1422,1099243,2025-07-12,25420,376,41,1,5,7906.1
1423,1034032,2025-12-03,4081,72,83,1,1,565.08
1424,1156516,2025-10-05,30436,1164,72,1,5,31027.58
1425,1196861,2025-10-06,7925,2990,39,1,5,2376.0
1426,1192489,2026-02-02,15751,2748,44,1,4,813.88
1427,1198984,2026-02-14,42044,803,61,1,1,6265.85
1428,1065363,2025-06-07,24160,1199,24,1,5,38781.31
1429,1188569,2025-06-04,5766,260,52,1,4,19856.91
1430,1192846,2025-09-02,24938,1978,42,1,1,5592.37
1431,1121510,2025-05-22,22575,840,34,1,2,15314.1
1432,1108475,2026-01-10,31430,45,24,1,4,63626.5
1433,1048862,2025-05-16,13453,237,79,1,3,12286.53
1434,1027206,2026-03-08,34626,895,115,1,3,1285.45
1435,1022689,2025-10-29,14377,1901,28,1,4,8491.05
1436,1003323,2025-09-30,34894,2612,34,1,2,12487.17
1437,1191066,2025-10-11,33745,2583,28,1,4,435.02
1438,1178942,2025-10-18,11821,1445,99,1,1,27834.68
1439,1028912,2025-09-22,36268,1951,31,1,3,60984.28
1440,1090602,2025-11-15,31269,1245,57,1,1,730.24
1441,1168875,2025-07-04,16105,454,102,1,2,1051.72
1442,1182607,2025-12-15,27732,2922,45,1,2,4695.94
1443,1100126,2026-01-04,11054,2983,79,1,4,855.53
1444,1097746,2025-08-16,36644,2865,81,1,5,6045.4
1445,1068021,2025-10-22,48131,2188,59,1,4,3520.55
1446,1083922,2026-03-06,41830,739,25,1,5,12551.12
1447,1015382,2025-06-07,34949,379,44,1,3,606.47
1448,1115019,2026-03-15,40800,1489,90,1,1,33134.41
1449,1118539,2025-07-29,15522,785,105,1,1,7280.33
1450,1190009,2026-03-23,17356,960,47,1,5,2895.22
1451,1010873,2026-04-05,43681,1200,6,1,4,2767.37
1452,1016943,2025-10-10,16530,487,35,1,3,10960.86
1453,1129542,2025-07-20,32946,2649,69,1,5,4492.38
1454,1135555,2025-10-07,45747,2062,83,1,2,1418.05
1455,1042953,2025-05-12,30959,480,82,1,1,1516.74
1456,1095550,2025-11-21,42093,2794,44,1,1,15766.59
1457,1038593,2025-12-08,1779,1241,25,1,3,1834.23
1458,1153194,2026-01-26,17237,2126,56,1,4,622.16
1459,1192165,2025-10-23,17373,965,54,1,2,1908.62
1460,1133971,2026-02-22,49615,2865,13,1,4,5707.98
1461,1100893,2026-03-06,31700,730,52,1,3,1341.97
1462,1063398,2026-01-06,20448,1984,112,1,2,602.58
1463,1097174,2026-01-03,10659,2988,108,1,1,8573.91
1464,1150646,2025-05-08,4455,287,60,1,2,1040.98
1465,1027281,2025-05-24,5460,2698,78,1,4,5430.23
1466,1156814,2025-12-27,17141,576,98,1,5,21482.34
1467,1080927,2025-10-03,42009,2703,25,1,5,15760.82
1468,1131491,2026-01-26,49978,1087,73,1,3,17191.88
1469,1042745,2026-03-11,21090,2511,72,1,5,4103.08
1470,1102807,2025-06-26,46156,742,82,1,1,2066.33
1471,1063718,2026-01-27,48547,1942,20,1,1,16736.92
1472,1142231,2026-02-06,30047,865,64,1,5,7999.45
1473,1184304,2025-11-03,33085,108,77,1,5,93.46
1474,1166304,2026-02-12,45291,2214,52,1,4,3990.02
1475,1033443,2025-11-30,1259,1512,25,1,2,24230.38
1476,1171199,2025-11-16,37379,416,7,1,2,154997.58
1477,1183962,2025-10-10,38913,182,113,1,5,336.42
1478,1046370,2025-10-31,15709,1228,90,1,1,6280.26
1479,1153396,2025-07-16,35529,1800,77,1,1,4410.79
1480,1171675,2025-10-10,17652,207,1,1,2,2472.42
1481,1012571,2025-08-10,1282,2791,12,1,5,4611.76
1482,1098409,2025-07-05,25678,2243,14,1,3,2473.57
1483,1159945,2026-01-12,37278,1952,47,1,2,77537.44
1484,1193730,2026-01-28,36077,208,120,1,5,1578.29
1485,1014736,2025-12-10,2406,1775,97,1,5,20549.34
1486,1025247,2025-11-03,29127,2167,39,1,5,4285.47
1487,1112064,2026-01-10,21946,2474,94,1,4,2937.04
1488,1167425,2025-10-10,33390,363,4,1,2,790.96
1489,1152175,2026-01-15,27556,706,60,1,2,218.18
1490,1041859,2025-10-05,23889,2725,34,1,2,12248.27
1491,1120282,2025-12-21,3914,1986,54,1,5,5927.21
1492,1153424,2025-05-06,10662,1724,37,1,2,8323.18
1493,1175607,2026-02-11,48294,852,39,1,5,324.13
1494,1075694,2026-02-07,19313,1699,115,1,4,689.14
1495,1135354,2025-05-11,23047,2297,95,1,2,423.77
1496,1170231,2025-07-23,28505,230,11,1,1,1113.69
1497,1074247,2025-12-03,26674,2954,27,1,4,25642.89
1498,1026634,2025-10-27,27355,2586,79,1,1,4748.07
1499,1191935,2025-04-18,26515,2182,45,1,4,7249.14
1500,1040778,2026-02-21,20775,2391,12,1,5,3355.52
1501,1025322,2026-04-11,4621,1088,7,1,1,13806.5
1502,1048653,2026-02-26,32572,1619,47,1,5,64874.6
1503,1142705,2025-11-03,12041,2907,25,1,2,3836.41
1504,1022701,2025-09-07,5732,1538,118,1,4,4513.29
1505,1065766,2025-08-05,44549,2734,113,1,3,6606.68
1506,1079514,2025-10-21,26872,250,27,1,1,2080.91
1507,1145611,2025-10-13,34877,48,74,1,2,2581.49
1508,1069560,2025-05-05,27769,1433,21,1,1,3897.33
1509,1183205,2025-11-07,4591,1050,43,1,2,3868.54
1510,1156027,2025-05-19,3337,463,62,1,1,9345.87
1511,1148918,2025-12-13,4217,2734,89,1,1,24734.67
1512,1182271,2025-12-06,28014,436,22,1,1,7209.0
1513,1087348,2025-09-19,40187,2155,104,1,4,13831.53
1514,1011163,2025-09-29,20629,1611,28,1,5,1555.45
1515,1184527,2026-03-27,22127,463,120,1,5,49505.08
1516,1034394,2026-04-10,38407,2510,41,1,5,1448.53
1517,1117226,2025-05-03,1165,825,75,1,3,61756.24
1518,1028769,2025-09-25,36193,2554,110,1,3,13507.6
1519,1192179,2025-05-27,40846,2485,75,1,1,1066.31
1520,1087779,2025-04-16,19233,670,3,1,3,19397.47
1521,1153089,2025-08-28,16088,195,104,1,5,8885.28
1522,1022206,2025-11-22,19336,2045,119,1,1,1350.18
1523,1051471,2026-01-04,38661,1094,42,1,3,233.3
1524,1141961,2025-09-03,18124,2030,34,1,4,3165.91
1525,1148189,2025-05-22,15071,1806,23,1,2,667.48
1526,1011665,2025-06-08,992,1485,41,1,1,48541.34
1527,1055298,2026-03-27,32184,2649,36,1,5,3335.64
1528,1025692,2025-11-09,15044,1676,2,1,1,8673.36
1529,1041875,2025-08-19,27420,615,41,1,2,4487.58
1530,1079513,2025-07-20,13026,2600,100,1,1,395.26
1531,1085772,2025-12-11,27653,537,63,1,5,312256.06
1532,1124497,2025-07-27,48349,1411,52,1,2,82865.6
1533,1179461,2026-02-28,11126,2987,47,1,2,18215.72
1534,1156584,2025-10-20,12812,1193,21,1,1,65876.17
1535,1002468,2025-09-20,44990,2946,74,1,4,2752.72
1536,1131022,2025-11-23,716,1940,39,1,2,9199.8
1537,1167272,2025-06-01,16147,2963,1,1,2,20762.13
1538,1060305,2025-11-09,12174,306,100,1,5,760.23
1539,1173328,2025-09-07,31911,1250,24,1,2,34351.78
1540,1034869,2025-08-29,36334,1052,37,1,2,3963.72
1541,1007776,2025-08-28,26817,141,69,1,3,70583.22
1542,1047701,2025-07-16,28217,1389,74,1,3,2176.11
1543,1137760,2025-05-01,25867,417,41,1,4,595.28
1544,1114210,2025-07-20,23534,2013,83,1,5,25162.54
1545,1173579,2025-07-13,5339,1732,31,1,2,5427.89
1546,1081846,2025-12-15,24875,451,20,1,5,1880.74
1547,1037349,2026-03-20,9354,782,12,1,1,9460.75
1548,1031625,2025-06-07,46141,905,53,1,2,3713.35
1549,1032980,2025-08-06,16232,540,35,1,5,6854.98
1550,1190234,2025-05-04,7198,440,7,1,5,1360.38
1551,1000903,2025-08-03,45610,768,84,1,1,4052.55
1552,1012830,2026-02-28,34456,1357,3,1,1,4889.33
1553,1160331,2026-02-03,3261,2882,103,1,1,2392.36
1554,1076520,2026-02-28,21150,202,34,1,1,20219.36
1555,1137186,2025-12-20,1717,168,83,1,4,543.79
1556,1167736,2026-03-06,33011,2200,74,1,1,26045.18
1557,1180926,2026-04-14,39410,2404,26,1,1,360.18
1558,1196662,2026-04-08,32545,2828,41,1,3,2244.78
1559,1006223,2025-10-10,23353,861,53,1,5,181.77
1560,1083558,2026-03-17,10923,2188,14,1,3,3914.93
1561,1089016,2025-05-11,35940,681,86,1,4,42800.96
1562,1116252,2025-09-22,15347,2305,70,1,1,71055.93
1563,1130426,2025-08-18,27585,1366,49,1,2,12231.38
1564,1186086,2025-07-16,46562,1438,47,1,4,10709.26
1565,1038584,2026-02-01,31507,1483,20,1,4,6677.96
1566,1082045,2025-10-19,23430,1298,51,1,1,100067.38
1567,1026068,2025-11-29,47361,2968,2,1,1,321.55
1568,1093001,2025-08-09,24859,1613,116,1,5,2626.09
1569,1073457,2026-03-18,17034,912,41,1,2,63382.26
1570,1099536,2025-09-25,17018,1574,91,1,2,1276.17
1571,1117449,2025-09-19,6871,1658,28,1,1,129050.14
1572,1098505,2025-11-09,29578,238,7,1,1,19843.38
1573,1193596,2025-06-17,48447,1772,11,1,3,180766.68
1574,1050335,2026-02-17,15482,2203,15,1,2,8618.88
1575,1094774,2025-09-28,32817,2633,33,1,4,8256.96
1576,1038539,2026-03-20,32845,2396,114,1,4,5691.59
1577,1073293,2025-12-04,39264,524,64,1,4,198.44
1578,1073763,2025-07-30,12902,1369,110,1,1,2207.83
1579,1065287,2026-04-14,22916,45,1,1,5,356531.03
1580,1034343,2026-02-17,24921,197,77,1,2,332.45
1581,1021452,2026-02-06,20859,1872,93,1,1,989.21
1582,1199511,2025-10-18,44267,1784,117,1,3,14233.93
1583,1031983,2025-12-11,468,2949,40,1,4,302.69
1584,1054715,2025-10-22,32054,2369,100,1,3,1178.34
1585,1150183,2025-09-01,2586,2650,43,1,4,2255.11
1586,1098229,2025-04-24,33560,2663,18,1,3,2693.58
1587,1040269,2025-12-29,46460,1604,73,1,5,1813.32
1588,1018755,2025-11-23,42860,293,64,1,1,53248.85
1589,1037197,2025-09-06,1946,1173,57,1,1,6877.61
1590,1053249,2025-06-07,45802,1171,70,1,1,32306.26
1591,1013661,2025-09-21,22733,2079,54,1,5,5709.15
1592,1197967,2025-09-13,23037,2406,35,1,5,1396.22
1593,1151489,2025-10-18,30243,1647,66,1,5,19948.14
1594,1110368,2025-09-10,6631,1663,74,1,2,7504.63
1595,1166621,2026-04-17,24150,1970,103,1,4,550.19
1596,1052693,2025-05-23,4603,1114,85,1,2,14604.73
1597,1149074,2026-01-28,24850,2694,9,1,3,3858.88
1598,1084540,2026-03-26,44380,2784,42,1,2,24014.34
1599,1095731,2026-01-04,2693,254,107,1,2,35959.69
1600,1126263,2025-08-08,28046,774,72,1,5,370395.58
1601,1036095,2025-08-23,26615,1914,107,1,1,106200.02
1602,1158640,2025-11-09,5613,2947,5,1,3,5762.83
1603,1098636,2026-02-09,16695,2971,45,1,2,77169.64
1604,1045181,2025-07-05,43381,497,85,1,4,3041.53
1605,1194962,2025-09-23,17396,728,52,1,2,10326.35
1606,1161425,2026-03-11,19949,2884,26,1,2,812.12
1607,1067203,2025-09-16,33480,442,109,1,5,16686.02
1608,1159112,2026-02-27,30945,2888,64,1,3,390028.76
1609,1027920,2025-09-12,9041,2602,78,1,5,1507.66
1610,1102313,2026-02-28,3544,2732,10,1,2,554.36
1611,1071293,2025-08-04,2744,583,39,1,1,39779.44
1612,1165873,2025-06-01,39228,2831,9,1,4,1221.46
1613,1033840,2025-10-20,30334,533,118,1,2,4655.03
1614,1163443,2025-06-22,40619,736,58,1,5,787.2
1615,1159406,2026-01-07,38032,1938,109,1,2,10400.9
1616,1002986,2025-11-04,9863,321,35,1,4,820.97
1617,1183287,2025-05-01,24464,199,18,1,5,803.05
1618,1179491,2025-04-26,4698,1489,7,1,2,91705.11
1619,1130693,2025-11-09,30553,642,16,1,4,18333.9
1620,1124971,2026-01-15,20388,618,69,1,1,146447.58
1621,1010708,2025-09-29,43678,1114,110,1,4,5679.27
1622,1101027,2025-09-20,2744,2633,11,1,5,4147.91
1623,1005440,2025-12-01,3505,2802,50,1,4,4830.02
1624,1001387,2025-07-29,11684,1908,114,1,5,371.2
1625,1080671,2025-11-16,1240,1181,75,1,2,15657.37
1626,1134593,2025-07-18,20122,783,81,1,2,56391.31
1627,1088807,2026-02-24,13200,2748,109,1,5,833.69
1628,1154868,2025-10-27,39463,2451,94,1,5,479.04
1629,1075928,2025-09-19,13227,2966,106,1,3,1098.66
1630,1180978,2025-09-05,1095,634,50,1,5,35348.33
1631,1149180,2026-03-22,21567,3000,55,1,2,49904.17
1632,1097055,2025-11-22,42533,2857,68,1,4,133292.93
1633,1155119,2025-12-26,13865,1290,114,1,2,1497.67
1634,1046481,2025-06-08,10380,2594,29,1,5,5127.51
1635,1016073,2025-11-14,41573,2715,119,1,3,712.71
1636,1191349,2026-02-16,29291,2075,20,1,5,5822.29
1637,1046513,2026-04-09,42745,2335,107,1,4,6941.78
1638,1136158,2025-12-07,31104,1960,41,1,3,45631.22
1639,1011604,2025-08-16,35094,998,77,1,1,869.88
1640,1190768,2025-10-27,19791,1202,33,1,1,2886.25
1641,1028736,2025-05-01,10005,1662,96,1,3,20221.71
1642,1114557,2026-02-11,35230,2721,109,1,3,2259.56
1643,1170382,2025-06-25,2831,571,76,1,3,26319.16
1644,1094390,2025-06-23,9057,649,105,1,3,13803.4
1645,1060735,2025-09-25,14316,91,26,1,4,1025.7
1646,1190777,2025-12-19,39528,1065,108,1,3,13172.78
1647,1106278,2025-05-10,9336,2905,17,1,1,1869.09
1648,1140012,2026-03-15,43558,289,40,1,4,11934.65
1649,1155547,2025-09-05,35592,2847,106,1,2,13927.3
1650,1135799,2025-06-08,41886,2612,112,1,5,24420.01
1651,1121251,2026-04-10,44889,2013,94,1,2,75676.52
1652,1193292,2025-11-07,5214,2479,78,1,4,5685.24
1653,1123545,2026-02-11,38071,1289,43,1,3,2293.13
1654,1053912,2025-06-06,42603,1742,21,1,5,3729.66
1655,1061557,2026-02-16,5446,829,23,1,1,1223.54
1656,1020172,2025-07-29,42354,2949,17,1,5,308.88
1657,1134615,2026-03-16,14423,504,94,1,3,1789.03
1658,1134377,2025-09-04,26361,1581,112,1,5,1649.05
1659,1068867,2025-11-24,43229,1873,26,1,2,4413.42
1660,1098507,2025-05-23,15109,1389,15,1,3,4415.01
1661,1128982,2026-01-11,26621,2054,64,1,1,3518.48
1662,1113320,2026-02-09,17421,1611,72,1,2,3209.88
1663,1097680,2026-03-10,39290,1761,69,1,5,594.29
1664,1008008,2026-03-19,35503,506,50,1,1,8359.35
1665,1095892,2026-02-07,48966,2669,106,1,1,2375.67
1666,1183903,2025-10-22,20079,87,78,1,3,42120.0
1667,1033375,2025-10-28,47682,1645,30,1,4,885.16
1668,1044874,2026-03-30,41617,668,24,1,5,2651.91
1669,1184563,2026-02-18,30887,6,109,1,4,139214.2
1670,1068302,2025-08-06,26569,353,6,1,3,4312.56
1671,1119248,2026-02-21,12194,1854,38,1,3,17623.63
1672,1138859,2026-03-26,26652,1318,31,1,3,16720.24
1673,1167598,2025-05-23,22335,2673,18,1,5,9233.3
1674,1035225,2025-11-21,27113,1581,74,1,4,757.88
1675,1163637,2025-09-24,17960,1498,53,1,5,1478.95
1676,1044691,2025-10-24,8677,1562,46,1,3,1248.12
1677,1017696,2026-04-30,22192,2128,36,1,5,53419.49
1678,1162646,2025-08-26,30476,621,27,1,1,6302.92
1679,1033554,2025-11-14,8684,895,104,1,2,609.79
1680,1055640,2025-06-27,14442,595,34,1,1,60.52
1681,1048851,2025-07-08,27054,1652,6,1,5,10142.99
1682,1055916,2025-07-16,30408,491,47,1,4,175371.16
1683,1152891,2026-01-23,44724,1067,67,1,2,3560.1
1684,1177108,2026-03-10,44367,1181,21,1,4,8450.75
1685,1091500,2026-01-15,38936,2503,33,1,3,354.76
1686,1080358,2026-02-08,44827,517,2,1,3,404.89
1687,1181326,2025-09-24,49098,178,109,1,3,390.91
1688,1168127,2025-09-28,14926,944,95,1,4,583.19
1689,1079129,2025-10-07,49074,1549,67,1,4,238183.79
1690,1027254,2025-10-03,46177,552,93,1,5,4190.04
1691,1084747,2025-09-26,35931,2406,112,1,2,1440.12
1692,1067291,2026-02-04,45840,2526,70,1,4,17956.64
1693,1039571,2026-03-29,3176,580,109,1,1,1525.5
1694,1164075,2025-08-17,13087,493,119,1,5,66276.27
1695,1108596,2025-06-20,2517,2262,117,1,1,1408.56
1696,1177705,2025-07-25,19913,1450,54,1,2,2418.15
1697,1063658,2025-04-25,44045,1872,74,1,2,1043.28
1698,1105115,2025-04-16,44009,2857,118,1,2,141196.63
1699,1011864,2025-08-26,28841,1451,40,1,1,2493.5
1700,1051811,2026-03-01,915,611,14,1,3,1015.41
1701,1113242,2026-04-10,46374,2953,40,1,5,62156.62
1702,1083657,2025-05-25,37590,2467,33,1,2,7574.68
1703,1103775,2026-03-08,15603,2699,41,1,4,3034.92
1704,1164119,2025-10-03,22039,1096,48,1,1,8282.68
1705,1015386,2025-07-15,28215,1304,84,1,5,40791.81
1706,1103767,2025-08-10,42024,2808,24,1,4,6322.28
1707,1055088,2025-07-12,44232,554,73,1,2,3014.12
1708,1192214,2025-06-13,48761,2601,88,1,5,617.86
1709,1119508,2026-02-28,26903,2378,57,1,4,1705.48
1710,1146954,2026-01-30,26006,2318,32,1,1,52828.49
1711,1100463,2025-09-30,45387,2184,86,1,3,68978.43
1712,1166945,2026-01-19,19251,160,114,1,1,1084.67
1713,1114987,2026-01-06,40340,1413,74,1,1,667.56
1714,1158268,2025-11-18,10955,2252,1,1,5,4365.66
1715,1072549,2025-05-09,28869,1094,7,1,3,466.8
1716,1151125,2025-09-17,15192,1984,115,1,2,281.73
1717,1099310,2026-02-02,25330,787,14,1,1,1489.41
1718,1101753,2025-07-08,19425,21,46,1,5,1053.76
1719,1005352,2025-05-02,919,2870,64,1,5,1961.84
1720,1035110,2025-09-12,2485,441,9,1,3,15090.05
1721,1020546,2025-11-23,21497,2123,37,1,1,2360.77
1722,1104435,2026-01-16,12275,2865,27,1,2,17128.25
1723,1023427,2025-06-17,6109,2247,97,1,3,110003.28
1724,1059764,2025-09-10,30833,599,99,1,2,35330.76
1725,1128979,2025-08-06,13955,2296,110,1,1,1023.13
1726,1130748,2025-07-27,33965,2616,19,1,3,2153.31
1727,1157206,2025-05-01,4358,1146,29,1,4,2565.18
1728,1067675,2026-02-18,41144,2429,55,1,5,87629.4
1729,1140671,2026-03-19,35304,1253,19,1,5,4212.07
1730,1112352,2025-07-30,8611,2924,33,1,2,50638.15
1731,1006412,2025-08-19,28380,1642,43,1,3,753.97
1732,1037285,2025-07-26,28652,1124,33,1,3,21114.35
1733,1042373,2025-10-03,16908,1784,64,1,2,7410.62
1734,1057425,2026-03-05,30615,1399,32,1,1,148276.43
1735,1014459,2025-12-13,35252,1583,11,1,4,294.73
1736,1003148,2026-03-06,22670,1181,58,1,4,9054.19
1737,1070371,2026-02-04,43874,2357,68,1,5,2668.43
1738,1136193,2025-08-17,8530,1097,79,1,4,1674.52
1739,1160304,2025-11-17,45674,1705,114,1,2,1826.99
1740,1038948,2026-02-22,14106,929,43,1,2,289.56
1741,1101078,2025-11-02,33170,2603,47,1,3,9541.89
1742,1069368,2026-03-10,9032,1679,83,1,3,106.63
1743,1171198,2025-04-11,31627,674,51,1,4,869.23
1744,1096892,2025-12-12,36963,342,8,1,1,165.62
1745,1169464,2025-07-05,13486,2688,84,1,5,539.02
1746,1169520,2026-04-01,6717,2137,77,1,3,16314.63
1747,1183812,2025-12-13,6193,1443,57,1,1,443.28
1748,1004896,2026-03-13,28415,375,115,1,2,10177.49
1749,1017242,2025-11-08,38707,169,109,1,5,6922.92
1750,1024590,2026-01-13,45866,5,24,1,4,32746.18
1751,1076668,2025-11-03,18907,784,29,1,5,695.35
1752,1029705,2025-11-10,45324,2249,3,1,3,2816.99
1753,1052406,2025-11-02,19981,1422,51,1,1,2562.33
1754,1010653,2025-06-27,18044,1153,35,1,2,682.66
1755,1091856,2026-03-24,24297,2091,5,1,4,4240.91
1756,1120288,2025-11-10,48381,2956,114,1,1,1243.57
1757,1100776,2026-03-20,47648,2813,13,1,5,1564.45
1758,1166522,2026-02-25,6872,2029,106,1,4,431.38
1759,1010767,2026-03-09,8484,284,17,1,4,1405.34
1760,1026227,2026-02-24,8566,1744,57,1,4,33657.06
1761,1112722,2025-08-19,9528,2638,111,1,1,13669.38
1762,1188054,2025-07-31,5587,2307,32,1,3,2600.75
1763,1147262,2025-10-16,1170,2842,2,1,4,4634.63
1764,1025293,2025-10-30,38873,369,80,1,5,620.24
1765,1007696,2025-10-25,33468,2503,50,1,5,354.97
1766,1107679,2026-03-05,18772,827,19,1,1,3299.98
1767,1062587,2025-11-11,2166,2441,22,1,3,44373.77
1768,1086791,2025-09-27,29316,297,46,1,2,2632.0
1769,1039083,2025-12-08,15195,1556,82,1,2,1961.18
1770,1025514,2025-04-16,10240,1021,31,1,2,157.93
1771,1025271,2026-02-23,41345,675,31,1,1,147.05
1772,1191948,2025-04-19,9266,728,19,1,5,9543.81
1773,1028507,2025-12-18,10146,1596,8,1,5,412.47
1774,1068725,2025-08-16,13510,746,120,1,4,2303.2
1775,1118721,2025-07-03,31511,1439,18,1,1,845.24
1776,1002895,2025-05-30,17826,161,71,1,1,1741.35
1777,1049565,2025-06-26,1367,65,88,1,2,581.14
1778,1128707,2026-02-01,25571,838,64,1,1,7371.06
1779,1183975,2025-11-22,48017,935,96,1,5,494.01
1780,1092401,2025-09-03,12800,919,76,1,4,3900.35
1781,1022856,2025-04-11,41889,568,112,1,2,295.77
1782,1141777,2025-11-04,17995,268,18,1,2,1150.98
1783,1060004,2025-05-15,18439,1870,23,1,2,168.73
1784,1005606,2025-11-02,37454,1678,113,1,4,1494.35
1785,1113209,2025-12-30,22265,2419,21,1,4,1378.92
1786,1074307,2025-10-16,19819,2961,92,1,2,1235.76
1787,1173786,2026-02-19,29457,1761,119,1,2,589.95
1788,1173645,2025-06-04,42232,1296,25,1,5,56873.35
1789,1176067,2025-12-03,20964,259,105,1,5,18626.46
1790,1063660,2026-03-31,21473,2210,75,1,3,2208.45
1791,1049132,2026-01-31,16761,1951,115,1,3,55714.26
1792,1129048,2025-06-05,16192,849,18,1,3,8717.52
1793,1095081,2026-03-08,30275,304,23,1,3,6269.27
1794,1129107,2025-12-21,11869,97,47,1,5,20960.05
1795,1172547,2025-06-20,2412,737,62,1,5,3892.23
1796,1096531,2025-10-02,33933,1127,80,1,3,27889.57
1797,1148186,2025-11-25,42247,2471,49,1,1,74.39
1798,1059732,2025-10-13,7486,1577,111,1,5,6417.2
1799,1085961,2026-03-07,27076,1805,107,1,4,53178.61
1800,1146761,2025-10-17,4504,2657,45,1,4,66348.61
1801,1158119,2026-01-08,22229,2178,68,1,3,7167.87
1802,1070259,2025-05-03,37364,2618,55,1,2,10194.26
1803,1055919,2026-01-01,36246,361,50,1,4,8640.4
1804,1138474,2025-07-27,49170,950,88,1,2,5314.12
1805,1168033,2025-09-26,6163,2741,50,1,1,1523.94
1806,1082525,2025-11-03,43028,1702,47,1,1,1896.84
1807,1039654,2025-09-22,29709,368,26,1,3,1077.5
1808,1138809,2026-04-21,45382,2946,77,1,3,5284.08
1809,1125602,2025-11-07,12896,505,46,1,3,3724.55
1810,1147200,2025-05-03,47086,2094,48,1,5,6756.46
1811,1101035,2025-06-08,30332,179,110,1,4,6935.47
1812,1091641,2025-10-17,3666,1505,117,1,2,3860.69
1813,1157161,2025-11-27,15126,773,8,1,4,576.95
1814,1099331,2025-12-09,26695,420,36,1,4,72581.52
1815,1170131,2026-02-02,17467,2988,33,1,4,3928.22
1816,1196654,2026-01-06,10609,2106,63,1,2,48599.78
1817,1001380,2025-10-27,42808,506,9,1,3,11581.35
1818,1005756,2025-11-03,42992,72,97,1,4,594.91
1819,1046830,2025-07-03,42879,2955,65,1,3,26346.75
1820,1037875,2026-01-21,45043,2002,112,1,2,20375.51
1821,1169816,2025-11-28,360,1740,91,1,5,1254.06
1822,1061935,2025-11-30,47918,2947,112,1,4,5599.93
1823,1121264,2026-01-07,11442,1357,108,1,3,8271.75
1824,1129407,2026-02-26,16281,603,72,1,2,8554.47
1825,1067346,2026-01-18,27741,2411,57,1,4,3533.12
1826,1118509,2025-09-03,41867,1479,111,1,5,3360.18
1827,1031055,2026-01-20,42341,913,107,1,1,6574.52
1828,1034727,2026-03-15,15092,1904,27,1,3,14052.39
1829,1147086,2026-01-16,21072,874,117,1,1,1526.91
1830,1103283,2026-02-20,43332,1324,52,1,4,1134.74
1831,1014203,2025-12-17,24244,2840,69,1,1,30517.02
1832,1105542,2025-04-13,40514,1605,28,1,1,20796.59
1833,1144775,2026-03-09,34332,831,7,1,2,1414.96
1834,1154311,2026-04-08,38345,1464,27,1,5,360.84
1835,1088972,2026-03-26,1976,113,58,1,4,23194.78
1836,1156070,2025-10-26,19092,2010,76,1,2,17420.79
1837,1116500,2026-03-05,43084,667,39,1,5,1313.16
1838,1002744,2025-08-06,43265,2127,112,1,3,238.26
1839,1157698,2025-12-30,16348,1194,34,1,2,8776.9
1840,1042525,2026-03-11,33309,995,117,1,2,1903.75
1841,1090312,2026-04-25,24404,1548,64,1,5,46709.78
1842,1194366,2025-09-13,35472,2486,10,1,5,9625.06
1843,1118977,2026-01-05,6918,1070,95,1,3,85.93
1844,1045848,2025-10-14,2400,2015,67,1,5,2371.54
1845,1138224,2025-11-12,4960,264,108,1,4,933.76
1846,1026565,2026-03-30,14254,882,120,1,2,13975.83
1847,1004597,2025-07-07,44879,1180,75,1,4,26343.15
1848,1085954,2025-06-28,11449,2242,44,1,5,13332.95
1849,1105206,2026-02-21,14305,1923,71,1,4,9033.96
1850,1189585,2025-08-01,13392,41,3,1,1,379.42
1851,1175686,2025-05-28,48470,184,45,1,4,4076.78
1852,1123213,2025-06-03,38965,2103,72,1,5,939.44
1853,1187130,2026-04-23,45923,2317,118,1,4,12602.98
1854,1042749,2025-06-29,27650,1204,99,1,1,583.67
1855,1054773,2026-03-25,42883,2255,78,1,5,7011.84
1856,1000705,2025-06-10,33008,17,106,1,2,763.62
1857,1030448,2025-10-30,40402,1485,115,1,2,89693.01
1858,1067942,2025-11-25,49902,2470,107,1,5,9906.07
1859,1196887,2026-02-13,40447,1422,104,1,1,3009.29
1860,1057716,2025-06-06,8806,1834,97,1,5,6562.87
1861,1165635,2025-11-25,45277,2876,23,1,1,596.91
1862,1198234,2025-07-18,20741,2823,99,1,2,9210.72
1863,1139965,2025-11-15,26880,133,5,1,2,9697.36
1864,1196932,2026-04-10,21628,2729,99,1,5,257.96
1865,1109903,2025-12-06,45903,579,35,1,3,380.95
1866,1020707,2025-12-03,663,1024,99,1,2,62871.77
1867,1131993,2025-12-31,32921,883,25,1,1,2718.54
1868,1002708,2025-05-23,30744,1429,2,1,5,755.73
1869,1191342,2025-11-25,16012,2659,67,1,3,6160.87
1870,1051027,2026-03-17,20399,1711,109,1,4,1508.15
1871,1052936,2026-01-26,16473,1247,6,1,2,18576.42
1872,1060019,2025-06-20,43016,1338,116,1,5,8071.96
1873,1187058,2026-01-01,25935,672,102,1,3,12256.72
1874,1083890,2025-07-01,261,882,38,1,5,14553.36
1875,1171265,2025-12-03,45282,2325,55,1,1,7353.14
1876,1162191,2025-12-27,10265,2323,102,1,1,64.34
1877,1048069,2025-08-24,13513,376,96,1,3,8155.05
1878,1098999,2026-04-12,16528,331,31,1,4,686.13
1879,1027505,2026-03-06,35484,388,106,1,1,300059.94
1880,1027227,2025-08-29,19822,684,118,1,4,26149.77
1881,1101224,2025-09-23,45658,387,14,1,2,887.69
1882,1190292,2026-03-17,4677,2535,27,1,2,27424.47
1883,1010734,2025-06-11,6201,877,100,1,3,2183.25
1884,1071452,2026-03-30,38052,1047,18,1,3,2012.31
1885,1135509,2026-02-08,8091,1161,29,1,1,15321.45
1886,1185467,2025-05-30,35472,2777,79,1,5,118.99
1887,1044937,2025-07-06,47717,2214,108,1,5,8292.47
1888,1076799,2025-08-04,8733,308,26,1,1,19626.26
1889,1093776,2025-04-21,36426,779,46,1,3,3981.84
1890,1116554,2026-03-08,37395,2464,65,1,5,9477.93
1891,1003578,2025-10-20,11838,1295,106,1,3,4203.57
1892,1143638,2025-08-25,32511,2551,19,1,3,341.03
1893,1022373,2025-09-25,40892,436,26,1,3,3873.69
1894,1052442,2026-04-10,42422,2670,33,1,1,110623.0
1895,1062207,2025-06-24,35527,1313,115,1,5,6758.27
1896,1066183,2025-08-24,37913,1871,25,1,2,5130.98
1897,1100461,2025-10-15,36382,2749,66,1,3,251300.92
1898,1138615,2025-07-01,26475,2418,8,1,2,2966.52
1899,1179901,2025-07-08,26145,272,49,1,4,1248.05
1900,1168486,2025-05-16,34857,539,55,1,5,367.46
1901,1113172,2026-02-25,45364,1907,77,1,4,34669.22
1902,1153505,2025-08-10,48586,259,13,1,1,9453.28
1903,1189040,2026-01-16,28835,1087,13,1,4,7757.61
1904,1198473,2025-12-20,9026,736,93,1,2,776.66
1905,1141795,2025-06-15,30810,2479,81,1,5,11829.39
1906,1075585,2025-10-04,40178,2707,71,1,2,822.32
1907,1139307,2026-01-09,21777,1296,113,1,2,25028.73
1908,1062370,2026-03-05,22496,2951,3,1,3,2048.46
1909,1119554,2025-07-02,24437,2088,116,1,1,2887.06
1910,1096429,2025-09-13,44605,1892,106,1,3,38267.45
1911,1064880,2025-10-06,10376,1931,15,1,3,12183.04
1912,1117753,2026-02-11,47528,234,64,1,1,3053.38
1913,1043749,2026-01-15,13922,2168,92,1,3,2198.81
1914,1071962,2025-10-06,28887,1516,47,1,5,671.89
1915,1195285,2025-07-02,8742,2262,59,1,4,2920.15
1916,1024877,2025-10-13,26162,1336,31,1,4,2072.74
1917,1160739,2026-01-26,42268,250,17,1,5,4773.78
1918,1046394,2025-12-28,9745,859,43,1,2,357.54
1919,1131497,2026-02-03,26141,357,118,1,5,8790.55
1920,1117061,2025-12-17,41518,962,1,1,3,486.05
1921,1167680,2025-08-23,6144,778,24,1,1,18720.53
1922,1178246,2025-12-31,28470,1901,105,1,3,1424.19
1923,1010930,2025-08-21,29875,2743,101,1,5,1276.5
1924,1130665,2025-06-19,44386,1705,95,1,5,2123.44
1925,1123779,2025-08-24,5749,2734,60,1,5,6450.35
1926,1102547,2026-02-05,38544,127,64,1,3,1780.1
1927,1014274,2025-10-29,35563,2144,44,1,2,868.43
1928,1126629,2025-12-16,41040,893,5,1,3,7602.19
1929,1039268,2026-01-06,10880,316,11,1,5,3534.68
1930,1104574,2026-01-28,41085,858,52,1,1,19108.47
1931,1185869,2025-10-24,35675,2537,64,1,4,250.33
1932,1080883,2026-01-19,3801,1342,67,1,5,942.45
1933,1002920,2025-05-15,43189,2583,90,1,2,1323.87
1934,1053138,2025-09-20,49586,2696,118,1,5,10863.45
1935,1096543,2025-07-28,21247,2981,117,1,3,7896.97
1936,1102837,2025-06-09,12987,1331,43,1,5,302.71
1937,1047269,2025-12-21,23016,2105,3,1,1,1276.64
1938,1016844,2025-11-14,47483,1794,116,1,3,1655.69
1939,1001513,2025-09-22,44892,1833,54,1,3,919.4
1940,1111057,2025-11-17,24295,2463,92,1,4,2212.28
1941,1097911,2025-07-10,42562,1689,34,1,3,917.89
1942,1166324,2025-08-15,32341,2764,82,1,3,2957.48
1943,1017784,2025-04-15,12056,1416,104,1,2,2392.04
1944,1192913,2025-05-11,14654,425,92,1,2,162.06
1945,1138189,2026-02-01,7561,1502,79,1,5,434.38
1946,1158746,2025-08-20,41381,1093,69,1,1,688.16
1947,1035800,2026-02-28,13085,1764,40,1,3,11877.19
1948,1005998,2025-06-02,36009,1355,30,1,1,1265.69
1949,1150473,2026-04-19,33099,957,80,1,2,1643.25
1950,1036241,2025-07-03,22248,2150,97,1,5,8926.33
1951,1077373,2025-09-04,32627,1012,76,1,1,8494.37
1952,1120548,2025-11-17,36446,2186,82,1,1,1156.7
1953,1023624,2026-02-04,5848,109,61,1,3,3797.07
1954,1100267,2026-04-06,48968,1898,56,1,4,222.4
1955,1096636,2026-01-13,38011,2803,27,1,2,1635.57
1956,1088561,2025-12-17,25429,118,109,1,4,1628.03
1957,1195528,2025-11-02,25650,1821,66,1,2,834.52
1958,1186780,2025-07-18,23737,1055,106,1,1,18482.29
1959,1092061,2025-11-21,30588,554,6,1,4,3211.29
1960,1018802,2025-11-03,30313,1931,46,1,1,11051.42
1961,1145786,2026-01-05,40897,1350,3,1,5,6556.58
1962,1196196,2026-03-06,13731,2448,106,1,5,4469.16
1963,1054745,2025-08-09,48957,1682,86,1,1,24990.5
1964,1104585,2025-11-02,11992,2219,59,1,4,63170.02
1965,1174579,2025-07-07,31337,1157,15,1,1,14215.13
1966,1017458,2026-02-13,49991,2770,87,1,1,13428.73
1967,1113350,2025-12-03,41461,1981,38,1,4,93485.28
1968,1062014,2025-04-25,12661,2544,55,1,1,7248.36
1969,1144482,2025-11-28,25949,877,59,1,4,1874.14
1970,1106672,2026-04-04,24535,1484,87,1,5,1225.95
1971,1143517,2025-10-15,27363,1578,55,1,1,17114.34
1972,1011334,2025-12-25,43720,1462,16,1,3,3942.93
1973,1120800,2025-05-16,28349,259,16,1,5,9510.33
1974,1178552,2026-03-20,18344,1062,18,1,4,252.55
1975,1111940,2026-03-07,10466,1333,75,1,4,431.82
1976,1032975,2026-03-06,36793,557,91,1,4,11432.58
1977,1123845,2025-11-30,29984,657,111,1,2,198.09
1978,1106366,2025-07-23,16622,835,64,1,2,6646.18
1979,1078512,2025-12-09,33716,1254,25,1,2,4299.35
1980,1002237,2025-11-15,40679,2366,16,1,3,281.76
1981,1071687,2026-02-27,11318,2207,29,1,4,5772.19
1982,1146874,2025-07-09,8241,326,5,1,4,408.26
1983,1002211,2026-01-30,48375,2219,80,1,1,31196.67
1984,1139590,2025-12-03,27499,1129,68,1,5,484.13
1985,1109887,2026-02-20,21763,686,113,1,4,5805.04
1986,1157409,2025-09-18,29178,221,56,1,3,10294.22
1987,1118001,2026-04-17,11783,1399,119,1,5,53527.18
1988,1142642,2025-09-15,33232,2720,116,1,1,270819.66
1989,1170030,2026-01-06,34241,2421,33,1,3,824.02
1990,1128798,2025-10-07,45441,1706,102,1,1,135337.26
1991,1186382,2025-11-27,32764,23,67,1,3,117.77
1992,1097394,2026-01-28,5394,926,111,1,4,6959.64
1993,1153451,2025-08-10,7861,2009,33,1,4,18826.17
1994,1177364,2025-06-07,36361,2077,75,1,3,828.03
1995,1177330,2025-06-23,7065,2472,116,1,1,838.14
1996,1054843,2025-04-27,47020,2987,118,1,2,6164.92
1997,1116276,2025-07-06,14974,1905,6,1,5,2238.6
1998,1030962,2025-05-17,45878,1572,92,1,1,201.26
1999,1170168,2025-09-04,2012,149,25,1,2,807.23
2000,1097473,2025-11-10,20196,143,11,1,1,15055.29
2001,1044849,2026-02-17,39923,2631,4,1,4,180.4
2002,1188824,2025-10-16,30905,2184,30,1,3,177473.87
2003,1168219,2025-04-10,12252,1500,98,1,1,85560.79
2004,1074703,2025-08-04,7242,1460,15,1,5,647.24
2005,1089006,2025-05-20,46810,1999,72,1,1,3951.75
2006,1065682,2025-10-15,22799,2618,29,1,1,21369.94
2007,1049343,2026-02-13,39268,429,5,1,3,7751.46
2008,1081675,2026-03-13,12913,1090,53,1,1,2302.63
2009,1155785,2025-05-03,32741,236,110,1,3,1160.65
2010,1187294,2025-12-07,21233,914,108,1,2,28102.0
2011,1142404,2025-08-04,32970,773,105,1,4,891.52
2012,1189989,2025-10-31,21586,1977,74,1,4,825.1
2013,1049615,2025-09-04,21465,397,22,1,4,13922.67
2014,1093267,2025-07-18,27982,454,89,1,1,4195.78
2015,1112862,2026-02-24,35830,2929,37,1,4,5378.63
2016,1081451,2025-09-14,13677,1134,101,1,3,2035.75
2017,1096079,2026-02-18,49223,1374,105,1,3,14678.14
2018,1189922,2025-11-09,38122,1438,108,1,5,4572.95
2019,1178182,2025-07-31,17363,932,88,1,5,4224.16
2020,1139139,2025-11-24,10979,1997,31,1,2,4283.76
2021,1075839,2025-12-30,48689,1842,99,1,3,354.47
2022,1014892,2026-02-07,7399,2296,15,1,1,2898.73
2023,1156476,2025-07-07,43609,502,90,1,2,8444.97
2024,1023642,2026-02-06,35032,2709,104,1,4,874.65
2025,1145049,2026-03-01,2087,2897,63,1,5,186.42
2026,1110168,2025-11-16,33264,14,112,1,5,4712.02
2027,1163965,2025-11-08,10196,1405,31,1,5,2883.4
2028,1156320,2025-10-31,25956,1901,2,1,3,1439.52
2029,1049135,2025-07-14,48056,48,39,1,2,1411.03
2030,1147127,2025-10-15,5312,2647,53,1,2,2260.04
2031,1062952,2025-11-17,11128,740,95,1,1,36630.33
2032,1089854,2025-05-21,5335,1969,14,1,4,1975.96
2033,1151396,2025-10-29,45416,1139,20,1,3,1070.49
2034,1041222,2025-10-26,21045,1343,37,1,1,10976.29
2035,1038286,2025-12-11,34210,1445,35,1,1,8764.13
2036,1065191,2025-09-16,33663,385,106,1,4,891.19
2037,1099305,2026-03-11,16648,2643,112,1,4,267.3
2038,1169828,2025-05-16,46758,500,40,1,5,6797.45
2039,1183040,2025-10-11,14759,2260,54,1,1,234221.38
2040,1036460,2026-01-09,41598,2477,94,1,2,72003.49
2041,1133367,2026-01-16,36768,2290,106,1,4,11828.56
2042,1048339,2025-10-01,45523,2809,81,1,1,7763.11
2043,1131906,2026-03-23,42881,635,68,1,2,21415.27
2044,1175362,2025-11-22,49935,2003,78,1,4,1499.42
2045,1032783,2025-10-21,28197,580,39,1,5,2790.25
2046,1193616,2026-04-02,16814,1666,102,1,5,65022.61
2047,1104627,2026-03-13,26693,75,101,1,2,2348.99
2048,1116269,2025-07-23,26391,1479,113,1,1,677.99
2049,1144832,2025-05-18,30172,975,28,1,2,3146.4
2050,1068564,2026-03-24,9095,1591,74,1,2,204280.68
2051,1057535,2025-06-20,49413,2770,85,1,3,4542.27
2052,1172999,2026-03-17,12247,2258,31,1,2,22210.73
2053,1000789,2025-05-03,18758,2550,76,1,2,47895.23
2054,1115083,2026-01-18,26547,1223,28,1,2,737.28
2055,1148786,2026-03-06,37607,2379,72,1,2,737.3
2056,1007079,2026-03-06,15245,1465,118,1,1,317.69
2057,1020694,2025-10-16,15374,2914,54,1,2,279.47
2058,1158026,2026-03-18,19774,918,85,1,5,2310.98
2059,1006503,2025-10-06,46059,1977,93,1,4,286.76
2060,1130819,2025-12-26,28769,370,99,1,3,2094.45
2061,1163852,2025-12-09,43470,1424,49,1,4,2158.24
2062,1126745,2025-11-07,10475,1699,105,1,3,677.73
2063,1187464,2026-02-12,41019,2696,38,1,2,21983.04
2064,1078731,2026-01-27,47924,832,115,1,1,21058.13
2065,1073748,2025-11-05,46171,26,65,1,3,67698.94
2066,1121714,2025-07-11,44477,2459,90,1,5,2804.17
2067,1051784,2025-05-01,30318,774,111,1,5,378096.53
2068,1077190,2025-11-26,40001,1568,116,1,4,1754.86
2069,1089973,2025-11-21,13729,368,119,1,4,1023.89
2070,1083934,2025-10-11,39105,767,77,1,4,187.29
2071,1026738,2025-06-30,1224,304,45,1,2,6025.68
2072,1158840,2025-10-24,25643,1446,87,1,4,413.06
2073,1135484,2025-11-01,18165,1517,17,1,4,43340.45
2074,1027764,2025-05-07,16974,2905,100,1,1,1248.34
2075,1002453,2026-04-09,3120,2497,62,1,5,15988.82
2076,1160272,2026-02-19,23481,1007,80,1,3,1339.79
2077,1040009,2026-04-04,42630,1465,62,1,2,314.71
2078,1004342,2025-06-04,25076,1057,117,1,3,9971.68
2079,1008424,2026-01-29,28788,2262,62,1,3,2850.56
2080,1176040,2025-08-17,1150,1529,2,1,3,10857.04
2081,1155861,2026-01-23,28387,750,6,1,1,5495.73
2082,1135560,2025-12-03,16166,1220,89,1,3,762.47
2083,1093055,2026-01-26,14652,1376,108,1,2,31694.92
2084,1141498,2025-12-06,15330,1744,43,1,3,30149.81
2085,1191867,2025-12-03,17630,1084,47,1,5,9737.77
2086,1034031,2025-11-19,42204,469,75,1,4,1193.53
2087,1036272,2025-04-22,26310,1967,83,1,4,1394.12
2088,1002888,2025-05-08,29993,1057,92,1,4,19065.57
2089,1014391,2025-09-28,45871,1592,83,1,1,66.86
2090,1026379,2025-09-20,20477,2409,43,1,3,4960.79
2091,1155357,2025-09-24,45359,2572,86,1,5,2436.38
2092,1127390,2025-12-11,9404,1433,114,1,2,1839.75
2093,1051088,2025-07-28,38172,1823,103,1,2,133999.53
2094,1133605,2026-03-12,21777,2222,117,1,3,64677.2
2095,1091216,2025-07-13,43144,2124,79,1,4,18500.28
2096,1178069,2025-08-21,1652,1259,65,1,3,6358.6
2097,1089865,2025-12-30,37005,1166,54,1,4,8704.84
2098,1040774,2026-03-15,20348,2363,28,1,4,145816.88
2099,1014348,2025-07-28,21372,2254,18,1,5,70684.68
2100,1096199,2025-11-22,27925,1404,61,1,5,1160.57
2101,1078550,2025-11-27,20547,2638,81,1,4,13337.5
2102,1156885,2026-01-30,11533,1771,39,1,4,5664.85
2103,1013754,2025-12-10,13436,680,74,1,5,32755.92
2104,1109008,2025-09-02,40644,1660,32,1,2,1346.83
2105,1121517,2026-01-21,2347,111,27,1,3,1037.72
2106,1094986,2025-11-22,4823,514,28,1,4,1092.49
2107,1103831,2026-03-18,34016,998,95,1,4,2709.4
2108,1141772,2025-10-10,5897,2950,72,1,2,4611.98
2109,1034984,2026-02-17,7386,1785,118,1,5,37116.16
2110,1033083,2026-03-06,14055,2588,91,1,4,3003.53
2111,1038545,2025-09-21,8264,1157,23,1,1,14245.38
2112,1032741,2025-05-12,627,624,64,1,3,1217.96
2113,1128521,2026-04-07,29372,1013,17,1,1,3658.77
2114,1103680,2026-04-05,40056,2929,60,1,4,5475.08
2115,1031538,2025-11-30,33915,1403,79,1,3,2773.33
2116,1161804,2026-03-11,17689,1002,86,1,3,31.09
2117,1069135,2025-10-26,42367,1665,102,1,4,2200.96
2118,1116084,2025-08-11,32964,2352,38,1,3,27333.71
2119,1086668,2025-06-23,38233,2023,47,1,3,1984.89
2120,1129851,2025-12-10,37573,795,15,1,4,3841.6
2121,1199347,2025-06-13,413,692,120,1,1,5206.36
2122,1199903,2025-05-13,49443,1227,35,1,5,899.66
2123,1184359,2025-06-11,23440,1325,5,1,5,3554.9
2124,1093637,2026-03-19,40979,2164,115,1,2,1129.7
2125,1172128,2026-04-02,11304,909,17,1,2,1221.53
2126,1127189,2025-08-02,35426,1842,39,1,4,388.71
2127,1012661,2026-01-24,40148,629,84,1,1,2259.7
2128,1179670,2025-11-01,33719,770,88,1,4,14781.5
2129,1111855,2025-11-25,10400,554,35,1,4,3091.76
2130,1006811,2026-03-28,35113,2101,40,1,3,683.49
2131,1112044,2025-11-30,49505,748,35,1,1,2249.09
2132,1013824,2025-11-25,28930,2325,19,1,2,3910.34
2133,1048149,2025-07-16,12201,2583,21,1,5,470.12
2134,1136343,2025-10-14,12918,590,114,1,4,661.01
2135,1189539,2025-09-30,9346,128,117,1,5,2511.53
2136,1011871,2025-12-03,16585,49,42,1,4,33.68
2137,1197473,2025-11-09,27841,1804,107,1,5,12857.53
2138,1094104,2025-08-09,19208,1878,12,1,2,958.88
2139,1044751,2026-01-26,1939,1691,75,1,3,556.48
2140,1102010,2025-10-21,5440,473,116,1,3,356.53
2141,1185773,2025-09-01,4857,331,104,1,5,1788.48
2142,1109957,2026-01-03,46385,241,91,1,5,2896.77
2143,1199214,2025-08-07,35567,2427,54,1,2,336.64
2144,1027945,2025-09-27,25630,1901,110,1,5,1428.88
2145,1097310,2025-05-19,39372,203,34,1,3,120.8
2146,1160724,2025-09-02,8936,1116,107,1,4,6363.42
2147,1001922,2025-12-15,44686,926,93,1,2,1551.24
2148,1166978,2026-01-17,49297,2299,95,1,5,3213.35
2149,1154924,2025-07-27,25250,242,58,1,5,28594.25
2150,1092857,2025-11-06,18300,1567,30,1,2,479.47
2151,1169667,2025-12-14,17949,1085,118,1,4,36881.36
2152,1085929,2025-07-27,47892,1825,50,1,3,3846.43
2153,1113665,2025-04-16,48088,1232,35,1,3,56717.74
2154,1009206,2026-02-19,26213,2253,120,1,1,1638.15
2155,1101049,2025-05-23,48753,750,98,1,2,3007.35
2156,1075348,2026-01-29,20123,264,36,1,4,1073.03
2157,1048329,2025-10-26,44414,1008,53,1,4,416.13
2158,1174146,2025-10-24,18018,364,91,1,5,335.77
2159,1107703,2026-01-17,5619,2908,54,1,1,64442.87
2160,1053657,2025-05-21,27522,34,69,1,5,344.68
2161,1137669,2025-11-20,4634,1890,111,1,4,687.71
2162,1196291,2026-03-16,684,909,100,1,5,5090.38
2163,1199782,2026-02-03,34712,223,23,1,3,2003.31
2164,1066424,2025-08-19,2109,1183,81,1,4,5442.83
2165,1194127,2025-10-11,11285,1775,8,1,1,21196.64
2166,1012281,2025-07-21,11658,676,96,1,2,12180.9
2167,1151700,2025-09-25,2169,2473,33,1,4,664.49
2168,1079108,2025-06-24,34719,310,48,1,4,6703.26
2169,1080018,2025-05-12,33684,1753,70,1,1,1667.3
2170,1062510,2025-05-14,33076,1906,26,1,1,2868.78
2171,1063900,2025-12-21,3422,397,108,1,1,9496.65
2172,1036757,2025-09-24,37332,2420,15,1,2,10600.5
2173,1139361,2025-08-13,48479,2933,20,1,3,5171.66
2174,1087257,2025-09-19,5211,733,111,1,1,238.68
2175,1191936,2025-12-05,17371,409,97,1,4,7015.46
2176,1149853,2025-08-07,18189,1291,68,1,4,37.22
2177,1179099,2026-02-04,40665,1873,74,1,1,9875.36
2178,1146839,2025-04-29,42583,726,104,1,3,551.07
2179,1119917,2025-10-30,6646,2302,35,1,4,1525.4
2180,1174745,2026-02-13,49578,443,87,1,2,2875.13
2181,1092904,2025-12-06,47790,1217,48,1,4,1828.11
2182,1093741,2026-03-15,27528,2148,99,1,4,888.75
2183,1113310,2026-01-04,10228,928,78,1,3,10641.35
2184,1056023,2025-11-08,20515,838,21,1,3,3647.65
2185,1157377,2025-04-16,19279,2071,73,1,1,904.46
2186,1167932,2026-04-03,19561,1730,76,1,2,9428.26
2187,1152011,2025-09-22,15795,1857,20,1,2,10216.97
2188,1058879,2025-12-07,43956,660,21,1,2,23111.53
2189,1145132,2025-12-16,46587,649,101,1,2,3381.9
2190,1031909,2026-03-07,2559,218,39,1,5,1390.24
2191,1116589,2026-02-01,10838,1712,113,1,1,5226.8
2192,1055904,2025-10-29,45571,2045,27,1,3,4245.33
2193,1091363,2025-09-16,48993,2704,67,1,4,121178.99
2194,1044629,2025-04-26,37758,1436,52,1,1,126277.42
2195,1135926,2025-05-05,25227,903,67,1,5,8395.91
2196,1027389,2026-03-22,40767,1792,59,1,4,1778.12
2197,1192664,2026-02-28,44488,468,27,1,2,2157.14
2198,1036340,2025-09-21,14317,4,86,1,3,4233.97
2199,1183198,2026-01-10,47035,119,99,1,4,35645.03
2200,1134266,2025-12-01,44923,359,24,1,1,7060.99
2201,1024303,2026-01-12,10696,1438,103,1,5,5103.12
2202,1122812,2025-11-22,46370,2149,66,1,5,175.49
2203,1160355,2026-03-22,39508,2578,63,1,4,580.89
2204,1130471,2025-07-12,165,573,68,1,3,1397.04
2205,1057932,2025-06-22,579,663,40,1,2,13869.14
2206,1112445,2025-12-05,14784,1203,103,1,1,7326.76
2207,1125493,2025-12-24,43333,2090,117,1,5,5056.16
2208,1166231,2026-03-02,13353,2219,59,1,4,62271.27
2209,1141662,2026-03-10,11484,461,102,1,1,76767.26
2210,1048479,2025-11-07,43649,1556,50,1,4,2186.78
2211,1023846,2026-01-05,33140,1810,111,1,4,2909.36
2212,1117202,2025-10-31,6975,1723,96,1,4,25661.08
2213,1034112,2026-04-07,13030,2358,106,1,1,5093.09
2214,1019822,2026-03-28,20221,342,46,1,2,122.87
2215,1001564,2025-04-24,23178,2845,13,1,5,3560.43
2216,1124815,2025-11-06,3090,2545,58,1,4,9588.01
2217,1141079,2025-09-30,30945,2677,100,1,5,60811.64
2218,1032934,2026-02-12,43402,11,109,1,1,16551.59
2219,1044640,2026-03-31,46363,420,94,1,2,77480.77
2220,1020196,2025-11-19,26518,1682,114,1,4,8063.94
2221,1122779,2025-07-14,12288,1187,30,1,2,8161.28
2222,1050406,2025-06-22,2945,2317,80,1,5,13628.2
2223,1056947,2025-09-15,7445,1658,62,1,4,273880.36
2224,1189706,2026-02-21,36554,2962,105,1,5,399.17
2225,1193785,2025-08-11,4689,1041,32,1,1,13737.68
2226,1183817,2026-03-02,39025,492,27,1,5,95510.79
2227,1165081,2025-10-25,44076,1864,41,1,5,1944.86
2228,1081795,2026-03-23,11945,1733,14,1,2,745.26
2229,1075091,2025-10-12,832,1920,91,1,5,478.06
2230,1137146,2025-04-25,4255,1900,49,1,2,939.13
2231,1161020,2025-11-05,14094,1577,73,1,5,13133.64
2232,1185561,2025-12-18,39659,2103,61,1,2,593.71
2233,1168265,2025-09-21,19024,1974,86,1,2,27914.24
2234,1183020,2026-01-14,24475,1457,9,1,5,3089.97
2235,1065263,2025-05-22,506,1945,66,1,3,22612.65
2236,1000957,2025-04-19,19817,1786,116,1,4,94189.2
2237,1055420,2025-11-12,6902,1641,110,1,3,97.1
2238,1023929,2025-10-22,40339,221,9,1,5,3279.99
2239,1006835,2025-11-01,34955,370,74,1,4,2031.73
2240,1027672,2025-10-27,8524,2980,91,1,1,6263.88
2241,1173020,2025-11-18,35484,2601,9,1,4,2253.59
2242,1028167,2025-08-17,27239,223,81,1,1,12270.25
2243,1013443,2025-05-29,8356,412,58,1,5,33487.08
2244,1141633,2026-03-25,48237,253,51,1,3,13864.49
2245,1154150,2025-08-04,37263,2662,106,1,4,1964.56
2246,1024467,2026-03-25,40004,1287,32,1,1,137690.74
2247,1021908,2025-08-16,1547,2209,4,1,2,6462.2
2248,1019613,2025-06-02,4414,1583,113,1,3,1037.37
2249,1067385,2025-11-25,28890,529,78,1,1,3722.09
2250,1128445,2025-07-07,7132,786,79,1,1,4297.28
2251,1103198,2025-08-05,41771,1609,102,1,5,20085.29
2252,1069742,2025-12-03,36718,354,62,1,5,384.06
2253,1132831,2026-04-10,4093,682,78,1,3,516.49
2254,1101088,2025-12-09,20972,2680,42,1,5,4188.37
2255,1188427,2026-01-04,26931,1556,55,1,4,8782.77
2256,1027744,2025-10-13,33135,800,86,1,5,2525.8
2257,1063581,2025-07-17,15039,642,61,1,3,18654.41
2258,1145682,2026-01-01,25422,1088,19,1,5,12888.31
2259,1151385,2025-11-23,32860,874,92,1,3,1353.3
2260,1173594,2025-10-20,11164,2556,5,1,5,1019.04
2261,1065691,2025-07-02,17969,1180,90,1,4,4660.56
2262,1115226,2025-04-25,19821,2329,79,1,4,451.42
2263,1081475,2026-02-01,21910,851,100,1,4,2788.17
2264,1019836,2025-10-02,46942,2978,55,1,4,7282.72
2265,1168707,2025-11-27,7127,2482,36,1,1,128317.82
2266,1028048,2025-12-24,39195,1077,62,1,2,27446.78
2267,1189413,2025-05-12,38183,1008,25,1,4,404.72
2268,1007214,2025-12-21,43496,711,50,1,4,213.24
2269,1140198,2025-08-25,6428,1789,97,1,1,3194.88
2270,1095870,2025-12-29,26036,459,31,1,5,2460.38
2271,1002541,2025-09-20,14671,2217,40,1,5,2247.25
2272,1199524,2025-12-15,46800,201,29,1,2,94429.72
2273,1083793,2026-01-23,4585,1367,38,1,2,9562.11
2274,1082522,2025-08-20,26797,526,120,1,1,6932.12
2275,1181174,2025-12-29,8909,2184,26,1,5,96632.24
2276,1004551,2025-08-26,19029,2669,65,1,5,2353.64
2277,1091179,2025-10-07,33683,830,12,1,4,4683.98
2278,1038001,2026-01-22,19870,2925,114,1,4,54921.59
2279,1123163,2025-09-26,20770,1264,21,1,4,1947.58
2280,1051472,2026-03-08,41850,2491,114,1,4,611.52
2281,1118710,2025-10-18,17236,883,24,1,2,4057.06
2282,1076398,2026-01-01,26569,849,119,1,2,2555.93
2283,1045163,2025-10-25,3230,662,80,1,1,7283.83
2284,1010777,2026-04-10,43825,2300,118,1,1,32687.17
2285,1041899,2025-12-08,5121,898,18,1,1,34206.99
2286,1129707,2026-03-01,37009,217,74,1,3,1620.62
2287,1087810,2025-09-12,25047,72,24,1,3,1181.82
2288,1054056,2025-05-17,18525,1884,50,1,2,212.65
2289,1000147,2025-07-03,16839,2112,39,1,1,13147.91
2290,1068196,2025-11-21,45849,2678,102,1,1,2409.84
2291,1037335,2025-11-02,8995,518,82,1,4,23333.96
2292,1106276,2025-09-23,32628,1776,47,1,1,3823.81
2293,1067450,2026-04-14,36069,137,71,1,4,767.63
2294,1180246,2025-08-27,9569,960,118,1,4,5822.22
2295,1042548,2025-11-15,28319,2652,75,1,3,113193.05
2296,1127652,2025-11-09,19525,2234,81,1,5,30945.45
2297,1121271,2025-11-28,9887,1718,102,1,5,2737.63
2298,1036820,2025-09-10,28277,2961,16,1,3,2004.18
2299,1161470,2025-09-15,22137,1784,31,1,4,6543.3
2300,1049521,2025-04-26,46077,261,11,1,4,9996.66
2301,1159786,2025-12-22,47837,2679,63,1,3,259.77
2302,1124765,2025-11-23,8195,1257,16,1,4,1586.8
2303,1092580,2025-10-07,12484,1445,107,1,1,9011.58
2304,1040941,2025-06-22,45752,932,66,1,4,3358.76
2305,1152777,2025-05-27,6229,2150,47,1,1,8591.68
2306,1019752,2026-02-26,36364,158,46,1,3,7737.57
2307,1140168,2025-10-05,7313,262,75,1,3,46.69
2308,1178060,2025-09-10,3919,405,43,1,2,27160.32
2309,1021026,2025-12-30,25858,2298,4,1,1,215.04
2310,1120227,2026-03-12,14625,1393,33,1,5,12586.32
2311,1040006,2025-05-11,3065,2350,92,1,2,974.0
2312,1018516,2025-09-02,10993,234,60,1,5,6115.46
2313,1129139,2025-10-08,15495,2638,118,1,3,13205.53
2314,1088632,2025-12-28,45861,1998,52,1,1,2983.17
2315,1088088,2026-01-26,8539,2937,16,1,2,84613.88
2316,1111013,2026-01-04,4792,2948,1,1,2,71657.28
2317,1044840,2025-05-11,40309,2854,3,1,3,6086.41
2318,1115593,2025-08-06,6911,716,17,1,1,1210.28
2319,1100084,2025-09-06,13067,718,63,1,2,678.14
2320,1116020,2025-07-08,16888,79,24,1,1,18381.86
2321,1052282,2026-03-10,37480,863,66,1,2,1248.04
2322,1070012,2026-04-21,40784,1121,90,1,4,1138.01
2323,1194075,2025-07-11,36046,2062,15,1,2,460.9
2324,1057955,2025-08-22,23199,2988,57,1,4,4216.18
2325,1157104,2025-06-02,14391,1848,88,1,5,7324.64
2326,1118943,2025-07-11,7011,430,32,1,1,156258.74
2327,1020362,2025-08-22,32102,2429,87,1,5,78494.1
2328,1101708,2026-03-04,49632,581,88,1,1,19469.57
2329,1013052,2025-11-01,14204,2098,120,1,4,66850.59
2330,1053577,2025-07-09,9096,251,111,1,1,1760.84
2331,1048285,2025-06-29,2641,2125,5,1,4,5052.99
2332,1147472,2026-01-03,34254,106,65,1,2,3173.43
2333,1151712,2025-11-05,46893,1406,69,1,2,152.91
2334,1058108,2026-02-18,49043,376,114,1,1,3833.98
2335,1068094,2026-02-05,23514,1819,106,1,4,165563.08
2336,1153181,2026-02-11,43636,1395,9,1,3,15621.37
2337,1083232,2026-03-21,5539,2219,76,1,5,62647.97
2338,1000684,2025-09-28,22424,410,56,1,3,10308.37
2339,1008036,2025-10-24,37578,1591,34,1,3,192322.77
2340,1170567,2025-04-26,35193,459,19,1,5,445.27
2341,1121419,2025-09-27,37519,2630,93,1,1,691.13
2342,1015141,2025-12-23,3527,2775,49,1,4,3953.17
2343,1193585,2026-04-16,19283,2766,30,1,4,1042.7
2344,1033389,2025-09-30,37201,1539,57,1,5,14944.63
2345,1169026,2025-12-10,21518,1697,97,1,5,10714.5
2346,1179227,2025-05-16,21489,1952,65,1,1,113780.66
2347,1141133,2025-09-22,49391,461,35,1,1,38671.49
2348,1090448,2025-09-15,46831,4,85,1,3,1362.49
2349,1116644,2025-05-31,23453,1711,78,1,2,2946.32
2350,1094296,2025-07-14,18058,2929,118,1,2,11582.98
2351,1161462,2026-03-15,47917,1006,30,1,2,11192.93
2352,1075761,2026-01-26,8337,1643,1,1,2,1293.63
2353,1148649,2025-10-05,23111,592,93,1,5,477.82
2354,1025444,2026-03-28,17690,974,107,1,3,317521.53
2355,1093501,2025-08-05,29783,491,56,1,5,53847.86
2356,1096309,2026-01-02,2020,500,100,1,4,38274.6
2357,1093252,2025-06-02,44228,690,37,1,5,3767.71
2358,1041305,2025-09-16,33977,178,59,1,2,378.36
2359,1057983,2025-07-23,5637,1244,82,1,4,20267.34
2360,1047316,2026-01-04,15819,2987,85,1,2,12915.01
2361,1043678,2025-12-29,27707,1234,56,1,4,20249.04
2362,1131457,2025-08-09,48297,2151,17,1,2,10741.89
2363,1027550,2025-11-17,22766,723,5,1,2,563.5
2364,1189901,2025-04-30,42914,652,120,1,1,14422.23
2365,1155713,2026-01-21,3444,499,50,1,3,1512.73
2366,1057214,2026-01-10,10511,562,60,1,1,2838.75
2367,1086906,2025-06-11,44279,29,79,1,3,7770.78
2368,1027023,2025-04-30,16371,1262,61,1,1,1005.72
2369,1088410,2025-08-17,39891,849,110,1,2,2930.98
2370,1057022,2026-03-26,30327,2148,49,1,3,872.08
2371,1074512,2025-09-03,49530,1178,98,1,5,9237.63
2372,1057536,2025-06-23,34484,940,12,1,2,358.38
2373,1117139,2026-03-28,37425,2062,31,1,3,1009.94
2374,1151777,2026-02-25,6508,2271,38,1,4,2881.75
2375,1037345,2025-06-28,34485,2654,85,1,3,1107.72
2376,1074008,2025-11-26,21302,1235,43,1,3,865.1
2377,1050063,2025-10-10,22443,2771,42,1,5,17907.54
2378,1182203,2025-12-17,33337,445,72,1,2,13541.89
2379,1176082,2026-03-21,27642,1178,77,1,1,9117.99
2380,1008567,2025-05-04,45390,2560,1,1,4,6224.51
2381,1057608,2025-11-13,17078,2053,110,1,1,9103.07
2382,1084914,2025-08-29,32848,1485,27,1,1,50709.75
2383,1181094,2026-01-17,13309,95,23,1,3,14709.19
2384,1080280,2026-02-28,17656,1808,13,1,1,20052.03
2385,1152812,2025-07-29,36074,2247,26,1,5,101891.76
2386,1160490,2025-07-02,23977,2014,75,1,4,6033.25
2387,1188726,2026-01-03,8533,1802,97,1,4,604.4
2388,1088035,2025-04-05,6203,2334,91,1,1,3224.48
2389,1133307,2025-07-31,16892,1404,38,1,1,6006.49
2390,1094185,2025-09-14,36102,2824,73,1,5,1301.69
2391,1105176,2025-10-21,6233,967,82,1,4,3829.17
2392,1075562,2025-10-09,27215,1532,27,1,1,16751.35
2393,1149339,2026-03-15,7221,131,73,1,3,8375.07
2394,1190740,2025-05-01,17012,2771,24,1,1,12274.47
2395,1140877,2025-07-01,2493,330,59,1,2,8929.21
2396,1105365,2025-04-18,11932,1120,47,1,4,400.21
2397,1056995,2025-11-08,21293,1975,72,1,4,7827.56
2398,1130165,2025-05-14,22960,965,99,1,1,1919.83
2399,1086759,2025-09-28,39277,1986,20,1,1,12246.25
2400,1030405,2025-05-24,21104,2567,70,1,1,646.98
2401,1044997,2026-01-30,12576,2684,35,1,3,101.67
2402,1190541,2025-05-10,457,1334,104,1,2,2791.87
2403,1116168,2025-05-23,10363,1131,73,1,2,4114.39
2404,1130575,2025-05-25,4763,550,32,1,1,17293.68
2405,1035369,2025-08-20,40247,1297,66,1,3,69.15
2406,1144788,2025-09-21,43838,780,92,1,1,590.47
2407,1132779,2026-03-27,21158,1725,36,1,3,1194.91
2408,1063758,2025-08-29,23002,1092,85,1,4,54388.28
2409,1180908,2025-10-25,28920,2695,71,1,4,502414.02
2410,1083597,2026-02-27,19302,2865,59,1,3,11839.95
2411,1064820,2025-10-13,21850,251,96,1,5,1780.65
2412,1023276,2025-11-30,34460,1260,37,1,2,1121.31
2413,1193561,2026-03-06,14147,1177,75,1,1,483259.08
2414,1103723,2025-11-25,8877,730,76,1,5,629.16
2415,1160804,2025-09-02,21492,1574,63,1,1,1248.79
2416,1152744,2025-04-08,32228,1677,9,1,3,2355.26
2417,1113192,2026-02-23,12595,313,28,1,3,14998.89
2418,1061718,2025-12-13,9008,1500,75,1,4,123556.42
2419,1167827,2025-07-12,27093,1572,102,1,4,200.63
2420,1148647,2025-09-24,19912,46,2,1,3,74369.49
2421,1073763,2025-04-24,42723,2055,37,1,3,3700.67
2422,1080265,2025-07-27,43757,2612,2,1,4,12404.34
2423,1174349,2026-03-12,39611,2601,32,1,3,593.9
2424,1032298,2025-08-24,5283,1391,118,1,4,2058.1
2425,1061929,2025-09-22,30446,1106,11,1,1,213319.68
2426,1029315,2025-11-04,48739,1761,10,1,1,376.05
2427,1158333,2025-12-14,15339,506,32,1,2,15060.89
2428,1137034,2025-09-09,40474,2703,72,1,4,15219.58
2429,1141326,2026-01-31,47568,2234,28,1,2,10991.43
2430,1137765,2025-07-24,5803,629,85,1,2,5204.18
2431,1168989,2025-08-11,3459,1296,42,1,4,81188.23
2432,1189154,2026-04-21,49748,454,80,1,2,2069.05
2433,1177488,2026-03-11,26046,354,107,1,2,387.33
2434,1181128,2025-07-18,43269,728,42,1,5,29830.48
2435,1065846,2025-09-28,15778,1941,61,1,4,2016.95
2436,1053694,2025-10-16,2214,614,47,1,5,2714.65
2437,1010126,2025-12-08,36693,575,19,1,3,9281.29
2438,1191260,2026-02-20,39668,1986,85,1,2,6713.64
2439,1170091,2025-09-05,19037,1608,109,1,1,14981.9
2440,1167034,2025-10-16,32412,188,31,1,5,6009.6
2441,1025871,2025-04-26,19261,834,99,1,2,153907.48
2442,1136599,2025-10-14,2433,1555,56,1,4,5046.34
2443,1153365,2025-10-14,22977,2960,106,1,4,588.14
2444,1101768,2026-01-29,19621,119,83,1,2,17099.6
2445,1173985,2025-05-13,10276,1041,94,1,4,65177.6
2446,1166344,2025-08-10,25781,1259,76,1,1,3418.36
2447,1003755,2025-05-22,46533,136,26,1,4,614.87
2448,1011637,2025-12-29,30198,1901,7,1,2,4642.38
2449,1099375,2025-09-30,16723,1458,70,1,3,3514.74
2450,1000273,2026-03-31,22321,787,49,1,2,1395.6
2451,1113100,2026-03-22,43632,1364,47,1,2,939.47
2452,1074423,2025-11-25,36105,1588,5,1,4,1590.08
2453,1156643,2026-01-21,7598,2708,72,1,5,3889.15
2454,1151199,2025-11-09,33873,2266,51,1,1,43103.91
2455,1181243,2025-07-28,25056,847,109,1,1,99503.35
2456,1178369,2025-12-12,32631,784,44,1,2,1542.95
2457,1190240,2025-06-02,43756,1701,35,1,2,2353.26
2458,1178936,2025-06-29,1415,506,110,1,2,6221.51
2459,1152785,2026-04-09,13585,436,22,1,3,15719.1
2460,1087106,2025-04-29,26994,2789,71,1,1,3843.96
2461,1176378,2025-08-06,43625,850,60,1,4,64539.43
2462,1073584,2025-12-15,20586,2039,10,1,3,68659.83
2463,1003730,2025-12-24,26165,1867,118,1,3,165.75
2464,1093582,2026-02-16,33425,1045,23,1,1,3430.36
2465,1173678,2026-04-05,34619,1629,13,1,5,1058.28
2466,1018619,2026-04-16,15556,1293,47,1,2,8215.6
2467,1120802,2025-04-24,34818,39,28,1,1,1035.82
2468,1132821,2026-01-30,45240,497,101,1,5,2881.95
2469,1111588,2025-10-04,27009,2586,68,1,5,5737.3
2470,1065896,2025-08-22,45755,2160,109,1,1,20651.91
2471,1119385,2025-04-21,19139,1306,8,1,2,19293.89
2472,1147194,2026-04-03,32050,1880,34,1,1,369.85
2473,1164860,2025-09-10,8579,699,108,1,3,7357.34
2474,1078758,2025-12-27,46521,961,62,1,2,2661.16
2475,1172771,2025-12-31,17023,2463,20,1,2,1055.04
2476,1041764,2025-05-17,39662,1620,97,1,4,84.01
2477,1158213,2025-11-09,34183,2929,117,1,5,14985.83
2478,1173634,2025-11-22,46853,2994,77,1,1,1058.58
2479,1102198,2025-05-15,33795,265,3,1,1,18.71
2480,1058341,2025-11-17,5863,770,111,1,1,32205.07
2481,1055749,2026-04-06,2997,1605,101,1,2,9761.4
2482,1132755,2025-07-09,36964,999,53,1,3,7649.54
2483,1057730,2025-08-22,12025,950,115,1,4,1307.04
2484,1151622,2025-07-02,39145,157,103,1,3,200.61
2485,1012942,2025-11-28,31862,1265,48,1,3,9351.51
2486,1019965,2026-01-04,18992,2566,81,1,3,159.75
2487,1177168,2026-02-10,16533,2354,18,1,5,10001.88
2488,1151536,2025-09-28,29975,779,46,1,2,4224.36
2489,1108721,2025-05-20,41399,2809,9,1,4,8402.09
2490,1058452,2025-10-24,25214,2993,76,1,5,536.78
2491,1073493,2026-03-20,8042,598,87,1,4,468.49
2492,1173414,2025-08-08,10853,1017,28,1,2,386.92
2493,1157700,2026-01-18,1238,2583,24,1,3,1224.16
2494,1095851,2025-09-23,15331,64,101,1,3,28358.31
2495,1092752,2025-12-03,3984,1134,39,1,4,976.37
2496,1090150,2026-02-24,4301,866,47,1,1,797.36
2497,1186794,2025-11-09,42689,2864,55,1,5,17168.02
2498,1081511,2025-09-24,28299,2466,62,1,1,2551.19
2499,1171788,2025-08-30,48743,1208,57,1,5,13899.99
2500,1159271,2025-07-02,11701,1780,101,1,3,11083.21
2501,1145501,2025-04-23,24390,25,71,1,2,3716.71
2502,1175055,2026-02-15,37684,91,40,1,1,2594.28
2503,1187010,2025-06-08,32450,2909,70,1,5,423.41
2504,1011490,2025-09-10,13213,1935,27,1,5,22026.5
2505,1103192,2026-03-15,11102,2070,32,1,5,1613.21
2506,1171013,2025-06-10,31047,1638,110,1,3,6436.0
2507,1149311,2025-07-01,40946,10,46,1,1,285.3
2508,1196858,2025-12-21,11995,2814,92,1,2,4179.06
2509,1164235,2025-11-03,20374,1946,114,1,1,42146.86
2510,1006630,2026-01-04,48652,2107,110,1,4,19750.28
2511,1061088,2025-10-13,13665,1645,14,1,5,902.47
2512,1130132,2025-07-29,19232,852,58,1,3,611.97
2513,1021900,2025-12-10,24631,2077,114,1,2,805.17
2514,1178763,2025-09-03,32561,219,53,1,1,14246.91
2515,1164122,2025-12-13,37601,2477,59,1,4,30232.75
2516,1043375,2026-03-14,46435,790,112,1,4,26395.49
2517,1103099,2025-08-02,38669,2546,76,1,4,6481.33
2518,1093583,2025-09-04,29183,1166,94,1,4,6047.66
2519,1084276,2025-12-17,5368,1698,51,1,4,3873.01
2520,1195045,2025-05-22,37465,2692,88,1,5,68603.14
2521,1133238,2025-06-21,44338,749,72,1,4,8406.14
2522,1190800,2025-09-16,39683,2899,16,1,4,7177.55
2523,1046412,2025-06-18,29842,710,111,1,2,319231.9
2524,1119883,2025-06-16,43403,445,64,1,2,7541.83
2525,1171071,2026-02-10,30509,639,42,1,4,1616.97
2526,1051052,2025-10-14,26559,2771,92,1,2,36992.92
2527,1105619,2025-08-31,47977,2930,26,1,4,9083.02
2528,1167700,2026-02-14,18093,1353,95,1,4,8732.51
2529,1171269,2025-05-02,33379,2452,118,1,2,6504.65
2530,1039259,2025-05-06,33763,98,31,1,1,1038.98
2531,1011639,2026-03-10,2824,2656,65,1,5,412.24
2532,1100259,2026-03-07,17741,1647,23,1,5,62543.92
2533,1067645,2025-08-24,37207,1237,31,1,2,9011.01
2534,1188637,2026-01-17,25319,799,32,1,5,37629.31
2535,1147750,2026-01-12,38012,2851,51,1,1,111214.73
2536,1050616,2026-03-27,45540,2402,111,1,2,4054.66
2537,1118180,2026-01-08,38942,2961,103,1,1,1842.96
2538,1113478,2025-05-07,24404,1942,6,1,4,10697.15
2539,1017389,2026-01-06,6713,1117,51,1,1,33642.39
2540,1004696,2026-02-23,23569,1681,31,1,5,3510.97
2541,1171724,2025-09-24,5025,96,115,1,1,314.55
2542,1151058,2026-04-15,17755,667,29,1,3,2760.11
2543,1063346,2026-03-16,28453,2457,82,1,1,2198.21
2544,1166447,2026-01-09,48462,2046,24,1,4,934.24
2545,1121437,2026-03-06,4479,1115,110,1,3,282.35
2546,1041415,2025-09-04,18835,948,21,1,4,4533.02
2547,1078115,2026-04-06,20996,2684,91,1,5,406.38
2548,1006865,2025-11-15,23892,2957,21,1,1,3982.21
2549,1151639,2025-10-16,12531,618,12,1,3,74506.29
2550,1190306,2025-10-15,7970,117,87,1,3,4479.66
2551,1134418,2025-09-30,43294,1737,116,1,1,1657.94
2552,1070011,2025-11-09,47446,2124,35,1,3,11438.82
2553,1070341,2026-02-03,41953,2911,96,1,5,12040.67
2554,1118451,2025-11-02,17781,2721,115,1,3,3956.69
2555,1056458,2025-12-17,46463,1050,31,1,3,3939.61
2556,1060765,2025-11-15,19691,1207,4,1,2,597.59
2557,1116618,2025-10-22,12629,1590,63,1,4,10974.59
2558,1164794,2026-02-18,28433,1738,97,1,2,3381.69
2559,1138907,2025-09-30,14401,1284,120,1,5,3743.29
2560,1187417,2026-01-31,28639,2221,43,1,2,27868.31
2561,1126076,2025-11-12,12012,1779,117,1,2,380.75
2562,1131964,2025-09-29,14507,1017,15,1,1,760.04
2563,1109952,2026-01-26,14816,2876,27,1,3,617.44
2564,1177814,2026-03-06,47359,515,116,1,4,18367.24
2565,1053898,2025-07-21,37138,1998,49,1,1,6906.54
2566,1000985,2025-09-20,42945,732,50,1,3,3476.09
2567,1094403,2025-10-11,25018,2645,31,1,3,113249.06
2568,1068791,2025-10-17,24717,2703,72,1,2,16343.72
2569,1041017,2025-04-27,2362,602,113,1,4,6437.33
2570,1157648,2026-01-31,24218,1092,10,1,4,58647.18
2571,1001341,2025-10-03,31405,298,12,1,5,57693.22
2572,1152524,2025-10-01,15168,111,2,1,5,4432.58
2573,1174214,2025-12-04,10890,401,33,1,1,25261.55
2574,1086982,2025-07-13,38847,2876,93,1,5,680.44
2575,1093160,2025-10-09,10479,2622,111,1,5,47120.92
2576,1020985,2025-12-22,6419,2010,97,1,4,9084.39
2577,1045599,2026-02-04,45198,773,79,1,3,319.73
2578,1026207,2026-03-20,10294,1170,48,1,5,4516.44
2579,1119575,2025-08-25,3765,1924,102,1,1,13714.35
2580,1132266,2026-04-08,38081,2061,99,1,4,25369.2
2581,1092174,2025-08-31,6470,2907,23,1,4,7976.65
2582,1145332,2025-12-01,45878,2554,108,1,1,6188.42
2583,1044207,2025-09-10,18671,1039,19,1,1,2821.39
2584,1184874,2026-03-29,21141,563,67,1,1,622.41
2585,1079413,2025-04-25,46988,2391,52,1,2,6274.05
2586,1015342,2025-11-30,28909,2900,94,1,1,2701.97
2587,1096452,2025-10-01,47278,403,54,1,3,3069.03
2588,1128028,2025-06-16,32718,130,17,1,2,562.91
2589,1150199,2025-10-05,26580,1339,84,1,1,11041.23
2590,1009072,2025-09-04,48476,559,70,1,1,111143.1
2591,1020626,2025-08-27,36606,1800,64,1,3,4032.85
2592,1143793,2025-05-22,4724,2148,10,1,3,570.73
2593,1089360,2025-12-22,23517,2036,68,1,5,2252.57
2594,1024825,2025-10-10,23143,1664,12,1,3,827.22
2595,1151161,2026-02-24,42743,706,29,1,3,611.85
2596,1127408,2026-03-29,3701,114,7,1,3,1618.53
2597,1003992,2026-04-04,16853,856,22,1,3,28602.13
2598,1163168,2025-08-10,26402,1633,15,1,4,756.13
2599,1062902,2026-04-22,6463,454,72,1,5,2160.2
2600,1034435,2025-05-07,8086,2595,7,1,1,63332.67
2601,1020317,2025-10-25,26419,1870,19,1,1,158.64
2602,1089686,2025-05-14,29454,441,88,1,3,7942.33
2603,1079946,2026-01-30,12706,1985,105,1,1,8265.27
2604,1002842,2025-09-19,18548,809,53,1,2,356.41
2605,1029921,2025-11-13,46480,505,56,1,3,1794.76
2606,1080052,2025-09-18,5063,363,116,1,1,3613.23
2607,1049571,2025-05-05,12259,781,18,1,4,14380.64
2608,1087979,2026-01-29,36453,1824,115,1,5,25974.69
2609,1019128,2025-05-27,11345,2094,19,1,4,13005.21
2610,1087596,2025-06-15,47732,1120,94,1,2,750.23
2611,1175183,2025-07-16,47811,2823,20,1,2,19412.66
2612,1140685,2025-09-30,41953,2805,22,1,2,6266.81
2613,1129580,2025-12-06,34569,2972,106,1,4,5383.58
2614,1086049,2025-05-21,86,2535,116,1,5,42653.57
2615,1182546,2025-06-25,30595,2490,86,1,2,12877.05
2616,1017564,2026-04-01,18333,2629,83,1,1,375.86
2617,1090792,2025-06-05,29328,1162,60,1,3,648.71
2618,1006155,2025-12-13,6002,849,119,1,4,5015.91
2619,1020144,2026-01-07,43335,114,115,1,2,1647.83
2620,1181525,2026-02-17,2843,17,34,1,2,739.81
2621,1052599,2025-09-27,32990,419,47,1,2,2169.0
2622,1059574,2025-11-26,14277,984,60,1,3,6577.58
2623,1105784,2025-04-22,27562,1723,30,1,4,30152.79
2624,1087797,2026-01-24,16851,2626,86,1,3,15643.51
2625,1109884,2025-07-09,34710,1064,9,1,1,13107.67
2626,1136871,2025-09-19,28914,1139,82,1,1,1222.33
2627,1198411,2025-11-16,20962,754,47,1,4,11645.9
2628,1032050,2025-12-04,1607,712,70,1,3,2242.42
2629,1161186,2025-05-11,19974,776,20,1,3,28571.57
2630,1144432,2026-04-12,44949,1379,6,1,5,46.39
2631,1013225,2026-04-11,4731,2593,65,1,3,7716.97
2632,1012023,2025-06-02,18730,658,95,1,5,4680.26
2633,1145087,2025-06-05,14328,335,58,1,2,1608.0
2634,1114026,2026-01-14,7522,609,56,1,3,1855.39
2635,1104619,2025-06-20,16147,1798,93,1,3,148608.31
2636,1143344,2025-12-25,19924,1789,67,1,3,3007.73
2637,1142238,2026-01-03,42997,446,12,1,1,23110.9
2638,1026648,2025-06-05,48378,2810,19,1,2,986.28
2639,1024948,2025-12-20,36449,2905,112,1,4,597.18
2640,1124734,2026-03-06,4781,1007,57,1,1,5110.34
2641,1095136,2025-05-30,4565,1397,48,1,4,315.78
2642,1181383,2026-02-02,6043,2851,7,1,3,104353.99
2643,1155444,2025-09-21,2893,1634,107,1,3,3067.17
2644,1018292,2026-01-10,33742,1424,13,1,5,14598.45
2645,1045122,2025-05-16,49450,60,42,1,5,6001.51
2646,1090120,2025-05-12,4662,1722,83,1,4,3440.43
2647,1011095,2025-10-17,10187,2278,5,1,1,4229.16
2648,1157607,2025-06-24,41399,224,59,1,4,1418.78
2649,1125264,2025-10-27,10062,1699,13,1,5,671.96
2650,1162546,2025-12-07,49444,2334,98,1,2,1562.42
2651,1017523,2026-01-14,28506,1744,45,1,2,165172.51
2652,1032357,2025-09-24,6247,209,65,1,4,336.06
2653,1115514,2026-04-14,9294,1118,110,1,4,129.09
2654,1088523,2025-11-09,27836,827,25,1,1,941.51
2655,1008287,2025-07-26,28997,518,44,1,4,8857.54
2656,1145932,2025-08-07,11731,1529,115,1,4,11488.53
2657,1019731,2025-11-22,42384,11,80,1,1,7094.36
2658,1094266,2025-11-06,11777,1035,77,1,3,121305.02
2659,1152532,2026-01-01,464,174,3,1,2,2093.16
2660,1063251,2026-03-06,32797,2198,37,1,3,31722.21
2661,1022858,2025-12-04,39069,83,80,1,4,20991.75
2662,1046133,2025-09-30,27954,2334,11,1,2,3509.54
2663,1038394,2025-08-03,21569,2860,27,1,3,52155.51
2664,1093810,2025-04-27,340,769,57,1,4,155.53
2665,1134974,2026-01-24,46620,2156,107,1,5,4847.03
2666,1189883,2025-07-15,20425,1048,46,1,5,1889.73
2667,1123008,2026-01-30,25454,2295,104,1,5,756.93
2668,1083714,2025-07-22,21957,1005,84,1,4,112.54
2669,1123156,2026-01-24,42239,1102,94,1,2,159103.14
2670,1083905,2025-07-02,16971,2805,33,1,5,11726.78
2671,1158617,2025-11-06,11919,1461,66,1,1,5164.83
2672,1113603,2026-04-06,7378,1942,79,1,3,30187.12
2673,1027147,2025-09-24,26052,1501,72,1,5,5728.98
2674,1170537,2025-10-02,49761,2156,87,1,3,4400.45
2675,1017100,2026-04-03,48115,2905,13,1,1,1329.8
2676,1168838,2025-10-27,21624,2167,75,1,2,13288.31
2677,1121579,2025-08-31,17354,1736,45,1,2,2262.89
2678,1149198,2025-08-06,28629,1762,46,1,1,10854.36
2679,1182219,2026-03-04,27345,1951,23,1,4,172497.68
2680,1057319,2026-01-15,24721,2266,5,1,1,20171.86
2681,1023851,2025-05-13,18428,1898,11,1,3,219.2
2682,1081494,2025-11-09,2070,803,55,1,1,11068.6
2683,1008569,2025-11-26,9918,2502,114,1,2,3436.09
2684,1187655,2025-05-24,33229,2079,71,1,2,3772.28
2685,1163332,2025-05-31,613,78,83,1,2,2154.38
2686,1005618,2025-10-30,6270,1140,24,1,3,650.09
2687,1035421,2025-12-19,25125,1650,75,1,5,73202.72
2688,1184694,2025-05-18,42612,2883,103,1,5,9108.48
2689,1111108,2026-02-22,36473,1649,4,1,1,24306.61
2690,1066525,2025-07-14,32681,795,95,1,3,5889.66
2691,1109411,2026-01-24,7961,2469,109,1,5,5037.35
2692,1099167,2025-11-13,43693,2318,40,1,1,28645.82
2693,1125283,2025-10-08,45680,1488,6,1,2,19558.72
2694,1074017,2025-05-22,36541,357,103,1,3,3032.09
2695,1042367,2025-09-14,43608,96,50,1,3,619.41
2696,1053683,2025-10-21,24527,1283,93,1,2,1224.24
2697,1111953,2025-11-23,23218,2540,84,1,2,869.7
2698,1149182,2025-06-08,39087,57,96,1,3,740.98
2699,1025925,2026-02-17,1579,735,106,1,1,189.65
2700,1031458,2026-03-02,24613,936,112,1,4,2234.63
2701,1161377,2025-10-29,36835,655,97,1,2,4300.25
2702,1147294,2025-07-22,34365,418,120,1,5,630.28
2703,1166486,2025-09-06,34682,1657,99,1,1,190.61
2704,1180316,2025-05-16,39442,2462,12,1,4,59502.73
2705,1130896,2025-12-15,41112,849,120,1,3,2571.96
2706,1096169,2025-10-14,18653,1911,57,1,1,900.45
2707,1157147,2025-09-08,6463,1811,68,1,2,1068.94
2708,1092934,2025-05-09,41538,2883,9,1,3,9301.4
2709,1129352,2025-12-08,6960,975,21,1,4,2697.7
2710,1076232,2025-07-03,42805,107,6,1,1,617.88
2711,1050992,2025-05-12,36350,668,99,1,1,1236.59
2712,1076518,2026-03-14,27097,2296,102,1,1,1889.79
2713,1010586,2025-10-16,11020,1631,28,1,1,16402.18
2714,1084023,2025-05-13,32279,190,93,1,5,601.63
2715,1165679,2026-04-07,43106,2155,95,1,1,12906.02
2716,1030120,2025-12-27,4492,2289,102,1,4,10870.22
2717,1182311,2025-11-25,42034,2488,30,1,3,5513.34
2718,1170150,2025-05-29,1719,2701,29,1,5,8682.55
2719,1191638,2025-09-03,25037,1790,53,1,5,27.33
2720,1076657,2026-02-18,48890,1844,5,1,2,8328.2
2721,1079865,2025-10-27,2126,2198,106,1,5,28882.13
2722,1175796,2025-12-03,40259,467,74,1,2,24174.56
2723,1082182,2026-01-22,4202,1400,15,1,3,59101.18
2724,1008126,2026-02-27,31984,1888,77,1,3,199.29
2725,1037355,2025-05-27,24740,873,56,1,3,29796.11
2726,1035117,2026-01-26,9008,2250,74,1,4,920.43
2727,1108225,2025-06-10,26554,2814,108,1,2,1048.52
2728,1164859,2025-11-02,16986,492,111,1,4,186028.01
2729,1098211,2026-02-13,1501,1360,12,1,3,594.86
2730,1145567,2025-11-05,30001,157,63,1,2,211.24
2731,1078811,2025-11-17,46454,212,66,1,2,16089.82
2732,1108803,2025-11-27,30747,1106,98,1,5,70155.99
2733,1069041,2025-10-19,14866,2037,4,1,3,5142.21
2734,1065640,2025-10-10,20087,2050,68,1,1,769.25
2735,1020254,2025-05-04,8243,1654,2,1,5,508.71
2736,1107104,2025-11-24,5382,1687,120,1,4,4942.4
2737,1014828,2025-05-30,35616,2364,56,1,2,29.31
2738,1041942,2025-05-09,14372,2858,10,1,3,915.3
2739,1153983,2025-08-10,30220,1146,16,1,2,1271.19
2740,1078618,2025-12-15,17043,273,38,1,3,2704.01
2741,1038112,2026-02-01,38271,2297,28,1,4,935.38
2742,1179794,2025-08-04,21196,1663,94,1,2,4014.59
2743,1135131,2025-07-06,19999,452,41,1,3,6775.52
2744,1052110,2025-11-24,21734,1827,101,1,3,30972.2
2745,1004478,2025-04-20,29782,143,78,1,1,47086.28
2746,1080705,2025-09-10,22429,1061,102,1,1,1368.73
2747,1142127,2025-11-03,36412,618,11,1,4,158368.35
2748,1047989,2026-02-16,32289,1776,80,1,1,1385.09
2749,1038228,2025-07-11,23677,460,76,1,1,110026.66
2750,1194782,2025-08-17,47832,1113,119,1,2,7500.75
2751,1125164,2025-11-28,30652,1993,95,1,2,1381.54
2752,1116359,2025-09-08,2869,310,113,1,5,4568.52
2753,1003033,2025-06-08,42911,257,43,1,1,4097.01
2754,1064683,2025-04-30,49866,2163,45,1,4,2513.59
2755,1116200,2025-05-02,11073,2193,118,1,5,8011.58
2756,1011067,2025-11-01,38301,2038,20,1,2,7921.58
2757,1046293,2025-10-01,19432,1730,48,1,1,19027.71
2758,1024321,2026-01-05,47169,398,102,1,4,799.04
2759,1155574,2025-08-22,622,2727,89,1,2,70758.89
2760,1060124,2025-05-16,17303,5,42,1,3,32048.76
2761,1102106,2025-12-20,35273,1577,9,1,4,11834.8
2762,1059666,2025-10-25,9361,1555,88,1,3,2376.85
2763,1004774,2025-12-15,36667,1339,10,1,5,3492.2
2764,1049621,2025-08-15,34052,1521,82,1,1,3110.86
2765,1153374,2026-03-01,26894,892,17,1,3,91868.42
2766,1034825,2025-09-22,29015,2198,25,1,4,29328.31
2767,1073002,2026-01-21,2915,27,36,1,2,51260.13
2768,1193763,2025-09-25,36530,148,6,1,2,894.55
2769,1072816,2025-08-11,1677,1160,102,1,5,2334.11
2770,1032412,2026-02-16,25560,798,86,1,5,1596.18
2771,1081483,2025-09-08,4501,647,101,1,5,2594.82
2772,1164974,2025-09-26,44364,1384,59,1,4,5832.65
2773,1182899,2026-03-20,30922,2862,9,1,1,7292.67
2774,1059946,2025-09-30,16997,1924,57,1,5,13335.75
2775,1068966,2025-05-27,1519,614,105,1,2,1023.82
2776,1123492,2025-08-05,38871,2239,32,1,2,4596.55
2777,1169894,2025-10-10,44181,1168,89,1,5,1449.36
2778,1143145,2026-03-26,38540,742,108,1,1,2813.08
2779,1030480,2025-08-25,22234,2341,9,1,5,1883.85
2780,1029791,2025-04-08,4043,1906,117,1,1,1438.72
2781,1064300,2025-09-04,20934,1788,20,1,2,3975.18
2782,1062684,2025-10-31,49662,2624,51,1,1,281.87
2783,1195811,2025-10-28,48635,2670,62,1,2,58937.85
2784,1064150,2026-01-16,21396,910,106,1,2,1439.93
2785,1171618,2026-03-13,8320,2797,35,1,5,1377.11
2786,1090838,2026-04-23,46473,916,26,1,4,3463.58
2787,1130506,2025-08-27,46654,298,26,1,1,14516.25
2788,1029772,2026-01-12,2116,259,47,1,4,39792.69
2789,1184292,2025-12-11,11630,2686,105,1,1,243086.1
2790,1061096,2025-07-11,7665,183,92,1,5,9449.57
2791,1037383,2026-01-18,48838,688,5,1,2,2156.29
2792,1041079,2025-11-01,7541,1635,8,1,1,13938.4
2793,1125911,2025-05-27,23564,2371,73,1,2,581.5
2794,1081708,2026-03-04,29274,468,64,1,5,3094.9
2795,1088102,2026-03-01,27934,2098,18,1,5,33024.27
2796,1056334,2025-08-27,7181,2551,19,1,3,344.52
2797,1038817,2026-02-21,6791,395,117,1,5,8473.65
2798,1151396,2026-01-02,39978,2931,41,1,1,66.52
2799,1050407,2025-05-04,10432,866,113,1,4,843.22
2800,1189576,2025-09-11,33430,582,78,1,5,2474.41
2801,1092535,2025-11-26,40272,1894,27,1,2,51616.18
2802,1059545,2025-09-01,13440,1973,33,1,4,5114.33
2803,1125716,2025-11-18,14623,1210,39,1,5,18305.87
2804,1151198,2025-05-30,30993,202,58,1,2,19156.31
2805,1189746,2025-10-11,16888,132,73,1,3,5491.04
2806,1117536,2025-11-11,35567,1775,79,1,2,7118.09
2807,1193814,2025-07-15,9661,227,66,1,1,1260.34
2808,1155514,2026-02-21,2160,1184,14,1,2,19424.09
2809,1050018,2025-09-07,13799,2687,5,1,1,3778.67
2810,1158620,2025-10-22,18492,1791,52,1,5,2225.04
2811,1043159,2025-11-10,25506,33,53,1,1,1996.23
2812,1073198,2025-04-22,9251,2498,65,1,3,861.7
2813,1035093,2026-03-01,3494,1862,87,1,5,502.14
2814,1011722,2026-03-27,2378,2551,107,1,3,680.32
2815,1181866,2025-07-24,23583,2424,49,1,2,2571.91
2816,1192930,2025-12-21,45043,2502,70,1,3,3297.83
2817,1175613,2026-01-29,41226,756,81,1,3,1962.02
2818,1003720,2025-07-22,28214,78,13,1,2,2135.3
2819,1090905,2026-04-11,10008,1020,35,1,4,1579.98
2820,1083550,2025-08-17,15020,216,72,1,1,1028.16
2821,1140319,2025-09-02,22768,2646,82,1,3,3197.67
2822,1121442,2025-06-07,33991,1232,27,1,4,121683.46
2823,1174659,2025-12-29,14335,1653,87,1,2,330.46
2824,1027861,2026-02-23,30109,1370,101,1,1,2187.35
2825,1007449,2026-01-29,30700,768,104,1,2,4290.07
2826,1073314,2025-10-17,44218,1499,63,1,3,2823.87
2827,1054379,2026-02-25,28066,499,22,1,5,1582.49
2828,1148653,2025-04-11,21360,1393,60,1,2,6312.97
2829,1014392,2025-10-14,12004,269,50,1,5,55576.9
2830,1075362,2025-09-02,31626,2994,66,1,2,1115.23
2831,1196510,2025-06-07,31901,1034,39,1,3,298.92
2832,1110905,2025-08-12,6926,1645,32,1,1,272.79
2833,1110694,2025-12-20,33811,1809,72,1,1,3606.93
2834,1116970,2026-01-16,35137,1652,53,1,5,18299.48
2835,1018633,2025-07-16,30412,1488,14,1,4,16510.48
2836,1119366,2025-04-28,48804,2234,103,1,2,6117.7
2837,1122662,2025-05-15,41547,1942,23,1,1,5339.66
2838,1130930,2025-11-22,22949,801,37,1,1,3419.55
2839,1045372,2025-05-14,11388,1758,117,1,1,316.21
2840,1177272,2026-01-18,17984,1729,84,1,2,709.79
2841,1084851,2025-10-12,42840,2989,11,1,1,897.33
2842,1163235,2025-11-01,39651,677,73,1,2,1759.58
2843,1082128,2025-07-19,47901,2956,14,1,3,1344.7
2844,1031706,2025-05-19,7611,2748,18,1,2,1552.54
2845,1050827,2025-10-06,1277,2809,4,1,1,30528.87
2846,1067173,2026-04-25,43009,874,12,1,4,2794.94
2847,1052054,2026-02-06,21548,1522,7,1,4,13118.36
2848,1150292,2026-02-01,5368,490,5,1,5,2680.7
2849,1137501,2025-09-11,3566,1040,91,1,3,13372.85
2850,1128053,2025-06-19,36992,2102,85,1,1,8633.41
2851,1170048,2025-07-19,9635,2990,39,1,4,2389.41
2852,1187177,2026-04-11,26999,1019,51,1,5,6155.94
2853,1115267,2025-10-16,17017,1587,18,1,1,182.37
2854,1107842,2025-08-31,26551,2935,49,1,1,1299.74
2855,1052575,2025-10-21,40416,2338,114,1,4,3768.17
2856,1168734,2026-03-06,30899,504,33,1,2,1859.59
2857,1194325,2025-06-03,26269,1438,103,1,1,10142.27
2858,1149416,2025-11-18,14720,2996,56,1,5,47652.97
2859,1053772,2025-10-14,1531,2902,120,1,5,33749.78
2860,1126502,2026-04-07,27005,1353,37,1,4,16368.64
2861,1156748,2026-02-07,12062,181,84,1,2,16749.94
2862,1155497,2025-09-10,34878,1596,73,1,5,406.49
2863,1038982,2026-02-09,5298,18,112,1,3,1299.31
2864,1197684,2025-08-22,30398,627,48,1,5,31260.58
2865,1060620,2025-11-04,30204,682,72,1,2,1045.04
2866,1166606,2025-10-21,2302,1793,5,1,3,1146.22
2867,1175079,2025-08-21,35381,2741,39,1,3,3162.81
2868,1124705,2025-08-16,31014,2638,84,1,2,25491.7
2869,1054053,2026-03-18,23927,888,41,1,1,3255.13
2870,1028712,2025-10-04,37663,2050,65,1,3,776.81
2871,1166073,2026-01-07,20364,1227,95,1,3,332.75
2872,1167020,2026-03-20,2242,1424,59,1,1,4545.99
2873,1088525,2025-12-27,9876,2708,94,1,1,756.74
2874,1037191,2025-12-28,10209,2248,70,1,2,2693.7
2875,1082328,2025-11-13,48916,556,25,1,2,1754.13
2876,1198051,2025-09-10,28175,2299,35,1,2,7922.88
2877,1153293,2026-04-28,26789,1943,66,1,1,202.8
2878,1035546,2025-10-01,41884,693,93,1,3,4584.47
2879,1122482,2025-12-25,8846,1938,106,1,3,8956.28
2880,1114113,2025-05-11,25526,2455,4,1,2,178367.94
2881,1054420,2026-02-09,40316,1961,24,1,3,105819.58
2882,1141046,2026-03-02,23310,2933,72,1,2,5111.59
2883,1077632,2026-01-14,30785,1164,75,1,1,59815.28
2884,1175573,2026-02-02,11866,2085,18,1,2,3696.44
2885,1184911,2025-05-13,39911,1191,87,1,3,1763.88
2886,1011598,2025-11-03,26250,801,95,1,4,3096.9
2887,1192926,2025-04-21,14477,614,5,1,1,909.84
2888,1163285,2025-05-16,47282,1878,71,1,2,985.85
2889,1041460,2025-09-18,26401,410,1,1,2,1652.02
2890,1031325,2025-08-29,7216,2027,7,1,4,795.49
2891,1106161,2026-02-24,20838,2951,95,1,4,629.61
2892,1180619,2025-05-13,47954,224,58,1,4,2675.94
2893,1085291,2026-01-16,44362,2656,96,1,1,1619.24
2894,1092407,2025-07-17,12832,213,108,1,5,6382.78
2895,1151885,2025-11-23,31118,1917,103,1,3,1447.72
2896,1150246,2025-09-23,31029,2594,87,1,2,5063.91
2897,1182661,2026-03-08,40432,2255,29,1,4,2804.47
2898,1157506,2026-04-05,45595,160,23,1,5,374.49
2899,1098000,2025-12-09,38738,262,73,1,1,43.68
2900,1128261,2025-10-13,8646,1141,105,1,3,579.26
2901,1089862,2026-02-09,6910,614,20,1,5,3726.13
2902,1125755,2025-12-29,39492,2622,70,1,1,45158.95
2903,1198587,2025-11-08,35155,575,61,1,2,27555.44
2904,1077360,2025-11-02,36199,1898,111,1,4,211.51
2905,1004914,2026-03-03,34188,792,46,1,5,2838.96
2906,1068095,2025-12-19,19102,1783,79,1,3,14561.52
2907,1041972,2025-09-18,44433,1804,39,1,2,14222.05
2908,1106679,2025-09-23,9723,1342,67,1,5,940.23
2909,1048978,2026-01-01,9749,2321,7,1,1,3309.85
2910,1104097,2026-01-28,49166,2654,14,1,1,1197.65
2911,1147681,2026-03-27,38522,807,14,1,5,675.44
2912,1116389,2025-08-01,33543,1471,56,1,5,8550.03
2913,1082129,2025-12-25,29800,1872,87,1,3,666.17
2914,1065042,2026-02-03,48561,2722,77,1,2,6308.74
2915,1023075,2025-11-12,23026,691,99,1,2,3754.25
2916,1027298,2025-09-11,36590,193,48,1,5,12012.75
2917,1057443,2025-11-20,158,2872,89,1,3,5014.19
2918,1032437,2025-08-09,7678,1089,90,1,5,62773.99
2919,1090537,2025-12-08,49926,993,10,1,3,909.63
2920,1025119,2025-08-30,42298,1531,84,1,1,61684.38
2921,1032940,2025-08-30,47116,2750,27,1,3,1860.58
2922,1183241,2025-10-02,26090,2355,8,1,2,7515.41
2923,1037105,2025-08-12,3522,2788,61,1,5,62982.76
2924,1146233,2025-11-27,32080,1174,116,1,5,1717.84
2925,1079991,2025-11-26,47649,451,38,1,3,2758.22
2926,1169539,2025-06-23,14398,2586,56,1,4,21082.49
2927,1115032,2025-05-02,9991,409,65,1,4,1380.37
2928,1048566,2025-04-30,12968,1741,105,1,2,11816.01
2929,1019522,2025-11-28,6412,1907,27,1,4,29448.71
2930,1111214,2026-03-21,16452,2715,100,1,5,794.84
2931,1023820,2025-06-30,35083,1631,19,1,2,8330.26
2932,1137735,2025-07-01,17451,1388,12,1,5,1017.41
2933,1093546,2025-12-09,1671,1036,103,1,5,20692.26
2934,1010004,2025-08-28,6793,2867,85,1,2,974.17
2935,1184089,2025-08-03,47947,1634,60,1,2,1093.67
2936,1060227,2025-05-27,23270,2015,40,1,1,4644.02
2937,1109952,2025-10-02,34714,1127,95,1,1,83038.57
2938,1055669,2026-01-10,18511,36,66,1,5,25918.98
2939,1134193,2026-03-17,40815,71,55,1,4,2579.86
2940,1178041,2025-06-29,17652,1257,46,1,2,3314.28
2941,1193173,2025-11-06,46485,947,64,1,4,7527.75
2942,1144336,2026-03-31,31131,719,86,1,5,22895.56
2943,1011877,2025-12-06,42412,2387,109,1,5,1520.83
2944,1139156,2026-02-20,41395,587,47,1,5,7311.71
2945,1087648,2025-10-08,15091,252,75,1,1,11970.04
2946,1177109,2026-01-16,11481,1804,64,1,2,41035.52
2947,1052033,2025-10-12,4121,263,61,1,4,575.37
2948,1158168,2026-02-03,4718,2656,75,1,5,1202.5
2949,1171772,2026-02-06,41598,1093,6,1,2,626.32
2950,1093606,2025-07-12,2406,1915,26,1,3,166.63
2951,1128197,2026-03-16,38415,1468,97,1,4,127319.52
2952,1002342,2026-01-14,26558,2341,113,1,1,2712.1
2953,1189525,2026-01-04,48089,800,45,1,5,4882.83
2954,1198191,2026-01-30,34268,2285,46,1,4,1466.38
2955,1067050,2025-06-30,6614,385,31,1,3,900.77
2956,1132595,2025-08-21,34627,2011,53,1,2,33993.12
2957,1120451,2025-08-08,37940,212,52,1,3,8291.17
2958,1139985,2025-06-18,40519,1262,8,1,4,1477.85
2959,1082131,2025-10-21,27171,2254,82,1,4,72675.56
2960,1059208,2025-11-10,16979,974,70,1,3,103646.46
2961,1011977,2025-09-13,49628,1845,99,1,5,16268.16
2962,1045154,2025-10-06,48318,894,114,1,1,2485.78
2963,1115803,2025-06-12,4589,1047,120,1,4,991.09
2964,1122710,2025-06-07,28527,2981,69,1,4,15529.92
2965,1119387,2026-02-01,24486,2727,53,1,4,58848.98
2966,1057097,2025-04-04,15025,1674,23,1,1,5487.49
2967,1006020,2025-10-29,565,1861,11,1,4,2766.01
2968,1166717,2025-10-06,7902,1538,13,1,4,4433.7
2969,1029709,2025-07-02,13261,2484,27,1,2,20799.93
2970,1136389,2025-10-25,42739,945,55,1,3,12376.89
2971,1080109,2025-08-05,14333,1998,27,1,4,6902.94
2972,1090816,2025-05-30,41797,2641,9,1,2,19586.58
2973,1150940,2026-03-21,11280,400,115,1,1,9939.29
2974,1054782,2025-10-23,19881,1778,56,1,3,132.99
2975,1178277,2025-11-08,30542,1116,114,1,4,5802.29
2976,1037397,2025-06-27,18989,70,89,1,2,1070.2
2977,1019955,2025-10-24,36084,280,47,1,5,1994.26
2978,1096040,2025-11-30,15684,890,71,1,4,10381.05
2979,1161107,2025-08-14,18328,1225,67,1,2,13250.65
2980,1137920,2025-07-03,28692,1652,97,1,1,3448.04
2981,1058699,2025-08-11,25418,2287,30,1,1,1872.15
2982,1168393,2025-05-09,5036,138,100,1,4,66.57
2983,1107814,2026-04-15,21223,1745,44,1,2,2664.37
2984,1170911,2025-11-24,5705,6,8,1,1,401891.95
2985,1128766,2025-11-25,11271,2038,97,1,1,2911.15
2986,1013365,2025-12-05,27170,899,39,1,2,777.13
2987,1117684,2025-08-28,37085,1044,105,1,3,36892.37
2988,1075447,2026-03-30,9429,2287,35,1,2,488.3
2989,1003358,2025-08-21,30235,143,111,1,1,33622.9
2990,1197494,2025-10-20,919,2791,34,1,5,2118.96
2991,1135631,2026-03-26,17779,1764,96,1,1,8481.61
2992,1099668,2026-02-26,23655,2628,16,1,3,162223.12
2993,1044433,2025-09-12,23087,2822,32,1,3,30535.18
2994,1170401,2026-03-09,16978,2038,59,1,1,2716.44
2995,1098433,2026-01-27,4250,658,26,1,4,3152.88
2996,1065676,2025-08-20,15863,1264,23,1,2,8213.86
2997,1065464,2026-01-27,23009,1654,101,1,1,1420.91
2998,1171740,2025-09-01,17596,1023,111,1,1,1396.36
2999,1199140,2025-06-09,28554,2037,56,1,2,5554.61
3000,1014060,2026-01-21,43229,2572,80,1,4,4974.09
3001,1003425,2026-02-16,43155,2336,102,1,1,1468.33
3002,1088192,2025-05-25,18477,1441,20,1,2,8040.05
3003,1148496,2026-03-21,2521,505,105,1,2,3546.31
3004,1146759,2025-06-18,37347,487,80,1,2,11204.84
3005,1056833,2025-11-05,1943,576,75,1,2,14456.52
3006,1199323,2025-12-09,30278,368,78,1,4,960.67
3007,1016935,2025-07-21,2223,118,51,1,1,3672.9
3008,1060022,2026-01-26,30623,1902,41,1,3,3647.01
3009,1129236,2026-03-03,2977,895,77,1,5,667.97
3010,1102931,2025-06-17,36518,88,81,1,4,55087.26
3011,1037013,2025-08-03,29101,1742,78,1,1,22181.32
3012,1190266,2025-12-13,34295,2880,11,1,1,5419.16
3013,1071805,2025-07-29,46374,2563,86,1,5,3214.45
3014,1058865,2025-04-23,15009,2745,82,1,1,10096.96
3015,1138607,2025-05-05,7831,1128,8,1,1,3495.65
3016,1024267,2025-09-25,34314,2529,33,1,5,95.12
3017,1190295,2025-07-14,48385,1107,113,1,1,52567.91
3018,1031039,2025-06-25,23203,438,76,1,5,4749.58
3019,1057828,2025-09-10,22054,135,118,1,1,40552.0
3020,1030745,2025-07-16,16260,488,51,1,1,64429.4
3021,1074704,2025-11-14,24740,1153,103,1,2,1957.63
3022,1195116,2025-05-29,11063,1192,38,1,2,35854.27
3023,1040272,2025-08-15,19521,108,53,1,5,404.72
3024,1014598,2025-11-13,26611,334,20,1,5,2178.43
3025,1178139,2025-10-15,16076,814,94,1,2,417.74
3026,1083044,2025-09-09,45351,805,57,1,4,2306.32
3027,1177374,2025-04-24,35263,1557,32,1,2,4888.47
3028,1064741,2025-09-24,17763,654,16,1,1,292.8
3029,1094426,2025-09-04,33498,1667,78,1,4,3123.13
3030,1129260,2025-08-02,20642,1245,48,1,3,800.58
3031,1081434,2025-06-02,31497,2756,108,1,2,442.13
3032,1191455,2025-11-02,20780,390,48,1,1,33.84
3033,1021180,2026-01-08,40700,11,118,1,3,7056.96
3034,1086654,2026-02-04,7811,1893,116,1,3,7695.13
3035,1084796,2025-05-01,48013,2840,1,1,1,8658.74
3036,1010903,2025-06-20,15825,1054,118,1,1,69481.27
3037,1087811,2025-12-14,11972,195,87,1,1,8351.75
3038,1139910,2025-05-17,45261,977,109,1,3,371.16
3039,1068630,2025-11-12,27246,2044,31,1,1,696.77
3040,1075559,2026-03-07,29918,801,100,1,2,1697.52
3041,1170634,2025-07-21,16811,1551,35,1,1,205.84
3042,1130773,2025-07-15,36991,822,96,1,4,5022.43
3043,1075348,2025-10-27,30447,706,96,1,4,397.34
3044,1130859,2025-11-01,12405,2436,116,1,4,46054.1
3045,1157664,2025-07-29,24741,2923,58,1,1,437.74
3046,1021778,2026-01-04,49504,2719,49,1,1,8246.99
3047,1086899,2026-04-22,22003,2180,73,1,2,4324.98
3048,1079307,2026-02-07,27058,2763,60,1,1,218314.46
3049,1085733,2025-10-01,16195,2377,107,1,4,1517.93
3050,1088391,2026-01-19,472,2272,58,1,1,14417.47
3051,1053920,2026-02-04,14261,331,57,1,5,359.04
3052,1145349,2025-12-27,2826,2132,22,1,1,35427.8
3053,1085456,2025-10-21,42894,1270,91,1,4,4836.25
3054,1198413,2025-09-22,9346,2338,103,1,4,2716.23
3055,1045044,2026-02-07,13081,2008,86,1,3,558.89
3056,1179665,2026-03-29,13154,1330,71,1,5,9893.95
3057,1173990,2025-07-08,45517,1205,105,1,1,10978.47
3058,1136567,2025-04-29,33067,1970,23,1,5,2416.59
3059,1177150,2025-05-17,14271,2422,68,1,3,92051.2
3060,1132900,2025-08-08,2494,2509,4,1,2,126364.71
3061,1158342,2025-11-18,43647,66,86,1,1,3316.46
3062,1039199,2025-11-22,48118,830,53,1,4,9418.39
3063,1095486,2025-12-18,2615,2160,112,1,1,19534.88
3064,1114280,2025-09-28,2831,894,95,1,4,2377.88
3065,1040563,2025-07-03,3555,1532,35,1,4,6053.04
3066,1196460,2025-09-03,8683,1801,55,1,4,7108.91
3067,1054407,2025-11-15,980,1961,119,1,1,96149.16
3068,1150915,2026-03-04,35518,694,6,1,5,42337.36
3069,1111519,2025-07-30,38149,167,30,1,2,31033.74
3070,1118892,2025-09-30,38606,687,107,1,4,5663.15
3071,1009429,2025-06-05,14916,563,48,1,2,1795.17
3072,1088436,2025-11-30,27348,1764,4,1,2,3644.52
3073,1178849,2026-02-11,9615,888,101,1,2,9816.49
3074,1195047,2025-04-28,11448,1048,100,1,5,2566.59
3075,1016644,2025-04-21,29666,2503,42,1,3,351.8
3076,1158047,2025-08-21,32020,1792,79,1,4,1779.01
3077,1169862,2025-12-20,42877,1162,92,1,2,1885.29
3078,1129413,2026-04-17,28375,2392,8,1,3,474.74
3079,1185132,2025-10-08,6642,465,62,1,5,6595.88
3080,1103760,2026-02-11,39090,1158,80,1,1,2059.02
3081,1062449,2025-09-06,17493,2175,40,1,5,7781.23
3082,1040938,2026-03-10,48563,1504,102,1,5,216.2
3083,1041290,2025-11-30,22460,366,57,1,1,1217.74
3084,1099942,2025-08-29,22481,685,57,1,3,1940.09
3085,1138668,2025-11-23,39742,56,45,1,5,1049.37
3086,1138398,2026-01-02,43028,2465,71,1,4,66950.26
3087,1069293,2026-02-20,8342,1701,71,1,5,770.38
3088,1186068,2025-10-12,29437,2415,26,1,5,3857.99
3089,1065180,2025-07-22,47965,697,95,1,2,104566.75
3090,1058973,2025-05-04,49970,2536,39,1,4,864.38
3091,1069993,2025-11-11,1581,2861,112,1,3,1377.78
3092,1083308,2026-03-27,15166,2048,43,1,5,6869.33
3093,1185651,2026-01-04,49904,2957,109,1,3,6076.24
3094,1165877,2026-02-25,38969,2136,20,1,4,101166.34
3095,1055594,2026-02-22,25476,520,10,1,3,402.37
3096,1161766,2026-01-22,11599,2524,65,1,2,11027.45
3097,1080761,2025-10-23,42275,1181,66,1,3,16870.18
3098,1059254,2025-10-05,11688,2595,79,1,3,69512.31
3099,1182025,2025-12-21,12698,1308,66,1,3,66496.29
3100,1084619,2025-12-12,4265,689,71,1,4,908.74
3101,1060796,2026-04-17,47080,2535,104,1,5,14184.17
3102,1191778,2026-02-04,42263,2282,88,1,1,3103.29
3103,1123412,2025-07-21,23093,973,86,1,3,378.28
3104,1067217,2025-07-18,32156,2722,78,1,2,2951.49
3105,1165127,2025-12-14,15157,126,11,1,4,2061.86
3106,1135439,2025-07-04,39059,209,73,1,2,1648.0
3107,1157930,2026-04-17,38993,1475,14,1,2,20205.74
3108,1144502,2025-12-02,15795,127,53,1,5,1762.86
3109,1198454,2025-11-12,27129,1027,8,1,2,1725.02
3110,1013969,2025-07-16,1066,2422,4,1,3,356292.17
3111,1020031,2026-01-02,20514,2758,103,1,1,113099.03
3112,1148637,2026-02-18,24001,2091,108,1,5,2332.72
3113,1103825,2025-07-05,1286,643,120,1,5,29795.16
3114,1139941,2025-10-20,21996,1725,64,1,1,1184.76
3115,1108032,2025-10-02,4196,436,5,1,1,3898.5
3116,1052449,2025-12-31,342,947,53,1,2,14568.74
3117,1135832,2026-03-25,1911,1935,20,1,4,45329.39
3118,1168015,2026-03-19,33016,801,67,1,2,1790.25
3119,1058021,2025-07-24,34565,1591,95,1,2,214448.44
3120,1124679,2025-06-28,2373,651,71,1,3,688.66
3121,1150596,2025-12-17,21299,1443,111,1,1,209.15
3122,1058887,2025-05-29,48240,141,94,1,3,139642.81
3123,1009624,2025-09-20,44114,1188,46,1,2,41041.22
3124,1107093,2026-04-18,1840,872,61,1,3,2256.37
3125,1082688,2025-10-15,8521,2348,108,1,4,1707.95
3126,1103277,2025-08-16,43753,1618,29,1,2,3210.85
3127,1093149,2026-03-28,39993,1845,57,1,1,4389.88
3128,1165269,2025-12-13,14870,1402,103,1,1,38053.64
3129,1084659,2026-03-20,4845,1448,91,1,3,430.32
3130,1134849,2025-06-27,18720,1002,3,1,2,58.11
3131,1117390,2025-12-10,22956,691,41,1,1,1547.85
3132,1188845,2025-11-16,3806,729,38,1,1,11253.88
3133,1055246,2025-08-15,34766,666,101,1,3,62.04
3134,1182483,2026-01-24,16868,2901,90,1,2,33172.69
3135,1155532,2025-08-26,1040,2333,103,1,4,2373.18
3136,1041819,2025-05-29,41386,653,83,1,2,122061.44
3137,1017116,2025-08-13,12631,2557,77,1,3,266608.53
3138,1065426,2025-08-03,4306,2850,109,1,2,14172.64
3139,1047514,2025-08-21,8032,499,27,1,3,4995.19
3140,1155751,2025-06-04,11037,2992,4,1,4,10598.09
3141,1060814,2025-10-17,42506,2205,118,1,4,21868.98
3142,1183020,2025-08-19,30126,616,18,1,1,302.98
3143,1021335,2025-10-08,22879,2900,41,1,5,1912.6
3144,1075604,2025-12-08,19466,637,5,1,2,715.5
3145,1030636,2025-07-19,7183,2736,37,1,3,193.29
3146,1002131,2025-07-04,21458,584,37,1,4,691.26
3147,1163956,2025-08-30,18268,2317,59,1,5,25590.76
3148,1001335,2025-08-05,34388,1481,108,1,5,28212.55
3149,1062000,2025-10-26,45212,2075,38,1,5,6062.72
3150,1112352,2025-12-31,6268,368,108,1,5,2777.49
3151,1089236,2026-01-13,43974,1298,50,1,1,196229.38
3152,1172441,2026-01-14,1503,1440,94,1,3,1470.84
3153,1035543,2025-10-04,49945,1618,93,1,3,4631.7
3154,1131045,2025-12-30,18480,1612,53,1,4,15381.56
3155,1151430,2025-12-31,25721,2806,97,1,1,95732.04
3156,1184892,2025-11-12,21510,351,31,1,3,4921.35
3157,1048227,2026-01-15,45817,2626,12,1,1,33005.32
3158,1173367,2025-08-29,33860,2054,114,1,3,3590.63
3159,1087328,2025-09-02,13041,1980,36,1,3,604.0
3160,1105832,2025-12-25,13161,506,51,1,3,11140.67
3161,1196584,2025-12-03,6410,2282,33,1,3,3058.12
3162,1163409,2025-09-25,13307,2971,108,1,4,110750.79
3163,1199063,2025-06-26,11235,2372,79,1,1,1783.06
3164,1164312,2026-01-16,30005,2184,16,1,5,36582.8
3165,1028433,2025-12-24,21289,260,48,1,4,19776.27
3166,1065759,2025-11-05,47988,2783,90,1,1,3405.74
3167,1199883,2026-01-14,16354,2157,15,1,3,201.51
3168,1114080,2025-10-25,13535,961,110,1,1,7756.79
3169,1092861,2025-11-30,31283,994,29,1,4,50731.82
3170,1050581,2025-05-24,27155,74,3,1,2,2485.08
3171,1156273,2026-02-10,8160,1921,70,1,4,5755.85
3172,1105705,2025-05-04,41895,177,81,1,4,10381.74
3173,1100689,2026-01-18,34961,1892,82,1,3,37551.57
3174,1042334,2025-05-31,1326,2085,56,1,5,3819.56
3175,1148008,2026-03-04,1382,279,117,1,1,1077.76
3176,1129697,2025-09-22,2787,1618,11,1,2,6371.48
3177,1166150,2026-03-25,34997,11,76,1,5,7674.16
3178,1029530,2026-01-13,36906,376,53,1,2,3676.21
3179,1093746,2025-06-14,2986,466,14,1,4,1688.05
3180,1130050,2025-08-08,35908,1678,67,1,3,724.19
3181,1127472,2026-03-24,14164,235,2,1,4,453.69
3182,1085870,2026-03-24,8873,2343,110,1,2,2264.23
3183,1057058,2025-06-15,22747,833,114,1,3,119645.33
3184,1129931,2025-05-29,43338,2184,118,1,5,68303.9
3185,1026168,2025-07-01,33420,2641,52,1,1,56173.54
3186,1025557,2025-04-10,17934,949,11,1,2,1315.34
3187,1112372,2026-04-16,28062,235,68,1,3,865.97
3188,1100618,2025-09-08,14884,1685,110,1,5,1486.19
3189,1170519,2025-11-28,49428,1140,20,1,4,323.88
3190,1158308,2025-05-19,28461,2444,88,1,1,3025.35
3191,1063891,2026-03-11,32948,1749,111,1,2,3019.74
3192,1175897,2026-02-17,7693,1516,16,1,3,630.59
3193,1169868,2026-02-22,48069,2361,115,1,2,425.73
3194,1091125,2025-06-23,29961,1549,94,1,2,429925.1
3195,1057017,2026-03-25,22153,258,85,1,1,6475.56
3196,1102905,2025-05-08,6149,1884,43,1,5,1158.24
3197,1032634,2025-10-27,34502,1638,50,1,3,6113.57
3198,1072608,2025-06-29,44790,548,112,1,2,1727.64
3199,1151071,2025-05-11,20380,2478,86,1,3,3544.78
3200,1095290,2025-12-07,14758,2297,51,1,4,807.95
3201,1172645,2025-05-10,6299,1574,9,1,5,1290.39
3202,1127071,2025-09-09,26943,2601,111,1,2,551.01
3203,1134558,2025-12-31,34405,975,56,1,1,2845.77
3204,1187098,2026-04-01,2012,1120,33,1,2,399.28
3205,1158094,2026-02-15,14553,2831,101,1,4,1159.98
3206,1135634,2026-01-15,17293,3000,60,1,5,1959.39
3207,1168960,2025-12-08,33546,2126,3,1,4,643.25
3208,1182770,2026-02-02,29094,845,6,1,4,94.53
3209,1033286,2025-09-06,19541,1117,8,1,2,33291.91
3210,1085194,2025-10-20,44383,2349,9,1,5,6509.22
3211,1054780,2026-01-22,37061,975,58,1,5,2945.59
3212,1185711,2025-06-30,29471,1596,40,1,2,397.71
3213,1199166,2026-02-06,6622,2314,57,1,3,3379.75
3214,1147578,2025-04-22,45680,1117,104,1,4,137810.3
3215,1026981,2025-12-28,44944,2462,52,1,3,41699.48
3216,1114701,2025-10-09,13883,2111,20,1,2,10070.45
3217,1139785,2025-08-18,8060,2911,63,1,1,12684.22
3218,1016353,2025-09-29,38037,2699,111,1,1,6442.42
3219,1072348,2025-10-27,584,2840,36,1,3,8090.23
3220,1095571,2026-03-01,44820,1205,112,1,4,10924.8
3221,1114600,2025-11-17,21981,1593,44,1,2,1863.49
3222,1107100,2025-11-24,40289,1176,112,1,4,2848.26
3223,1121575,2025-12-09,20726,810,20,1,5,2161.64
3224,1058365,2025-06-25,40032,1440,75,1,5,638.45
3225,1186102,2025-06-23,31996,337,9,1,4,240454.57
3226,1077461,2025-06-17,29064,412,23,1,2,54892.03
3227,1009037,2025-08-10,11912,61,46,1,3,433.24
3228,1120907,2026-01-09,44148,1223,34,1,1,690.94
3229,1187992,2025-11-21,49890,2226,104,1,1,26407.18
3230,1187731,2026-02-09,38719,705,89,1,5,1498.61
3231,1083362,2026-03-03,12240,785,87,1,5,11044.92
3232,1062705,2026-01-02,42275,1171,63,1,1,15046.34
3233,1193499,2025-10-24,1425,1613,33,1,5,2453.4
3234,1070178,2025-11-10,3532,36,20,1,1,5669.93
3235,1194690,2025-10-07,6200,1114,94,1,3,2770.41
3236,1032716,2026-04-03,28082,452,18,1,5,3193.97
3237,1175197,2025-11-01,14463,2535,37,1,5,26230.82
3238,1089556,2026-01-04,24407,507,15,1,3,30653.44
3239,1107216,2025-12-05,44459,1790,109,1,3,71.73
3240,1119943,2025-11-14,14381,1019,56,1,5,2599.54
3241,1086452,2025-10-25,15441,1624,107,1,5,8995.07
3242,1122698,2025-11-30,10412,1758,10,1,3,556.99
3243,1161033,2025-12-07,44127,2858,103,1,1,2631.16
3244,1146533,2025-09-04,28057,1305,51,1,3,11597.7
3245,1013246,2025-04-30,13479,1016,80,1,1,43723.62
3246,1151923,2026-04-08,34698,2279,18,1,5,4143.46
3247,1103621,2025-10-23,11190,1078,106,1,2,129.77
3248,1189817,2026-02-03,32307,1877,109,1,4,51819.62
3249,1154711,2025-08-07,20391,719,59,1,3,68342.16
3250,1050160,2026-04-03,38178,1404,71,1,2,3513.52
3251,1043609,2025-05-02,44386,1834,29,1,4,6836.03
3252,1044418,2025-06-06,30584,1201,5,1,2,577.37
3253,1014434,2025-09-09,12925,289,50,1,3,23281.26
3254,1116787,2026-03-21,37353,2361,103,1,3,865.61
3255,1190585,2025-06-16,281,2673,1,1,4,6277.95
3256,1023623,2025-07-19,9898,1323,14,1,2,7159.97
3257,1113098,2025-11-07,48052,1508,88,1,4,10255.1
3258,1077887,2025-08-21,31141,575,111,1,5,37671.1
3259,1055774,2025-11-23,1336,1546,70,1,2,11696.56
3260,1088963,2025-10-13,19421,2965,41,1,4,1934.89
3261,1137266,2025-12-30,43646,1781,120,1,4,388849.39
3262,1001874,2025-12-25,4260,39,13,1,4,3807.99
3263,1098896,2025-10-03,5113,75,41,1,4,6893.12
3264,1007257,2026-01-21,31426,1458,11,1,5,556.36
3265,1181730,2026-01-11,18178,1609,36,1,5,10821.65
3266,1000748,2025-05-25,7420,253,27,1,3,7217.84
3267,1087005,2025-07-26,30374,2213,32,1,1,6704.93
3268,1097795,2026-03-15,47092,2688,2,1,2,547.92
3269,1179072,2026-03-27,48344,2230,74,1,5,1624.53
3270,1194033,2025-07-21,18031,667,110,1,1,2902.7
3271,1154605,2025-07-25,758,1921,39,1,5,5860.6
3272,1001105,2025-07-14,40461,1648,107,1,5,53403.66
3273,1106248,2026-01-21,25392,1247,17,1,1,8194.68
3274,1006356,2025-07-13,29190,2580,49,1,3,21603.53
3275,1145377,2026-03-02,20788,2309,18,1,3,39.4
3276,1140013,2025-06-25,43773,1705,32,1,1,2041.93
3277,1120493,2025-06-11,28735,2103,4,1,1,587.82
3278,1105725,2026-01-01,44265,2902,52,1,1,32882.2
3279,1057268,2025-04-25,41615,938,33,1,5,35763.59
3280,1034704,2025-08-05,31563,1660,60,1,4,6646.36
3281,1110682,2025-09-28,5739,1563,29,1,4,1490.94
3282,1019453,2026-01-31,37846,2489,117,1,3,1301.02
3283,1069484,2025-08-14,21598,2756,26,1,1,437.68
3284,1192177,2025-11-25,12262,1860,62,1,2,11478.81
3285,1166026,2026-01-03,39186,1940,6,1,2,4645.2
3286,1077486,2026-03-11,45014,2255,16,1,3,3030.1
3287,1095792,2025-05-24,18035,2882,109,1,4,7484.86
3288,1123643,2025-12-31,9485,2489,55,1,4,854.74
3289,1114223,2025-10-31,6504,2368,19,1,3,10273.99
3290,1182234,2026-01-02,32349,2026,74,1,2,1031.58
3291,1028240,2025-05-11,47024,1266,61,1,4,340.84
3292,1068823,2026-03-21,42882,773,93,1,2,588.79
3293,1172764,2025-11-26,31546,150,14,1,4,7384.03
3294,1041389,2025-07-21,3710,1487,58,1,5,8435.79
3295,1027115,2025-12-31,2437,409,102,1,5,1359.53
3296,1198146,2025-06-21,18797,1823,106,1,3,45602.79
3297,1061710,2025-11-29,38442,1108,43,1,5,11319.26
3298,1039957,2025-08-03,22936,2938,105,1,2,9606.81
3299,1038058,2025-04-30,30036,2779,33,1,1,2114.82
3300,1027314,2025-06-20,26641,505,8,1,3,864.07
3301,1078407,2026-02-08,10152,2474,91,1,2,1450.74
3302,1149071,2025-11-16,29577,1799,111,1,4,5668.11
3303,1022562,2025-06-28,29479,1391,64,1,3,5841.97
3304,1045584,2025-09-01,15578,1452,104,1,5,394.46
3305,1145860,2026-04-17,8793,223,34,1,2,7539.42
3306,1087215,2025-05-20,26555,2079,66,1,2,1212.31
3307,1086793,2025-09-24,13509,2679,58,1,3,291.93
3308,1027635,2025-05-06,25474,2674,12,1,3,22890.82
3309,1081459,2025-08-25,46300,1927,38,1,2,40288.28
3310,1067947,2025-05-29,2386,2880,14,1,1,9282.37
3311,1036920,2025-10-17,36103,1567,105,1,5,515.44
3312,1065296,2025-11-19,4144,2856,32,1,5,86.91
3313,1183173,2025-10-19,97,2832,95,1,4,5078.24
3314,1139289,2025-06-22,35545,140,102,1,1,687.33
3315,1182250,2025-10-19,14511,1667,104,1,4,6013.18
3316,1024532,2025-11-21,11506,1981,15,1,5,198568.42
3317,1070379,2025-07-19,25693,1140,76,1,4,998.54
3318,1195510,2025-09-04,9375,1157,95,1,2,14642.85
3319,1060174,2025-09-29,637,2408,24,1,3,168506.94
3320,1112665,2025-07-13,22797,2361,85,1,5,1275.75
3321,1001209,2025-09-19,47251,2836,6,1,3,1146.85
3322,1137713,2025-06-05,7505,1524,110,1,2,11984.13
3323,1157405,2025-12-06,13773,2125,38,1,4,8999.19
3324,1095444,2026-01-21,102,523,95,1,1,2136.21
3325,1118917,2026-03-22,16644,520,22,1,3,1576.87
3326,1054614,2025-07-13,10455,2399,35,1,3,259.12
3327,1075359,2025-10-13,37604,1844,6,1,4,1524.38
3328,1178513,2026-02-07,38444,2930,22,1,2,4538.83
3329,1007077,2025-11-16,18218,2515,66,1,3,1414.92
3330,1017488,2025-06-05,505,2705,44,1,4,421.04
3331,1176912,2025-12-02,27486,1047,20,1,1,959.0
3332,1088880,2025-07-22,5399,967,116,1,1,10018.33
3333,1157288,2026-02-09,41697,1349,54,1,4,2036.39
3334,1047483,2025-05-24,22059,577,112,1,4,29948.37
3335,1138384,2026-04-12,9638,312,46,1,1,220199.46
3336,1081174,2025-09-20,20485,1130,104,1,3,841.97
3337,1106199,2025-12-08,18815,2630,48,1,4,670.59
3338,1189717,2025-05-27,19283,1941,119,1,3,1955.3
3339,1057443,2026-03-26,10928,2298,40,1,2,219.1
3340,1120579,2026-01-10,16087,326,113,1,5,1202.81
3341,1124620,2026-01-08,22495,1405,15,1,5,3037.29
3342,1062244,2026-02-11,1066,1944,97,1,4,882.55
3343,1049695,2025-11-10,29923,1647,27,1,4,37281.14
3344,1198430,2025-09-06,40050,1355,83,1,1,3570.71
3345,1015606,2026-02-23,26312,360,41,1,2,1475.83
3346,1089961,2025-06-24,13453,2338,105,1,2,1361.55
3347,1121115,2025-08-12,24780,1141,2,1,2,305.77
3348,1173067,2025-04-21,30325,1186,16,1,4,910.27
3349,1064434,2025-09-29,20459,959,119,1,4,2959.61
3350,1137677,2025-09-11,23245,2037,106,1,1,5308.55
3351,1084160,2025-11-21,33069,2406,56,1,1,2976.51
3352,1042934,2026-04-09,27388,2760,99,1,5,3090.9
3353,1169271,2025-09-05,8684,2192,105,1,2,1017.48
3354,1133955,2026-03-18,16143,1611,36,1,5,2922.64
3355,1038306,2025-07-03,37314,2328,18,1,1,31359.04
3356,1064302,2025-06-20,26889,878,47,1,2,642.92
3357,1175162,2026-01-10,9757,1083,20,1,4,39679.14
3358,1038451,2025-05-22,3743,362,71,1,3,2199.4
3359,1009926,2026-04-19,28126,2532,36,1,2,12402.89
3360,1091350,2026-04-14,43348,749,117,1,5,8964.95
3361,1077902,2025-05-26,40946,1406,68,1,5,304.26
3362,1143580,2026-03-05,48900,903,88,1,3,16878.26
3363,1135477,2026-04-14,30821,1280,8,1,3,7306.16
3364,1143898,2026-01-31,2008,2114,31,1,3,493.55
3365,1145839,2025-05-19,23322,676,65,1,3,19720.56
3366,1076897,2026-04-12,48634,1526,99,1,4,19816.28
3367,1007612,2025-05-08,27101,2636,61,1,1,6497.37
3368,1096654,2026-03-29,840,820,69,1,3,70059.72
3369,1177698,2026-03-17,32933,1680,11,1,3,3845.84
3370,1034241,2026-01-22,13315,571,62,1,2,12045.39
3371,1044202,2026-01-12,267,1259,74,1,3,6623.2
3372,1199779,2025-07-15,39313,2703,6,1,4,49457.34
3373,1157125,2025-12-08,9594,2880,40,1,1,1469.97
3374,1122089,2025-12-14,33353,2789,2,1,3,3855.71
3375,1025563,2026-03-24,9434,1535,56,1,5,2665.33
3376,1038096,2026-03-29,36013,1762,70,1,5,20710.77
3377,1071657,2026-01-28,44026,1117,79,1,2,36590.89
3378,1077013,2025-08-20,34767,1404,15,1,5,2352.82
3379,1025075,2025-12-18,32609,2441,93,1,5,135515.28
3380,1126283,2025-09-18,35068,539,89,1,2,687.35
3381,1010077,2025-12-07,29048,1960,106,1,2,80343.71
3382,1138656,2025-06-17,31599,35,66,1,2,4568.66
3383,1117434,2025-10-10,3076,1124,8,1,5,23462.57
3384,1041160,2025-05-18,45362,917,3,1,4,78693.36
3385,1163406,2025-07-03,4582,146,108,1,5,2647.96
3386,1158599,2025-12-08,21708,1604,98,1,1,4074.7
3387,1169171,2025-10-20,26035,1141,94,1,3,851.67
3388,1070401,2025-06-18,26718,2180,55,1,3,18038.15
3389,1056147,2025-05-20,42831,747,77,1,1,459.66
3390,1162189,2025-06-21,20818,1577,92,1,5,6296.8
3391,1104564,2025-06-13,5599,2285,83,1,5,2714.78
3392,1010796,2025-05-17,14533,1582,36,1,3,13672.43
3393,1117093,2025-06-14,10558,930,100,1,3,178279.58
3394,1188118,2026-03-18,34686,1038,83,1,5,2832.46
3395,1064547,2025-11-09,19252,1132,84,1,4,247809.84
3396,1042598,2025-09-30,24597,434,13,1,4,409.28
3397,1067313,2025-07-31,1718,2805,14,1,3,25183.7
3398,1165178,2026-04-01,34695,2006,108,1,3,15838.48
3399,1017255,2025-12-01,14860,1791,99,1,3,10781.07
3400,1137305,2026-01-31,37345,2946,96,1,4,5249.11
3401,1180234,2025-12-10,46054,1247,58,1,3,26225.77
3402,1092386,2025-05-17,48171,729,1,1,1,11387.54
3403,1122141,2026-01-23,24291,2887,12,1,1,243361.97
3404,1000898,2025-11-03,26960,1493,78,1,3,37950.64
3405,1065283,2026-02-26,27781,2341,42,1,5,892.91
3406,1083276,2025-07-13,4807,1970,55,1,5,1182.96
3407,1094122,2025-07-01,48164,351,104,1,4,10131.91
3408,1197899,2026-01-25,13778,2987,4,1,3,12174.9
3409,1022353,2025-07-13,15802,1606,35,1,1,546.25
3410,1000537,2026-01-29,29174,1804,111,1,3,29883.27
3411,1112832,2025-05-28,33616,331,64,1,1,376.2
3412,1194828,2025-12-10,35684,618,65,1,2,313714.26
3413,1123525,2025-05-05,2593,2133,29,1,1,7955.83
3414,1111890,2025-11-17,33529,1768,112,1,5,1517.91
3415,1085704,2025-11-27,17955,1652,44,1,3,7082.84
3416,1111012,2026-01-22,40748,1986,60,1,2,19605.89
3417,1183286,2026-03-11,8751,2214,85,1,3,4023.43
3418,1188099,2025-10-19,45129,2890,82,1,5,23089.51
3419,1041643,2025-08-27,31017,1428,62,1,4,3784.56
3420,1058590,2026-01-24,47537,335,53,1,1,1682.09
3421,1155580,2025-09-17,19045,1436,60,1,5,41863.38
3422,1106331,2026-03-02,27030,741,14,1,5,21532.24
3423,1100403,2025-10-03,646,2329,49,1,3,876.18
3424,1194466,2026-01-07,29757,1283,54,1,2,379.22
3425,1081084,2026-01-12,11836,1504,120,1,5,446.17
3426,1074613,2025-09-18,35227,548,66,1,3,421.71
3427,1114235,2026-03-28,23835,574,30,1,5,6127.86
3428,1029235,2025-08-21,7313,177,92,1,4,5121.38
3429,1171640,2026-01-25,32464,1095,27,1,1,214907.82
3430,1155715,2025-08-12,6140,682,24,1,5,1489.83
3431,1094954,2026-01-06,45360,2380,119,1,1,6098.91
3432,1018594,2025-10-16,33631,163,85,1,3,10266.15
3433,1039408,2026-01-28,17414,771,114,1,2,15956.18
3434,1059189,2025-11-21,4562,834,33,1,5,44996.74
3435,1014547,2025-11-02,35540,2367,1,1,1,27801.53
3436,1014777,2025-07-30,47990,1917,106,1,2,6404.05
3437,1043296,2025-10-04,24575,2770,116,1,3,8802.12
3438,1180357,2025-07-30,36374,2223,39,1,4,304.44
3439,1130682,2025-05-11,39848,1652,112,1,5,3449.3
3440,1043189,2025-11-19,45633,2529,62,1,4,86.23
3441,1146126,2025-08-24,18308,1534,97,1,2,606.02
3442,1040911,2026-02-16,17829,2154,17,1,2,58057.96
3443,1123028,2026-02-04,49361,431,101,1,4,377461.22
3444,1075055,2025-09-12,16543,335,13,1,3,1684.28
3445,1191906,2025-09-24,23865,1244,105,1,5,6391.45
3446,1026349,2026-01-26,26775,1888,110,1,4,194.29
3447,1099736,2026-01-07,37613,2985,49,1,1,1534.5
3448,1080488,2026-04-01,21165,707,99,1,5,11144.21
3449,1177515,2025-11-04,40400,2585,85,1,1,13682.53
3450,1162876,2025-07-22,36969,888,117,1,4,3227.69
3451,1101489,2025-08-07,46670,2064,100,1,5,1143.89
3452,1080599,2025-11-06,42117,2297,114,1,2,449.49
3453,1165909,2025-11-05,1613,2064,104,1,2,5549.61
3454,1028955,2025-08-02,45901,442,111,1,4,16799.47
3455,1097006,2026-02-08,1689,2600,17,1,2,612.24
3456,1174486,2026-03-03,22053,1319,32,1,1,619.74
3457,1123089,2025-08-25,29686,676,116,1,1,24794.97
3458,1015245,2025-12-16,48630,2416,3,1,3,8080.58
3459,1107561,2025-09-06,34593,2487,76,1,3,78157.96
3460,1087607,2026-01-16,37896,2268,68,1,1,754.16
3461,1063207,2025-06-04,5531,1814,15,1,3,29443.06
3462,1066726,2025-05-27,43115,1613,95,1,1,2410.26
3463,1059078,2026-01-13,45185,1721,82,1,4,339.19
3464,1048686,2025-11-03,33388,1867,78,1,2,341.24
3465,1114280,2025-12-16,2443,1329,101,1,1,17730.35
3466,1196991,2025-07-23,32535,2213,51,1,2,6796.94
3467,1070582,2025-06-12,21258,2671,60,1,2,17037.6
3468,1098905,2025-11-11,12229,2220,51,1,2,6966.89
3469,1110105,2025-10-28,4580,1570,2,1,3,1734.39
3470,1145192,2026-04-04,34823,599,55,1,4,38168.33
3471,1018418,2025-12-24,31278,2774,113,1,3,261606.26
3472,1190501,2025-05-31,629,869,71,1,3,1798.57
3473,1080322,2025-11-30,20771,714,45,1,2,1111.04
3474,1002695,2026-01-07,31886,2095,94,1,3,209.19
3475,1054369,2025-10-06,39294,940,116,1,2,360.83
3476,1022239,2025-06-05,48501,423,32,1,1,4627.74
3477,1106666,2026-03-13,1164,1871,99,1,3,7395.71
3478,1139957,2025-10-17,37144,1310,70,1,5,600.66
3479,1142952,2025-07-28,43311,1539,39,1,3,6966.01
3480,1087826,2025-05-26,12875,1377,53,1,3,2263.65
3481,1033222,2026-01-17,5093,2316,9,1,2,66892.32
3482,1009187,2026-03-02,3826,221,37,1,2,3259.88
3483,1173081,2026-03-03,11408,2178,112,1,2,2391.09
3484,1036783,2026-01-30,11644,1477,44,1,2,7142.68
3485,1120631,2025-12-14,3180,1100,108,1,2,44022.52
3486,1035050,2025-11-26,48855,804,39,1,1,3534.9
3487,1147920,2026-02-06,1341,318,13,1,1,65702.19
3488,1093934,2025-10-27,25930,372,58,1,5,18.84
3489,1162206,2025-11-22,28259,1277,8,1,1,29786.23
3490,1095891,2025-10-26,32968,2196,36,1,2,1496.97
3491,1096648,2026-04-06,35637,1983,81,1,3,200.06
3492,1113468,2026-01-19,17434,2885,99,1,4,11040.71
3493,1086498,2025-12-22,24890,2971,14,1,4,78358.49
3494,1195280,2025-09-26,19222,1251,63,1,2,15832.7
3495,1187847,2025-08-11,44727,298,73,1,3,16074.42
3496,1183158,2025-07-08,42207,2717,88,1,1,34424.93
3497,1073857,2025-09-07,34074,1266,73,1,3,700.96
3498,1165270,2025-06-04,11484,909,57,1,1,1190.5
3499,1101548,2025-10-06,26137,1424,13,1,4,2184.27
3500,1016466,2026-03-20,38640,479,116,1,5,8846.15
3501,1022571,2025-09-23,28785,601,70,1,3,2874.41
3502,1004890,2025-10-05,28416,2360,6,1,5,12236.78
3503,1036346,2025-08-01,35743,1648,73,1,2,53497.85
3504,1145228,2025-06-23,48884,1532,81,1,3,5607.21
3505,1091102,2025-10-19,18964,947,2,1,4,7701.97
3506,1182011,2025-10-30,19385,883,3,1,3,909.27
3507,1120729,2026-03-23,10801,709,85,1,2,6489.59
3508,1145317,2025-06-08,48516,1504,13,1,5,692.42
3509,1106499,2025-04-20,5685,2866,92,1,4,1432.34
3510,1027559,2025-11-27,49283,2473,47,1,3,609.81
3511,1075214,2026-02-18,11014,20,6,1,1,1057.08
3512,1058309,2025-06-25,16450,1943,69,1,5,219.41
3513,1071042,2025-05-14,11153,326,77,1,5,787.91
3514,1194636,2025-04-14,48895,1894,110,1,1,21755.72
3515,1143877,2025-11-20,8276,166,13,1,2,13893.2
3516,1150313,2025-12-29,31927,2389,56,1,1,7893.61
3517,1059798,2025-05-22,9884,2719,10,1,2,9220.34
3518,1116175,2025-12-23,21708,268,13,1,5,1020.77
3519,1059175,2025-12-28,29176,2715,54,1,2,236.17
3520,1115159,2026-03-27,11164,414,61,1,5,28471.54
3521,1125238,2025-09-13,29429,1973,62,1,4,3165.2
3522,1071656,2025-10-09,6180,1830,38,1,2,1126.03
3523,1196676,2025-12-07,33271,2721,55,1,1,4337.23
3524,1101253,2025-04-28,27148,348,61,1,5,17898.5
3525,1165744,2025-08-12,38694,765,3,1,5,1065.66
3526,1170518,2025-11-12,18256,849,85,1,1,5126.83
3527,1199208,2025-09-04,44149,661,99,1,1,1237.91
3528,1162730,2025-06-01,2897,2128,89,1,5,26684.34
3529,1194558,2025-09-22,47375,2597,29,1,5,196.23
3530,1072068,2025-11-25,18528,2876,113,1,3,1224.22
3531,1064065,2026-03-20,17065,1742,94,1,4,12140.06
3532,1123603,2025-08-05,46865,1885,92,1,5,3064.02
3533,1001267,2025-12-06,11837,1538,13,1,4,8555.99
3534,1110371,2026-03-07,37453,1629,95,1,2,4007.5
3535,1149932,2025-04-23,41943,1835,46,1,3,1227.06
3536,1028204,2025-11-25,35812,2659,13,1,4,4030.08
3537,1041308,2025-11-30,21077,468,114,1,5,2055.77
3538,1179721,2025-07-11,5613,447,39,1,3,725.93
3539,1066988,2025-04-15,11374,1039,36,1,5,1331.72
3540,1106245,2025-09-07,11868,1930,63,1,1,728.89
3541,1115095,2025-08-31,11337,801,112,1,1,1789.47
3542,1135363,2025-12-28,27623,1604,97,1,4,1980.52
3543,1098614,2025-07-06,12768,1259,105,1,2,6432.52
3544,1002919,2026-04-02,10194,609,62,1,5,1021.66
3545,1150109,2025-06-16,17438,422,50,1,1,4819.46
3546,1088267,2026-02-06,4315,2922,80,1,2,2384.15
3547,1017479,2026-01-18,21412,828,18,1,4,1224.02
3548,1079948,2025-12-27,18358,214,33,1,2,5704.76
3549,1021958,2025-04-19,37828,29,45,1,5,11330.68
3550,1149540,2025-10-26,41188,185,66,1,4,6861.88
3551,1032821,2026-01-07,44399,182,64,1,3,348.31
3552,1199964,2025-04-13,39385,21,94,1,3,2960.22
3553,1051743,2026-01-20,46690,2771,116,1,3,5454.04
3554,1106651,2026-02-24,33216,1632,112,1,4,29414.25
3555,1002188,2025-11-02,25401,548,57,1,5,365.36
3556,1062599,2026-04-03,46891,1391,81,1,2,6400.21
3557,1113311,2025-11-22,34366,1784,95,1,4,6831.05
3558,1193388,2025-10-28,11550,273,68,1,4,2896.87
3559,1109920,2025-05-18,46651,2933,65,1,2,5359.87
3560,1164194,2026-04-22,26124,2653,107,1,5,658.05
3561,1053566,2026-02-18,19742,2380,64,1,4,6404.49
3562,1114690,2025-07-02,1050,686,52,1,2,3049.77
3563,1130209,2025-05-31,3965,2533,83,1,1,1288.69
3564,1186339,2025-11-22,6393,1598,83,1,1,159870.82
3565,1152727,2025-12-20,27175,2652,7,1,3,200119.07
3566,1190154,2025-11-08,47937,188,45,1,4,6330.87
3567,1158111,2025-08-16,47847,2771,88,1,4,5659.33
3568,1161908,2025-08-24,2894,2,36,1,4,182.58
3569,1137145,2026-02-19,30216,370,47,1,5,2143.72
3570,1085779,2026-02-23,41634,783,26,1,3,83587.15
3571,1015796,2025-12-15,49617,1737,91,1,5,495.98
3572,1066630,2026-01-07,47827,1151,59,1,5,4505.58
3573,1141174,2026-03-12,47098,930,114,1,3,177065.68
3574,1189980,2025-08-21,21672,1311,71,1,3,12384.26
3575,1018130,2026-01-26,45616,1748,115,1,4,845.54
3576,1025976,2025-06-22,2697,1676,11,1,5,6069.14
3577,1176505,2025-12-14,37090,2954,7,1,5,26094.6
3578,1010339,2025-10-16,3926,1630,108,1,1,53458.35
3579,1041821,2025-12-02,46935,1264,83,1,4,1828.42
3580,1029990,2026-04-12,31407,624,22,1,4,631.67
3581,1092125,2026-01-24,28344,2670,84,1,4,113060.18
3582,1167994,2025-09-13,47222,2180,101,1,4,13512.2
3583,1191273,2026-01-08,13409,2490,26,1,1,18874.12
3584,1010072,2025-08-17,24347,2540,48,1,1,476.97
3585,1160633,2025-11-21,38001,218,66,1,2,1955.04
3586,1126320,2025-11-21,34642,1797,55,1,4,1222.39
3587,1011977,2025-09-25,45344,1332,13,1,2,999.9
3588,1048015,2026-04-27,30052,1821,46,1,4,959.99
3589,1071808,2025-10-05,2651,835,40,1,3,6466.24
3590,1125563,2025-07-23,13507,2083,31,1,4,2734.99
3591,1185911,2025-04-25,38853,1886,15,1,3,1827.88
3592,1178855,2025-12-05,4606,1222,12,1,4,22383.26
3593,1101037,2026-03-27,46761,1429,35,1,3,1773.73
3594,1194890,2025-08-18,24640,2533,98,1,5,5032.22
3595,1023359,2026-03-21,478,831,9,1,5,6166.27
3596,1134151,2025-04-18,42559,1084,77,1,4,19220.43
3597,1053479,2025-10-19,19830,1960,71,1,3,29044.58
3598,1056158,2026-01-16,6144,2922,61,1,3,2237.67
3599,1021921,2025-08-14,42814,2175,28,1,1,5027.69
3600,1017191,2026-03-16,48250,2254,69,1,4,74409.06
3601,1112341,2026-02-01,33677,1918,67,1,2,1359.41
3602,1039986,2025-12-19,47049,660,44,1,4,11376.61
3603,1153480,2025-12-18,2896,1713,25,1,5,56129.14
3604,1112729,2026-02-14,9449,1690,102,1,3,8188.73
3605,1022197,2025-10-12,7473,2946,45,1,1,2740.33
3606,1039118,2025-11-13,26391,916,107,1,1,6076.79
3607,1197178,2025-07-07,44528,2093,100,1,5,6416.88
3608,1010028,2026-03-16,26462,376,16,1,5,3797.62
3609,1072980,2025-12-29,43253,18,87,1,2,3879.21
3610,1070762,2026-04-26,36843,378,13,1,1,24640.45
3611,1190900,2026-02-18,46545,1900,53,1,4,1008.82
3612,1163788,2025-12-16,9440,1798,99,1,4,68114.47
3613,1039065,2025-10-14,46011,2845,108,1,2,1708.04
3614,1092298,2025-05-16,34452,436,12,1,4,7705.25
3615,1140809,2025-05-19,2914,1914,92,1,4,225668.11
3616,1162648,2025-09-11,29555,1654,107,1,2,506.58
3617,1070055,2025-07-18,11624,2046,1,1,2,992.54
3618,1177122,2026-01-18,41967,2683,15,1,5,3696.56
3619,1024556,2025-07-17,9247,119,20,1,3,16914.86
3620,1076729,2025-10-02,43223,1384,74,1,1,5748.32
3621,1091955,2025-09-11,3509,2810,47,1,2,983.46
3622,1092069,2025-11-18,42601,344,108,1,4,1292.44
3623,1061334,2025-06-03,34969,2148,52,1,5,579.12
3624,1161666,2025-09-21,17790,2537,10,1,5,507.0
3625,1178065,2026-02-15,29205,2624,110,1,4,195.85
3626,1000457,2025-07-25,2537,1305,1,1,4,5526.38
3627,1104598,2026-03-19,336,333,7,1,1,737.85
3628,1078324,2025-04-25,28745,2481,6,1,1,4528.81
3629,1179849,2026-03-23,17914,521,55,1,4,625.38
3630,1168652,2025-05-06,43493,391,7,1,3,14595.5
3631,1165828,2026-03-03,21572,1681,8,1,1,3633.3
3632,1142345,2025-05-24,11848,2882,60,1,1,4843.77
3633,1054728,2025-08-05,44969,1433,85,1,5,1997.14
3634,1162468,2025-08-15,43381,1873,79,1,4,9497.95
3635,1154439,2026-04-17,49544,825,22,1,1,67878.46
3636,1151001,2025-08-13,25525,2134,99,1,3,1501.87
3637,1079971,2026-04-24,7963,1202,55,1,1,983.9
3638,1014250,2025-11-06,19295,949,51,1,1,1218.08
3639,1146930,2025-08-10,39200,100,111,1,2,2880.15
3640,1107516,2026-02-26,23487,736,106,1,2,1600.62
3641,1016602,2025-11-13,19603,2280,25,1,3,8909.94
3642,1192504,2025-08-21,6516,1236,20,1,5,28.6
3643,1148120,2025-09-22,49783,2079,120,1,2,3861.84
3644,1124484,2025-08-10,17562,15,99,1,3,850.76
3645,1103957,2025-07-25,9988,2760,56,1,4,6669.88
3646,1048379,2025-07-10,32649,1852,25,1,3,7079.97
3647,1099514,2025-12-21,15310,1371,6,1,1,24139.34
3648,1148992,2025-04-20,13810,1648,78,1,2,51709.71
3649,1192355,2025-09-12,17119,2151,12,1,2,11873.48
3650,1145417,2025-06-18,4627,1619,94,1,3,97080.17
3651,1084462,2025-05-13,13786,1265,75,1,5,7021.39
3652,1197653,2025-05-14,47851,1214,4,1,1,3423.11
3653,1123426,2025-05-22,25957,748,46,1,1,6801.24
3654,1161646,2025-10-18,29200,1437,111,1,1,1897.38
3655,1049216,2025-05-01,27823,1007,46,1,2,1350.64
3656,1120987,2025-05-02,564,2807,79,1,4,14727.34
3657,1024492,2025-10-13,379,1526,56,1,4,19055.3
3658,1148064,2025-07-27,35128,776,120,1,2,58313.13
3659,1038803,2026-02-16,49634,679,27,1,3,313.57
3660,1123870,2025-11-11,8400,2745,79,1,3,38999.12
3661,1124083,2026-02-14,49510,2588,96,1,4,788.52
3662,1005195,2026-02-12,33445,1061,101,1,2,877.71
3663,1110692,2026-01-12,35669,729,31,1,4,5401.83
3664,1105410,2025-06-07,27830,2738,81,1,2,2517.49
3665,1070296,2026-02-23,41386,2498,58,1,4,2463.8
3666,1104344,2025-12-14,4480,221,91,1,1,6012.63
3667,1028505,2025-09-07,39956,1487,84,1,4,7732.64
3668,1006397,2025-05-21,44411,1973,111,1,5,2124.2
3669,1187970,2025-07-18,13855,1875,101,1,4,2780.4
3670,1167780,2025-11-27,10900,20,96,1,1,1056.43
3671,1079846,2026-01-24,25986,775,112,1,1,4330.95
3672,1081329,2025-08-10,18096,977,101,1,4,1170.43
3673,1191932,2025-12-31,1209,2739,64,1,4,1906.98
3674,1148611,2026-03-06,35415,2211,31,1,5,1187.43
3675,1037513,2025-11-27,18856,1438,32,1,1,9672.55
3676,1139868,2025-04-29,26716,945,86,1,4,9881.15
3677,1039371,2025-06-29,32644,1858,51,1,5,138032.98
3678,1020509,2026-03-17,20915,1483,62,1,3,25423.55
3679,1033236,2025-05-17,13239,515,52,1,5,26088.09
3680,1190920,2026-02-01,2663,474,34,1,2,6599.92
3681,1129354,2025-05-29,5957,1884,61,1,4,1151.78
3682,1153985,2025-12-17,3610,260,27,1,2,26170.21
3683,1096316,2025-09-11,42746,1775,94,1,5,35372.6
3684,1052191,2025-11-03,30113,655,95,1,2,4253.86
3685,1111878,2025-11-20,33069,1250,7,1,3,23643.05
3686,1082218,2025-10-03,4720,1973,72,1,5,1003.05
3687,1021423,2025-09-04,1901,690,24,1,2,3989.6
3688,1101813,2025-07-19,16509,1828,64,1,4,4957.08
3689,1035629,2025-09-24,11247,996,104,1,4,97411.76
3690,1188074,2026-03-18,37048,2465,45,1,5,22930.61
3691,1177003,2026-01-23,4792,2899,108,1,4,7538.82
3692,1132144,2026-03-31,23195,2242,116,1,5,6559.51
3693,1069312,2025-11-06,34594,2781,115,1,2,8052.58
3694,1028919,2026-02-04,12816,826,89,1,4,2036.57
3695,1143790,2025-05-12,49915,1640,78,1,5,1002.47
3696,1173557,2025-07-27,23492,1591,36,1,3,205467.55
3697,1078526,2025-06-02,18574,2171,105,1,1,498.57
3698,1108083,2025-12-20,15127,806,16,1,3,38168.95
3699,1056812,2025-09-04,31911,2200,28,1,5,6583.81
3700,1132118,2025-07-30,7291,1736,44,1,1,2198.63
3701,1144407,2025-09-05,34851,312,39,1,4,620132.37
3702,1130341,2025-05-30,28205,1089,62,1,5,39737.53
3703,1007938,2026-01-06,37871,1016,27,1,1,41038.75
3704,1168875,2025-09-24,48879,1092,36,1,1,56574.91
3705,1193067,2025-05-04,17368,207,53,1,5,2497.43
3706,1165337,2025-05-08,28992,2937,72,1,5,235182.15
3707,1112358,2026-03-22,39405,474,49,1,5,6363.99
3708,1179470,2025-06-25,22315,1501,18,1,3,11315.48
3709,1001312,2025-10-01,121,1711,47,1,3,6962.67
3710,1129313,2025-05-19,45653,532,1,1,1,553.04
3711,1084434,2026-01-15,12283,1682,31,1,4,16813.0
3712,1108045,2025-06-11,34753,223,72,1,3,1891.78
3713,1007984,2026-01-11,31750,2569,37,1,1,224.8
3714,1019691,2025-06-18,31349,2096,94,1,1,2408.98
3715,1177607,2025-09-28,36546,530,110,1,1,18954.57
3716,1028910,2025-12-02,31580,2273,113,1,4,107082.43
3717,1109850,2026-01-09,22504,1146,79,1,2,5106.41
3718,1170297,2026-03-15,7984,1901,65,1,1,2975.31
3719,1017724,2025-05-04,13183,2852,28,1,4,442.51
3720,1142690,2025-11-28,37946,2858,110,1,4,967.46
3721,1085873,2025-09-05,39756,1979,106,1,4,1074.03
3722,1076109,2026-01-07,3027,306,99,1,3,2723.93
3723,1114849,2026-02-27,26632,2107,101,1,5,20837.04
3724,1138796,2025-09-10,34686,39,41,1,3,946.08
3725,1042923,2025-07-09,5799,910,103,1,5,2925.39
3726,1102728,2025-07-30,9924,2024,69,1,2,15375.71
3727,1002226,2025-11-18,28814,2720,48,1,3,271611.46
3728,1048455,2025-07-21,18573,2647,111,1,4,13270.08
3729,1006313,2025-08-24,23832,316,114,1,1,1197.72
3730,1108709,2025-12-20,24667,397,104,1,5,10481.16
3731,1041214,2025-10-31,39460,1941,88,1,3,7504.16
3732,1031641,2025-08-30,44797,1777,13,1,1,433.25
3733,1092764,2026-04-18,1551,448,27,1,5,5089.93
3734,1112629,2026-03-21,1617,2891,10,1,2,6942.97
3735,1196233,2025-08-19,2835,1811,79,1,1,385.13
3736,1181688,2026-04-13,15768,2571,48,1,5,7397.44
3737,1175461,2026-03-24,29786,1355,113,1,1,3804.17
3738,1072801,2025-06-07,29010,1019,9,1,1,3092.3
3739,1041598,2025-09-16,24760,1235,119,1,2,873.22
3740,1157182,2025-06-10,36149,963,109,1,2,20412.89
3741,1111610,2025-06-16,27598,1708,85,1,5,5499.57
3742,1041008,2025-11-26,48747,801,29,1,2,1683.14
3743,1147380,2025-10-17,46862,2937,34,1,4,171540.24
3744,1116986,2026-03-23,36669,1372,120,1,3,4568.67
3745,1026270,2026-02-16,49047,723,10,1,5,608.5
3746,1055114,2025-08-19,43401,168,78,1,3,1108.12
3747,1187363,2025-10-23,13822,2548,14,1,4,859.99
3748,1032608,2026-03-02,41533,2970,9,1,1,121.19
3749,1103456,2025-09-28,42150,171,34,1,5,557.02
3750,1142237,2025-08-12,29590,1650,17,1,1,37655.06
3751,1077814,2025-08-12,23078,1645,82,1,1,599.26
3752,1063627,2025-07-08,12266,507,29,1,3,92465.88
3753,1045066,2025-06-22,28365,2778,88,1,1,95.97
3754,1035749,2025-09-06,30563,543,51,1,5,14976.6
3755,1163273,2026-03-21,19498,2596,117,1,1,5068.9
3756,1166715,2025-11-25,29569,1096,67,1,4,5060.48
3757,1179637,2025-08-31,8078,34,98,1,4,1127.34
3758,1188020,2026-03-13,46972,2416,119,1,4,5769.62
3759,1048235,2026-01-14,46225,2255,119,1,5,1407.78
3760,1072078,2026-01-08,37243,761,114,1,4,64275.4
3761,1014522,2025-09-19,381,1573,83,1,5,24852.83
3762,1002676,2025-05-01,10574,196,19,1,3,9198.6
3763,1042363,2026-01-30,36950,2870,50,1,1,1086.72
3764,1181825,2025-09-18,6226,2355,42,1,4,7900.75
3765,1191704,2025-12-05,49442,145,77,1,4,85783.75
3766,1101736,2025-12-16,10422,2344,108,1,4,744.59
3767,1111272,2025-11-29,2821,2489,36,1,1,893.12
3768,1148728,2026-03-14,28045,2583,116,1,4,918.92
3769,1035379,2025-07-07,45278,1241,8,1,4,2990.55
3770,1055532,2026-01-27,20954,2261,47,1,3,12099.13
3771,1109069,2025-07-19,45228,1328,2,1,2,25549.41
3772,1085795,2025-12-12,14448,2616,27,1,2,688.08
3773,1099693,2025-12-07,7376,674,7,1,2,881.28
3774,1144306,2025-05-26,37773,2156,48,1,1,4309.9
3775,1054131,2025-12-05,46460,1644,71,1,1,578.18
3776,1082656,2026-03-23,49146,1415,10,1,2,2189.35
3777,1018625,2025-12-09,3130,2912,27,1,2,4934.16
3778,1079079,2025-08-28,47877,2130,8,1,1,6361.19
3779,1093536,2025-06-30,28476,1881,80,1,5,524.08
3780,1030817,2025-05-10,38691,687,80,1,5,1880.01
3781,1146183,2026-01-09,7717,1929,105,1,1,5040.52
3782,1169557,2025-12-28,28757,2988,30,1,5,12565.25
3783,1140663,2025-10-02,36113,2578,3,1,1,2435.76
3784,1080165,2026-01-28,4406,1001,35,1,1,136234.35
3785,1161381,2025-10-02,47191,2448,28,1,5,3024.92
3786,1178081,2025-10-03,36722,977,62,1,5,374.93
3787,1153435,2025-10-20,31356,375,82,1,3,18963.99
3788,1074674,2025-09-04,40973,2363,29,1,4,74670.7
3789,1075795,2025-07-24,4047,2564,110,1,3,96.75
3790,1158253,2026-02-09,13947,2734,73,1,2,12704.71
3791,1000866,2026-04-07,24964,1720,43,1,3,3290.62
3792,1173363,2025-06-29,16912,2033,79,1,4,2479.47
3793,1033368,2025-12-20,15868,477,84,1,5,379.74
3794,1150069,2025-08-29,27208,726,10,1,2,371.13
3795,1088336,2025-04-20,29362,2128,22,1,4,106863.86
3796,1197767,2025-11-22,18102,168,32,1,2,2198.9
3797,1119811,2025-11-07,22128,2350,40,1,4,342.26
3798,1034700,2026-03-24,25280,1706,39,1,4,88421.29
3799,1183154,2025-05-22,112,1424,54,1,5,12165.1
3800,1125823,2025-11-20,19537,1270,19,1,4,3544.91
3801,1087700,2026-01-31,29880,1539,35,1,2,6830.6
3802,1114935,2025-10-29,16738,338,53,1,5,13146.58
3803,1007497,2026-02-09,8761,1516,78,1,2,1247.98
3804,1182101,2025-08-17,29550,1440,47,1,1,930.59
3805,1009983,2025-11-26,32550,1341,83,1,1,113.98
3806,1031319,2025-09-25,22184,1699,85,1,3,680.83
3807,1063207,2025-07-10,25058,2585,28,1,3,2291.88
3808,1178136,2025-09-05,46363,2216,46,1,3,3013.07
3809,1156835,2025-06-16,47105,845,63,1,2,207.42
3810,1002864,2025-07-14,20018,848,10,1,4,9395.97
3811,1005154,2025-04-11,8928,2031,73,1,3,4373.05
3812,1134060,2025-05-15,838,2749,83,1,3,123449.03
3813,1121171,2026-03-01,44386,1444,49,1,1,350.79
3814,1018143,2026-02-12,13583,1932,61,1,5,5848.45
3815,1130923,2025-11-19,11406,473,96,1,1,625.11
3816,1053887,2025-05-04,49987,1117,105,1,2,35998.72
3817,1051323,2025-10-21,26859,1788,21,1,2,11399.31
3818,1106460,2025-11-04,7935,2137,77,1,1,7664.19
3819,1123267,2026-02-28,47696,79,80,1,3,20260.11
3820,1097384,2025-04-21,16438,2137,62,1,2,8380.42
3821,1164248,2025-11-02,41959,2526,109,1,4,70808.86
3822,1147416,2025-07-08,32684,2722,43,1,4,3085.5
3823,1075677,2025-09-03,48659,2145,38,1,2,9650.76
3824,1007016,2025-10-22,6134,1336,3,1,1,4253.28
3825,1122865,2026-04-24,38600,2216,111,1,3,3060.84
3826,1125543,2025-09-09,43805,2983,84,1,3,955.54
3827,1118499,2026-03-19,9602,2101,45,1,5,674.38
3828,1196797,2025-10-21,13714,864,9,1,1,8943.93
3829,1105347,2026-03-20,34178,2348,43,1,1,1729.75
3830,1105714,2025-11-28,49227,1352,106,1,5,653.2
3831,1091464,2025-08-14,16456,1901,50,1,1,1576.01
3832,1124425,2025-05-13,29021,606,69,1,1,3206.95
3833,1191361,2025-07-19,23265,2735,46,1,1,17024.68
3834,1077157,2025-09-09,29418,1793,61,1,3,1228.12
3835,1115395,2026-03-12,3551,2047,70,1,5,139533.34
3836,1056082,2025-11-22,45515,1183,103,1,4,5354.92
3837,1170678,2025-11-27,3213,2852,68,1,3,1234.29
3838,1172043,2025-04-11,5087,1008,57,1,4,829.39
3839,1110790,2025-04-21,5349,827,64,1,1,984.54
3840,1087268,2025-09-27,3812,260,98,1,1,10080.85
3841,1173049,2026-02-27,5059,1889,67,1,2,5514.95
3842,1175623,2026-01-14,47403,1316,35,1,3,420.45
3843,1100467,2025-05-14,44472,459,98,1,4,918.1
3844,1077740,2025-05-21,36687,1517,101,1,3,21191.2
3845,1016618,2025-11-04,44976,2169,88,1,4,14866.69
3846,1130966,2025-10-25,2816,1622,72,1,2,3346.03
3847,1164380,2026-02-26,16734,303,17,1,3,4355.42
3848,1151401,2025-06-26,49167,1477,88,1,5,7022.95
3849,1030730,2026-01-11,40556,1774,12,1,1,184.84
3850,1136346,2025-10-07,15886,725,113,1,5,46593.55
3851,1169694,2025-05-02,20435,2671,74,1,4,16766.79
3852,1058370,2025-12-10,38153,2602,65,1,1,1455.21
3853,1155871,2026-03-24,3473,1120,2,1,3,726.81
3854,1083605,2025-10-06,12437,1837,79,1,5,6187.93
3855,1053102,2025-11-24,45606,2067,91,1,2,17196.72
3856,1076423,2025-07-01,10207,181,60,1,3,35054.57
3857,1100393,2026-03-04,31179,1598,103,1,2,312016.74
3858,1170354,2025-10-10,18889,2321,99,1,1,3472.21
3859,1139875,2026-01-12,18258,2934,96,1,1,1593.93
3860,1048943,2026-02-02,20071,686,39,1,2,2821.66
3861,1110830,2025-11-25,810,1377,118,1,2,564.08
3862,1188082,2026-04-04,30296,1224,35,1,2,6444.41
3863,1089222,2025-10-26,28681,1406,5,1,4,138.36
3864,1062392,2025-08-09,40832,490,63,1,1,2562.0
3865,1069447,2026-04-13,25651,1590,11,1,3,17200.48
3866,1007889,2025-12-23,15971,906,10,1,3,2595.94
3867,1096617,2025-10-26,17116,724,72,1,2,95.61
3868,1193766,2026-03-21,24429,750,50,1,2,2964.02
3869,1147999,2025-07-19,25774,454,36,1,1,2073.89
3870,1075052,2026-01-17,41544,2622,85,1,3,46412.09
3871,1006473,2025-10-29,8365,2155,13,1,5,23389.99
3872,1057586,2025-09-09,49755,880,58,1,1,29481.4
3873,1110827,2025-06-08,16976,1708,29,1,4,5829.43
3874,1071864,2025-12-02,27604,1632,21,1,4,75786.68
3875,1033126,2025-12-09,39125,1682,72,1,1,22671.3
3876,1047055,2025-08-15,41523,1176,40,1,2,2924.72
3877,1163198,2025-10-22,19268,2127,69,1,2,413.25
3878,1110234,2025-08-11,12110,1258,115,1,2,4899.83
3879,1122266,2025-10-23,28009,436,20,1,2,3977.49
3880,1179458,2025-05-15,40229,2810,64,1,3,1043.8
3881,1065024,2025-11-25,27104,17,116,1,3,1362.95
3882,1103695,2026-02-03,16258,1127,108,1,1,176293.37
3883,1096938,2025-12-03,6750,464,34,1,3,3268.79
3884,1051604,2025-10-29,15749,2896,54,1,5,1401.85
3885,1087416,2025-11-26,6016,481,61,1,5,1261.67
3886,1034411,2025-10-16,30886,118,15,1,2,1657.33
3887,1148061,2025-04-15,26116,2792,46,1,4,527.72
3888,1060764,2025-07-10,12795,2611,10,1,4,30673.29
3889,1105398,2025-07-29,48697,573,3,1,3,355.21
3890,1074943,2025-11-13,3946,2332,4,1,3,49291.63
3891,1184175,2026-01-21,37183,1183,18,1,1,15615.27
3892,1110936,2025-07-02,27020,1141,22,1,5,604.73
3893,1159856,2026-02-07,9275,282,63,1,5,385.41
3894,1049050,2026-01-04,44303,1498,38,1,1,1445.85
3895,1044644,2026-02-11,7985,1961,36,1,4,97231.1
3896,1174397,2026-04-04,39398,2740,44,1,3,96709.96
3897,1023942,2025-12-04,49648,717,36,1,2,11282.9
3898,1001922,2025-08-11,34894,984,58,1,5,7501.82
3899,1004805,2025-07-22,22931,2395,63,1,4,27.88
3900,1088030,2025-10-19,10211,1597,54,1,3,9206.03
3901,1097062,2025-09-26,26290,2396,59,1,4,5692.96
3902,1066779,2025-11-13,7020,914,100,1,2,8553.35
3903,1018927,2025-10-23,43283,1246,87,1,4,150712.51
3904,1126186,2025-09-30,27050,971,36,1,3,1342.97
3905,1111171,2025-12-07,37011,2438,100,1,1,1984.9
3906,1175575,2025-07-08,21788,396,53,1,5,30311.83
3907,1107725,2025-04-16,2415,74,8,1,2,659.98
3908,1025171,2025-11-15,34267,1654,62,1,5,914.5
3909,1123399,2025-12-07,35391,1875,27,1,5,5496.28
3910,1069922,2025-06-16,43382,1044,40,1,5,70264.48
3911,1062519,2025-05-03,22088,2607,11,1,2,1553.16
3912,1095682,2026-01-17,27665,1399,25,1,4,106331.25
3913,1109536,2025-08-20,21795,2518,109,1,3,1752.28
3914,1138639,2025-05-21,47370,2583,16,1,5,868.84
3915,1143318,2025-10-13,41368,1932,19,1,2,3081.79
3916,1001892,2025-07-26,7212,1504,36,1,1,219.84
3917,1036281,2026-03-21,15050,2009,116,1,3,18253.4
3918,1084215,2025-12-21,22325,2589,48,1,3,6524.9
3919,1116717,2025-11-14,24076,1583,32,1,4,319.78
3920,1074035,2025-12-22,40638,2857,86,1,2,257934.49
3921,1032352,2026-02-02,26321,2573,34,1,5,15100.38
3922,1175428,2026-04-19,14555,1390,62,1,1,56400.68
3923,1102672,2026-03-03,41473,1304,45,1,1,24659.07
3924,1078894,2025-05-24,37433,299,56,1,1,66114.31
3925,1040614,2025-10-26,28698,255,95,1,4,37440.65
3926,1188286,2025-10-07,20270,149,88,1,1,1715.22
3927,1039053,2025-11-14,48247,2511,37,1,3,4078.92
3928,1020851,2025-08-31,6499,603,7,1,3,33994.75
3929,1069310,2026-01-07,26987,2600,97,1,4,569.24
3930,1107590,2025-11-23,6409,153,47,1,3,6116.46
3931,1062378,2025-06-21,707,1500,40,1,5,140805.82
3932,1114582,2025-10-27,39732,1685,82,1,4,2721.77
3933,1196748,2026-02-17,47510,405,17,1,3,12675.66
3934,1199683,2025-07-11,36737,413,6,1,5,4111.16
3935,1180458,2025-10-20,36833,2515,56,1,1,923.38
3936,1165989,2025-11-19,33360,1590,97,1,5,2731.64
3937,1071223,2025-08-11,43016,625,6,1,2,810.5
3938,1121288,2025-10-09,5922,427,5,1,3,14333.13
3939,1188910,2025-10-24,42746,2538,59,1,4,382.04
3940,1160070,2025-04-15,26704,1858,24,1,3,140345.04
3941,1184311,2025-06-19,8167,684,10,1,3,13483.44
3942,1132114,2025-08-25,22309,2258,64,1,4,7481.54
3943,1078261,2025-07-14,15135,2994,27,1,4,1222.27
3944,1156532,2025-05-09,33029,1364,53,1,5,1255.29
3945,1080212,2026-03-01,34306,1331,60,1,3,841.48
3946,1007425,2025-09-03,3576,2258,110,1,1,30672.56
3947,1033115,2025-12-03,33567,1339,32,1,4,10445.14
3948,1160273,2025-06-05,49472,2099,103,1,5,2579.58
3949,1054540,2026-01-21,29341,2468,98,1,4,1076.58
3950,1003032,2025-06-19,49482,1364,26,1,1,612.37
3951,1037806,2025-12-09,33389,2371,60,1,5,1614.11
3952,1136404,2025-10-01,15100,2956,4,1,2,1469.72
3953,1039287,2025-11-01,4782,543,39,1,2,14937.22
3954,1119052,2026-03-17,3926,1779,66,1,5,393.05
3955,1127081,2025-07-02,49421,1850,89,1,4,837.56
3956,1046517,2025-10-06,49823,1061,101,1,3,457.52
3957,1047853,2025-08-18,34607,2465,27,1,3,41590.88
3958,1069506,2025-05-21,48187,1671,117,1,3,2958.08
3959,1111789,2025-12-10,29984,1075,94,1,1,402.41
3960,1055916,2025-12-08,43736,2291,34,1,3,73926.78
3961,1095518,2025-09-18,2615,2533,116,1,2,2763.44
3962,1184488,2025-10-21,31295,2977,34,1,2,3323.54
3963,1116475,2025-12-11,4886,141,80,1,2,62620.44
3964,1009873,2025-10-06,6622,887,20,1,5,14870.13
3965,1087160,2025-07-29,906,2826,89,1,4,2344.22
3966,1043318,2026-03-10,18022,2748,1,1,2,3135.54
3967,1136148,2025-11-18,27175,1537,47,1,1,3335.94
3968,1013574,2025-10-27,27101,2350,77,1,1,294.06
3969,1191792,2025-10-14,12829,2040,41,1,3,7367.48
3970,1088993,2025-05-10,20093,2038,96,1,4,2862.1
3971,1106878,2026-04-05,30193,859,77,1,2,381.16
3972,1168836,2026-03-21,36219,387,117,1,4,445.51
3973,1197645,2025-12-27,34542,2321,106,1,3,3207.7
3974,1093364,2025-07-11,17027,1349,67,1,5,8219.52
3975,1193629,2025-12-23,19934,295,45,1,1,25971.28
3976,1115313,2026-03-26,10599,1881,38,1,3,477.6
3977,1029669,2025-09-17,42953,2105,107,1,3,5349.69
3978,1044422,2025-10-07,12684,866,10,1,2,1744.66
3979,1094053,2026-03-06,13267,521,11,1,5,219.3
3980,1154704,2025-06-20,22024,520,49,1,2,822.82
3981,1190848,2026-03-01,10667,635,26,1,5,21722.63
3982,1166785,2026-03-20,40258,2341,63,1,2,1741.8
3983,1083094,2026-02-20,2183,542,37,1,5,32147.37
3984,1108737,2025-05-24,13044,2692,32,1,2,96272.85
3985,1154712,2026-04-11,47706,1459,82,1,1,431.43
3986,1152045,2025-06-27,2651,1222,35,1,1,18191.0
3987,1161019,2025-12-21,21432,2570,47,1,4,14439.88
3988,1014150,2025-05-27,10156,1985,51,1,4,8681.55
3989,1165452,2025-05-01,42667,795,105,1,1,2052.37
3990,1106380,2025-11-01,26590,760,19,1,3,2875.98
3991,1009589,2025-08-24,14334,23,12,1,3,230.78
3992,1132482,2025-09-26,33508,142,40,1,5,298.0
3993,1005399,2025-10-30,10226,1847,86,1,3,12019.53
3994,1088605,2025-06-17,22489,2495,72,1,3,30027.12
3995,1020693,2025-11-01,29795,1308,34,1,1,59390.45
3996,1069998,2025-12-27,33246,2696,59,1,2,28337.46
3997,1051993,2026-01-27,10549,598,100,1,4,438.35
3998,1086490,2025-05-21,25740,1605,7,1,2,20252.54
3999,1114178,2025-09-03,2935,2557,31,1,2,272185.49
4000,1190815,2026-01-05,20062,259,16,1,2,44935.97
4001,1063474,2025-04-14,24270,138,104,1,2,70.41
4002,1183296,2026-03-02,19192,1128,71,1,3,1473.07
4003,1159878,2025-08-29,38315,2334,40,1,2,3394.7
4004,1008483,2025-04-07,34318,2785,41,1,3,3279.52
4005,1042020,2025-07-19,48834,2349,68,1,4,3318.97
4006,1010235,2025-06-19,20264,1769,70,1,1,7532.05
4007,1033073,2025-07-05,42568,1731,23,1,5,20153.68
4008,1127561,2026-03-19,46508,1444,11,1,3,382.9
4009,1094367,2026-01-22,27070,2753,90,1,4,13135.81
4010,1074646,2025-08-07,5495,228,111,1,2,13481.09
4011,1110527,2025-10-13,40624,2318,87,1,3,9324.32
4012,1089024,2025-04-07,35336,1461,88,1,3,5283.18
4013,1051989,2025-11-09,16688,2326,78,1,5,3077.14
4014,1152446,2026-01-20,21515,128,100,1,5,1664.09
4015,1104814,2025-08-23,12332,1084,92,1,1,19973.62
4016,1092225,2025-06-30,5634,1906,44,1,2,1382.29
4017,1111021,2025-07-29,35439,1697,60,1,3,11149.51
4018,1172805,2025-12-17,45585,1879,38,1,4,3231.69
4019,1119142,2025-12-31,46800,2193,59,1,5,5054.98
4020,1049182,2026-03-15,20123,1350,8,1,5,14563.17
4021,1113395,2025-11-21,2310,2457,25,1,1,4294.21
4022,1197767,2025-09-07,252,929,59,1,4,305.74
4023,1081367,2026-04-08,3023,2862,52,1,1,3642.04
4024,1158699,2025-11-08,46653,283,59,1,4,3269.61
4025,1082839,2025-09-28,23590,998,83,1,1,1700.17
4026,1114944,2025-12-12,3732,2335,120,1,1,13464.94
4027,1045447,2026-01-27,32885,1429,8,1,1,1683.23
4028,1141321,2025-06-04,20979,1245,65,1,2,767.55
4029,1076907,2025-06-05,26044,973,83,1,2,425.81
4030,1076417,2025-04-26,16476,2606,44,1,4,28192.31
4031,1107072,2025-05-22,1361,32,68,1,1,3997.66
4032,1133349,2026-02-03,18790,2556,39,1,5,1041.08
4033,1128713,2026-03-06,11814,2751,13,1,4,243689.25
4034,1058067,2026-02-12,44992,244,111,1,1,4633.35
4035,1056823,2025-08-12,38106,1546,52,1,1,36091.87
4036,1180308,2025-06-05,48425,913,16,1,3,3391.76
4037,1118691,2026-04-22,31081,131,41,1,2,5576.2
4038,1071046,2026-03-12,7078,2130,30,1,3,3164.19
4039,1014076,2025-06-29,41710,519,108,1,5,13429.61
4040,1122305,2026-03-21,41407,2430,47,1,5,883.85
4041,1181235,2025-06-01,48514,2026,63,1,3,3734.56
4042,1186387,2025-12-03,10232,1440,7,1,4,664.22
4043,1039026,2025-04-26,20563,430,40,1,2,164263.64
4044,1114776,2025-09-15,17486,117,60,1,5,1592.83
4045,1149914,2026-04-06,22737,46,13,1,5,46813.57
4046,1001044,2025-09-30,46621,2921,67,1,1,438.43
4047,1089262,2025-09-10,18883,601,26,1,2,3016.75
4048,1183513,2026-02-24,15746,624,56,1,3,669.69
4049,1156258,2025-11-08,11246,2344,3,1,3,722.21
4050,1187184,2025-09-26,29220,503,99,1,3,293.94
4051,1199387,2026-01-17,45113,2627,103,1,4,203.69
4052,1102694,2025-07-27,10789,2173,17,1,4,9711.26
4053,1079410,2025-04-24,22215,1315,46,1,2,621.07
4054,1134481,2025-05-25,6603,2435,48,1,1,105531.2
4055,1177238,2025-11-03,46560,2791,83,1,4,4203.12
4056,1020280,2025-07-23,48381,1391,33,1,2,8198.54
4057,1154735,2026-02-09,6793,1878,96,1,1,937.2
4058,1126935,2026-04-07,45867,1353,3,1,5,8170.87
4059,1033066,2026-01-16,29754,2200,70,1,2,6228.27
4060,1148497,2025-10-27,6256,540,66,1,3,6388.3
4061,1003947,2025-06-12,7178,93,81,1,4,2131.58
4062,1187550,2025-07-19,27380,29,45,1,4,3742.92
4063,1134436,2026-02-16,2230,1069,95,1,4,394.22
4064,1184814,2025-11-27,48478,2599,17,1,3,577.47
4065,1038926,2025-05-09,13009,1906,41,1,1,1334.87
4066,1142512,2026-03-17,40492,193,54,1,2,5706.08
4067,1025016,2025-10-01,35231,354,24,1,4,798.13
4068,1056902,2025-09-10,31335,2898,8,1,2,1946.47
4069,1154275,2025-11-20,46409,1127,68,1,3,74313.85
4070,1097924,2025-06-11,37360,2653,53,1,4,602.76
4071,1155924,2025-08-09,9019,580,55,1,3,1565.91
4072,1009008,2025-10-10,5438,2014,17,1,1,6152.54
4073,1098587,2025-06-02,356,1120,82,1,4,739.27
4074,1089047,2025-11-22,4415,1339,33,1,5,3661.35
4075,1152613,2025-12-09,44879,2696,36,1,2,10685.73
4076,1002746,2026-02-01,31473,1524,44,1,3,18129.08
4077,1002152,2026-02-08,49594,2155,47,1,4,4449.72
4078,1097910,2026-04-16,8855,842,106,1,2,15166.21
4079,1049990,2025-12-01,43163,2435,49,1,4,156937.74
4080,1071398,2025-05-02,46716,36,95,1,1,6619.52
4081,1191927,2026-02-23,37784,1095,74,1,1,59407.86
4082,1149493,2025-06-05,35287,1243,111,1,1,422.93
4083,1032770,2025-11-23,18166,376,18,1,1,14512.08
4084,1146741,2025-11-27,41609,2597,109,1,2,424.17
4085,1094821,2026-04-15,45654,1591,52,1,2,324417.41
4086,1042354,2026-03-28,48890,1885,82,1,5,992.37
4087,1062917,2026-02-11,40229,1658,14,1,2,137265.12
4088,1185618,2025-11-24,41289,1635,75,1,3,12856.5
4089,1006838,2025-05-12,12779,505,42,1,1,1828.44
4090,1082157,2025-10-19,12975,1250,31,1,5,7944.87
4091,1167547,2026-01-01,24117,1379,55,1,4,48.23
4092,1106153,2026-01-11,10249,14,106,1,5,4843.91
4093,1077181,2025-11-13,42949,941,71,1,1,110138.56
4094,1037019,2025-09-26,21209,1174,48,1,5,1724.12
4095,1136209,2025-10-05,12409,1115,46,1,5,563.03
4096,1121278,2025-11-04,11979,310,23,1,3,2233.46
4097,1181510,2026-01-18,38326,82,31,1,1,167.52
4098,1184866,2026-02-09,22914,1220,36,1,4,365.8
4099,1098423,2025-07-24,41458,1808,110,1,4,9894.1
4100,1017150,2025-05-13,23055,1164,120,1,2,29965.26
4101,1105073,2026-02-26,11319,2071,61,1,4,912.72
4102,1079408,2025-08-15,43527,622,81,1,5,242687.55
4103,1057087,2025-05-22,32619,12,86,1,4,3666.91
4104,1005896,2025-06-05,4907,2361,89,1,5,409.28
4105,1106777,2025-09-29,14,1712,97,1,2,5053.64
4106,1140293,2025-06-02,10544,2486,75,1,1,3481.52
4107,1117555,2026-01-24,24334,1994,39,1,1,2504.44
4108,1089557,2025-12-26,7849,1585,100,1,4,28237.27
4109,1077626,2026-02-01,1751,2031,24,1,1,2925.25
4110,1197864,2025-07-15,8959,910,9,1,1,4385.35
4111,1138232,2025-04-12,3513,106,4,1,1,9941.23
4112,1184961,2025-12-20,13837,2435,47,1,1,144142.2
4113,1152754,2025-07-09,9483,194,34,1,3,862.03
4114,1070772,2026-04-06,9179,1295,34,1,5,2964.33
4115,1171399,2025-06-12,39559,2569,45,1,3,428.75
4116,1142256,2025-08-09,24721,533,9,1,2,803.54
4117,1176015,2025-11-10,25949,1024,5,1,2,61146.07
4118,1053710,2025-06-19,6689,1531,71,1,4,15864.41
4119,1000926,2025-11-15,19713,1582,44,1,1,13896.08
4120,1082941,2026-01-26,29912,2845,101,1,2,5088.26
4121,1037469,2025-09-16,9961,2019,6,1,1,21437.43
4122,1052680,2025-08-04,3449,873,108,1,2,62183.91
4123,1120543,2025-04-22,27809,2172,49,1,5,3148.83
4124,1096673,2025-05-04,41253,2409,65,1,3,2562.49
4125,1108332,2026-04-10,38781,1044,1,1,5,37573.23
4126,1075831,2025-07-04,32028,2542,117,1,4,497.72
4127,1015745,2025-11-08,47694,1478,15,1,5,22826.24
4128,1048458,2025-11-19,7923,2234,71,1,4,5665.18
4129,1066567,2025-10-09,25491,1338,46,1,3,7983.84
4130,1077003,2025-08-19,49681,1198,47,1,2,58481.16
4131,1047485,2025-08-24,36017,929,1,1,4,309.48
4132,1008481,2025-12-27,24967,335,58,1,4,4525.79
4133,1049505,2026-01-04,36619,1377,33,1,1,1589.74
4134,1010684,2025-07-24,8141,801,101,1,5,1617.77
4135,1063642,2026-04-09,47159,1841,10,1,1,26404.95
4136,1011299,2025-12-16,19558,717,72,1,1,66288.27
4137,1194879,2025-10-28,26217,483,17,1,2,588.45
4138,1005492,2025-06-22,41274,2629,81,1,2,183.82
4139,1072969,2025-11-23,9616,835,64,1,4,5714.92
4140,1192244,2025-12-16,15589,460,58,1,4,163208.55
4141,1169923,2025-05-14,19663,1018,95,1,5,1377.89
4142,1028227,2025-07-22,33740,2198,71,1,3,29662.83
4143,1072468,2025-05-30,19938,530,114,1,2,45186.96
4144,1137036,2026-01-20,5381,2922,9,1,5,9501.69
4145,1096098,2025-12-14,14793,2719,54,1,3,41403.8
4146,1160946,2025-04-13,22233,210,51,1,5,40129.92
4147,1011461,2025-08-10,44801,497,112,1,1,1396.49
4148,1015752,2025-07-04,29386,346,11,1,3,1793.92
4149,1105883,2025-07-31,2310,509,6,1,1,27832.47
4150,1033701,2026-03-22,7262,274,61,1,5,114.1
4151,1025712,2025-06-08,21443,60,114,1,5,5821.64
4152,1079844,2025-07-14,37555,2664,9,1,2,6659.55
4153,1131151,2026-04-16,46745,773,17,1,4,294.29
4154,1072133,2026-04-06,40433,129,10,1,3,1295.67
4155,1043442,2025-08-09,46958,859,101,1,4,350.0
4156,1162102,2026-01-08,34987,1391,5,1,4,4158.26
4157,1074317,2025-06-25,25192,1701,5,1,1,786.95
4158,1160539,2025-10-20,17743,2301,75,1,3,1290.1
4159,1145476,2025-11-27,36119,2130,19,1,4,3354.3
4160,1090963,2026-03-06,10184,1798,28,1,5,73046.64
4161,1009116,2025-06-24,18983,2430,70,1,1,863.51
4162,1139650,2025-08-20,6463,177,68,1,5,9430.38
4163,1114892,2025-12-26,3147,769,44,1,5,139.07
4164,1007013,2025-06-21,17707,914,102,1,2,38996.6
4165,1114093,2025-11-05,15267,2880,92,1,5,3054.86
4166,1163226,2025-08-29,34472,2720,46,1,3,135112.29
4167,1029753,2025-12-28,30368,2325,71,1,1,16425.51
4168,1007887,2026-02-21,38665,1637,70,1,4,973.03
4169,1088302,2025-12-30,39949,874,56,1,2,750.16
4170,1107915,2025-04-25,12899,1720,90,1,1,760.35
4171,1058312,2025-04-27,16126,615,9,1,3,2338.85
4172,1038377,2025-11-28,25830,96,24,1,2,324.83
4173,1100176,2025-05-31,12019,2551,4,1,4,1401.33
4174,1037763,2025-10-04,17431,2124,48,1,2,6468.09
4175,1095792,2025-11-06,7082,2888,16,1,1,136160.01
4176,1154539,2025-05-02,13402,2776,29,1,2,13317.61
4177,1157148,2025-06-22,3961,341,101,1,4,25580.06
4178,1169979,2025-09-18,3440,473,43,1,4,1364.97
4179,1156586,2026-03-04,17639,1754,42,1,2,2327.99
4180,1108882,2026-03-29,40739,1891,23,1,3,41555.96
4181,1030243,2025-10-07,1102,2922,11,1,3,14415.87
4182,1103197,2025-09-27,43848,2054,23,1,3,1828.98
4183,1188445,2025-09-18,46179,16,67,1,3,85539.93
4184,1039017,2025-09-03,20268,794,46,1,3,12297.05
4185,1071632,2026-03-15,37618,238,43,1,1,69408.74
4186,1177271,2025-10-01,28614,2422,117,1,2,93453.26
4187,1023390,2025-10-06,35455,2510,20,1,3,713.39
4188,1005158,2026-03-28,29428,1414,117,1,2,1067.16
4189,1012046,2025-10-25,17519,1031,24,1,5,602.76
4190,1181123,2026-04-06,19989,2916,29,1,5,22926.91
4191,1039234,2025-08-05,3605,1377,116,1,2,1854.25
4192,1137937,2025-05-24,5203,1925,101,1,4,3498.1
4193,1171993,2025-10-01,34520,2768,16,1,4,1598.12
4194,1170003,2025-12-01,17232,2847,82,1,2,6490.17
4195,1165266,2026-01-02,19381,1470,5,1,4,848.45
4196,1028317,2025-09-06,49091,1437,27,1,4,1888.8
4197,1029345,2026-04-07,28261,1018,90,1,2,957.81
4198,1176418,2025-11-10,30891,537,15,1,5,62588.07
4199,1039453,2025-07-07,29851,1910,91,1,4,63991.83
4200,1063696,2025-09-28,13161,2466,36,1,1,2608.16
4201,1125592,2025-12-12,24756,366,38,1,5,1211.07
4202,1003744,2025-12-03,47127,2032,35,1,1,163.9
4203,1030577,2025-07-22,38090,96,35,1,2,312.55
4204,1137279,2025-10-12,16625,2011,25,1,2,33861.5
4205,1019523,2025-07-09,42509,5,41,1,2,32016.87
4206,1095206,2025-12-24,27259,1240,67,1,5,2957.24
4207,1145517,2025-12-25,38054,2929,10,1,3,19487.45
4208,1044976,2025-12-16,14905,2477,35,1,1,62084.11
4209,1047046,2025-08-03,13987,871,63,1,5,4541.11
4210,1139060,2025-05-04,42831,573,79,1,4,354.37
4211,1192383,2026-01-24,45024,1173,57,1,4,8618.16
4212,1117034,2026-03-23,24588,1684,84,1,2,46710.78
4213,1050402,2025-09-24,26033,2123,27,1,2,13550.83
4214,1041283,2025-09-09,33911,974,79,1,3,102059.11
4215,1145958,2025-09-20,14551,717,30,1,4,11428.92
4216,1064095,2026-03-19,39762,2460,9,1,2,555.99
4217,1071294,2025-06-20,19465,2614,37,1,4,33210.95
4218,1018223,2025-04-28,43680,2297,25,1,5,447.35
4219,1028667,2026-02-28,10436,1812,20,1,1,5209.34
4220,1010523,2025-06-30,42667,2748,115,1,4,4954.7
4221,1123355,2025-09-08,38793,1998,91,1,3,10518.19
4222,1056801,2025-11-04,42712,2983,81,1,1,450.45
4223,1111374,2025-10-06,9439,1468,8,1,4,43694.94
4224,1154881,2026-03-05,2079,1901,24,1,4,1422.13
4225,1084879,2026-03-28,23053,1914,82,1,2,340978.4
4226,1095245,2025-11-19,20336,1449,34,1,3,11169.1
4227,1079831,2026-02-16,34047,77,23,1,1,472.06
4228,1048357,2025-07-10,36468,2787,22,1,4,106350.73
4229,1031949,2025-12-06,37411,1061,61,1,5,867.79
4230,1114028,2026-03-08,36217,1445,35,1,1,18433.1
4231,1051599,2025-08-21,13576,2592,98,1,1,14664.63
4232,1003105,2025-10-02,7424,1724,57,1,4,35063.13
4233,1063673,2025-11-21,27404,1402,114,1,3,41615.05
4234,1166309,2026-03-20,30582,2044,78,1,5,1069.98
4235,1125312,2025-12-27,42101,112,12,1,5,51492.15
4236,1143051,2025-07-19,46813,567,8,1,1,1582.53
4237,1193740,2026-01-21,26131,2145,56,1,2,27378.63
4238,1139450,2026-01-20,41695,2417,10,1,5,1730.59
4239,1043088,2025-12-07,40951,2344,23,1,1,722.15
4240,1191457,2026-03-19,4370,1727,24,1,1,33468.91
4241,1064039,2026-03-17,36144,856,56,1,2,86686.88
4242,1007177,2025-12-05,3617,2989,25,1,4,962.13
4243,1073343,2025-06-08,45231,2176,36,1,2,5290.81
4244,1073670,2025-11-08,5652,2341,66,1,4,937.79
4245,1084494,2025-09-02,29452,11,66,1,5,15249.78
4246,1196477,2025-12-29,37543,2487,91,1,2,70756.9
4247,1012268,2025-11-14,15038,2239,48,1,5,4224.92
4248,1084742,2025-09-15,10969,936,105,1,4,6331.73
4249,1012013,2025-05-10,44166,2179,41,1,4,96336.78
4250,1189446,2025-11-17,8801,461,112,1,3,36400.89
4251,1176858,2025-11-12,5750,1978,99,1,2,5065.62
4252,1083159,2026-02-06,3183,1619,99,1,5,124408.85
4253,1162499,2026-01-09,46623,2020,86,1,3,608.0
4254,1042686,2025-10-29,46513,1482,15,1,5,1928.83
4255,1138698,2025-06-01,7569,2650,28,1,3,2305.21
4256,1197265,2026-03-26,35988,15,1,1,4,814.97
4257,1057198,2026-02-22,21897,81,43,1,1,12127.2
4258,1004540,2026-01-08,26460,618,99,1,4,145113.34
4259,1061980,2026-03-17,3664,234,54,1,3,1444.28
4260,1139985,2025-08-14,34627,1028,118,1,1,24053.36
4261,1155999,2025-05-30,25638,1393,116,1,5,6029.79
4262,1080766,2026-01-17,49564,2994,48,1,4,1048.4
4263,1048250,2025-09-17,14301,888,90,1,1,14000.23
4264,1112645,2025-05-20,36700,125,66,1,2,32442.87
4265,1182041,2025-08-22,10924,759,85,1,3,264095.88
4266,1085561,2025-05-06,38431,1489,5,1,2,91709.67
4267,1047205,2026-03-30,10681,422,7,1,4,14142.91
4268,1083413,2025-05-09,13762,1926,60,1,5,3877.63
4269,1075004,2025-06-06,21528,1517,13,1,5,10463.22
4270,1069385,2025-08-30,5901,1947,38,1,4,4590.85
4271,1037159,2026-04-14,15150,100,87,1,1,1964.77
4272,1111123,2026-03-12,7836,2462,46,1,2,26306.11
4273,1197172,2026-03-05,16187,1699,68,1,3,731.75
4274,1042479,2026-01-31,46427,1936,49,1,3,250.19
4275,1041605,2025-11-05,21790,2990,65,1,4,7261.47
4276,1101035,2026-01-17,26765,874,60,1,1,1388.06
4277,1193044,2025-04-15,19466,725,84,1,5,18558.89
4278,1184774,2025-07-02,18408,741,24,1,5,10239.69
4279,1024656,2025-09-21,28464,1004,50,1,1,3016.4
4280,1148421,2025-06-10,43030,1195,100,1,2,4725.91
4281,1110590,2025-07-18,7254,2788,102,1,3,33654.57
4282,1184519,2026-01-03,43753,2612,92,1,2,10316.41
4283,1138246,2025-04-05,15875,738,72,1,1,101.92
4284,1147664,2025-11-28,16954,2134,28,1,1,855.94
4285,1009202,2026-01-08,97,334,21,1,4,1997.48
4286,1123268,2025-12-08,41578,411,30,1,5,686.72
4287,1167786,2025-07-24,17571,1131,100,1,5,17343.5
4288,1114192,2025-05-05,23789,965,83,1,4,4125.15
4289,1180314,2025-05-06,46302,1192,76,1,3,35235.91
4290,1118978,2026-02-23,22271,659,33,1,4,196.92
4291,1184639,2025-05-31,2418,2646,29,1,3,3094.91
4292,1102103,2026-03-08,18931,1287,92,1,4,36632.95
4293,1050800,2025-11-28,21426,2946,68,1,1,2583.6
4294,1074900,2025-10-23,16640,2781,16,1,1,25720.11
4295,1000680,2026-02-25,49474,1353,117,1,1,7821.9
4296,1122105,2025-10-07,35050,1200,55,1,2,1963.19
4297,1013696,2025-07-02,38372,1073,109,1,4,4067.92
4298,1121679,2025-05-22,43864,747,21,1,1,436.48
4299,1139061,2025-11-02,30692,1471,65,1,4,2385.87
4300,1077689,2025-05-17,31326,2020,63,1,5,624.57
4301,1127806,2026-02-19,578,384,58,1,3,77567.17
4302,1027658,2025-08-03,9445,2287,44,1,3,510.96
4303,1068436,2025-12-25,21152,2260,18,1,2,157229.69
4304,1088562,2025-09-04,2020,1585,79,1,5,14014.55
4305,1039201,2025-08-19,39828,2359,54,1,4,4750.68
4306,1023978,2025-07-24,47057,814,67,1,4,408.32
4307,1016348,2025-11-06,26618,181,59,1,5,15596.76
4308,1036496,2026-01-22,45088,378,12,1,3,49080.5
4309,1089948,2025-09-25,49170,2384,16,1,1,9163.13
4310,1169943,2025-07-18,41780,936,109,1,3,2105.74
4311,1117076,2025-08-25,43900,1961,73,1,1,98120.03
4312,1073435,2025-10-19,18925,2062,109,1,1,415.49
4313,1043624,2025-06-07,28205,2348,69,1,4,1716.47
4314,1041087,2025-11-07,34708,1225,55,1,1,26119.49
4315,1081562,2025-09-27,730,2082,24,1,5,2468.89
4316,1028812,2025-11-13,14061,2134,34,1,3,425.4
4317,1196474,2025-05-16,657,1763,114,1,2,145.1
4318,1095154,2025-10-25,7653,2016,102,1,2,20349.74
4319,1041696,2025-08-26,21115,250,86,1,2,2460.64
4320,1003665,2025-10-29,26719,1367,63,1,3,8679.71
4321,1029712,2025-12-10,19348,1420,116,1,1,672.64
4322,1002594,2025-06-10,18542,1191,12,1,5,7443.87
4323,1007833,2026-02-01,30619,550,73,1,5,27045.99
4324,1104810,2025-10-05,24758,1193,46,1,1,64979.92
4325,1037215,2025-11-02,13315,2243,75,1,2,2593.77
4326,1131666,2025-08-09,9909,315,32,1,3,9258.87
4327,1063481,2025-08-09,43795,909,112,1,4,1277.39
4328,1160269,2025-11-21,35233,1857,56,1,5,65630.27
4329,1047267,2026-03-17,39950,2677,56,1,1,28099.37
4330,1136062,2025-11-28,20854,384,42,1,5,26394.59
4331,1148718,2025-08-14,31785,1540,77,1,1,19971.5
4332,1186665,2025-12-27,1685,2255,89,1,1,1306.58
4333,1167173,2025-12-13,11949,2052,4,1,1,16903.73
4334,1130198,2025-10-08,20768,2898,88,1,4,1850.21
4335,1199851,2025-06-29,21887,2869,43,1,4,79456.16
4336,1139710,2026-02-16,16061,684,34,1,2,13852.06
4337,1190891,2026-01-07,27418,1781,62,1,4,115071.98
4338,1187039,2025-07-08,29102,2570,61,1,2,7898.93
4339,1064821,2025-04-13,10788,1430,15,1,4,6191.03
4340,1185221,2025-08-15,6642,1313,91,1,1,9056.06
4341,1012269,2025-08-04,48116,1070,59,1,1,98.84
4342,1165841,2025-08-07,35270,2199,33,1,5,2091.11
4343,1051277,2026-02-04,47525,932,117,1,4,2295.08
4344,1121186,2025-10-01,22265,969,85,1,2,3254.87
4345,1025660,2025-06-21,41763,1085,34,1,2,81985.89
4346,1009160,2025-07-08,29145,1636,5,1,2,102532.83
4347,1062496,2025-10-22,35529,1791,98,1,4,2135.96
4348,1183365,2026-03-17,4392,1131,25,1,3,12648.15
4349,1029160,2026-03-30,15912,2902,39,1,1,61455.23
4350,1029899,2025-11-16,49161,320,100,1,3,6705.27
4351,1070802,2025-07-29,43782,1031,71,1,2,573.58
4352,1148347,2025-07-17,22802,1067,112,1,5,10737.31
4353,1016396,2026-01-21,28274,1106,25,1,4,68126.19
4354,1172520,2025-11-14,19978,882,5,1,4,37350.59
4355,1185898,2025-12-18,23934,844,62,1,5,88.65
4356,1128984,2026-02-16,18698,1960,44,1,2,42383.4
4357,1065988,2025-05-31,10477,1240,73,1,4,1724.27
4358,1059414,2025-11-23,25951,2850,39,1,3,13223.42
4359,1080000,2025-06-28,25621,283,101,1,5,3328.81
4360,1070820,2025-08-26,43056,1761,73,1,4,190.07
4361,1093623,2025-09-20,16370,516,15,1,1,40343.49
4362,1051186,2025-12-03,9465,660,56,1,1,43801.02
4363,1106999,2025-07-16,23783,1064,16,1,3,21252.59
4364,1078362,2025-09-15,5623,2838,6,1,1,49659.2
4365,1014277,2025-05-15,11354,2023,87,1,3,624.74
4366,1091543,2025-10-03,28624,1626,25,1,2,5144.6
4367,1169568,2026-02-10,43676,332,116,1,3,9533.02
4368,1164778,2026-03-11,12959,2527,89,1,1,8422.96
4369,1146042,2026-02-17,19000,1121,34,1,1,2435.96
4370,1027728,2026-02-01,34587,2394,66,1,3,219.59
4371,1154964,2025-06-07,42736,423,95,1,3,4353.01
4372,1014729,2025-11-16,42169,1667,34,1,3,5644.88
4373,1040187,2026-01-14,27086,1451,60,1,5,603.76
4374,1183287,2025-04-23,6111,744,29,1,2,251.12
4375,1178650,2026-02-06,29844,91,37,1,1,1055.16
4376,1113530,2026-04-20,45152,763,56,1,4,12646.07
4377,1102195,2025-05-22,21575,1488,39,1,1,24896.01
4378,1172711,2026-02-20,34260,1733,62,1,4,3363.21
4379,1198029,2026-02-27,31530,951,35,1,4,13343.56
4380,1150516,2026-01-09,11972,921,6,1,1,394.83
4381,1135763,2025-11-09,14472,1741,83,1,1,6205.86
4382,1177385,2025-09-27,36152,2485,9,1,5,2070.09
4383,1025733,2025-09-16,22764,909,28,1,1,2384.33
4384,1024636,2025-12-20,37250,1174,76,1,1,1716.3
4385,1001594,2025-07-26,796,267,92,1,5,523.02
4386,1022721,2025-09-23,13958,1493,85,1,2,14394.44
4387,1011546,2025-11-01,7245,1723,93,1,3,58325.36
4388,1029344,2025-09-15,27933,2487,112,1,2,77391.89
4389,1067174,2026-01-05,43473,1421,39,1,5,1277.13
4390,1193855,2025-05-12,6236,446,51,1,5,5877.37
4391,1139842,2025-10-21,36672,111,39,1,1,1148.13
4392,1011732,2025-11-22,48456,894,78,1,3,9275.51
4393,1088127,2025-12-16,33357,133,93,1,1,3183.64
4394,1032642,2025-09-08,17538,2965,49,1,2,1896.21
4395,1157537,2025-08-07,35184,734,53,1,4,3109.68
4396,1128100,2025-09-09,44213,738,71,1,4,48.76
4397,1044869,2025-07-28,29203,2685,100,1,4,3754.64
4398,1008880,2025-06-29,49893,1439,59,1,1,829.15
4399,1033960,2025-07-20,3583,1171,56,1,2,66599.55
4400,1154381,2025-10-08,18034,687,45,1,1,3800.21
4401,1188520,2025-09-18,33358,476,37,1,5,121554.12
4402,1172393,2026-01-29,7975,2789,22,1,5,7553.8
4403,1097221,2026-03-29,48684,1418,98,1,1,15607.56
4404,1004624,2025-06-09,22899,1175,91,1,1,18000.43
4405,1034493,2025-10-25,14975,1998,61,1,1,10127.4
4406,1007742,2025-06-11,1192,290,98,1,5,14776.35
4407,1123765,2026-04-24,25736,328,66,1,2,6761.5
4408,1027090,2025-10-09,1651,1947,86,1,2,8105.96
4409,1150707,2025-07-23,20504,1736,70,1,1,12394.78
4410,1115868,2025-11-26,28544,2111,69,1,1,17346.37
4411,1111399,2026-03-08,26135,2544,51,1,3,14569.65
4412,1180697,2025-09-05,21552,391,108,1,4,6810.97
4413,1093715,2025-12-10,24886,1671,78,1,2,2836.02
4414,1172184,2025-11-28,2696,2900,68,1,3,945.82
4415,1001974,2025-09-05,792,15,7,1,4,835.58
4416,1079909,2026-03-21,19424,2045,79,1,4,1518.7
4417,1125351,2026-04-09,8572,2602,5,1,1,3000.06
4418,1193245,2026-03-20,18411,1376,118,1,4,5322.39
4419,1125505,2026-02-14,12663,877,19,1,2,2233.27
4420,1181018,2025-12-22,40640,432,13,1,4,202.81
4421,1197478,2025-04-19,37796,2630,23,1,4,1368.34
4422,1084859,2025-12-14,20944,2593,26,1,4,14315.99
4423,1084956,2026-02-04,33102,2138,108,1,1,1124.09
4424,1161005,2025-04-29,11315,1676,61,1,4,6442.25
4425,1033115,2025-06-06,31861,489,120,1,4,5154.88
4426,1149872,2026-03-01,32393,320,35,1,2,42878.26
4427,1017036,2026-04-10,27288,1794,80,1,1,1737.34
4428,1142470,2025-08-21,49465,2965,98,1,3,1869.1
4429,1088211,2025-11-10,31593,2692,79,1,2,20254.04
4430,1165501,2025-09-30,43666,147,60,1,3,41741.97
4431,1020028,2025-12-12,10274,2791,81,1,3,2329.17
4432,1015178,2025-11-10,30530,680,68,1,4,7528.29
4433,1059546,2025-07-04,23848,286,64,1,5,261323.86
4434,1080485,2026-03-03,25297,763,34,1,4,6286.79
4435,1077468,2025-10-08,2853,2287,21,1,5,1909.25
4436,1184638,2026-01-24,12477,2692,20,1,1,72717.95
4437,1084040,2026-01-16,22351,2980,64,1,4,7135.75
4438,1093974,2025-09-17,17790,2785,79,1,5,16282.78
4439,1173996,2025-06-15,38094,2732,60,1,2,1123.8
4440,1154474,2025-12-14,15178,283,97,1,1,6628.61
4441,1174040,2025-12-18,19241,1418,58,1,1,14259.86
4442,1043187,2025-07-22,38776,1752,93,1,2,1022.65
4443,1158746,2025-12-16,7220,673,10,1,4,9579.35
4444,1113996,2026-02-21,25917,891,55,1,5,863.06
4445,1098406,2026-01-06,11016,2862,41,1,2,1560.79
4446,1000862,2025-10-16,35647,1421,54,1,4,1260.32
4447,1139712,2025-08-25,41185,2152,87,1,5,3069.49
4448,1038993,2025-09-01,6061,1787,52,1,2,288.62
4449,1136650,2025-09-27,30850,749,115,1,4,10642.2
4450,1072339,2026-01-29,20076,2475,7,1,1,105.75
4451,1051771,2025-08-08,44737,2609,18,1,3,3156.85
4452,1060487,2025-08-06,48642,1602,76,1,2,31449.86
4453,1041169,2025-11-12,29462,2321,27,1,5,1482.36
4454,1022802,2025-06-10,41229,2877,34,1,2,751.17
4455,1008305,2025-04-17,29845,1805,88,1,5,24608.27
4456,1115182,2025-09-14,42239,1533,40,1,5,94971.36
4457,1107024,2025-11-23,32546,2864,83,1,2,5327.04
4458,1061644,2025-06-26,31138,1374,46,1,2,3655.16
4459,1060127,2025-06-07,12187,2582,56,1,3,38462.94
4460,1058997,2025-11-26,35746,2860,31,1,1,49996.33
4461,1109942,2026-01-31,30147,889,54,1,4,3580.79
4462,1058235,2025-06-01,40759,494,104,1,1,50844.92
4463,1112731,2025-09-16,4692,2814,48,1,1,1016.24
4464,1152782,2025-11-14,34588,1044,19,1,1,32179.0
4465,1062458,2026-01-20,3468,2339,40,1,5,627.64
4466,1097382,2026-03-26,6979,2625,116,1,2,148.1
4467,1111843,2025-06-24,45701,1406,88,1,2,480.48
4468,1187345,2025-09-27,8901,268,65,1,5,2264.44
4469,1045622,2026-03-26,14817,1405,111,1,5,3102.27
4470,1101322,2025-09-22,37758,2980,90,1,4,6953.14
4471,1073233,2025-05-03,7974,852,97,1,4,325.87
4472,1100494,2025-11-30,22464,1288,21,1,4,456.88
4473,1026219,2025-04-24,32953,2561,7,1,1,361.67
4474,1181688,2026-02-21,12908,2624,51,1,2,100.26
4475,1136228,2026-04-13,28259,2477,16,1,2,32819.74
4476,1002437,2025-10-27,26258,2409,112,1,3,2438.95
4477,1015944,2026-03-24,17325,70,111,1,5,1124.4
4478,1004393,2025-09-10,38637,2405,75,1,1,2335.54
4479,1199582,2025-10-12,5815,187,17,1,3,7742.0
4480,1006386,2025-04-27,45249,1771,31,1,1,5448.22
4481,1182195,2026-03-20,27899,434,71,1,5,212.6
4482,1137128,2025-06-12,36600,2440,75,1,3,66552.77
4483,1135495,2025-06-02,16694,354,73,1,3,393.82
4484,1193209,2026-02-14,26395,400,109,1,3,10862.11
4485,1073914,2026-02-17,22995,281,113,1,2,258880.72
4486,1013406,2026-03-25,33093,2424,71,1,1,815.84
4487,1023783,2025-09-26,32233,874,4,1,4,1413.01
4488,1156297,2025-08-04,2343,2081,48,1,1,865.86
4489,1085596,2025-09-24,27962,2307,57,1,4,1744.82
4490,1180063,2025-05-18,12111,1284,54,1,1,3545.19
4491,1126206,2025-11-23,13511,391,106,1,1,12763.32
4492,1142161,2025-04-23,25378,2186,116,1,3,2721.48
4493,1118945,2025-10-04,31783,1214,11,1,5,3606.39
4494,1165009,2025-11-29,45428,2624,79,1,1,95.7
4495,1000720,2026-01-03,39619,2012,83,1,4,4679.87
4496,1090189,2025-11-29,42378,1945,97,1,1,21788.91
4497,1174950,2026-01-12,32517,2363,25,1,1,63861.78
4498,1109259,2025-12-24,22077,1345,71,1,1,17798.87
4499,1125246,2025-07-15,26482,2272,4,1,1,6881.8
4500,1102218,2026-02-11,44759,2500,72,1,4,9564.58
4501,1131490,2026-02-09,15458,2879,93,1,4,2318.42
4502,1119144,2026-01-07,36849,309,34,1,4,214.53
4503,1016506,2025-12-10,11026,2013,1,1,1,48172.45
4504,1159852,2026-01-11,3356,1387,38,1,5,3119.74
4505,1140877,2025-10-26,24579,2688,47,1,1,542.57
4506,1164367,2025-10-06,38744,1197,80,1,1,31381.36
4507,1070218,2025-12-28,35619,2778,17,1,1,90.13
4508,1192849,2025-07-30,16489,723,5,1,1,305.6
4509,1185318,2025-12-05,24846,1630,73,1,4,55231.49
4510,1134413,2025-04-29,2767,2230,45,1,4,5175.63
4511,1051511,2025-08-28,4552,1646,66,1,1,546.18
4512,1026553,2026-01-15,28181,926,86,1,5,3408.8
4513,1141477,2025-06-08,54,811,41,1,2,1919.35
4514,1045388,2025-12-12,11648,1605,55,1,3,29393.05
4515,1020458,2026-02-01,26560,2501,67,1,4,32038.05
4516,1047078,2025-12-27,21328,785,118,1,2,4503.29
4517,1137957,2025-07-06,3904,2093,56,1,5,3140.1
4518,1188617,2025-10-20,15619,261,79,1,1,2403.34
4519,1092312,2025-05-29,43811,540,17,1,5,29247.41
4520,1011515,2026-01-10,47639,1129,98,1,2,2079.67
4521,1118542,2026-01-14,44904,2655,76,1,3,797.56
4522,1089219,2025-11-03,30733,57,5,1,2,753.01
4523,1128785,2025-08-07,37543,1233,78,1,5,10732.96
4524,1066762,2026-01-14,4799,214,115,1,3,6423.07
4525,1102926,2025-07-07,43509,2238,46,1,5,2635.5
4526,1151369,2025-11-11,29855,74,52,1,1,1176.9
4527,1199334,2025-10-31,41796,1181,85,1,3,49439.89
4528,1116172,2026-04-07,8731,2095,58,1,5,230.67
4529,1146451,2025-10-01,29690,1122,72,1,5,2515.22
4530,1038576,2025-09-08,22135,1994,25,1,4,7871.93
4531,1090392,2026-03-22,7015,1047,49,1,1,1078.78
4532,1188404,2025-12-11,15558,81,29,1,5,5381.97
4533,1050119,2025-12-05,40034,2695,52,1,1,331474.63
4534,1009354,2026-03-03,22107,2374,38,1,4,5975.03
4535,1133314,2025-08-17,49683,1355,88,1,5,1254.57
4536,1108082,2025-12-09,38398,1356,109,1,3,111.24
4537,1128720,2025-10-15,19986,794,3,1,1,22954.9
4538,1045538,2025-12-22,1275,2484,34,1,3,28776.24
4539,1059449,2026-04-16,13493,1024,17,1,2,278973.26
4540,1045385,2026-01-04,49617,2580,89,1,4,9751.35
4541,1043122,2025-06-25,26347,507,64,1,3,15186.51
4542,1198817,2025-08-15,101,2070,79,1,1,1732.41
4543,1139201,2026-01-04,49225,2732,99,1,1,495.06
4544,1123038,2025-05-21,7579,123,39,1,3,334.94
4545,1076085,2025-08-04,9722,555,109,1,5,8640.4
4546,1174444,2025-11-08,15653,2737,35,1,2,5784.29
4547,1114701,2025-11-14,47953,1806,70,1,3,1381.16
4548,1087078,2025-08-28,30275,2107,111,1,4,33103.46
4549,1161540,2025-12-24,45866,1587,82,1,5,177.21
4550,1054264,2025-09-28,49130,1531,57,1,5,61097.96
4551,1033848,2025-12-19,44089,2523,89,1,2,144227.23
4552,1112177,2026-01-13,27038,1205,13,1,4,21362.33
4553,1067032,2025-11-05,30497,1325,30,1,2,1260.64
4554,1193713,2025-07-03,7788,119,15,1,1,71058.22
4555,1070925,2025-11-15,31229,2627,57,1,2,1006.55
4556,1191026,2025-05-26,12280,1244,5,1,5,12517.73
4557,1126857,2025-09-05,11917,464,35,1,4,3297.25
4558,1072384,2025-06-04,16611,987,3,1,3,1000.13
4559,1065889,2026-03-07,11315,2899,37,1,3,3724.44
4560,1108829,2025-09-05,7377,2315,80,1,4,5029.26
4561,1118014,2025-12-09,24799,1798,88,1,3,67083.14
4562,1127219,2026-03-19,22832,828,47,1,5,317.17
4563,1115974,2025-09-11,37802,936,42,1,2,4279.39
4564,1110643,2025-08-24,15003,1781,14,1,4,265971.82
4565,1187656,2025-09-09,22068,1243,115,1,4,807.08
4566,1128252,2026-01-06,46397,2717,88,1,1,16962.98
4567,1147486,2025-11-02,46264,873,66,1,5,28613.27
4568,1040507,2025-12-15,32986,928,118,1,2,9705.02
4569,1075472,2025-06-22,23247,93,85,1,5,2285.7
4570,1071645,2025-10-27,19081,712,18,1,3,6237.23
4571,1158100,2026-04-14,15898,2575,60,1,4,191.62
4572,1170592,2025-11-08,21565,2696,8,1,5,51342.43
4573,1027170,2025-05-07,1983,2652,36,1,2,61936.06
4574,1069863,2025-09-09,30834,1924,118,1,4,41147.12
4575,1072442,2025-10-28,8524,2617,118,1,2,293.35
4576,1148584,2025-05-02,18628,729,18,1,5,5882.64
4577,1062025,2025-10-20,25512,97,55,1,1,22339.83
4578,1056690,2025-05-19,47185,1000,98,1,2,311.69
4579,1055673,2026-01-25,5025,2688,110,1,5,2011.12
4580,1043256,2025-10-22,36874,2517,76,1,1,706.43
4581,1190085,2026-02-12,15412,410,42,1,4,3586.62
4582,1081496,2025-09-20,30822,1205,26,1,2,11424.24
4583,1015856,2025-10-10,36407,1319,60,1,2,572.12
4584,1081316,2025-11-08,49802,840,19,1,2,7847.59
4585,1004201,2026-03-23,8781,785,60,1,3,2168.91
4586,1150342,2025-06-16,2688,1387,107,1,3,5890.95
4587,1024400,2025-08-03,5028,2779,29,1,2,4369.01
4588,1120171,2025-06-27,46791,606,66,1,4,1547.21
4589,1184097,2025-08-23,42034,552,88,1,1,8442.51
4590,1119809,2025-10-06,30613,1509,110,1,3,4981.14
4591,1165219,2026-01-17,16850,1503,48,1,2,16509.01
4592,1185759,2025-09-18,5324,1794,37,1,4,3476.02
4593,1155735,2026-03-02,21071,779,94,1,5,8389.85
4594,1191209,2025-08-23,34903,1139,97,1,1,1210.54
4595,1186439,2026-03-25,47510,1149,57,1,1,39707.14
4596,1137499,2025-11-04,20612,1675,44,1,4,2006.13
4597,1014665,2025-05-18,12057,1804,93,1,3,14855.74
4598,1080338,2025-09-09,39861,2012,38,1,2,5075.67
4599,1150759,2026-02-03,33759,2024,80,1,1,7794.77
4600,1042528,2025-05-06,3353,2675,110,1,1,7001.44
4601,1110656,2025-09-18,13008,2300,117,1,4,33282.66
4602,1055701,2025-06-15,15864,273,10,1,4,2994.23
4603,1158149,2026-01-03,34327,1303,10,1,1,740.9
4604,1006931,2025-09-23,35970,2600,110,1,3,209.02
4605,1073319,2025-05-02,41666,638,86,1,4,962.37
4606,1104683,2025-11-20,31637,2741,84,1,5,1440.89
4607,1014876,2025-10-10,39537,1775,63,1,4,7206.33
4608,1183384,2026-03-21,15519,2753,68,1,3,14455.67
4609,1020983,2025-11-04,28852,2535,13,1,3,62221.03
4610,1080403,2025-06-09,43127,2575,3,1,3,351.94
4611,1158479,2025-04-16,2656,1624,90,1,4,5745.86
4612,1162571,2025-12-17,22578,2543,69,1,3,118.11
4613,1058988,2026-02-10,21890,1390,62,1,3,55356.02
4614,1124558,2025-09-08,27000,2099,42,1,1,2778.96
4615,1102808,2025-12-28,17748,2553,114,1,5,50.01
4616,1055881,2025-07-19,2348,1655,44,1,1,13828.91
4617,1143502,2025-08-29,21214,1238,59,1,2,15624.77
4618,1116216,2026-01-04,8445,916,95,1,3,18188.02
4619,1065153,2026-02-21,47521,143,41,1,2,51067.09
4620,1052799,2025-05-21,5926,643,46,1,4,11761.54
4621,1132217,2025-10-11,44918,1236,86,1,4,29.05
4622,1186491,2025-12-13,32147,670,99,1,2,4170.71
4623,1038841,2025-11-07,137,984,107,1,2,6351.72
4624,1091034,2025-12-11,18079,1804,64,1,1,27091.48
4625,1040344,2026-02-06,24488,2754,77,1,2,1363.53
4626,1050630,2025-07-15,16602,820,102,1,2,186859.29
4627,1198676,2026-02-28,3736,2113,10,1,4,29677.06
4628,1038155,2025-08-31,1409,2145,39,1,4,18020.94
4629,1058629,2025-04-28,27563,1767,15,1,2,218.92
4630,1153525,2026-03-07,28894,1294,99,1,5,20082.96
4631,1199322,2025-08-20,45107,317,32,1,3,14946.21
4632,1030495,2026-01-12,33203,356,49,1,1,7554.1
4633,1196088,2025-04-24,8194,217,51,1,2,3413.64
4634,1047066,2025-10-16,46369,2151,3,1,3,10660.96
4635,1154790,2026-01-01,18850,540,111,1,1,13195.88
4636,1139642,2026-01-06,41225,1809,7,1,1,1307.51
4637,1174935,2025-10-31,10222,1460,28,1,3,652.85
4638,1051186,2025-08-05,41322,2951,46,1,5,667.12
4639,1062574,2026-03-01,41520,2707,49,1,2,762.81
4640,1034811,2025-05-26,46050,910,67,1,1,4297.58
4641,1188104,2025-09-09,34360,114,12,1,3,6332.8
4642,1158714,2026-01-24,3502,30,81,1,3,1014.28
4643,1153649,2025-04-17,468,637,117,1,4,798.66
4644,1001871,2026-03-11,13709,1304,99,1,1,37276.89
4645,1187713,2025-11-15,13101,1407,18,1,4,22.85
4646,1013524,2025-11-05,35908,1284,66,1,2,3467.92
4647,1022215,2026-01-09,4472,377,118,1,5,111016.75
4648,1139860,2025-12-24,22876,2667,1,1,1,7943.33
4649,1019456,2025-09-30,17855,2399,87,1,4,579.49
4650,1177634,2025-12-05,23993,192,109,1,4,1005.68
4651,1017542,2025-11-03,17748,2624,81,1,2,190.11
4652,1197640,2026-03-25,45332,882,38,1,5,14141.65
4653,1084184,2026-04-10,1959,1520,30,1,5,1901.63
4654,1028695,2025-12-29,43279,1301,33,1,2,648.32
4655,1019925,2025-08-04,10937,839,106,1,5,18140.44
4656,1040128,2025-08-13,5491,2733,42,1,3,2526.33
4657,1165407,2025-11-27,34942,2083,95,1,3,841.93
4658,1143281,2025-04-05,20892,2158,97,1,2,7598.47
4659,1024526,2025-06-24,45195,1957,110,1,2,15050.24
4660,1170287,2026-01-10,8988,16,74,1,2,41098.19
4661,1150025,2025-06-28,48160,2363,28,1,1,272582.28
4662,1151672,2025-05-27,7699,2922,48,1,1,4554.18
4663,1164862,2026-04-19,7353,2876,108,1,2,1238.21
4664,1084727,2025-10-03,39689,2070,17,1,3,837.35
4665,1139467,2025-06-23,1036,2743,35,1,2,2514.34
4666,1127292,2026-01-20,9372,2008,50,1,2,621.43
4667,1123091,2025-06-27,22515,1191,76,1,5,3848.63
4668,1179171,2025-04-22,26162,1355,27,1,5,1214.53
4669,1164432,2026-02-19,8867,490,23,1,3,2798.62
4670,1045901,2025-06-24,47274,2735,23,1,2,11516.89
4671,1150005,2025-08-07,14688,1458,18,1,2,1169.01
4672,1011118,2026-03-19,39365,2066,8,1,5,11732.64
4673,1015368,2026-01-22,36835,647,54,1,2,4633.75
4674,1116548,2025-07-30,29309,1678,14,1,1,3095.23
4675,1048210,2025-07-17,10922,115,39,1,4,22541.8
4676,1043786,2025-09-26,43836,1743,2,1,2,136.31
4677,1079952,2025-08-06,17816,2205,110,1,2,34481.89
4678,1082225,2026-03-18,38184,2515,12,1,3,303.22
4679,1096766,2025-10-18,24808,943,111,1,1,1041.59
4680,1137352,2025-06-12,14265,418,26,1,1,978.51
4681,1193898,2025-05-17,47423,1166,87,1,5,3037.57
4682,1006126,2025-08-22,24870,1837,81,1,3,13095.81
4683,1180989,2025-09-27,19186,2832,15,1,4,1808.13
4684,1118076,2025-12-21,47759,227,3,1,2,1134.71
4685,1197174,2025-08-09,27511,1770,15,1,1,32.18
4686,1108987,2026-04-25,27647,929,40,1,4,930.26
4687,1003027,2026-02-05,24739,2057,19,1,5,5881.92
4688,1050313,2025-09-16,295,363,108,1,4,2208.26
4689,1106509,2025-04-12,43015,2138,61,1,2,2270.92
4690,1192409,2026-03-27,7572,2282,104,1,1,1408.27
4691,1015084,2026-01-06,28766,1777,18,1,2,1154.1
4692,1112470,2026-01-11,22962,2874,75,1,3,7608.33
4693,1048138,2025-12-11,9578,1550,41,1,1,143295.5
4694,1155478,2025-07-07,184,1675,104,1,1,1851.25
4695,1008819,2025-05-19,20530,263,18,1,1,308.0
4696,1061240,2025-05-08,9934,2205,40,1,4,44488.37
4697,1188003,2026-04-12,21536,2151,102,1,5,11628.88
4698,1091277,2025-12-16,2120,1078,69,1,4,275.83
4699,1070294,2025-11-01,12330,330,103,1,2,4789.25
4700,1156142,2025-11-29,49711,797,98,1,4,85114.79
4701,1089656,2025-08-23,18960,2302,69,1,5,2879.6
4702,1046373,2025-05-06,48272,713,82,1,3,46176.45
4703,1140394,2025-07-18,13313,2462,28,1,2,28400.22
4704,1188434,2025-11-18,20394,1898,2,1,2,214.07
4705,1174223,2025-11-28,18234,2462,77,1,2,26754.04
4706,1051550,2025-05-19,14821,1508,76,1,5,32955.25
4707,1149839,2025-12-07,22374,168,103,1,2,507.19
4708,1046325,2025-12-10,30557,2413,106,1,4,3587.0
4709,1120867,2025-12-18,49770,445,87,1,5,6690.13
4710,1058792,2025-10-29,5865,2375,71,1,1,630.17
4711,1083845,2025-07-29,28569,446,101,1,5,12274.62
4712,1036225,2026-04-15,500,274,41,1,2,244.08
4713,1064060,2025-06-23,48792,1860,99,1,1,6357.81
4714,1011091,2025-10-22,49552,1278,6,1,5,677.53
4715,1159389,2025-07-27,47526,1591,15,1,3,103427.33
4716,1062929,2026-03-22,6417,2518,79,1,4,794.66
4717,1009557,2025-05-24,44103,41,69,1,5,396.54
4718,1157337,2026-04-11,20424,1395,66,1,5,3983.48
4719,1015690,2026-04-20,13144,1254,54,1,5,4347.99
4720,1069065,2025-08-13,29375,2496,43,1,2,4288.67
4721,1036237,2026-04-14,44280,1040,88,1,4,18317.45
4722,1024664,2025-04-24,6071,224,4,1,5,1465.57
4723,1084958,2025-09-03,33572,2783,41,1,1,5072.64
4724,1064387,2026-03-12,13592,2900,100,1,4,999.73
4725,1102721,2025-06-26,32303,250,24,1,5,7369.09
4726,1072330,2025-11-29,9843,2898,116,1,4,4067.36
4727,1179122,2025-06-16,7093,187,117,1,2,5697.61
4728,1168283,2025-10-09,27757,1471,41,1,2,7791.55
4729,1061962,2025-10-30,37018,2817,69,1,5,4565.59
4730,1136857,2026-01-15,49216,1369,77,1,4,4634.5
4731,1137751,2025-08-01,47121,873,7,1,4,28336.45
4732,1022748,2026-01-07,32305,2948,103,1,4,75912.53
4733,1160710,2025-10-23,41730,1762,105,1,3,9112.53
4734,1062321,2026-02-25,49317,2689,112,1,5,4986.6
4735,1052798,2025-05-05,38408,642,52,1,4,36330.2
4736,1010387,2026-03-21,12631,917,49,1,2,84886.23
4737,1016210,2026-01-16,26685,2178,99,1,3,3471.03
4738,1079875,2025-05-24,45156,1634,60,1,1,995.52
4739,1140472,2025-05-04,13055,629,91,1,3,12729.44
4740,1123226,2025-07-02,22791,784,43,1,5,794.29
4741,1172894,2025-06-05,8965,1177,98,1,1,358846.97
4742,1154853,2025-12-19,2052,294,50,1,2,13547.11
4743,1122173,2025-06-24,26486,848,118,1,4,1402.0
4744,1131177,2026-04-09,28155,392,120,1,2,5026.42
4745,1127996,2025-09-20,26973,1266,43,1,4,644.09
4746,1105505,2025-11-21,27200,2341,94,1,2,835.13
4747,1190120,2025-11-03,5559,445,33,1,2,7001.54
4748,1046711,2026-02-11,15244,474,79,1,5,2376.46
4749,1119238,2025-08-25,39458,519,27,1,3,52841.97
4750,1060752,2025-08-08,29607,29,60,1,4,7715.12
4751,1198723,2025-11-04,36086,2040,98,1,3,14308.88
4752,1045084,2025-05-21,9009,600,99,1,2,1092.31
4753,1157637,2026-01-11,16332,2416,77,1,3,11774.71
4754,1053197,2025-10-17,8766,1500,107,1,1,43585.3
4755,1154826,2025-07-28,20445,638,73,1,2,748.64
4756,1024219,2025-10-31,23467,1004,111,1,1,1480.31
4757,1146876,2025-06-24,1054,2496,104,1,3,2270.34
4758,1179237,2025-11-09,24029,2858,70,1,2,941.16
4759,1090766,2025-12-05,3547,97,14,1,2,22011.18
4760,1132338,2025-12-13,12198,2206,29,1,4,38399.06
4761,1049394,2026-03-13,39835,183,86,1,2,9398.61
4762,1102959,2025-12-25,41485,980,21,1,4,261.52
4763,1151464,2025-12-27,9978,1232,118,1,5,243998.75
4764,1103357,2025-10-26,25577,2261,116,1,3,11967.29
4765,1161099,2025-06-02,42853,2445,47,1,5,262.15
4766,1081274,2025-05-18,35701,2564,45,1,2,292.6
4767,1008292,2025-10-01,6703,2597,71,1,3,432.89
4768,1021458,2025-08-06,35138,1094,60,1,3,467.36
4769,1055611,2025-09-20,33733,2215,42,1,2,11195.75
4770,1103203,2026-02-07,41821,111,69,1,3,5859.87
4771,1070279,2025-04-20,5924,583,72,1,3,70821.71
4772,1016805,2025-10-05,40483,1255,55,1,1,26738.89
4773,1160942,2025-05-24,4275,2249,85,1,1,3033.66
4774,1028079,2025-07-27,42440,1154,4,1,2,1231.61
4775,1018329,2026-03-09,35201,1458,106,1,5,583.02
4776,1076781,2025-05-26,41084,996,89,1,1,69847.11
4777,1152659,2025-11-28,33273,2814,30,1,2,4692.97
4778,1124406,2026-03-14,33755,2891,59,1,5,7583.02
4779,1136349,2026-01-13,31433,1416,31,1,3,1197.29
4780,1089649,2025-05-08,29047,2654,107,1,4,3443.35
4781,1117463,2025-09-15,2491,2838,11,1,5,27464.25
4782,1133174,2025-08-13,47446,2001,15,1,2,1275.15
4783,1006793,2025-11-23,46541,1645,28,1,4,280.69
4784,1109520,2026-03-03,528,593,23,1,4,6101.01
4785,1158095,2025-06-10,35745,551,103,1,5,33919.99
4786,1172253,2025-09-25,24740,1564,66,1,1,17103.83
4787,1040033,2025-10-27,46170,2677,67,1,3,25843.39
4788,1097270,2025-10-13,9244,1846,89,1,4,116821.92
4789,1188069,2025-08-09,41124,2980,32,1,1,6690.84
4790,1005926,2025-10-12,32281,530,22,1,3,37089.47
4791,1184108,2025-10-10,30335,2558,95,1,4,30627.91
4792,1069875,2026-01-17,12871,2700,27,1,1,1346.36
4793,1113639,2025-11-12,36559,562,27,1,5,3069.68
4794,1150083,2025-09-26,12428,1895,17,1,5,1123.42
4795,1064075,2025-05-03,14638,1501,27,1,2,5780.48
4796,1103260,2025-07-25,24292,813,54,1,3,388.33
4797,1082675,2026-01-26,20260,2725,83,1,1,6648.81
4798,1109859,2025-06-11,49390,1460,78,1,1,667.79
4799,1121580,2026-02-22,46293,2511,31,1,1,1965.87
4800,1037335,2025-12-04,46912,268,35,1,4,2053.17
4801,1000666,2025-12-14,23637,785,46,1,1,4401.31
4802,1086264,2025-05-06,7996,461,96,1,4,39881.11
4803,1004691,2026-03-05,7986,493,1,1,2,36958.19
4804,1131768,2025-06-18,8109,1923,100,1,1,2967.39
4805,1135386,2025-06-26,49701,2966,13,1,2,3207.04
4806,1043225,2025-07-25,15588,1991,82,1,2,713.6
4807,1106133,2025-10-31,44425,1924,80,1,2,12986.4
4808,1035826,2025-05-20,18243,1305,57,1,2,5389.27
4809,1154700,2025-05-03,30132,2280,48,1,3,8871.24
4810,1003163,2025-08-16,25423,1210,15,1,4,10264.3
4811,1018484,2025-06-05,26590,2238,64,1,1,2609.67
4812,1113511,2025-07-30,40390,789,99,1,4,3127.87
4813,1136427,2025-11-04,12687,1900,48,1,5,963.81
4814,1063331,2025-05-25,22556,2011,101,1,4,36456.09
4815,1191151,2025-11-26,5126,1493,23,1,2,28392.73
4816,1183557,2025-09-28,19985,1399,74,1,5,53346.82
4817,1098126,2025-11-13,8677,1899,101,1,5,49251.14
4818,1170765,2025-08-04,30440,1377,58,1,4,1110.14
4819,1174322,2025-09-19,2160,1807,37,1,2,31031.6
4820,1170000,2025-06-05,4883,155,44,1,3,784.25
4821,1099291,2025-12-31,39087,370,26,1,4,4097.57
4822,1181842,2025-12-05,9306,2923,50,1,1,777.93
4823,1047865,2026-02-16,20120,2321,32,1,5,4902.91
4824,1153340,2025-05-31,35732,2956,20,1,5,2965.29
4825,1115196,2025-06-03,40305,590,87,1,5,320.39
4826,1192329,2025-12-07,8116,1368,7,1,3,1594.32
4827,1084318,2025-11-04,21695,1868,42,1,3,23226.33
4828,1173537,2025-09-22,23005,1019,100,1,3,2909.01
4829,1097921,2025-09-24,5183,2874,8,1,3,7661.85
4830,1157324,2026-02-14,31882,1220,77,1,4,387.85
4831,1151591,2026-03-12,47098,837,38,1,3,297.64
4832,1024603,2026-02-14,46603,548,38,1,5,844.81
4833,1155261,2025-09-05,29864,1431,114,1,2,3579.14
4834,1027589,2025-06-02,19599,926,98,1,5,3507.44
4835,1137676,2026-04-04,27672,1614,51,1,5,5346.21
4836,1057055,2025-10-19,44873,2045,6,1,3,1412.95
4837,1025517,2025-12-19,49071,2663,18,1,4,2333.01
4838,1183301,2025-12-15,34585,860,86,1,1,1255.59
4839,1177732,2025-11-27,49187,2152,47,1,2,731.99
4840,1092180,2026-01-02,9194,622,5,1,2,76823.14
4841,1063410,2026-03-05,43774,1343,72,1,3,19542.37
4842,1026744,2025-12-17,27087,2935,21,1,1,2586.64
4843,1002366,2025-10-06,13495,2862,33,1,3,3537.63
4844,1045342,2025-08-31,19623,2083,120,1,1,2789.96
4845,1070572,2025-09-23,21938,489,88,1,1,10561.99
4846,1034812,2025-05-18,41281,2106,27,1,2,105312.01
4847,1066702,2026-01-05,1071,2918,76,1,2,2959.89
4848,1197248,2026-01-13,8678,1377,69,1,4,538.24
4849,1165394,2026-01-29,34360,1135,47,1,2,7170.82
4850,1066345,2025-12-22,30642,1375,79,1,1,181615.47
4851,1149242,2026-02-13,48502,255,76,1,3,61651.15
4852,1129734,2026-04-05,2516,579,67,1,4,427.6
4853,1040563,2025-05-25,1706,1055,18,1,5,8702.95
4854,1056805,2026-03-26,49087,1881,9,1,4,1049.86
4855,1056809,2025-12-26,35725,2155,75,1,3,8215.69
4856,1000881,2026-03-20,47094,30,70,1,1,4839.34
4857,1140735,2025-05-20,32438,971,56,1,4,4070.93
4858,1061237,2025-10-03,3880,1791,75,1,4,2130.73
4859,1090881,2025-08-02,8795,505,39,1,1,2600.07
4860,1133733,2025-07-15,28743,572,88,1,1,5632.8
4861,1199571,2026-04-24,21229,230,22,1,3,2834.92
4862,1122561,2025-08-04,33021,27,39,1,2,49537.36
4863,1017803,2026-03-06,33713,1909,3,1,2,6252.52
4864,1135358,2026-02-02,11389,67,73,1,3,3790.17
4865,1115171,2025-11-07,37524,802,88,1,2,338.57
4866,1145389,2025-09-10,47766,1478,61,1,3,22137.92
4867,1067609,2025-04-25,10873,960,116,1,2,2635.6
4868,1038788,2025-09-29,32405,378,95,1,5,24118.09
4869,1174754,2025-08-24,10663,1747,115,1,4,6959.09
4870,1025461,2025-11-24,26489,2722,94,1,1,14539.35
4871,1054807,2025-10-07,1124,513,67,1,5,503.72
4872,1147137,2025-10-03,34957,1872,80,1,3,357.03
4873,1142934,2025-08-01,29104,2070,54,1,4,875.19
4874,1126780,2025-04-20,33437,2730,114,1,3,6411.24
4875,1033020,2026-03-25,18967,1451,114,1,2,1301.76
4876,1139471,2025-10-01,25928,2077,44,1,5,3309.51
4877,1078338,2026-01-05,9500,1955,74,1,5,106158.65
4878,1046743,2025-09-21,22829,1922,19,1,2,21083.14
4879,1093657,2025-06-13,30389,1191,62,1,1,3685.04
4880,1107550,2025-05-21,13207,2167,78,1,3,4411.92
4881,1195255,2025-08-01,38021,2650,58,1,2,7204.77
4882,1193595,2026-02-13,49549,2633,75,1,1,7786.76
4883,1183064,2026-03-19,12930,2661,7,1,5,10506.73
4884,1023845,2025-10-08,37366,2283,16,1,2,509.85
4885,1012715,2026-03-30,23826,227,72,1,3,2609.23
4886,1168348,2025-12-11,42733,2881,38,1,5,276158.84
4887,1132991,2025-08-22,49283,99,49,1,4,308.21
4888,1172517,2026-04-02,17543,2001,64,1,3,645.86
4889,1060352,2025-08-23,16576,2651,17,1,1,12411.56
4890,1179638,2025-07-31,34632,2349,3,1,1,6639.73
4891,1019842,2025-05-11,15607,2031,56,1,1,1518.86
4892,1186870,2026-01-18,34163,1068,65,1,3,476.72
4893,1006242,2025-05-22,46485,1218,70,1,3,1023.18
4894,1089223,2025-10-18,33926,2663,9,1,2,2563.46
4895,1166464,2025-11-05,6403,982,25,1,5,16913.77
4896,1088773,2025-11-25,49085,2040,2,1,3,6693.77
4897,1092333,2025-05-17,14904,712,62,1,5,2571.72
4898,1045363,2026-01-29,19478,2163,43,1,3,2593.42
4899,1143539,2025-09-24,39130,380,87,1,5,8014.55
4900,1150368,2025-12-01,12559,836,55,1,4,215.78
4901,1088517,2025-05-22,26388,2254,25,1,5,34633.84
4902,1033588,2026-03-08,1175,2866,107,1,1,1501.48
4903,1060394,2025-08-15,13667,2077,70,1,1,4224.78
4904,1152721,2026-02-01,15739,1151,88,1,5,4472.08
4905,1191858,2025-08-07,18915,893,43,1,5,8166.1
4906,1105860,2025-09-14,27363,1402,41,1,3,41836.25
4907,1092100,2026-01-23,31094,1755,113,1,1,138.08
4908,1034774,2025-11-30,17944,391,73,1,1,6219.92
4909,1137400,2025-10-10,272,683,34,1,4,1383.14
4910,1163807,2025-08-19,36891,2829,10,1,2,20943.17
4911,1041206,2025-12-08,24941,2893,9,1,3,13310.37
4912,1090562,2026-02-22,44793,1557,112,1,1,5275.1
4913,1174669,2025-12-11,12343,1499,66,1,1,2705.94
4914,1104927,2025-06-25,11819,2464,102,1,4,58058.23
4915,1131629,2025-08-22,40233,330,66,1,2,13477.08
4916,1042907,2026-02-08,28321,2458,102,1,5,206157.33
4917,1075057,2026-03-13,46137,2198,111,1,3,87692.0
4918,1024212,2025-08-04,4145,31,118,1,2,331.51
4919,1129172,2025-08-22,6229,2015,84,1,1,2586.87
4920,1044520,2026-04-18,26324,2054,6,1,4,1794.52
4921,1030875,2025-05-28,37763,472,69,1,2,15193.71
4922,1176196,2026-04-01,45056,2765,57,1,3,461.17
4923,1067660,2025-07-01,45752,204,111,1,5,1791.0
4924,1037213,2026-01-21,35198,998,35,1,3,1709.23
4925,1020151,2025-08-23,1270,784,102,1,5,3893.25
4926,1063576,2025-08-05,39142,1458,73,1,2,1305.18
4927,1003157,2025-12-29,12166,1610,14,1,2,867.63
4928,1142333,2025-07-04,12563,1086,64,1,2,1846.01
4929,1168964,2025-10-22,6441,269,24,1,1,114415.44
4930,1095455,2025-09-28,25295,1074,87,1,5,3386.29
4931,1124859,2025-11-16,16517,994,3,1,1,20470.89
4932,1084179,2025-07-20,1012,747,49,1,1,443.14
4933,1184111,2025-04-26,16637,155,12,1,4,1194.62
4934,1065679,2025-09-05,40134,875,116,1,3,48028.26
4935,1039558,2025-05-18,37883,1461,93,1,5,5268.96
4936,1099667,2026-02-15,47616,2710,68,1,1,30073.76
4937,1130312,2025-12-06,1435,279,113,1,4,1005.78
4938,1124639,2025-09-24,28077,493,7,1,3,32790.89
4939,1043639,2025-07-06,20935,825,3,1,1,135688.33
4940,1047664,2025-08-01,35123,2922,51,1,1,11513.11
4941,1142321,2025-06-11,44083,934,110,1,1,1553.51
4942,1198331,2025-09-03,12357,675,104,1,4,321.28
4943,1107276,2026-03-24,26088,793,108,1,2,3721.1
4944,1155729,2025-10-24,26309,2570,5,1,2,6918.48
4945,1177210,2025-12-04,11832,2439,64,1,2,2549.41
4946,1064763,2025-12-22,44247,2743,95,1,5,1208.21
4947,1147693,2025-12-22,37231,909,15,1,4,5518.07
4948,1161620,2025-12-12,27709,2434,83,1,3,22716.73
4949,1198205,2026-04-20,32233,1270,3,1,1,5313.45
4950,1164926,2025-08-25,47103,1269,42,1,1,4255.83
4951,1017045,2026-03-01,48533,1207,61,1,4,646.29
4952,1123944,2026-02-09,27358,1458,93,1,3,1217.96
4953,1167284,2025-09-16,19380,652,41,1,2,13781.6
4954,1001034,2026-02-22,40810,81,55,1,3,12358.87
4955,1094064,2026-03-31,16165,2465,7,1,4,46051.3
4956,1099373,2025-08-10,36914,2945,70,1,2,64.38
4957,1145918,2026-01-05,40354,2688,19,1,4,1075.58
4958,1132807,2025-07-17,2798,1999,2,1,1,3692.51
4959,1166463,2025-10-24,14987,335,21,1,5,1567.34
4960,1140440,2025-10-13,29450,2796,17,1,5,92569.16
4961,1001962,2025-12-16,22659,2595,1,1,3,295853.05
4962,1062739,2026-03-23,33449,2289,9,1,3,11414.97
4963,1153199,2025-07-19,24551,1375,50,1,4,51643.84
4964,1002396,2025-06-01,18180,2468,59,1,3,296.2
4965,1135967,2025-07-20,29744,2340,88,1,3,3893.05
4966,1094057,2025-09-01,20152,778,82,1,1,8038.11
4967,1160069,2025-11-13,33575,1344,16,1,4,3080.02
4968,1089600,2025-05-29,46817,2450,57,1,3,76815.94
4969,1077039,2025-10-23,28604,2872,99,1,4,15974.14
4970,1163625,2026-01-20,13874,1346,107,1,4,10735.58
4971,1124477,2026-02-20,20433,558,108,1,1,582.7
4972,1058006,2025-11-25,12176,222,107,1,1,12576.33
4973,1183595,2025-11-27,5350,294,8,1,3,4218.44
4974,1190970,2026-02-01,35764,2577,106,1,3,13380.09
4975,1144415,2026-03-26,4862,930,8,1,5,85663.87
4976,1027841,2026-03-16,3727,224,87,1,2,2689.43
4977,1043732,2025-10-21,32840,1970,120,1,2,2234.25
4978,1144475,2025-11-03,7572,2401,41,1,3,60851.21
4979,1047124,2025-12-27,36840,2952,99,1,5,6697.31
4980,1021647,2025-09-22,6074,1947,74,1,3,6308.91
4981,1152656,2025-10-10,6579,176,8,1,5,36.86
4982,1050217,2025-11-25,41239,687,2,1,3,1781.96
4983,1044386,2025-10-17,46835,100,11,1,3,410.5
4984,1076571,2026-03-14,36213,1091,15,1,4,845.33
4985,1070415,2025-12-21,1282,102,4,1,5,3117.9
4986,1072573,2025-05-12,44081,441,28,1,1,16590.18
4987,1158234,2025-12-17,14328,204,44,1,2,420.34
4988,1016706,2025-11-11,5649,2546,90,1,4,3541.61
4989,1026579,2025-05-03,28928,1917,32,1,1,1490.09
4990,1164903,2026-01-24,262,254,109,1,3,10030.28
4991,1030948,2025-10-19,26529,568,88,1,5,779.12
4992,1127826,2026-03-20,2358,1349,101,1,5,3793.87
4993,1119901,2025-09-23,19973,1972,44,1,2,3315.09
4994,1138708,2025-10-08,21767,2933,10,1,2,5510.47
4995,1063170,2025-12-31,27586,1792,32,1,2,576.3
4996,1143625,2025-07-16,13880,577,107,1,1,6048.18
4997,1045337,2025-11-22,9012,76,115,1,3,182268.16
4998,1175415,2025-07-23,28872,306,17,1,1,769.78
4999,1159382,2025-06-27,44375,1491,56,1,3,968.42
5000,1046398,2026-04-08,18064,2176,42,1,5,4140.51
5001,1167230,2025-10-17,32542,1136,114,1,1,1384.53
5002,1197017,2026-03-17,44755,2279,105,1,2,12559.46
5003,1059748,2025-05-18,40267,258,85,1,2,13955.49
5004,1170622,2025-09-07,3543,2101,64,1,1,435.27
5005,1125169,2025-08-07,6263,249,96,1,4,7908.1
5006,1051585,2025-07-18,49203,2947,29,1,1,11967.37
5007,1023884,2026-01-07,45563,2044,38,1,3,330.27
5008,1113852,2025-06-07,33602,1461,39,1,1,7665.23
5009,1150571,2025-04-24,10112,582,71,1,3,2538.17
5010,1100214,2026-02-04,10947,2621,5,1,5,63766.36
5011,1046543,2025-10-28,46838,2758,73,1,5,319580.77
5012,1158752,2025-05-06,20980,2276,54,1,1,2268.77
5013,1166737,2025-09-29,24250,1091,90,1,5,1640.16
5014,1163927,2025-05-03,38504,1471,107,1,5,2617.19
5015,1152456,2025-11-19,34032,2391,41,1,5,13378.27
5016,1124534,2025-11-24,28733,137,7,1,4,699.78
5017,1054593,2025-11-21,38404,2938,20,1,2,8361.69
5018,1077402,2026-03-11,23598,2413,64,1,5,7141.12
5019,1048860,2026-02-23,28657,382,43,1,5,7996.69
5020,1073869,2025-05-27,34571,1912,104,1,2,4727.03
5021,1168778,2025-11-26,20245,2083,54,1,2,941.52
5022,1087060,2025-11-05,8143,1383,14,1,5,130.47
5023,1024160,2026-03-14,42488,2725,33,1,1,13169.12
5024,1177106,2025-11-07,9823,1379,35,1,5,23.7
5025,1140992,2025-11-08,25125,1199,31,1,3,35390.8
5026,1141295,2026-03-21,4811,2255,70,1,1,1478.17
5027,1135058,2025-10-25,12718,933,29,1,1,1125.02
5028,1112108,2025-11-04,43936,688,120,1,1,6857.33
5029,1032886,2025-11-16,30580,1784,66,1,2,6254.03
5030,1087056,2025-10-07,18067,2816,42,1,4,1216.85
5031,1164072,2025-10-29,42650,2158,8,1,3,1634.7
5032,1147985,2025-12-18,13027,2737,111,1,3,11236.31
5033,1041570,2025-10-22,8644,2159,79,1,3,1499.08
5034,1060835,2025-10-01,20160,2770,112,1,3,13621.21
5035,1066610,2025-07-24,909,294,34,1,2,13773.92
5036,1049400,2025-05-03,9411,618,117,1,1,344547.46
5037,1032944,2025-05-18,45980,1223,110,1,3,2918.1
5038,1112382,2025-09-13,14391,1941,58,1,4,4358.02
5039,1089392,2025-06-24,31575,2862,111,1,3,3595.06
5040,1180906,2025-09-14,33007,2075,71,1,3,6168.0
5041,1077161,2025-08-29,14086,103,80,1,1,2711.78
5042,1131726,2025-06-17,25914,1901,99,1,2,1410.06
5043,1109571,2026-01-22,27716,1501,60,1,3,8896.53
5044,1155169,2025-07-04,25624,140,38,1,4,713.31
5045,1075323,2026-02-12,12050,2753,44,1,4,13492.89
5046,1157503,2025-09-03,2022,893,88,1,3,7521.73
5047,1188676,2026-01-05,23432,1731,103,1,2,9492.43
5048,1096015,2025-10-18,23421,584,107,1,1,1295.18
5049,1022193,2025-05-09,2616,140,74,1,5,232.43
5050,1078431,2026-04-09,38122,937,92,1,1,842.47
5051,1194724,2026-02-12,49278,1653,48,1,3,344.23
5052,1039402,2025-07-08,8663,775,28,1,1,24552.87
5053,1191638,2026-03-02,48640,2301,37,1,1,1258.46
5054,1078541,2026-02-12,32446,1728,46,1,3,786.96
5055,1063270,2026-03-28,34770,783,94,1,4,81221.74
5056,1133630,2025-04-30,43852,2536,18,1,4,1324.73
5057,1175067,2025-10-21,6019,2618,88,1,3,9860.22
5058,1065546,2025-08-28,36681,2849,44,1,5,224.23
5059,1038740,2025-11-04,9057,566,58,1,5,6975.57
5060,1025261,2026-04-16,39545,750,9,1,1,9003.31
5061,1134557,2026-03-28,44038,2683,33,1,2,7386.36
5062,1109354,2026-03-26,46765,1844,34,1,5,4824.97
5063,1112557,2025-12-05,20448,2666,7,1,5,3677.77
5064,1004965,2025-11-08,11186,903,40,1,1,8702.37
5065,1000392,2025-06-16,5405,2037,63,1,4,5287.15
5066,1115834,2025-06-13,15542,45,29,1,4,64999.64
5067,1093457,2025-09-30,15880,1886,19,1,5,11723.05
5068,1126727,2026-02-05,26414,753,11,1,1,154.53
5069,1122917,2025-11-14,15629,2217,42,1,5,2245.83
5070,1013215,2026-02-13,40481,167,59,1,1,10706.9
5071,1119957,2026-04-18,20241,1512,46,1,4,14396.54
5072,1056095,2026-03-08,36846,2891,49,1,1,27940.81
5073,1123818,2026-01-10,42582,2602,8,1,1,1265.29
5074,1028187,2025-09-19,2091,544,36,1,3,7072.32
5075,1120313,2025-07-08,29007,648,75,1,1,23154.81
5076,1017972,2025-12-25,42654,56,11,1,4,555.59
5077,1169103,2025-11-20,32355,2436,119,1,5,45662.46
5078,1051786,2026-02-26,13592,1994,10,1,1,4769.7
5079,1059323,2025-08-18,11679,297,56,1,4,11332.62
5080,1041873,2025-08-02,27563,280,26,1,1,1902.62
5081,1146535,2025-12-13,23245,1842,104,1,3,374.55
5082,1198881,2025-11-11,47929,1853,64,1,2,818.38
5083,1194191,2025-11-26,36738,887,39,1,5,68601.39
5084,1028178,2025-07-18,49130,1624,19,1,4,9432.96
5085,1161584,2025-05-28,32774,2364,112,1,3,64.08
5086,1124244,2025-12-29,6988,2651,46,1,4,2383.08
5087,1163094,2026-03-27,28131,1001,70,1,3,256387.01
5088,1032918,2026-03-06,34087,1978,30,1,4,5400.49
5089,1146026,2025-11-15,12391,2526,2,1,3,19120.94
5090,1044579,2025-08-17,49805,1486,118,1,1,113.41
5091,1039589,2025-11-01,14733,2983,58,1,4,959.73
5092,1144170,2025-11-22,17146,808,93,1,2,3175.52
5093,1081929,2025-06-13,4950,2249,61,1,4,6413.98
5094,1114677,2025-08-30,45038,2099,61,1,1,3976.54
5095,1105736,2025-05-11,14110,103,3,1,5,1003.41
5096,1053515,2026-01-09,31929,100,60,1,2,423.04
5097,1069454,2025-05-20,45321,2433,42,1,3,123292.72
5098,1022706,2026-02-22,42126,249,102,1,4,15151.58
5099,1088867,2025-07-28,890,448,103,1,4,4988.37
5100,1108391,2025-12-24,9232,925,30,1,4,590.17
5101,1061400,2026-03-31,7987,1741,23,1,2,6420.78
5102,1147730,2026-03-13,9310,298,49,1,1,15671.47
5103,1088196,2025-09-09,40854,2731,4,1,2,2124.3
5104,1097320,2025-07-10,48630,1550,82,1,4,36594.71
5105,1039275,2025-11-29,32657,1377,115,1,2,538.66
5106,1114693,2025-08-09,9633,1524,70,1,2,12148.23
5107,1012544,2026-04-01,867,178,15,1,3,774.22
5108,1184572,2026-01-13,40221,2501,98,1,3,30247.08
5109,1050379,2025-10-15,36145,443,101,1,2,1426.88
5110,1021887,2025-07-09,23042,2789,14,1,3,16994.93
5111,1013144,2025-10-14,40161,1006,30,1,3,2843.87
5112,1108185,2025-12-23,16953,2765,9,1,2,129.57
5113,1086351,2025-10-04,32767,1656,73,1,3,12890.43
5114,1054191,2025-09-25,29142,1527,31,1,2,619.13
5115,1158587,2026-02-08,45415,1556,54,1,2,8557.14
5116,1034248,2025-12-28,1432,2224,50,1,3,9235.73
5117,1175940,2026-01-02,22072,2773,50,1,1,1837.67
5118,1190430,2026-03-01,43704,1089,37,1,1,41839.91
5119,1052441,2026-03-25,32322,236,29,1,2,2712.26
5120,1001143,2025-07-11,43169,565,6,1,4,4454.79
5121,1018287,2025-09-14,48449,533,105,1,4,837.03
5122,1043957,2025-08-04,9439,2797,21,1,4,444.22
5123,1186652,2025-07-18,39720,1686,52,1,1,1299.2
5124,1113765,2026-02-17,46783,423,106,1,1,4218.24
5125,1096832,2025-10-20,47717,2975,104,1,4,1782.1
5126,1158765,2025-11-08,11004,100,1,1,4,1258.97
5127,1145281,2025-08-03,21362,2243,73,1,1,10842.19
5128,1048684,2025-12-08,42771,2803,46,1,2,1560.25
5129,1180676,2026-02-04,12692,2916,95,1,1,16828.25
5130,1127231,2025-05-15,43269,51,102,1,1,482.15
5131,1182326,2025-11-07,35832,1092,83,1,4,56747.43
5132,1016226,2025-09-06,19081,890,43,1,1,2283.88
5133,1010415,2025-09-10,9919,2443,111,1,5,780.08
5134,1004311,2025-08-29,47042,996,31,1,5,33065.14
5135,1045316,2025-09-04,40947,1558,92,1,1,8121.69
5136,1041502,2025-08-25,18303,113,80,1,1,11466.44
5137,1088893,2025-12-08,44046,2754,31,1,4,914.72
5138,1171135,2025-10-24,47133,1415,60,1,3,4556.57
5139,1138899,2025-06-09,10703,1325,85,1,5,1162.0
5140,1166221,2025-05-08,43494,2289,105,1,4,41152.78
5141,1191278,2025-06-01,2866,1565,19,1,3,10988.36
5142,1199069,2025-09-17,5511,2726,3,1,5,13345.52
5143,1079237,2025-11-22,39789,985,74,1,5,649.97
5144,1110652,2026-03-27,22238,1250,77,1,3,7944.61
5145,1088065,2026-03-27,6594,2537,10,1,4,528.67
5146,1054605,2026-02-21,22420,1606,71,1,2,92.53
5147,1146303,2026-02-18,37719,170,72,1,5,414.28
5148,1043474,2025-12-23,34526,605,4,1,4,568.71
5149,1034015,2025-11-07,46094,327,43,1,3,625051.42
5150,1075167,2025-11-11,18454,703,89,1,4,3380.96
5151,1053378,2026-03-14,1145,2425,19,1,5,43209.09
5152,1098464,2025-06-02,13824,399,39,1,3,358.13
5153,1144535,2025-10-02,12763,1409,75,1,3,70777.43
5154,1060246,2025-11-09,2075,1549,53,1,3,311350.81
5155,1068986,2026-04-10,33885,2880,82,1,1,1452.48
5156,1039904,2025-05-22,41388,407,7,1,3,92.27
5157,1070936,2026-02-17,27690,1202,86,1,4,1021.35
5158,1163981,2025-08-01,17758,2873,119,1,4,564.16
5159,1091254,2025-11-26,13262,1366,68,1,4,11321.03
5160,1043642,2025-07-22,21389,553,27,1,4,4123.66
5161,1149568,2025-12-22,29575,1475,47,1,4,41668.58
5162,1169522,2026-03-07,11720,2384,12,1,4,18315.58
5163,1035162,2026-03-12,49813,439,25,1,1,571.9
5164,1020671,2025-06-26,32490,420,46,1,5,111689.28
5165,1022486,2026-01-25,27183,391,30,1,4,6510.18
5166,1196584,2025-12-12,20133,841,103,1,4,118.69
5167,1022371,2026-01-30,31896,2885,10,1,5,12789.91
5168,1192168,2025-07-16,36301,1377,61,1,1,1143.65
5169,1189765,2025-10-21,4542,2164,64,1,5,2408.44
5170,1060311,2026-02-14,16960,1170,7,1,5,4125.12
5171,1116406,2026-02-13,28765,2347,60,1,4,10160.22
5172,1051008,2026-01-17,43889,165,77,1,1,2361.99
5173,1194537,2025-06-04,1953,1229,67,1,5,198.3
5174,1139707,2025-11-25,9999,1582,66,1,4,12824.18
5175,1104166,2025-10-12,20946,540,20,1,5,14535.69
5176,1183591,2026-02-17,29722,1135,50,1,1,6918.89
5177,1137677,2026-02-13,9929,1878,86,1,2,1020.97
5178,1041718,2026-04-17,47911,1163,7,1,5,241.86
5179,1064818,2026-04-03,27071,2170,80,1,2,668.39
5180,1117321,2025-08-08,39638,2677,103,1,1,14637.13
5181,1061952,2026-01-19,38200,1451,55,1,1,617.26
5182,1169437,2025-09-09,35314,1725,27,1,2,7508.74
5183,1144699,2026-03-21,48843,1719,25,1,4,8838.95
5184,1078314,2026-03-24,33607,596,59,1,5,1817.43
5185,1000879,2025-09-08,8598,1673,114,1,1,193668.08
5186,1197522,2025-06-28,4934,2064,42,1,2,2265.55
5187,1129050,2025-05-19,36219,2255,21,1,3,1417.94
5188,1119304,2025-08-04,3727,2947,83,1,4,6071.5
5189,1028488,2025-07-07,339,1374,39,1,3,6890.41
5190,1018517,2025-10-11,24536,1470,19,1,5,1244.29
5191,1099577,2026-03-25,31594,745,3,1,2,15443.99
5192,1019666,2026-01-21,40836,538,92,1,5,108.23
5193,1048129,2025-10-13,28182,2963,44,1,1,44173.2
5194,1150497,2026-03-27,48141,2219,102,1,5,32571.94
5195,1145009,2025-09-03,14116,774,95,1,3,116517.11
5196,1142685,2025-10-29,35674,38,101,1,5,2686.94
5197,1169864,2025-12-05,17882,811,109,1,4,1034.18
5198,1030636,2025-05-23,24151,2905,68,1,1,633.04
5199,1041501,2025-07-23,35152,2399,116,1,3,129.82
5200,1005513,2026-04-23,4088,2262,64,1,1,1419.0
5201,1065060,2025-10-22,3645,478,21,1,3,7296.08
5202,1054952,2025-12-12,957,1863,67,1,1,3834.24
5203,1175955,2025-11-25,27087,686,41,1,1,6070.87
5204,1093234,2025-10-21,1061,801,89,1,4,1524.79
5205,1145525,2025-10-03,32396,658,67,1,5,3174.45
5206,1080203,2025-11-28,11602,2745,42,1,4,36747.71
5207,1119524,2026-01-14,41934,646,106,1,2,2193.14
5208,1049251,2025-10-22,16101,259,67,1,2,35345.09
5209,1146112,2025-10-07,2895,2913,38,1,1,3985.78
5210,1008256,2026-03-25,44087,1661,33,1,5,1734.57
5211,1126645,2025-06-28,20030,2020,95,1,2,1183.22
5212,1159108,2026-03-30,7149,1178,94,1,4,3051.18
5213,1066449,2025-10-29,45985,2382,84,1,2,2644.51
5214,1006159,2025-09-02,4734,1124,13,1,4,22965.9
5215,1149063,2025-12-06,27665,2612,57,1,5,23888.32
5216,1100886,2025-11-15,2604,831,56,1,4,3935.58
5217,1075553,2025-09-17,45949,256,52,1,2,500.45
5218,1083543,2026-03-03,29532,1603,46,1,4,3107.39
5219,1173637,2026-01-06,17312,2062,1,1,2,461.5
5220,1007569,2025-10-14,40883,7,87,1,5,395.86
5221,1160006,2025-10-03,13729,1264,27,1,2,4237.92
5222,1191429,2025-06-18,14527,1215,50,1,3,4820.88
5223,1153854,2025-11-14,736,2265,52,1,5,679.67
5224,1087740,2025-08-14,13060,532,85,1,4,541.18
5225,1016293,2026-03-30,34282,2588,42,1,3,766.1
5226,1095129,2025-08-19,469,27,18,1,5,53519.15
5227,1033574,2025-12-25,14139,1890,67,1,3,1447.54
5228,1199045,2025-11-27,46419,784,100,1,4,703.67
5229,1166142,2025-11-21,35332,792,66,1,1,2729.98
5230,1068404,2025-06-29,5976,147,19,1,5,12815.97
5231,1028850,2025-07-06,11408,1387,77,1,3,9729.63
5232,1151684,2026-04-06,14114,1220,72,1,2,1438.02
5233,1001145,2025-06-19,28965,298,22,1,3,72814.34
5234,1022977,2025-11-04,46984,417,103,1,3,231.32
5235,1071325,2025-11-13,359,1305,4,1,2,10979.14
5236,1075428,2025-11-23,12774,1876,27,1,1,12868.31
5237,1111405,2026-03-27,36035,287,17,1,5,1555.63
5238,1000701,2025-07-06,162,2693,70,1,5,38449.24
5239,1057293,2026-03-06,19679,884,57,1,3,11084.55
5240,1022768,2026-01-22,31454,1217,42,1,5,3568.56
5241,1060967,2025-07-27,44660,2614,85,1,3,16725.79
5242,1172426,2025-12-09,37151,304,90,1,4,27840.69
5243,1194330,2025-04-17,29429,2324,5,1,4,5209.52
5244,1085556,2026-03-08,49433,241,61,1,1,2903.66
5245,1101844,2025-07-02,11412,1829,38,1,5,2260.62
5246,1019689,2025-10-14,28586,1537,66,1,1,3288.63
5247,1190089,2025-06-27,19016,2918,17,1,2,1571.71
5248,1103261,2025-05-23,39798,723,4,1,2,321.88
5249,1043821,2025-12-19,36093,1848,100,1,5,7600.57
5250,1026881,2025-07-24,43427,780,98,1,4,605.2
5251,1199442,2025-05-11,2096,502,87,1,3,2179.1
5252,1186770,2025-08-10,19977,1890,24,1,2,2052.6
5253,1075799,2025-10-16,29624,856,56,1,1,51729.53
5254,1037796,2026-02-20,46679,2963,108,1,3,22780.01
5255,1017877,2025-08-23,22125,980,13,1,2,601.43
5256,1060330,2025-10-25,22470,1004,109,1,4,2715.75
5257,1198095,2025-11-15,34282,2422,30,1,3,85364.78
5258,1107383,2025-05-21,27442,2983,66,1,5,462.32
5259,1141216,2025-11-10,4392,1540,75,1,5,18163.39
5260,1028244,2026-01-26,21339,255,45,1,5,11956.07
5261,1189486,2026-01-02,28294,981,108,1,3,35193.68
5262,1101318,2025-07-27,19084,1199,86,1,5,35341.93
5263,1138695,2025-06-23,44637,689,82,1,3,943.35
5264,1058859,2026-03-25,23030,2863,66,1,4,17848.3
5265,1163454,2025-09-25,8151,1979,67,1,2,2270.66
5266,1039569,2025-07-11,24162,1522,112,1,1,13903.33
5267,1078388,2026-04-13,36069,2487,69,1,3,76620.82
5268,1002143,2025-10-19,23917,1370,114,1,3,2119.65
5269,1035473,2026-03-01,13079,1624,38,1,4,3058.86
5270,1184455,2025-07-02,34456,359,105,1,1,7416.31
5271,1155820,2025-11-25,35266,1924,34,1,2,23881.03
5272,1164906,2025-12-18,49490,2686,119,1,2,167827.54
5273,1137105,2025-10-29,5910,299,102,1,4,206453.67
5274,1104179,2025-06-19,45868,2294,116,1,2,8433.25
5275,1095265,2025-11-20,5809,2517,9,1,1,628.87
5276,1133260,2025-10-05,43548,1098,13,1,5,191561.7
5277,1174072,2026-04-02,18070,859,81,1,1,390.67
5278,1169934,2026-03-15,12437,1079,38,1,5,26540.72
5279,1197470,2025-08-07,13342,1740,91,1,2,2746.34
5280,1041486,2025-09-01,48888,1616,97,1,5,2682.57
5281,1118177,2026-03-16,29334,1517,95,1,4,10843.35
5282,1134024,2025-10-28,39973,2972,2,1,1,24654.42
5283,1106089,2025-09-16,49687,2803,27,1,2,1592.06
5284,1167050,2025-08-31,20498,753,37,1,1,91.07
5285,1046914,2025-09-20,11523,1971,43,1,1,41254.57
5286,1133660,2025-09-26,25142,44,98,1,4,488.54
5287,1156091,2025-11-14,3222,2011,8,1,3,24871.38
5288,1048816,2025-11-19,35451,259,103,1,1,30538.9
5289,1062531,2026-03-19,42801,671,114,1,4,837.92
5290,1173628,2025-12-01,43724,2826,104,1,3,2214.5
5291,1173766,2025-06-21,34055,2488,43,1,3,2993.24
5292,1116742,2025-07-04,26311,216,120,1,3,1048.52
5293,1177652,2025-09-07,41288,2950,86,1,2,2447.89
5294,1073140,2026-03-03,44510,2217,62,1,4,4596.94
5295,1172752,2025-10-28,30569,397,11,1,1,3273.42
5296,1093600,2025-06-25,37620,897,28,1,1,19459.64
5297,1109649,2025-12-10,8112,1916,96,1,1,4433.23
5298,1192909,2026-02-09,27512,201,92,1,3,110358.0
5299,1071998,2025-10-16,32690,1714,116,1,4,35606.4
5300,1056373,2025-07-02,11774,175,30,1,4,29302.87
5301,1073482,2026-03-06,42096,2916,60,1,2,5568.44
5302,1060219,2025-06-03,5682,1640,40,1,1,978.89
5303,1177697,2026-01-31,28738,854,46,1,4,1983.25
5304,1072729,2025-10-04,16817,624,53,1,5,1311.68
5305,1079822,2025-11-19,2471,137,104,1,2,713.87
5306,1041400,2025-04-29,25767,2421,26,1,1,804.57
5307,1102523,2026-03-09,4572,1416,9,1,1,1198.2
5308,1032484,2025-07-20,41517,32,4,1,1,18583.59
5309,1137951,2025-12-30,36655,2865,11,1,1,22784.91
5310,1034495,2026-02-28,7870,1916,88,1,3,2495.82
5311,1098836,2026-02-15,25187,1006,48,1,3,2863.63
5312,1049453,2025-11-20,37372,572,110,1,3,17412.85
5313,1182781,2025-11-28,32136,2140,48,1,4,1461.16
5314,1155831,2025-09-25,8669,1426,102,1,4,103633.87
5315,1191284,2026-03-07,499,1271,1,1,4,4622.16
5316,1113196,2026-01-31,48227,2289,24,1,2,21254.34
5317,1093826,2025-08-09,4166,637,16,1,2,812.71
5318,1002874,2025-10-22,41579,1295,24,1,1,2835.68
5319,1168853,2026-02-05,39054,1071,92,1,4,1382.78
5320,1141785,2025-09-22,29809,664,26,1,1,185.11
5321,1056476,2025-12-29,12242,1307,9,1,4,8142.33
5322,1047689,2025-07-12,39296,902,27,1,4,76722.19
5323,1183360,2025-11-18,16212,2505,17,1,3,7845.21
5324,1120914,2025-12-03,16943,1656,98,1,2,3049.33
5325,1126772,2025-09-02,35845,1422,108,1,4,3033.64
5326,1008973,2026-01-16,19129,2583,9,1,5,446.65
5327,1023654,2025-05-29,25112,2320,9,1,3,2371.9
5328,1060376,2025-09-27,49477,2994,66,1,1,1137.68
5329,1024389,2025-09-02,37391,1730,18,1,1,8544.19
5330,1122276,2025-05-21,42108,7,36,1,2,398.06
5331,1092862,2025-10-22,43887,1512,48,1,5,12388.27
5332,1033507,2025-12-30,16670,1074,88,1,2,1498.93
5333,1143566,2026-03-24,38290,2363,66,1,2,211573.94
5334,1010689,2025-10-13,37877,2518,100,1,4,1644.08
5335,1012049,2025-04-17,46335,2473,6,1,5,714.47
5336,1031240,2025-08-31,43353,626,37,1,4,4786.99
5337,1029870,2026-03-14,4339,415,111,1,2,3267.74
5338,1161131,2025-11-09,28263,258,111,1,1,19906.42
5339,1185646,2026-03-17,20488,2808,102,1,3,2186.15
5340,1154100,2025-11-15,14993,181,87,1,5,16389.56
5341,1136778,2025-10-18,31304,896,46,1,2,196.86
5342,1182552,2025-10-21,34087,2248,10,1,1,4687.85
5343,1153160,2025-11-04,31368,1653,116,1,1,335.69
5344,1103362,2025-10-14,36342,2111,11,1,5,9801.02
5345,1042959,2026-02-15,45842,75,54,1,5,10398.03
5346,1021564,2025-05-13,43715,2808,63,1,5,2192.38
5347,1010650,2025-10-02,47496,108,54,1,2,205.35
5348,1109593,2025-08-17,28608,2983,95,1,3,914.15
5349,1137688,2026-02-27,29711,957,75,1,4,770.67
5350,1086246,2025-10-22,47285,1654,66,1,1,1455.88
5351,1169103,2025-07-24,5098,1071,32,1,2,8211.87
5352,1076133,2025-09-07,25392,2885,101,1,5,6194.16
5353,1002435,2025-05-28,18099,996,47,1,1,64572.49
5354,1104640,2026-02-07,35637,2899,83,1,3,3842.68
5355,1161862,2026-02-01,2683,2307,63,1,1,2245.03
5356,1035378,2026-03-24,26197,414,84,1,1,10651.57
5357,1124836,2026-01-30,42286,1415,36,1,2,2323.57
5358,1108271,2025-06-01,15827,1458,9,1,5,1164.93
5359,1042664,2026-03-07,40740,2599,119,1,3,649.88
5360,1123727,2025-09-26,49527,1056,15,1,4,47366.48
5361,1119699,2025-10-14,34000,1946,43,1,4,94470.5
5362,1143916,2026-03-04,44454,1893,16,1,3,8365.07
5363,1012389,2026-03-26,14331,614,105,1,4,2036.89
5364,1156449,2025-11-15,22213,2841,105,1,3,35.29
5365,1139708,2025-06-21,43439,357,24,1,2,6041.23
5366,1124806,2025-10-02,31776,841,118,1,4,482.88
5367,1196472,2026-02-01,30589,2783,57,1,3,4981.23
5368,1174395,2026-03-22,38408,826,29,1,3,1924.37
5369,1161320,2025-09-06,28376,2315,94,1,3,3683.64
5370,1141182,2026-02-15,27924,563,2,1,2,1199.12
5371,1131981,2025-09-03,713,540,103,1,1,7375.18
5372,1150172,2025-07-03,36203,670,4,1,2,3898.45
5373,1043662,2025-11-14,11197,333,12,1,2,707.82
5374,1182293,2025-05-18,14848,1529,12,1,5,11759.76
5375,1074786,2025-05-20,32578,2664,99,1,1,18445.36
5376,1031569,2025-10-23,36429,897,100,1,5,55244.0
5377,1073473,2025-06-24,37133,973,94,1,4,417.63
5378,1140964,2026-03-16,12043,1558,72,1,1,2800.76
5379,1002189,2025-11-25,4854,2343,68,1,4,6276.82
5380,1169574,2025-11-08,30262,1512,24,1,4,60348.7
5381,1053133,2025-09-27,34746,259,86,1,1,10197.57
5382,1144999,2025-09-29,32572,70,103,1,1,3016.05
5383,1117318,2025-11-10,1875,1117,15,1,4,103318.22
5384,1141572,2025-07-08,12157,488,40,1,3,238834.88
5385,1165676,2025-11-06,32385,2491,43,1,5,573.69
5386,1143803,2025-06-28,26692,177,120,1,4,4872.8
5387,1072184,2025-06-01,8234,332,15,1,2,8928.9
5388,1063342,2025-09-10,21283,307,25,1,1,8879.47
5389,1069140,2025-06-22,12015,348,28,1,3,10990.45
5390,1045759,2025-10-02,17547,1114,116,1,4,2848.61
5391,1009742,2026-01-26,16325,1252,92,1,3,1343.07
5392,1118105,2026-01-13,21653,907,44,1,2,2253.16
5393,1078048,2025-10-30,7621,1901,26,1,4,1403.51
5394,1196051,2026-02-14,36615,377,98,1,1,358845.01
5395,1110342,2025-09-03,14649,1151,9,1,3,9960.47
5396,1042742,2025-08-02,14809,1198,105,1,2,178358.48
5397,1175813,2025-08-07,31711,2000,108,1,4,18888.61
5398,1164881,2026-01-20,14351,474,48,1,4,2302.24
5399,1082074,2025-11-21,4179,1163,53,1,2,618.16
5400,1003949,2025-11-17,15981,716,44,1,5,1141.91
5401,1090889,2025-09-02,5272,414,63,1,4,10039.04
5402,1103708,2025-10-01,25779,2671,81,1,2,18369.96
5403,1194446,2026-01-26,41434,194,5,1,2,451.42
5404,1129496,2026-03-04,37796,1949,109,1,1,2835.85
5405,1036513,2025-06-09,23348,2176,59,1,2,1301.77
5406,1079401,2026-02-15,22701,374,54,1,2,135.28
5407,1026190,2025-10-30,10773,2278,11,1,4,4564.53
5408,1059416,2025-07-17,14098,607,85,1,4,14848.38
5409,1187389,2025-07-12,49565,808,104,1,4,3614.52
5410,1072112,2025-10-10,5870,205,103,1,5,2923.01
5411,1046188,2025-05-25,29305,2612,47,1,5,11982.56
5412,1139191,2025-12-19,16162,2781,15,1,3,17229.26
5413,1054892,2025-12-16,26253,876,39,1,3,2795.75
5414,1007501,2026-01-06,2220,2890,77,1,2,11356.79
5415,1127873,2026-01-02,17095,700,9,1,4,1212.47
5416,1112702,2025-09-07,44604,2026,108,1,1,1137.8
5417,1108303,2026-03-12,28165,606,77,1,2,3091.53
5418,1151431,2026-02-11,45540,217,9,1,4,1789.54
5419,1096611,2025-06-19,18683,2219,6,1,4,32900.59
5420,1158392,2026-02-14,11375,254,98,1,4,19887.02
5421,1122557,2025-10-23,49155,10,56,1,2,304.26
5422,1036500,2025-11-09,7248,669,20,1,4,579.85
5423,1071650,2026-03-07,35205,1738,1,1,4,3442.3
5424,1005886,2026-01-19,20893,1977,94,1,5,764.06
5425,1074299,2025-05-09,25705,418,35,1,1,926.63
5426,1193790,2025-06-07,25546,1593,94,1,4,3744.39
5427,1132962,2025-07-15,2113,1106,65,1,2,204940.73
5428,1053176,2026-01-15,36819,2071,22,1,3,882.86
5429,1086717,2025-06-29,39535,1378,22,1,3,1106.14
5430,1105060,2025-11-18,48171,2566,67,1,4,161.32
5431,1088113,2025-12-13,1266,1824,19,1,1,12872.24
5432,1033059,2026-04-22,43821,958,45,1,4,6625.67
5433,1118626,2026-02-20,3532,2239,64,1,5,18640.16
5434,1076107,2026-03-04,35572,2300,105,1,1,35520.37
5435,1167268,2025-08-19,26065,133,22,1,4,10210.71
5436,1018855,2025-11-14,23228,1788,19,1,5,14577.57
5437,1184415,2025-12-08,23925,273,32,1,3,2965.47
5438,1039901,2026-03-25,32247,1989,97,1,1,3232.62
5439,1087992,2026-03-07,28790,2386,34,1,5,10047.14
5440,1145800,2025-11-17,6061,2295,92,1,1,489.74
5441,1008837,2025-12-10,29997,2952,91,1,3,12299.31
5442,1127040,2026-04-15,40937,2654,24,1,1,1103.35
5443,1199974,2025-05-31,45901,2316,49,1,4,68850.11
5444,1130925,2025-07-28,10531,204,43,1,2,922.73
5445,1040564,2026-02-10,12996,1372,41,1,5,4517.78
5446,1017433,2025-12-17,26320,1662,108,1,2,39556.02
5447,1042642,2026-04-06,16099,671,73,1,5,823.73
5448,1076703,2026-03-29,741,763,18,1,3,6161.24
5449,1129693,2026-02-13,41779,2034,110,1,1,28270.33
5450,1103367,2025-06-26,1049,500,59,1,2,13889.05
5451,1091267,2026-03-15,35588,1369,18,1,4,2239.89
5452,1062665,2025-05-28,12041,3,8,1,4,53665.0
5453,1121642,2025-10-25,48850,980,38,1,3,277.86
5454,1139006,2025-10-25,30008,2256,60,1,2,17031.11
5455,1188392,2025-12-25,40016,2939,68,1,4,204.22
5456,1183560,2025-05-02,21833,2554,120,1,4,13545.34
5457,1156231,2026-03-21,40506,2983,40,1,5,495.08
5458,1052324,2026-04-13,45528,2172,9,1,2,2963.93
5459,1019052,2025-04-28,22094,569,3,1,4,420.24
5460,1107258,2026-01-05,28959,1761,28,1,2,192.74
5461,1024373,2026-01-08,16528,241,50,1,3,2823.82
5462,1039060,2025-12-17,34475,949,119,1,5,1180.73
5463,1187432,2025-08-15,36616,1916,58,1,4,7216.59
5464,1058153,2025-07-11,22622,1184,51,1,5,6490.19
5465,1102263,2025-07-25,41180,1885,9,1,3,1013.6
5466,1104904,2026-01-17,5830,1106,95,1,3,60551.57
5467,1149838,2025-09-03,20895,568,99,1,2,274.77
5468,1083149,2025-05-20,49088,2265,94,1,1,1356.24
5469,1047912,2025-10-13,18154,2344,24,1,3,1460.81
5470,1045328,2025-12-07,33447,2850,46,1,3,39772.8
5471,1026075,2025-09-17,9892,2584,35,1,2,32023.91
5472,1003911,2025-12-11,35011,2664,7,1,1,12379.23
5473,1196119,2025-05-14,20873,1982,104,1,5,885.83
5474,1180773,2025-05-24,48171,1088,37,1,3,28252.5
5475,1052184,2025-08-25,14916,2725,16,1,2,6310.42
5476,1120509,2025-07-27,7254,1901,89,1,2,3091.85
5477,1012122,2025-10-10,14876,367,48,1,4,3758.38
5478,1123603,2025-12-13,38229,1036,109,1,3,7140.55
5479,1131319,2025-09-28,9243,2467,27,1,3,14737.31
5480,1077149,2025-12-23,38237,1585,69,1,4,12460.18
5481,1164092,2025-08-17,23799,736,56,1,1,717.06
5482,1045373,2025-11-07,46988,1188,118,1,3,27654.92
5483,1156255,2025-06-15,43017,243,39,1,4,376195.81
5484,1150222,2025-10-18,30480,2205,103,1,4,11000.75
5485,1048576,2025-05-01,40332,1940,2,1,2,4397.56
5486,1160065,2026-01-23,22505,236,76,1,2,1128.01
5487,1007592,2025-11-16,6097,2376,93,1,4,4344.61
5488,1032170,2025-07-30,35226,286,102,1,5,180494.36
5489,1067342,2025-07-28,17765,316,58,1,5,2320.91
5490,1051390,2025-10-12,469,982,92,1,3,5790.16
5491,1038216,2025-06-11,3195,1131,69,1,5,4342.24
5492,1068842,2025-08-12,2656,667,33,1,2,1423.82
5493,1115932,2025-08-13,17537,240,100,1,1,11186.99
5494,1136848,2025-11-25,12489,728,57,1,1,4470.56
5495,1168092,2026-01-14,17111,1191,56,1,3,3272.44
5496,1088154,2025-08-24,22648,2238,9,1,2,1214.81
5497,1134290,2026-03-11,28735,2437,62,1,2,607.16
5498,1093953,2025-05-11,31058,590,94,1,3,658.12
5499,1100466,2025-12-24,21741,2815,101,1,1,26.32
5500,1033550,2025-11-02,19803,2080,82,1,1,1576.56
5501,1053971,2026-03-19,20462,1527,74,1,3,1314.83
5502,1093779,2025-10-13,22447,2894,100,1,1,27390.14
5503,1142137,2026-04-01,11223,2262,33,1,3,2637.42
5504,1148662,2025-12-28,28398,1685,9,1,4,1344.78
5505,1118451,2025-06-02,22367,1208,65,1,5,3456.71
5506,1098341,2026-03-31,29161,1775,58,1,5,7583.59
5507,1101729,2026-03-19,28511,1186,7,1,5,1688.7
5508,1169824,2025-05-04,5063,385,68,1,2,480.35
5509,1155462,2025-05-14,45304,2089,36,1,1,3384.95
5510,1113625,2025-05-06,39456,512,71,1,2,8806.08
5511,1016992,2025-06-20,6151,2626,68,1,2,52060.92
5512,1071805,2026-03-16,4058,1836,9,1,1,910.52
5513,1033207,2025-09-19,25731,2454,113,1,4,21493.66
5514,1186267,2025-10-27,7397,1289,116,1,1,3364.76
5515,1134705,2026-01-27,36985,1112,13,1,5,6934.73
5516,1102423,2025-11-24,18261,199,77,1,3,785.29
5517,1160800,2025-12-19,49147,692,55,1,5,7401.94
5518,1087624,2026-02-26,5367,2968,106,1,5,335.69
5519,1051089,2025-07-12,9062,1611,5,1,3,1489.19
5520,1026917,2025-11-17,3657,537,91,1,4,119218.39
5521,1198929,2026-02-15,29979,849,32,1,5,11148.27
5522,1169553,2025-11-05,10444,1445,66,1,5,19562.04
5523,1189041,2025-05-25,31215,1042,60,1,2,4659.24
5524,1050557,2025-08-09,10883,2710,53,1,2,43695.52
5525,1049381,2026-01-06,45447,1631,92,1,4,30517.19
5526,1145614,2026-03-22,22016,32,17,1,5,3828.06
5527,1135422,2025-08-10,17178,2802,87,1,3,2512.37
5528,1174362,2025-12-11,7587,2819,119,1,1,5524.62
5529,1100461,2026-04-06,34620,1012,66,1,2,4210.69
5530,1135881,2025-10-09,39626,1197,15,1,4,70247.19
5531,1045596,2025-04-11,36477,1790,58,1,2,26.53
5532,1149192,2025-11-26,48322,2194,101,1,2,64.58
5533,1045628,2026-03-20,34227,2831,88,1,3,2215.87
5534,1141995,2025-12-28,40918,1977,87,1,5,572.62
5535,1138192,2025-08-06,42265,736,37,1,2,756.44
5536,1095855,2025-08-14,31511,2671,92,1,3,8360.4
5537,1025075,2025-11-15,564,2899,105,1,3,3449.21
5538,1053120,2026-03-20,34107,2044,87,1,4,328.55
5539,1145157,2025-06-08,44765,1559,86,1,4,64412.52
5540,1127999,2025-06-08,40793,999,19,1,1,1816.53
5541,1126387,2025-10-01,16153,1049,69,1,3,6569.72
5542,1150191,2025-12-26,32985,454,69,1,1,2918.11
5543,1059352,2026-04-06,49216,2450,115,1,1,79673.55
5544,1081249,2025-12-03,40543,74,40,1,4,604.09
5545,1052814,2026-03-01,45147,2211,94,1,1,1263.5
5546,1071960,2025-09-01,19764,1414,71,1,4,2113.57
5547,1137148,2025-12-13,27100,166,14,1,1,6610.97
5548,1175720,2026-01-16,13994,1940,50,1,4,9489.32
5549,1167877,2026-04-15,28851,2350,82,1,1,317.48
5550,1134379,2025-12-18,47586,1742,58,1,3,3985.8
5551,1046784,2025-05-30,9579,2418,36,1,5,3014.57
5552,1139460,2025-04-26,46081,2030,81,1,1,4528.08
5553,1027696,2025-09-12,19185,848,6,1,2,3046.82
5554,1051416,2025-11-16,11683,1194,48,1,2,35411.08
5555,1126762,2026-03-03,2497,254,20,1,3,19895.42
5556,1142249,2026-01-31,40118,2317,14,1,4,12310.1
5557,1101104,2025-07-24,31764,2908,8,1,2,128264.73
5558,1046802,2025-08-06,16022,2268,66,1,3,1492.09
5559,1061568,2025-09-29,15671,310,56,1,2,7205.79
5560,1104035,2025-12-03,26324,1818,96,1,5,11757.42
5561,1143096,2025-09-27,7643,1350,7,1,1,3516.39
5562,1136653,2025-08-23,27583,217,88,1,1,1595.5
5563,1167053,2025-06-19,11871,1269,25,1,4,2243.42
5564,1159382,2026-01-05,31397,2506,18,1,2,483.01
5565,1149207,2025-11-02,35862,1374,95,1,5,6564.29
5566,1141972,2026-03-26,20536,70,72,1,2,5511.77
5567,1103154,2025-06-25,32885,2334,60,1,5,3265.66
5568,1160485,2026-03-06,32448,309,46,1,2,118.82
5569,1132642,2026-04-03,20652,2608,77,1,5,4755.27
5570,1151380,2025-09-26,32769,205,73,1,1,2827.31
5571,1172475,2025-06-04,44951,2742,23,1,4,27559.0
5572,1053915,2026-01-16,48135,2468,79,1,2,302.96
5573,1129834,2025-06-24,24687,2214,14,1,4,4090.76
5574,1056163,2026-01-03,38870,147,92,1,2,13264.68
5575,1093531,2026-02-11,36104,87,75,1,1,64447.64
5576,1173530,2025-09-14,39112,126,105,1,3,2356.04
5577,1113202,2026-01-08,48031,2824,28,1,3,1233.44
5578,1058529,2026-03-21,12698,1786,8,1,2,31661.76
5579,1175742,2026-01-06,33951,768,115,1,2,4103.08
5580,1184360,2025-07-20,35994,1700,91,1,5,765.84
5581,1013664,2026-03-08,20402,2103,70,1,1,1164.83
5582,1087962,2025-10-10,47864,1084,92,1,3,10261.46
5583,1075294,2025-05-13,34845,1729,38,1,3,395.77
5584,1199469,2025-09-13,16717,1864,47,1,3,3132.05
5585,1144792,2026-03-19,17638,1304,75,1,5,60735.68
5586,1046199,2025-12-21,4520,2076,42,1,2,12164.98
5587,1168051,2026-04-19,44285,2751,9,1,2,120474.22
5588,1147310,2026-01-02,38247,856,83,1,2,25373.32
5589,1047713,2025-10-12,31071,387,106,1,2,382.65
5590,1045016,2025-06-02,6145,1295,74,1,5,8490.32
5591,1001553,2026-04-15,45461,2010,40,1,4,18000.66
5592,1140139,2026-03-26,10278,2523,106,1,4,107454.72
5593,1134462,2025-06-09,20191,427,89,1,2,15245.56
5594,1185363,2026-04-09,24911,912,118,1,3,65727.05
5595,1157032,2025-09-27,28287,2214,11,1,2,4269.12
5596,1075996,2025-11-29,41471,1537,100,1,5,13411.54
5597,1006411,2025-10-22,11688,1415,20,1,2,4584.64
5598,1196793,2025-05-07,12820,1728,79,1,1,790.3
5599,1034329,2026-04-06,15446,2827,79,1,5,771.39
5600,1047641,2025-08-24,43896,2698,28,1,3,1781.64
5601,1010942,2026-01-19,39068,1534,73,1,5,1299.31
5602,1191070,2025-09-05,31612,2420,112,1,3,6574.94
5603,1072960,2026-01-11,34754,2462,33,1,3,58135.23
5604,1096485,2025-09-27,31117,118,14,1,3,5433.03
5605,1139343,2026-02-25,32233,1030,112,1,5,4683.13
5606,1095237,2026-02-01,25244,2927,10,1,3,55782.97
5607,1150924,2025-07-30,44974,1579,37,1,2,279.49
5608,1013566,2025-10-30,20962,2725,58,1,5,12248.77
5609,1015585,2025-08-04,23245,2873,30,1,4,138.38
5610,1192810,2025-11-29,28793,1309,73,1,2,9008.61
5611,1035638,2026-03-17,36497,903,48,1,5,17083.1
5612,1101091,2026-02-23,28701,1468,107,1,3,86660.94
5613,1054865,2025-10-12,33394,540,33,1,4,19239.02
5614,1198285,2026-03-14,26450,2794,82,1,5,23853.95
5615,1107966,2025-12-08,10996,907,81,1,3,2186.59
5616,1072265,2026-01-26,22841,926,91,1,3,3658.54
5617,1054742,2025-12-27,45220,2978,107,1,4,7415.8
5618,1192956,2026-03-16,8386,2014,101,1,4,6156.7
5619,1106053,2025-10-01,32942,312,101,1,5,325841.28
5620,1044489,2026-03-09,24551,2367,100,1,1,108624.19
5621,1185787,2025-07-21,14625,382,58,1,5,16143.85
5622,1183441,2026-04-14,17205,1756,72,1,5,125146.45
5623,1183536,2025-07-04,31736,2548,66,1,3,888.08
5624,1090400,2025-12-15,48762,1611,58,1,5,3010.54
5625,1168947,2025-06-28,29282,2992,79,1,5,15428.12
5626,1152671,2025-10-04,44696,779,27,1,2,8591.47
5627,1028789,2025-07-18,23001,1530,29,1,4,782.55
5628,1177195,2025-07-06,39861,563,19,1,3,645.2
5629,1189058,2025-11-10,13168,1586,27,1,3,1033.04
5630,1142931,2026-04-03,30787,747,22,1,4,936.15
5631,1103512,2026-02-16,19534,2027,71,1,2,374.72
5632,1101325,2025-11-23,16262,2757,63,1,2,447.69
5633,1064274,2025-10-06,35894,192,107,1,5,760.63
5634,1156647,2025-10-30,31940,2411,5,1,4,3723.62
5635,1106519,2025-10-24,28451,1570,88,1,5,1202.51
5636,1096467,2025-09-24,39668,1447,80,1,1,10311.26
5637,1004017,2026-01-24,11398,521,85,1,5,223.22
5638,1098307,2026-03-09,19893,1225,39,1,1,13678.92
5639,1013367,2025-10-22,38799,2654,42,1,1,1050.37
5640,1090078,2025-12-10,43070,1877,107,1,4,46172.57
5641,1033677,2026-02-22,27851,2496,83,1,3,9090.4
5642,1093676,2026-03-26,39172,1153,37,1,4,3459.13
5643,1080729,2025-10-20,36324,2866,49,1,4,753.85
5644,1098953,2026-01-31,1359,1086,49,1,5,974.01
5645,1073472,2026-02-11,17577,72,31,1,2,1199.02
5646,1068603,2025-09-18,47209,1779,80,1,1,206.05
5647,1137591,2025-11-30,6656,775,67,1,3,8299.7
5648,1095039,2026-03-07,36332,2503,12,1,5,1719.36
5649,1064281,2026-02-27,41075,2160,19,1,2,20288.09
5650,1020713,2025-05-21,37026,2296,21,1,2,2097.83
5651,1056410,2025-05-04,4744,1815,43,1,2,3912.67
5652,1025246,2025-04-20,12356,1199,86,1,1,36223.18
5653,1171745,2026-03-18,1403,2326,52,1,1,3293.61
5654,1191542,2025-11-27,40067,192,96,1,3,350.96
5655,1045395,2025-06-28,46651,2756,111,1,2,920.92
5656,1042389,2025-09-21,24498,2600,67,1,3,598.07
5657,1079915,2025-12-30,16342,2557,89,1,5,50927.85
5658,1171318,2026-01-21,35997,2178,4,1,4,6983.37
5659,1057394,2025-12-03,16774,904,73,1,2,49072.57
5660,1195198,2026-03-17,17675,25,98,1,5,953.39
5661,1137418,2026-02-19,30420,915,69,1,5,112537.44
5662,1174125,2025-05-09,11009,1929,87,1,3,10883.41
5663,1101371,2026-01-26,42103,1940,48,1,4,4473.03
5664,1122209,2025-11-06,18253,644,29,1,5,6295.59
5665,1198933,2025-06-04,44987,2408,28,1,2,180288.95
5666,1068548,2026-03-30,2893,2887,63,1,2,241202.01
5667,1127256,2025-11-26,15420,2479,91,1,1,26686.73
5668,1000820,2025-04-22,9443,2606,72,1,4,27586.49
5669,1087680,2025-09-02,32828,416,30,1,3,169630.34
5670,1023258,2025-07-19,19142,1496,78,1,1,15269.26
5671,1147863,2025-08-27,12797,1594,56,1,4,8300.76
5672,1082719,2026-04-09,14512,2965,35,1,2,1863.97
5673,1125039,2025-07-17,3726,63,36,1,4,2043.18
5674,1098831,2025-11-30,32667,131,62,1,1,5181.7
5675,1195578,2026-01-27,44756,2767,31,1,4,2204.74
5676,1166406,2025-07-18,38715,1236,88,1,5,59.64
5677,1100739,2026-01-08,15054,511,87,1,3,9902.73
5678,1054643,2025-10-31,47816,555,65,1,4,16444.1
5679,1092246,2025-07-06,33267,1487,42,1,1,8457.29
5680,1092930,2025-12-21,14047,883,56,1,4,2612.62
5681,1117353,2026-04-18,38199,694,13,1,2,39739.96
5682,1164517,2025-10-14,5019,1638,81,1,1,3145.74
5683,1182020,2025-10-08,27877,1860,87,1,5,18488.61
5684,1134712,2025-07-03,29734,1743,5,1,4,149.91
5685,1182377,2025-09-05,44943,113,10,1,5,33662.08
5686,1064018,2025-11-10,39347,1687,22,1,1,2818.34
5687,1057376,2025-08-07,48207,1364,76,1,4,310.44
5688,1161841,2025-04-08,44701,159,114,1,4,22717.64
5689,1166399,2025-07-31,2383,1247,109,1,5,9424.7
5690,1057719,2026-04-11,47408,2783,73,1,4,1292.36
5691,1125690,2025-12-01,14393,2529,64,1,4,378.27
5692,1027957,2026-03-05,25753,122,67,1,4,54613.37
5693,1071030,2026-03-17,17918,1401,34,1,1,2627.25
5694,1097530,2025-07-16,9217,370,58,1,2,6058.93
5695,1093064,2025-10-25,19689,2305,6,1,3,164972.65
5696,1112878,2025-09-29,20717,2785,84,1,3,6230.38
5697,1135594,2026-01-02,42236,1165,110,1,2,214.03
5698,1064696,2025-07-26,45130,396,74,1,3,14178.25
5699,1089726,2025-05-05,39726,822,54,1,5,2337.2
5700,1116069,2025-12-28,45792,2439,51,1,5,2528.26
5701,1078884,2026-01-15,28752,1789,14,1,4,772.91
5702,1134596,2025-12-21,32835,1932,15,1,2,11127.2
5703,1091460,2025-06-16,26717,370,6,1,2,6047.59
5704,1190609,2026-04-06,33812,826,56,1,4,1825.14
5705,1095555,2026-02-07,46032,668,8,1,3,1350.38
5706,1099238,2025-09-26,14946,1088,106,1,1,12517.15
5707,1026944,2025-08-31,1809,404,120,1,4,550.64
5708,1194264,2026-01-01,24414,2468,51,1,2,302.72
5709,1111984,2025-08-28,49660,2835,76,1,5,632.48
5710,1091998,2025-07-27,18014,2967,85,1,1,15468.6
5711,1116407,2025-08-10,28388,524,46,1,5,214.07
5712,1079085,2026-02-08,6587,1752,77,1,1,988.87
5713,1142283,2025-11-30,12949,1282,81,1,4,53016.3
5714,1029607,2025-09-13,1631,1039,101,1,5,1311.19
5715,1009125,2026-01-15,4481,1551,109,1,2,217.31
5716,1025778,2025-07-26,25110,2538,15,1,3,800.43
5717,1180969,2025-06-02,9179,1823,73,1,4,45696.19
5718,1039747,2025-12-28,37993,62,13,1,1,5748.25
5719,1172741,2025-05-05,46848,585,55,1,2,65269.14
5720,1194639,2026-01-11,13189,2830,105,1,1,102432.66
5721,1145598,2025-12-10,1570,2372,67,1,3,1502.16
5722,1107686,2025-06-27,201,2917,24,1,3,530.94
5723,1052044,2025-09-25,12122,2228,94,1,2,970.14
5724,1022431,2025-10-13,10757,709,109,1,5,3080.83
5725,1122099,2026-03-21,44484,1237,58,1,3,2330.63
5726,1129717,2025-05-18,10086,2226,21,1,1,12887.19
5727,1099726,2026-03-22,34914,2107,91,1,1,22414.14
5728,1133784,2025-08-31,20085,808,88,1,4,13668.88
5729,1140637,2026-01-16,313,1484,70,1,4,1273.15
5730,1027780,2025-06-30,18900,854,14,1,2,3760.62
5731,1061194,2025-07-12,47271,291,22,1,5,34057.32
5732,1020002,2025-04-27,26176,429,80,1,2,7494.8
5733,1195558,2025-07-08,49597,490,6,1,1,7837.7
5734,1110410,2025-09-16,15946,986,102,1,1,4192.56
5735,1126519,2026-01-08,39727,1608,1,1,3,29886.62
5736,1110487,2025-10-04,1011,585,49,1,3,24564.7
5737,1063239,2026-01-18,36483,769,102,1,2,471.02
5738,1180597,2025-04-09,6075,926,117,1,3,1879.21
5739,1146500,2025-05-29,15919,145,113,1,3,48210.91
5740,1061707,2025-10-25,36673,294,2,1,5,4532.59
5741,1011178,2025-10-17,8246,259,61,1,2,27744.92
5742,1184875,2026-01-28,23235,1753,78,1,1,3195.99
5743,1086881,2026-03-03,42786,1198,101,1,1,115573.18
5744,1197243,2025-06-19,41466,848,82,1,1,2868.2
5745,1029113,2025-06-10,1114,532,79,1,4,1595.13
5746,1135934,2026-01-07,22008,2490,39,1,4,6092.96
5747,1025159,2026-01-24,48078,2048,71,1,3,2097.6
5748,1132639,2025-07-01,2066,214,81,1,2,30798.78
5749,1164276,2026-01-07,11512,140,42,1,2,1103.85
5750,1190554,2025-11-13,3000,2013,20,1,5,25576.1
5751,1010628,2025-06-29,1213,2273,78,1,5,41378.58
5752,1149365,2025-08-14,30469,198,98,1,3,53922.92
5753,1087855,2025-10-16,14841,2862,14,1,3,3618.68
5754,1169215,2026-02-18,36991,2151,109,1,2,24100.42
5755,1056777,2026-03-29,31933,817,87,1,1,2601.51
5756,1089441,2025-10-17,11132,2812,26,1,1,46459.31
5757,1075538,2025-11-22,17532,1603,14,1,4,5229.26
5758,1137031,2025-05-12,35063,2510,59,1,4,682.36
5759,1062463,2025-06-27,47702,783,99,1,4,132096.4
5760,1017401,2025-09-04,11181,12,68,1,4,3957.71
5761,1163128,2025-12-25,22297,807,79,1,3,201.52
5762,1024027,2025-07-09,46231,1111,120,1,4,138.17
5763,1170972,2025-12-26,42044,693,63,1,3,2302.0
5764,1099018,2025-06-01,21140,2838,88,1,4,12930.32
5765,1180211,2025-04-22,38997,2582,14,1,4,39423.62
5766,1184747,2025-06-24,45344,2085,19,1,1,3450.68
5767,1012197,2025-08-30,49013,880,83,1,5,7334.71
5768,1063544,2025-04-08,15735,2874,99,1,3,31299.83
5769,1188243,2026-01-11,19412,818,107,1,4,1254.42
5770,1072991,2025-07-25,11260,2339,87,1,3,1926.8
5771,1063268,2026-01-03,20573,801,3,1,3,6616.19
5772,1028328,2025-05-11,11966,2142,14,1,2,34030.65
5773,1087860,2025-12-29,8192,460,34,1,1,47250.28
5774,1005150,2025-07-11,33085,2641,86,1,2,18747.19
5775,1015454,2025-05-16,8036,1299,106,1,2,26496.4
5776,1161175,2025-08-14,19640,2671,60,1,5,16793.52
5777,1010281,2025-11-17,24451,2752,7,1,5,4445.58
5778,1134862,2025-08-04,39701,311,65,1,4,37791.47
5779,1122059,2025-08-29,3287,1857,54,1,3,10773.2
5780,1046774,2026-02-13,10859,1084,6,1,5,31092.8
5781,1055016,2026-04-04,37920,2357,54,1,1,2725.95
5782,1158624,2026-01-07,11902,1872,92,1,2,317.77
5783,1108459,2025-06-05,16489,184,96,1,4,2167.98
5784,1054915,2025-08-24,20811,1715,26,1,2,6004.63
5785,1168681,2025-10-12,29371,562,107,1,3,1331.46
5786,1101279,2025-07-08,12163,1127,33,1,5,109608.82
5787,1178922,2026-02-02,34545,2842,50,1,5,1378.73
5788,1070728,2025-07-15,48534,376,94,1,2,7887.58
5789,1044887,2026-03-18,30882,513,117,1,2,1522.39
5790,1198548,2025-10-20,289,1723,22,1,5,12956.69
5791,1131369,2026-01-07,42523,18,95,1,4,1272.55
5792,1029239,2026-02-18,41356,2495,18,1,5,14449.15
5793,1068829,2025-06-25,25930,2865,83,1,3,5545.83
5794,1121929,2025-05-26,41735,2403,115,1,2,28800.68
5795,1076719,2026-01-02,39326,977,119,1,4,376.23
5796,1128743,2025-07-31,15655,2807,106,1,2,20438.69
5797,1113747,2026-02-28,26321,1839,82,1,4,42456.78
5798,1124754,2025-04-15,7040,2660,69,1,3,160366.44
5799,1114994,2026-02-21,34518,2258,50,1,1,8072.05
5800,1028878,2026-02-13,7293,784,110,1,1,1531.23
5801,1078921,2026-01-04,33598,357,105,1,2,2596.68
5802,1045537,2025-08-25,7975,762,57,1,5,12735.79
5803,1067658,2025-11-27,12470,2215,10,1,2,10218.13
5804,1111839,2026-03-23,17559,741,93,1,1,9993.59
5805,1061224,2026-01-07,5308,1396,59,1,5,23391.49
5806,1140063,2025-12-22,24148,973,106,1,1,737.47
5807,1074336,2026-02-26,49937,1418,117,1,5,30746.47
5808,1086040,2025-06-18,31754,2544,51,1,4,3551.3
5809,1030085,2025-09-22,14752,878,50,1,5,416.23
5810,1146280,2026-02-23,27333,1590,82,1,2,5759.68
5811,1093309,2026-03-07,881,2882,15,1,2,2206.66
5812,1152998,2026-03-03,10208,2489,72,1,3,471.21
5813,1076887,2026-03-30,28348,575,11,1,2,18428.01
5814,1011094,2025-08-12,9210,936,34,1,2,2089.72
5815,1190880,2026-03-15,47771,1266,9,1,3,1019.53
5816,1174634,2026-01-21,3728,483,49,1,3,1036.87
5817,1130038,2026-03-01,33722,893,12,1,1,29879.71
5818,1147771,2025-10-01,44340,923,74,1,5,802.1
5819,1139664,2025-06-29,5207,615,103,1,1,2142.4
5820,1107879,2025-11-27,18883,1424,32,1,3,9291.22
5821,1061155,2025-06-21,19305,146,28,1,2,4924.34
5822,1030200,2025-07-24,34262,620,30,1,2,9862.44
5823,1056757,2025-08-01,16848,168,80,1,2,611.57
5824,1132162,2025-08-02,38222,2420,67,1,2,17393.43
5825,1147869,2026-02-14,20744,1270,104,1,4,1853.64
5826,1076209,2025-08-10,34906,1788,101,1,3,11751.17
5827,1142676,2025-09-14,49786,2925,57,1,4,57479.07
5828,1025021,2025-06-16,47063,2216,96,1,2,20179.71
5829,1075415,2026-04-09,3005,1238,59,1,1,50355.13
5830,1196757,2026-01-18,14935,1775,5,1,1,28766.05
5831,1182591,2026-02-21,22219,214,52,1,2,12954.97
5832,1019066,2025-06-15,42364,120,59,1,1,4154.05
5833,1152022,2026-01-19,5389,2420,77,1,1,2947.16
5834,1036245,2025-04-29,1463,1251,86,1,2,5163.81
5835,1184467,2026-02-18,3445,712,38,1,4,3836.86
5836,1151627,2025-11-17,46983,617,100,1,3,110.98
5837,1117453,2025-09-19,26046,2317,54,1,1,25526.86
5838,1088345,2025-05-31,1403,2258,116,1,2,7802.28
5839,1129569,2025-05-04,27212,869,65,1,1,890.82
5840,1161319,2025-06-10,49862,2788,63,1,5,67574.37
5841,1146428,2026-01-31,16801,2761,25,1,3,1379.59
5842,1084489,2025-07-17,6968,1073,36,1,3,691.41
5843,1001370,2025-05-06,8443,1657,111,1,3,364.25
5844,1005539,2026-01-28,21548,916,65,1,1,3490.7
5845,1109855,2025-12-21,7555,418,118,1,2,869.55
5846,1144360,2025-07-21,1188,733,26,1,4,246.33
5847,1139168,2025-06-05,21458,736,119,1,1,737.91
5848,1084828,2025-05-25,36099,1613,7,1,3,7227.7
5849,1105839,2025-12-08,35284,1674,106,1,4,24496.89
5850,1102951,2025-07-17,43513,1310,81,1,1,1872.87
5851,1132920,2026-03-05,29155,2597,27,1,2,200.05
5852,1155228,2026-02-08,33336,1910,9,1,3,16030.89
5853,1067337,2025-08-04,33372,256,119,1,3,238.28
5854,1074959,2025-11-10,3441,2879,108,1,4,2261.91
5855,1015526,2025-07-07,4940,1160,23,1,1,1258.85
5856,1106902,2025-11-27,6177,614,111,1,3,960.91
5857,1112689,2025-07-27,42414,1191,52,1,2,5194.98
5858,1014072,2025-12-06,29720,752,89,1,2,6720.33
5859,1197095,2025-07-21,25039,575,2,1,5,9178.74
5860,1122273,2026-02-27,4694,1678,29,1,2,1421.01
5861,1085524,2025-09-30,11493,2763,16,1,3,56048.84
5862,1119676,2026-04-10,18997,784,90,1,5,3101.75
5863,1144371,2025-10-09,29582,2248,56,1,3,13159.69
5864,1084955,2025-08-30,3897,890,60,1,4,4455.1
5865,1115784,2025-12-18,31743,515,97,1,5,4594.88
5866,1074697,2026-01-19,36630,1097,116,1,2,1857.12
5867,1096727,2025-10-07,19049,280,38,1,4,1873.36
5868,1163690,2025-10-24,23871,2175,43,1,3,6108.96
5869,1152069,2025-10-16,46697,2490,85,1,5,30887.49
5870,1088214,2025-08-18,22164,2055,19,1,5,2784.62
5871,1023558,2025-12-30,7498,1784,12,1,5,6803.43
5872,1013148,2026-03-05,36969,1511,37,1,2,1995.72
5873,1088485,2025-11-23,34558,2865,26,1,5,28409.61
5874,1170667,2025-11-07,21264,1318,33,1,1,32167.08
5875,1021564,2025-05-16,19023,557,105,1,4,3443.27
5876,1065881,2025-06-16,49944,2071,118,1,3,875.65
5877,1140392,2026-04-03,42207,1554,3,1,5,9051.23
5878,1093583,2025-04-30,49428,2228,118,1,1,4950.91
5879,1089064,2025-12-15,28896,502,17,1,1,8607.04
5880,1045160,2025-09-17,6503,2180,53,1,2,8952.47
5881,1154748,2025-10-04,3134,1202,106,1,3,2094.71
5882,1012226,2025-08-29,21303,2176,120,1,2,5353.49
5883,1149709,2025-07-10,32513,294,65,1,2,4832.62
5884,1067612,2025-08-08,21270,398,25,1,2,3600.77
5885,1045340,2026-03-25,25885,1771,23,1,2,7684.73
5886,1024476,2026-03-10,47199,1269,118,1,4,2269.09
5887,1123322,2025-11-10,8212,2427,11,1,2,331.21
5888,1063154,2025-04-26,16011,1077,102,1,3,27434.07
5889,1166440,2025-05-05,8076,1448,78,1,4,200.59
5890,1004569,2026-01-24,4548,853,15,1,2,8593.21
5891,1085227,2025-09-10,20976,131,38,1,1,2780.47
5892,1181655,2026-02-12,43234,1127,93,1,3,142939.72
5893,1022868,2026-02-12,35074,281,72,1,4,252818.8
5894,1194648,2025-12-31,6724,1519,110,1,2,1346.82
5895,1111985,2026-02-11,40057,2158,77,1,1,1700.33
5896,1149098,2025-12-22,12557,994,85,1,5,18661.18
5897,1112844,2026-03-26,16642,2627,9,1,5,202.76
5898,1113627,2025-10-25,38296,368,27,1,4,1031.13
5899,1173064,2025-06-23,28293,2727,8,1,4,18478.3
5900,1117571,2026-03-10,47927,1309,57,1,5,4355.27
5901,1149542,2025-05-04,36354,1944,6,1,5,2702.16
5902,1138099,2025-10-10,27009,1952,86,1,4,34498.1
5903,1019898,2025-07-16,34556,1412,52,1,5,4045.23
5904,1147807,2025-11-11,21501,1924,93,1,3,12215.42
5905,1086658,2025-10-20,33911,2132,21,1,3,7013.32
5906,1108317,2026-04-02,14691,1320,47,1,2,140906.48
5907,1157089,2025-09-20,3220,704,22,1,2,8238.82
5908,1198303,2025-08-20,20056,2748,46,1,3,811.26
5909,1199604,2025-04-30,13834,857,100,1,3,131831.68
5910,1157117,2025-11-16,7589,2189,100,1,1,2005.58
5911,1112870,2025-08-12,738,2403,25,1,5,61009.04
5912,1011236,2025-08-22,25711,2836,118,1,3,1505.56
5913,1075590,2025-12-08,19857,506,62,1,1,5754.05
5914,1136146,2025-12-17,42621,1791,107,1,3,1999.65
5915,1112603,2025-11-24,26046,1243,113,1,5,1174.6
5916,1068141,2026-03-22,3457,796,24,1,4,6754.99
5917,1129094,2026-03-01,23935,1380,6,1,5,57.27
5918,1099503,2025-07-22,6558,1387,38,1,5,5756.82
5919,1097145,2025-11-21,8957,2226,33,1,3,11988.68
5920,1006332,2026-04-19,46636,473,46,1,1,1742.98
5921,1032133,2025-06-16,18424,932,40,1,1,1060.23
5922,1027096,2025-11-07,29889,575,57,1,5,8112.83
5923,1085300,2025-09-11,3461,1775,25,1,5,13726.59
5924,1198973,2025-04-15,34754,386,92,1,3,14132.91
5925,1097689,2025-12-30,31307,2255,89,1,5,1414.81
5926,1082308,2025-09-20,20751,2486,111,1,5,3571.93
5927,1185258,2025-09-17,31357,1308,97,1,4,133576.58
5928,1080848,2025-12-03,34664,2033,78,1,4,1261.33
5929,1121764,2025-09-05,5323,622,95,1,2,83858.32
5930,1124443,2025-07-12,41969,750,81,1,4,2978.32
5931,1160427,2026-03-28,10835,2866,76,1,2,1474.9
5932,1079537,2026-02-23,21621,461,50,1,3,78667.49
5933,1129807,2025-05-29,35585,1028,34,1,4,24444.25
5934,1081103,2025-06-19,6218,1161,79,1,5,14627.11
5935,1087913,2025-09-17,34563,2463,81,1,1,2279.39
5936,1194569,2026-01-16,21179,2922,25,1,3,6353.51
5937,1024494,2025-05-31,42907,2221,85,1,4,14277.74
5938,1050249,2025-09-14,598,2292,120,1,2,2046.99
5939,1009100,2025-08-22,32646,2745,32,1,4,29385.11
5940,1113225,2025-07-16,25131,851,13,1,5,2767.99
5941,1128290,2025-08-04,910,307,111,1,5,6177.4
5942,1154881,2026-03-19,13648,2882,102,1,3,2400.85
5943,1116548,2025-05-10,1377,1460,109,1,2,700.46
5944,1176486,2026-01-16,6951,787,14,1,3,1458.69
5945,1117690,2025-04-13,10824,2000,76,1,4,18807.69
5946,1190890,2025-10-09,21416,472,106,1,1,14178.27
5947,1134117,2025-10-13,49748,2321,72,1,2,1605.05
5948,1147147,2025-10-01,13347,1357,117,1,2,18387.06
5949,1093306,2026-01-11,29460,1138,72,1,4,2432.71
5950,1117943,2026-01-29,7220,141,47,1,2,200051.18
5951,1183628,2025-07-20,30570,1631,17,1,3,39227.54
5952,1090510,2025-09-30,24670,2912,18,1,5,16053.56
5953,1154148,2025-11-26,41194,2559,51,1,1,5677.45
5954,1055100,2025-06-15,25955,1131,50,1,1,7705.78
5955,1065704,2025-09-01,39078,1635,90,1,5,43250.79
5956,1115376,2026-01-22,41500,2888,49,1,1,73247.62
5957,1071097,2025-06-19,18160,1731,55,1,5,20039.17
5958,1115718,2025-05-25,326,2083,27,1,4,901.99
5959,1027969,2025-07-16,47561,12,88,1,2,12118.61
5960,1034619,2025-12-06,13782,2095,13,1,4,203.75
5961,1183627,2026-03-29,29270,635,32,1,3,10900.55
5962,1005660,2025-09-29,5744,789,21,1,3,9758.39
5963,1182278,2026-01-04,27118,1941,96,1,5,2020.01
5964,1132056,2025-08-19,42072,2142,35,1,3,10433.09
5965,1024446,2025-06-09,3215,29,24,1,1,7438.14
5966,1133782,2026-02-03,42068,1117,36,1,5,37646.87
5967,1167506,2026-03-28,35195,381,41,1,4,1086.09
5968,1010150,2025-07-08,31624,67,47,1,2,3788.6
5969,1147461,2025-10-28,27914,1115,80,1,4,583.34
5970,1130041,2026-03-25,28515,328,69,1,4,4960.72
5971,1186629,2025-08-08,31703,882,115,1,4,13550.63
5972,1058701,2025-06-16,44545,2537,118,1,3,245.15
5973,1087590,2026-02-28,5852,858,46,1,1,11744.05
5974,1170297,2025-12-10,46197,930,53,1,4,268081.12
5975,1009630,2026-03-01,10398,670,19,1,5,4232.06
5976,1030835,2025-11-28,19170,1731,56,1,3,21197.14
5977,1050427,2025-07-12,8325,1717,82,1,5,1545.36
5978,1066049,2025-09-26,25808,2877,67,1,5,539.57
5979,1169670,2025-12-04,5720,1776,17,1,5,1163.51
5980,1157235,2025-12-02,16558,2905,107,1,2,662.97
5981,1087232,2025-10-12,44593,1317,81,1,3,4020.24
5982,1006592,2025-12-21,39495,536,20,1,3,143.14
5983,1059211,2025-12-24,16697,2048,103,1,2,9689.18
5984,1069856,2025-06-19,5236,2552,90,1,2,62286.86
5985,1129366,2025-10-30,42133,567,7,1,1,3031.42
5986,1084352,2025-10-20,29096,670,88,1,5,4227.33
5987,1004302,2026-04-09,28453,1287,65,1,5,35343.2
5988,1030348,2026-02-14,676,2745,95,1,2,30309.22
5989,1006291,2025-12-18,9218,2331,92,1,4,720.05
5990,1197710,2025-07-07,9778,1322,18,1,4,1160.07
5991,1159330,2025-08-28,45597,34,53,1,4,1067.08
5992,1034563,2026-02-23,13332,1631,65,1,4,8085.38
5993,1161758,2026-03-07,38966,461,118,1,1,241375.57
5994,1007428,2025-09-14,49982,918,45,1,2,836.54
5995,1070323,2025-08-25,9128,2045,97,1,4,7676.88
5996,1100982,2025-11-23,8926,1339,104,1,4,6893.46
5997,1009411,2025-07-04,6160,2126,97,1,4,1340.12
5998,1018446,2025-12-09,12457,250,41,1,1,2232.11
5999,1048507,2025-09-15,23425,2520,2,1,4,2080.14
6000,1075280,2025-06-08,155,1725,114,1,2,6962.52
6001,1176140,2025-08-20,8291,796,112,1,2,6663.89
6002,1131960,2025-06-03,1114,2264,62,1,3,622.96
6003,1034085,2025-12-20,10462,93,12,1,3,3963.45
6004,1077705,2025-07-19,49687,2864,30,1,1,5759.5
6005,1088317,2025-10-21,35101,358,72,1,4,1332.25
6006,1166591,2026-03-01,14875,618,41,1,3,77951.69
6007,1197372,2025-11-18,2848,1801,33,1,4,6279.71
6008,1108385,2026-01-03,4851,1663,75,1,5,7512.09
6009,1067486,2025-09-28,7058,535,46,1,2,128.3
6010,1074349,2025-09-19,39209,268,104,1,2,1063.99
6011,1039325,2026-02-11,11178,46,85,1,2,49101.06
6012,1158798,2025-06-14,37934,2016,95,1,3,21644.43
6013,1063938,2026-02-15,29726,2795,91,1,4,723.1
6014,1016736,2026-03-27,8984,39,54,1,2,943.96
6015,1116009,2025-11-05,36519,1973,91,1,1,946.48
6016,1068461,2025-11-08,25888,2505,116,1,1,7919.08
6017,1091348,2025-04-10,47023,2421,13,1,4,1263.8
6018,1140090,2025-09-20,26912,2714,44,1,1,2805.54
6019,1090470,2025-08-25,23831,2736,81,1,2,187.5
6020,1121513,2025-11-23,42601,1448,92,1,3,188.44
6021,1125180,2026-02-15,44260,404,59,1,3,270.53
6022,1152270,2025-10-08,9578,2729,91,1,2,539.42
6023,1000044,2026-04-06,14609,1140,6,1,5,348.15
6024,1025636,2026-01-08,10194,1512,46,1,3,26069.35
6025,1070934,2026-01-23,3090,1271,71,1,5,8285.75
6026,1012484,2025-11-28,38037,885,38,1,1,8114.54
6027,1074077,2026-02-08,12293,1228,57,1,2,33072.25
6028,1107702,2026-01-03,45709,957,5,1,1,395.57
6029,1065344,2025-12-13,3719,346,1,1,5,1626.15
6030,1095894,2025-04-29,31857,484,120,1,2,73324.92
6031,1093570,2025-12-19,35866,854,25,1,3,1121.99
6032,1138197,2025-05-25,18672,250,64,1,5,2300.03
6033,1036460,2026-03-27,43621,748,105,1,5,4237.73
6034,1003275,2025-06-11,364,2717,43,1,3,107568.33
6035,1030765,2025-07-21,33934,1245,7,1,4,1450.78
6036,1189397,2025-10-20,21499,2513,6,1,2,5065.01
6037,1159401,2025-10-28,21171,551,20,1,3,8356.69
6038,1173309,2025-06-29,2774,2226,59,1,2,14381.06
6039,1116381,2026-01-08,26489,358,79,1,2,3972.71
6040,1011840,2025-08-03,48874,2878,107,1,1,49017.62
6041,1030778,2026-02-22,42360,865,65,1,2,3645.38
6042,1045028,2025-08-20,41936,335,96,1,5,6666.37
6043,1041580,2025-08-20,47494,911,42,1,1,167372.33
6044,1045930,2025-11-01,26781,2307,77,1,5,891.26
6045,1040885,2025-05-09,28788,2770,27,1,5,8514.07
6046,1016781,2025-06-24,16860,2823,11,1,1,27165.35
6047,1033577,2026-03-12,7596,2679,21,1,2,556.6
6048,1067847,2025-12-23,17972,1901,109,1,2,1545.21
6049,1003426,2025-08-09,30967,829,61,1,2,4895.81
6050,1128097,2025-07-30,32454,2526,56,1,2,18985.14
6051,1041985,2026-03-17,33777,2531,6,1,4,13275.01
6052,1145874,2025-12-10,8301,1062,20,1,3,233.16
6053,1132089,2025-07-25,39623,1713,118,1,3,57748.54
6054,1000262,2026-02-27,6870,1562,64,1,3,2384.87
6055,1196323,2025-08-07,42655,1046,88,1,3,1945.41
6056,1118788,2026-01-15,44906,186,79,1,5,1916.56
6057,1196595,2025-09-05,33586,1378,27,1,4,1187.38
6058,1195681,2025-11-01,22296,2332,90,1,2,54090.27
6059,1141461,2025-07-28,9695,2527,8,1,3,16580.6
6060,1176841,2026-03-26,12651,2377,100,1,1,2994.01
6061,1199818,2026-04-01,275,589,94,1,4,508.61
6062,1160116,2026-01-02,44643,79,50,1,2,58441.13
6063,1083076,2025-11-01,12900,177,52,1,4,13644.45
6064,1184762,2026-03-27,7535,764,108,1,3,228.66
6065,1175593,2026-03-20,39437,966,56,1,4,602.39
6066,1073202,2025-08-06,39084,2006,1,1,1,3818.33
6067,1141733,2025-11-14,21732,1522,32,1,3,26117.75
6068,1127169,2025-12-27,2029,2784,14,1,5,4008.44
6069,1168770,2025-10-04,2507,309,26,1,3,224.61
6070,1149866,2026-02-11,13423,894,111,1,2,7312.14
6071,1114854,2026-01-21,12690,418,94,1,5,679.53
6072,1056359,2025-11-19,25758,114,43,1,4,1373.62
6073,1195876,2025-04-13,26869,1906,5,1,5,1351.97
6074,1087953,2025-12-14,1501,70,8,1,4,4028.25
6075,1149138,2026-03-24,5599,1199,112,1,2,39288.23
6076,1102850,2025-10-14,26332,2215,55,1,1,5360.91
6077,1021966,2025-10-27,29854,2535,16,1,2,28227.6
6078,1170266,2025-10-06,24006,1993,117,1,4,1337.56
6079,1010418,2025-09-04,11042,2659,53,1,3,3981.78
6080,1154239,2026-03-19,30557,138,56,1,1,328.95
6081,1134062,2025-11-19,25096,1427,118,1,1,209.75
6082,1116876,2025-12-29,45172,2331,76,1,5,1374.56
6083,1104430,2025-06-19,19621,996,111,1,3,66515.51
6084,1093763,2026-02-11,17401,1526,47,1,5,52825.55
6085,1068019,2025-11-18,837,2998,21,1,4,3774.53
6086,1158376,2025-06-18,45882,2763,66,1,3,222418.67
6087,1111336,2025-10-11,35234,306,4,1,1,731.38
6088,1057221,2026-02-02,48312,2618,27,1,2,9516.81
6089,1080340,2026-03-08,40872,1063,32,1,5,8225.23
6090,1159010,2025-10-13,38495,1788,50,1,2,7954.72
6091,1163202,2025-06-03,13596,1265,23,1,2,6331.87
6092,1187569,2025-12-07,8947,2287,88,1,2,495.33
6093,1101251,2025-10-31,12061,509,42,1,4,26752.64
6094,1097842,2025-06-05,9152,15,120,1,3,866.07
6095,1059965,2025-10-06,44675,12,37,1,2,3623.13
6096,1147437,2026-03-11,47346,332,117,1,3,9205.04
6097,1192963,2025-07-21,4397,1699,97,1,4,721.48
6098,1172076,2025-12-29,36450,500,70,1,1,12528.92
6099,1037122,2025-06-30,11606,2393,17,1,5,16877.77
6100,1100549,2026-03-20,20748,166,17,1,5,6660.14
6101,1040594,2025-06-19,15349,1725,54,1,2,2297.51
6102,1181766,2025-06-27,39158,401,40,1,2,12065.33
6103,1070775,2025-07-15,36694,2208,50,1,2,65661.18
6104,1176268,2025-06-01,41429,1299,12,1,5,5643.57
6105,1117033,2026-04-06,47386,911,115,1,1,55703.12
6106,1035776,2025-06-28,47560,1309,54,1,2,27728.76
6107,1164794,2025-08-06,14811,706,47,1,4,906.42
6108,1132640,2025-10-23,30012,1684,86,1,2,15203.96
6109,1193444,2025-11-28,24530,1078,52,1,1,151.3
6110,1010045,2025-12-13,16144,2331,33,1,5,2680.34
6111,1178643,2025-04-12,10379,1385,89,1,3,92462.18
6112,1183465,2025-12-22,38139,1279,9,1,1,3151.15
6113,1147898,2025-10-31,48658,1955,51,1,1,614746.1
6114,1119236,2025-12-31,25701,285,97,1,2,236881.23
6115,1033148,2025-11-09,15480,2368,93,1,3,11710.73
6116,1199329,2025-12-07,7729,2111,68,1,4,4785.1
6117,1010490,2025-11-07,40410,2057,1,1,5,14993.42
6118,1110359,2025-08-19,10661,2975,91,1,2,657.49
6119,1142185,2025-05-04,42088,2436,81,1,2,275926.36
6120,1062515,2025-06-13,24384,1495,78,1,5,5791.57
6121,1177184,2025-07-21,45470,74,115,1,1,1828.99
6122,1005887,2026-03-17,13058,1157,40,1,4,31178.84
6123,1012447,2025-11-18,2254,796,21,1,5,6504.83
6124,1106373,2025-08-27,296,1981,23,1,5,53438.57
6125,1170183,2025-07-08,6067,2067,27,1,1,32658.55
6126,1006022,2026-03-02,22131,921,65,1,2,259.37
6127,1063846,2026-03-24,6102,2007,54,1,5,74053.57
6128,1095617,2025-12-11,11479,1409,88,1,1,55837.75
6129,1025893,2025-07-15,42806,2436,95,1,2,145336.44
6130,1092405,2025-11-20,32276,2692,88,1,5,20823.81
6131,1131429,2025-11-21,15154,984,28,1,3,42155.25
6132,1083772,2026-03-08,33828,1888,49,1,5,402.54
6133,1145329,2025-06-29,8198,1151,110,1,1,9107.28
6134,1010285,2025-11-26,38998,2502,41,1,2,6725.68
6135,1097902,2026-02-13,43728,720,91,1,3,1057.89
6136,1198998,2026-03-21,37787,2001,47,1,2,655.01
6137,1053515,2025-10-05,37682,1043,46,1,3,159.0
6138,1030045,2025-07-12,37846,62,111,1,2,3273.09
6139,1041249,2026-01-07,20996,1387,91,1,2,3059.98
6140,1091670,2026-03-22,18004,1685,96,1,3,1339.62
6141,1183512,2025-08-12,42672,2870,54,1,3,2151.86
6142,1062537,2026-03-10,27534,1629,67,1,2,974.93
6143,1085175,2025-10-25,12983,1730,120,1,5,33264.07
6144,1116851,2026-02-17,20976,1812,85,1,1,5370.98
6145,1185814,2025-05-20,3382,514,95,1,5,1247.82
6146,1134356,2025-12-21,42189,1330,109,1,2,18803.59
6147,1001271,2025-11-05,18968,1178,40,1,2,3033.59
6148,1099944,2025-08-03,20877,56,76,1,4,629.89
6149,1185022,2025-12-22,44185,1612,115,1,4,78836.0
6150,1042544,2025-10-28,27238,2791,98,1,1,2085.31
6151,1135375,2025-07-26,26273,2003,61,1,3,1120.25
6152,1024659,2025-10-08,17887,747,57,1,2,442.26
6153,1173684,2026-02-07,17463,727,100,1,2,6093.92
6154,1096504,2025-08-16,47309,2268,104,1,2,2243.37
6155,1082645,2026-03-23,31834,1458,83,1,1,1308.21
6156,1054241,2026-03-16,20652,133,118,1,2,9123.45
6157,1029637,2025-10-29,26724,810,73,1,2,2451.66
6158,1132260,2026-03-09,20618,423,77,1,5,4195.51
6159,1128178,2025-08-21,16570,2315,78,1,5,1770.31
6160,1101491,2025-12-03,5946,2959,57,1,1,492.63
6161,1036116,2025-05-23,25751,2435,17,1,4,193676.83
6162,1134756,2025-06-07,192,2458,47,1,4,53668.53
6163,1120388,2025-05-11,43221,119,20,1,2,33294.64
6164,1090995,2026-02-14,43594,2952,82,1,2,6802.76
6165,1110558,2025-11-09,2125,1818,46,1,3,5968.99
6166,1102509,2025-10-06,12318,2328,89,1,5,11702.66
6167,1151590,2025-05-13,13413,1898,77,1,3,697.78
6168,1165321,2025-05-05,32758,552,76,1,1,12001.08
6169,1104236,2026-03-29,16347,2185,92,1,5,1694.35
6170,1018965,2025-06-03,22173,2933,95,1,1,5062.91
6171,1099098,2025-06-10,34643,456,31,1,2,9436.11
6172,1184372,2025-07-13,11358,694,115,1,2,85912.69
6173,1150120,2025-07-18,34019,806,35,1,4,39367.97
6174,1100122,2025-09-21,37042,2598,36,1,1,4928.6
6175,1063178,2025-09-14,33489,843,108,1,4,371.73
6176,1050329,2025-06-11,8411,667,41,1,3,1391.01
6177,1018019,2025-05-29,18150,150,118,1,2,2944.34
6178,1043196,2026-02-19,43201,253,106,1,3,34608.63
6179,1013564,2026-01-11,37609,1609,16,1,5,28077.68
6180,1104287,2026-03-31,39808,2468,110,1,2,945.01
6181,1030748,2025-09-15,21988,1947,69,1,5,2233.52
6182,1085104,2025-12-25,35738,359,20,1,3,15037.79
6183,1050696,2026-01-24,43929,879,68,1,5,895.04
6184,1003928,2025-04-25,43461,1638,83,1,1,12112.03
6185,1033677,2026-02-13,33215,2286,15,1,4,243.27
6186,1193674,2025-09-01,37042,2763,108,1,4,108785.04
6187,1102923,2026-01-30,16958,123,118,1,3,349.62
6188,1015711,2025-12-28,38216,2614,96,1,2,15402.23
6189,1142758,2025-11-01,17867,2209,37,1,1,2803.55
6190,1102519,2025-09-01,49967,2784,36,1,4,4399.55
6191,1140745,2025-11-27,38620,1186,70,1,5,1795.96
6192,1127717,2026-01-26,3137,255,10,1,2,23996.38
6193,1037775,2026-04-20,28921,388,91,1,5,199673.72
6194,1193407,2026-02-07,38287,2127,22,1,2,454.62
6195,1086316,2025-10-02,47163,827,57,1,1,995.83
6196,1055314,2025-05-18,7085,2677,19,1,1,15201.26
6197,1068949,2025-12-10,31344,931,38,1,3,9198.76
6198,1160823,2025-07-04,11811,171,33,1,3,2810.43
6199,1111270,2025-10-31,41940,555,97,1,1,7876.06
6200,1016728,2025-07-07,15073,782,8,1,5,9431.28
6201,1121356,2025-07-25,29792,872,16,1,1,4000.93
6202,1042396,2025-11-12,28630,954,41,1,4,4552.31
6203,1115186,2026-01-19,49681,2878,95,1,1,50402.38
6204,1136330,2025-09-07,33715,1312,77,1,4,480.2
6205,1017751,2025-10-17,32681,1946,110,1,5,47456.4
6206,1067307,2026-02-09,31346,522,40,1,3,6704.78
6207,1123370,2025-09-04,20241,1807,82,1,4,67300.54
6208,1102724,2025-05-22,40464,2973,9,1,1,694.92
6209,1135324,2025-07-31,8994,2261,102,1,1,12205.86
6210,1127721,2026-03-03,16416,2142,60,1,1,55919.15
6211,1078974,2026-03-09,24738,2217,100,1,4,8651.76
6212,1163758,2025-09-25,32611,357,59,1,5,2900.51
6213,1170809,2025-04-23,2143,168,107,1,2,602.05
6214,1118559,2025-05-09,28220,1874,65,1,5,12548.59
6215,1066307,2025-12-10,28367,762,41,1,4,40156.62
6216,1020570,2026-02-23,18939,1256,46,1,1,24239.91
6217,1126357,2025-12-18,44763,1288,4,1,5,472.05
6218,1196625,2025-10-04,23628,1296,31,1,3,58582.09
6219,1127082,2026-01-13,40849,452,49,1,5,8582.34
6220,1096741,2026-02-01,21298,777,7,1,2,604.69
6221,1052210,2026-03-16,47901,2091,33,1,3,2329.28
6222,1076700,2025-11-04,48223,2782,63,1,2,69490.45
6223,1083787,2025-09-16,17807,445,49,1,5,14729.73
6224,1089574,2026-01-03,233,2719,119,1,4,8544.12
6225,1102110,2025-08-05,16922,2044,64,1,2,329.93
6226,1008237,2025-10-29,49435,722,76,1,4,32833.59
6227,1063593,2026-04-04,29868,2250,2,1,4,946.85
6228,1025207,2026-03-31,3777,1113,71,1,5,7593.96
6229,1108961,2026-01-18,26930,156,2,1,4,184.37
6230,1050709,2025-07-16,48134,915,44,1,1,183081.25
6231,1080531,2026-02-27,20661,337,112,1,1,509990.47
6232,1178319,2025-10-12,15747,2636,24,1,1,13559.38
6233,1037192,2025-05-07,10868,2115,21,1,2,1590.08
6234,1153500,2025-07-30,13455,2925,29,1,2,55169.64
6235,1110332,2025-12-24,31527,584,33,1,3,1939.78
6236,1101314,2026-02-26,37949,1223,117,1,2,785.44
6237,1094674,2025-05-01,41378,2093,4,1,1,16785.69
6238,1147595,2026-04-01,1620,1085,99,1,4,120666.01
6239,1175589,2025-04-30,32460,1069,36,1,2,1227.2
6240,1073736,2025-08-03,1406,1898,71,1,3,431.58
6241,1017857,2026-01-21,11068,505,41,1,4,2600.26
6242,1147661,2025-11-28,35809,2028,116,1,4,3020.47
6243,1125581,2026-04-11,1263,2301,93,1,1,3925.56
6244,1164288,2026-01-27,39061,314,9,1,4,312.05
6245,1071259,2026-02-13,35045,620,98,1,5,19763.14
6246,1162599,2025-10-28,12978,2392,108,1,4,1428.88
6247,1160307,2026-02-11,12101,2075,65,1,5,2877.83
6248,1070934,2026-02-26,31978,29,108,1,1,3476.27
6249,1005638,2025-09-29,18735,716,1,1,2,3532.44
6250,1069027,2025-11-08,4759,1116,70,1,4,6096.61
6251,1052251,2025-07-18,27001,1904,40,1,4,22053.6
6252,1156887,2025-12-15,6580,2860,26,1,5,55481.62
6253,1138266,2025-05-12,29895,2561,65,1,1,731.7
6254,1194064,2026-03-30,12124,912,10,1,5,32671.34
6255,1064569,2025-11-25,25623,2406,80,1,1,4021.99
6256,1001278,2025-07-09,41959,2132,118,1,5,16067.35
6257,1127803,2025-08-31,26302,330,112,1,4,4761.72
6258,1103847,2025-12-17,17095,1205,105,1,1,9718.9
6259,1163992,2026-02-05,38378,6,9,1,2,129815.06
6260,1132722,2026-02-19,7516,30,55,1,2,986.41
6261,1129436,2025-11-11,48680,2735,24,1,4,5597.9
6262,1090595,2025-05-24,48156,1025,103,1,5,3291.84
6263,1140838,2025-12-03,21067,1472,114,1,3,1041.64
6264,1116203,2025-11-09,9693,1530,109,1,2,795.12
6265,1059212,2025-09-26,32474,1973,27,1,1,970.67
6266,1037579,2026-02-09,39166,1001,57,1,5,121374.39
6267,1172722,2026-03-14,30716,1591,77,1,4,210069.91
6268,1108945,2025-12-15,9030,534,80,1,4,1295.88
6269,1136906,2025-07-03,11621,2712,49,1,1,133.28
6270,1149515,2025-10-23,19582,2578,70,1,2,2750.46
6271,1007219,2025-08-09,22433,2330,3,1,4,1605.83
6272,1050698,2025-08-08,16744,1437,51,1,2,2022.01
6273,1051964,2025-08-05,10882,2862,97,1,1,5445.54
6274,1111103,2025-11-15,49553,2318,116,1,2,9883.02
6275,1104984,2025-10-29,15533,1540,30,1,1,20240.52
6276,1019081,2025-08-17,10151,1060,10,1,2,7397.99
6277,1111619,2025-09-12,19984,2339,114,1,3,1226.77
6278,1021852,2025-10-18,33536,2356,50,1,5,25340.49
6279,1017944,2025-11-24,13602,1811,11,1,4,369.87
6280,1105673,2026-03-31,38385,298,37,1,5,72569.54
6281,1040386,2025-04-29,16411,1478,115,1,3,14728.27
6282,1120418,2026-01-06,42021,2239,71,1,3,4525.31
6283,1084368,2025-04-18,19070,1798,110,1,1,70629.85
6284,1153753,2025-06-11,18028,1468,36,1,1,47780.15
6285,1082803,2026-01-05,1326,331,71,1,5,337.38
6286,1178276,2026-04-10,10142,348,77,1,5,7266.69
6287,1151469,2025-11-29,31167,1638,54,1,5,8824.6
6288,1018159,2026-03-15,44731,1438,49,1,5,4758.8
6289,1096634,2025-08-10,1399,104,56,1,5,63805.98
6290,1004562,2025-12-12,14381,1008,86,1,4,798.42
6291,1006041,2025-11-20,20929,259,31,1,1,9915.05
6292,1057466,2026-03-22,37260,645,37,1,5,6087.14
6293,1170073,2026-01-03,22830,66,105,1,4,6591.93
6294,1145969,2025-09-15,33145,2990,48,1,3,2498.94
6295,1046952,2025-12-12,48640,826,41,1,3,3510.52
6296,1008678,2025-05-16,8618,2581,103,1,2,114.12
6297,1132229,2026-01-19,3907,1169,101,1,4,110125.24
6298,1022827,2025-09-02,39508,2683,46,1,1,3527.1
6299,1132316,2025-06-23,3821,1375,7,1,3,161433.72
6300,1106835,2025-05-05,39706,967,5,1,1,3623.29
6301,1080638,2025-09-02,44909,516,81,1,4,16629.95
6302,1190217,2025-10-06,30514,2478,94,1,5,14043.03
6303,1109663,2026-01-05,21343,1896,93,1,2,4194.21
6304,1011029,2025-12-02,30889,987,119,1,2,844.96
6305,1140541,2026-01-01,19536,2184,85,1,3,33703.75
6306,1021399,2025-04-11,40791,1023,28,1,1,1484.04
6307,1190378,2025-07-24,8673,2524,15,1,1,11134.35
6308,1159143,2026-01-18,20166,19,56,1,5,4302.15
6309,1099309,2025-12-20,15570,2693,27,1,4,197847.93
6310,1011871,2025-05-08,15701,1271,104,1,1,17000.16
6311,1156766,2025-06-22,31485,1198,105,1,2,58842.0
6312,1049953,2025-10-16,39092,584,95,1,5,2980.69
6313,1095229,2025-12-02,48536,905,16,1,4,3678.06
6314,1179644,2025-10-22,49720,2156,50,1,5,4579.98
6315,1088335,2025-06-19,45262,1371,24,1,5,105273.29
6316,1090362,2025-09-14,44791,2392,10,1,5,479.58
6317,1034689,2025-05-04,49772,942,8,1,2,595.16
6318,1167550,2025-05-06,47231,1768,117,1,1,9657.19
6319,1193909,2025-09-06,28862,912,17,1,2,16037.77
6320,1039266,2025-12-21,11040,2926,117,1,4,811.85
6321,1109114,2025-06-06,48778,2974,4,1,2,5675.8
6322,1091222,2026-02-27,9481,1399,87,1,4,160873.96
6323,1140067,2025-06-04,11747,1708,108,1,5,11540.63
6324,1010263,2025-10-03,43638,90,54,1,1,300.98
6325,1064438,2026-03-13,12694,2101,105,1,5,705.46
6326,1073269,2026-01-30,42714,1771,46,1,5,1872.13
6327,1001353,2025-08-28,8507,168,101,1,2,1819.19
6328,1075002,2026-02-05,27643,1804,100,1,5,14320.17
6329,1066308,2026-02-20,38238,1215,2,1,3,2302.71
6330,1189794,2025-06-26,48212,2491,30,1,2,564.8
6331,1071874,2025-06-23,2426,1646,71,1,5,183.38
6332,1100618,2025-08-07,29762,1366,93,1,1,12096.37
6333,1140563,2025-10-14,27059,1608,12,1,2,7790.87
6334,1042543,2025-04-22,18506,1007,87,1,5,1373.19
6335,1153381,2025-06-09,44349,1319,100,1,1,574.37
6336,1025253,2025-08-14,17403,2946,78,1,2,2668.11
6337,1159294,2025-12-31,23948,787,80,1,2,1387.16
6338,1108973,2026-03-14,23680,834,96,1,1,202813.5
6339,1055102,2025-04-30,20878,2769,37,1,5,1163.47
6340,1185650,2025-09-13,5333,1957,74,1,1,7345.12
6341,1072320,2026-03-09,12464,1113,57,1,2,7552.32
6342,1120091,2025-11-09,32499,362,112,1,5,7426.07
6343,1156513,2025-11-10,14132,1377,117,1,5,575.55
6344,1101279,2025-11-15,27995,1647,111,1,5,19860.63
6345,1185471,2025-06-23,17786,2916,84,1,1,6162.27
6346,1089027,2025-10-14,35655,1410,46,1,3,17942.86
6347,1137835,2025-11-28,37226,1427,15,1,1,227.69
6348,1004767,2025-06-22,15306,1558,62,1,4,5252.77
6349,1018537,2025-06-12,48721,67,91,1,1,3998.53
6350,1061176,2025-04-30,22272,1215,45,1,5,4766.56
6351,1181916,2025-11-27,21989,268,82,1,4,1051.37
6352,1091126,2025-12-26,27416,2289,10,1,3,9727.74
6353,1176805,2025-12-02,20080,2320,103,1,1,2431.94
6354,1124796,2025-04-21,47029,2003,56,1,2,2722.42
6355,1139696,2026-04-09,4558,1884,100,1,2,1336.79
6356,1114041,2025-11-25,4939,1421,13,1,2,773.45
6357,1067533,2026-04-04,16419,1283,10,1,3,817.81
6358,1056087,2026-03-30,25900,1859,81,1,3,116965.12
6359,1030820,2026-01-20,16677,1497,72,1,2,1701.84
6360,1105494,2025-05-16,4755,705,65,1,2,1075.24
6361,1149061,2025-11-21,25156,588,76,1,5,897.02
6362,1145959,2025-09-28,28384,4,25,1,4,1358.12
6363,1068819,2025-08-29,12029,2922,36,1,3,2258.19
6364,1160225,2025-10-02,10535,978,86,1,3,61.88
6365,1074882,2025-11-08,49955,2929,53,1,3,4845.75
6366,1183740,2026-03-10,9015,2516,66,1,1,2029.35
6367,1145871,2025-12-13,48355,1684,83,1,5,6777.2
6368,1013354,2025-11-25,12678,1306,45,1,2,54155.54
6369,1069745,2025-05-22,32934,906,59,1,3,5426.45
6370,1161115,2025-11-29,27043,1396,64,1,2,16972.92
6371,1140528,2026-02-23,21021,620,48,1,4,39818.2
6372,1187917,2025-12-17,13511,2652,106,1,5,226306.94
6373,1100484,2025-11-11,6244,312,19,1,4,209241.77
6374,1169609,2025-07-09,24822,2357,44,1,5,1481.51
6375,1012357,2025-05-22,24460,2748,101,1,4,2484.76
6376,1103253,2025-04-22,4438,2226,4,1,5,27962.05
6377,1013119,2025-08-07,21151,779,106,1,2,4162.18
6378,1143780,2026-03-10,47993,1115,101,1,5,301.13
6379,1069930,2025-10-28,31930,2455,50,1,2,30607.95
6380,1164409,2025-12-24,20233,127,63,1,5,1831.2
6381,1087246,2025-07-03,3526,1315,68,1,3,606.53
6382,1187315,2025-07-06,45999,590,103,1,3,708.52
6383,1150767,2025-07-28,21995,2683,31,1,5,11194.72
6384,1066476,2025-06-20,41265,2677,106,1,4,28429.17
6385,1072859,2026-01-03,31829,2410,65,1,3,1168.1
6386,1103167,2025-11-24,19013,1042,22,1,4,14362.58
6387,1065925,2025-08-06,43202,2700,71,1,2,6976.68
6388,1072715,2025-12-21,24577,912,3,1,2,92057.85
6389,1078141,2025-06-14,17049,2478,104,1,2,3734.38
6390,1123021,2025-07-02,17404,2030,116,1,5,7133.83
6391,1120855,2025-10-09,32491,51,63,1,4,446.74
6392,1163967,2026-03-15,44920,158,74,1,2,4999.49
6393,1018725,2025-10-26,34185,2693,82,1,2,176105.11
6394,1021288,2025-05-20,31469,88,99,1,5,9172.43
6395,1042817,2025-08-10,45645,1590,12,1,3,6111.52
6396,1020807,2026-01-12,2589,1223,56,1,1,774.05
6397,1173800,2026-03-04,31015,2050,5,1,1,2201.09
6398,1073089,2026-01-13,45218,223,9,1,1,1907.75
6399,1011710,2025-08-12,49401,1146,38,1,2,5251.4
6400,1095325,2025-09-10,39288,733,91,1,2,264.82
6401,1119691,2025-12-01,3301,577,77,1,5,11630.2
6402,1111147,2025-10-23,42733,2103,109,1,5,282.06
6403,1188054,2025-10-01,40370,2209,80,1,1,3108.16
6404,1198906,2025-12-05,30295,2333,70,1,1,9261.38
6405,1136584,2025-12-30,2591,2248,67,1,3,2430.91
6406,1101219,2026-03-23,12762,885,33,1,3,29727.33
6407,1027670,2025-06-19,24582,1715,65,1,2,5949.65
6408,1147779,2026-03-03,47778,2094,111,1,4,18934.69
6409,1046215,2025-09-03,13991,1581,65,1,3,402.39
6410,1068259,2025-06-18,41797,2126,115,1,3,613.17
6411,1180379,2025-11-03,34026,1055,104,1,4,8031.53
6412,1010288,2025-08-06,8849,2360,33,1,4,5943.4
6413,1026129,2026-01-20,45059,898,115,1,1,8370.81
6414,1133204,2025-10-16,9972,1004,101,1,5,1463.22
6415,1067876,2025-05-29,31616,1415,24,1,5,4571.02
6416,1119593,2025-07-27,5236,909,64,1,2,1157.77
6417,1115850,2026-03-05,18488,2488,87,1,5,9306.24
6418,1023805,2025-12-25,12543,2762,61,1,5,3361.47
6419,1053738,2025-11-11,31009,927,5,1,2,5003.13
6420,1036529,2026-04-07,47126,2932,70,1,5,279.28
6421,1096442,2026-02-17,47240,1508,62,1,3,11468.96
6422,1179004,2025-09-18,30043,2071,6,1,1,907.26
6423,1033053,2025-05-13,23569,1048,18,1,5,874.06
6424,1102981,2025-06-18,11690,70,65,1,1,2160.98
6425,1198639,2026-02-04,24287,1077,102,1,3,30437.36
6426,1157399,2025-08-30,13471,1033,19,1,5,1158.69
6427,1049883,2026-03-31,38931,124,73,1,2,533.83
6428,1146817,2026-01-15,6311,2949,117,1,1,573.21
6429,1145618,2025-11-06,17327,2051,88,1,5,54636.63
6430,1088561,2025-11-15,42530,2954,14,1,1,25091.13
6431,1049958,2026-01-08,49609,2829,1,1,3,10953.38
6432,1110032,2025-08-11,37376,756,107,1,4,3929.17
6433,1151294,2025-07-05,11128,1816,24,1,1,406.2
6434,1179428,2025-11-05,47294,1275,66,1,1,28.39
6435,1174190,2025-06-07,20352,1210,50,1,4,9963.25
6436,1155967,2025-06-25,15233,261,59,1,4,7687.61
6437,1000250,2025-08-12,20569,2276,99,1,3,2093.86
6438,1049682,2026-03-29,24447,1872,115,1,3,652.89
6439,1122344,2025-07-12,34399,1751,75,1,1,5737.11
6440,1130715,2026-02-11,13747,2369,37,1,5,673.81
6441,1138058,2025-12-07,25904,1725,108,1,1,1181.47
6442,1122180,2025-12-31,23939,788,8,1,1,31011.81
6443,1144124,2025-08-25,1827,1206,31,1,3,6745.71
6444,1137857,2026-02-17,28860,1768,2,1,2,3286.95
6445,1198888,2025-09-09,46055,758,87,1,4,3814.03
6446,1091011,2025-11-02,21535,2935,25,1,3,1235.16
6447,1061016,2025-06-10,886,398,22,1,5,934.16
6448,1161855,2025-05-31,29153,2620,49,1,2,19032.54
6449,1088421,2025-05-02,49757,2171,44,1,3,511.96
6450,1130969,2025-05-24,4641,2392,33,1,5,458.76
6451,1088099,2025-05-25,40103,1091,119,1,3,894.42
6452,1109459,2025-06-14,3659,2673,68,1,4,12584.02
6453,1068792,2026-02-23,32370,2107,97,1,1,10264.82
6454,1125766,2025-05-01,17971,2913,103,1,2,1341.96
6455,1089042,2025-10-07,47760,2094,96,1,3,20139.18
6456,1195994,2026-03-06,22309,2988,70,1,1,4212.7
6457,1145727,2026-02-03,22067,2638,60,1,2,26404.74
6458,1036402,2025-08-12,40846,2866,42,1,5,759.19
6459,1130599,2026-01-13,23142,635,22,1,5,10514.62
6460,1072824,2025-07-10,2854,2889,106,1,2,134981.29
6461,1034788,2025-05-04,11632,2842,78,1,5,1368.17
6462,1184221,2025-08-24,17385,497,8,1,4,4584.8
6463,1127128,2025-12-04,32024,1612,120,1,4,17682.41
6464,1164694,2025-12-30,8796,683,5,1,3,1328.14
6465,1171880,2025-12-27,36380,2474,73,1,1,797.68
6466,1165304,2025-09-09,13653,2353,97,1,3,6215.91
6467,1166041,2025-12-26,36450,1512,55,1,5,12867.59
6468,1124610,2026-01-10,14352,2685,45,1,4,15007.61
6469,1156267,2025-09-04,29925,2075,33,1,1,2815.66
6470,1137892,2025-04-22,12777,77,110,1,1,468.63
6471,1130587,2026-02-25,7334,2770,62,1,5,13954.43
6472,1049216,2025-12-28,41728,1320,107,1,2,147111.44
6473,1023725,2026-03-23,7030,381,80,1,5,4518.34
6474,1044658,2025-05-12,24140,506,16,1,5,2871.48
6475,1028674,2025-06-19,36935,2971,98,1,2,75581.05
6476,1053085,2026-03-11,17276,2253,48,1,2,2600.3
6477,1183548,2025-11-21,30458,82,100,1,2,170.69
6478,1093498,2025-12-11,34742,673,71,1,1,47424.63
6479,1099032,2026-03-22,19554,1215,66,1,1,2437.77
6480,1153194,2025-05-18,47123,2598,13,1,1,2720.26
6481,1007481,2025-09-23,28735,3000,46,1,3,449.29
6482,1136126,2026-02-27,29810,1364,75,1,1,292.99
6483,1026352,2025-12-29,16657,1222,18,1,4,11980.56
6484,1030179,2025-09-14,43167,112,103,1,1,49635.5
6485,1140326,2025-10-13,23254,2125,35,1,2,4634.87
6486,1014079,2025-11-29,17828,2464,63,1,3,9010.21
6487,1073302,2025-09-10,28082,2302,112,1,2,578.0
6488,1048749,2026-02-25,31392,1350,81,1,2,3475.86
6489,1028227,2025-09-01,3173,1910,51,1,1,16691.09
6490,1072906,2025-12-15,3412,917,23,1,5,81672.98
6491,1011758,2025-11-05,14739,2366,9,1,1,304.56
6492,1066403,2025-12-20,43062,2370,112,1,3,7024.41
6493,1172455,2025-07-24,7214,2075,107,1,5,14958.04
6494,1031642,2025-11-22,40268,1979,105,1,3,2215.45
6495,1064594,2025-10-27,36588,1686,117,1,5,667.06
6496,1018998,2025-11-09,16819,2345,46,1,5,997.27
6497,1094721,2025-05-01,15228,2436,78,1,1,89698.96
6498,1065771,2025-05-10,37846,333,116,1,2,1507.31
6499,1154542,2025-11-11,1949,1878,98,1,2,2752.87
6500,1139019,2025-07-16,47653,1222,115,1,2,6224.73
6501,1147302,2025-12-23,24201,1910,46,1,2,32601.36
6502,1045702,2026-01-24,18743,2644,8,1,5,5794.3
6503,1191007,2025-05-02,9657,1977,54,1,4,589.38
6504,1196098,2026-04-23,13305,2340,42,1,2,2614.45
6505,1159151,2026-02-12,41178,2699,40,1,2,5933.08
6506,1016081,2026-01-28,19637,1210,101,1,1,18889.37
6507,1019500,2025-11-19,42745,540,29,1,4,14329.27
6508,1103984,2025-11-05,12137,2872,4,1,5,4741.87
6509,1132527,2025-05-03,46449,2747,73,1,1,1145.68
6510,1089243,2025-07-03,21489,940,9,1,5,710.64
6511,1142147,2025-10-30,18730,1180,60,1,4,15704.77
6512,1058854,2025-12-04,46883,2727,84,1,1,54146.51
6513,1155505,2025-07-16,35574,2724,110,1,5,21196.47
6514,1043555,2025-07-13,33164,1271,58,1,4,4168.08
6515,1163153,2026-02-01,41780,2067,53,1,5,16885.23
6516,1049628,2025-06-20,19235,699,118,1,2,7574.34
6517,1104698,2026-02-24,26532,2377,13,1,1,1556.71
6518,1060264,2025-10-11,28631,1230,82,1,3,100404.55
6519,1133841,2026-02-22,14258,1964,16,1,3,236.13
6520,1089498,2025-11-22,23625,280,36,1,3,1801.17
6521,1038710,2025-07-14,6981,2134,61,1,3,1008.23
6522,1126224,2025-11-22,14874,598,118,1,1,414.8
6523,1111128,2025-10-13,13945,1676,11,1,2,3096.81
6524,1166524,2025-08-07,30287,299,106,1,3,69566.2
6525,1191345,2026-03-23,16993,2511,66,1,1,2179.58
6526,1155711,2025-07-10,31853,1225,82,1,3,6955.99
6527,1150930,2025-11-17,19751,2920,79,1,2,148.18
6528,1164562,2025-10-12,4544,2735,76,1,1,29065.02
6529,1047924,2026-01-07,39839,1171,83,1,4,15034.5
6530,1066833,2025-09-02,41320,2450,8,1,4,75741.07
6531,1155814,2025-11-25,18159,536,74,1,3,292.93
6532,1192439,2025-10-16,25737,1901,116,1,2,1452.07
6533,1153940,2026-03-03,46802,830,50,1,2,4435.38
6534,1090040,2025-10-18,38390,287,70,1,3,377.02
6535,1183937,2025-10-28,10515,1124,5,1,4,20270.59
6536,1078093,2025-12-09,44241,2939,4,1,5,223.75
6537,1043675,2025-11-23,16294,494,20,1,2,91602.02
6538,1066776,2026-03-17,47160,2597,111,1,3,637.74
6539,1103215,2026-04-04,21454,1917,9,1,4,3006.14
6540,1140866,2026-03-29,36181,2598,104,1,1,2511.18
6541,1163637,2026-01-30,21930,741,79,1,3,33984.36
6542,1003067,2025-05-19,7188,2735,100,1,4,5808.13
6543,1133544,2025-10-05,46363,1214,113,1,1,3417.55
6544,1102626,2026-01-08,40108,2384,44,1,2,9054.18
6545,1071676,2026-02-20,23723,2723,116,1,1,372.1
6546,1176106,2025-11-15,10302,1140,84,1,4,338.86
6547,1101583,2026-03-13,33374,1050,83,1,1,2056.28
6548,1147304,2025-08-18,22293,1564,73,1,1,4516.18
6549,1074416,2025-07-12,12075,550,106,1,5,8671.16
6550,1088185,2025-04-14,451,1838,52,1,3,498.21
6551,1036979,2025-08-25,41794,177,113,1,4,14976.02
6552,1047619,2025-12-12,44364,2796,40,1,5,44982.4
6553,1177390,2025-10-10,43154,2450,20,1,3,79119.38
6554,1069149,2025-11-07,18295,1233,10,1,5,25427.57
6555,1101725,2025-08-07,25207,2902,100,1,3,32882.54
6556,1052639,2026-03-21,6370,2994,36,1,3,1163.36
6557,1010298,2025-10-23,7889,1214,109,1,1,3278.28
6558,1021869,2026-02-11,20067,1305,77,1,5,16424.83
6559,1150943,2026-03-03,2402,713,37,1,3,42758.64
6560,1179593,2025-11-18,13828,2803,17,1,2,4860.87
6561,1077833,2025-09-29,30447,558,76,1,3,214.34
6562,1108887,2025-12-21,9838,1613,15,1,1,2383.98
6563,1123737,2025-09-12,33613,729,77,1,4,11363.34
6564,1019466,2026-02-04,109,1339,36,1,1,12373.55
6565,1120245,2025-09-09,26086,1255,89,1,2,31030.71
6566,1128138,2025-05-09,35446,2874,5,1,5,8196.51
6567,1115889,2025-11-03,4471,330,114,1,4,4341.49
6568,1071951,2025-05-15,40995,1001,17,1,3,126810.69
6569,1177067,2025-12-28,2917,806,11,1,1,35696.61
6570,1058095,2026-03-12,22442,88,8,1,5,9433.59
6571,1064495,2026-03-27,25170,1754,2,1,4,7124.91
6572,1025660,2025-11-25,7354,2699,84,1,4,3056.55
6573,1103584,2025-11-12,37858,1408,78,1,5,13602.07
6574,1157820,2026-03-01,18322,663,105,1,4,71224.48
6575,1131859,2026-03-30,32381,1647,57,1,5,62540.45
6576,1117319,2025-09-20,15950,2810,77,1,5,1070.53
6577,1092256,2026-03-29,6254,1307,15,1,5,16134.76
6578,1093067,2026-04-04,17128,2081,56,1,4,430.42
6579,1194566,2026-03-16,9351,1906,16,1,1,1329.45
6580,1168300,2025-07-01,43084,2869,43,1,1,25613.36
6581,1152047,2026-01-31,38031,345,116,1,5,1686.45
6582,1001827,2025-06-23,16319,1222,83,1,2,6711.7
6583,1188128,2025-08-20,37279,1807,26,1,5,21084.05
6584,1147332,2025-08-15,41100,2975,101,1,4,680.52
6585,1121906,2025-11-22,2873,2475,46,1,2,97.94
6586,1010038,2025-12-07,29706,951,85,1,5,25257.47
6587,1189405,2025-11-24,23221,475,73,1,4,8823.75
6588,1112097,2025-12-13,49719,2485,22,1,2,1058.08
6589,1190870,2025-09-15,30499,2452,96,1,4,6458.02
6590,1131720,2026-03-28,8150,2471,88,1,4,224.42
6591,1110339,2025-09-26,27107,1045,95,1,4,4204.56
6592,1025879,2025-11-30,30964,2574,56,1,3,267.57
6593,1166964,2025-09-27,44777,166,64,1,4,7007.03
6594,1182895,2025-12-03,29238,1264,45,1,4,1952.89
6595,1168422,2025-08-05,8996,212,8,1,2,17119.52
6596,1095843,2025-09-15,38851,2950,76,1,1,2332.13
6597,1162290,2026-03-25,32859,1656,22,1,1,3163.97
6598,1141748,2026-03-09,10862,621,32,1,1,3443.75
6599,1168391,2025-09-01,15658,2193,6,1,2,10693.42
6600,1026488,2025-12-06,46422,423,76,1,4,4542.49
6601,1142089,2025-05-02,48856,536,81,1,1,161.57
6602,1079037,2025-07-03,20601,2085,105,1,4,3669.63
6603,1181990,2025-12-15,46225,2239,104,1,2,4358.09
6604,1047858,2026-02-08,24619,1172,37,1,2,2259.9
6605,1062433,2025-07-28,44403,809,96,1,3,334.62
6606,1009525,2025-10-30,15688,298,61,1,5,14986.26
6607,1199345,2025-10-31,6498,1511,49,1,4,1820.43
6608,1143118,2025-05-01,13247,2502,65,1,5,3389.79
6609,1047889,2025-07-19,39461,2501,9,1,5,30475.58
6610,1127671,2025-10-09,33315,1619,29,1,1,33116.42
6611,1080890,2025-04-23,22247,1179,49,1,1,388.49
6612,1026281,2025-10-21,19525,1872,65,1,2,320.88
6613,1080192,2025-08-27,13732,1926,57,1,5,1948.06
6614,1140425,2025-11-19,1622,686,22,1,3,3005.98
6615,1183267,2026-01-09,43698,1483,108,1,1,5879.46
6616,1096299,2025-06-08,38280,184,109,1,4,2263.96
6617,1156527,2025-09-18,7350,2500,90,1,1,9198.81
6618,1169661,2026-03-05,27405,998,79,1,3,1783.18
6619,1063034,2025-11-12,46694,624,105,1,5,605.19
6620,1063085,2025-11-30,13876,1355,62,1,4,1112.39
6621,1034420,2025-11-22,23332,2830,45,1,4,61732.57
6622,1010862,2026-01-21,48577,1521,64,1,1,5940.41
6623,1055823,2025-08-27,43949,1163,120,1,1,463.07
6624,1197726,2025-05-11,31605,758,46,1,1,14896.69
6625,1047558,2025-12-25,16069,2475,38,1,5,101.42
6626,1131411,2025-11-01,28136,511,53,1,1,10024.89
6627,1057449,2025-12-24,112,2120,24,1,5,5851.97
6628,1009495,2025-07-23,17040,601,119,1,4,1476.18
6629,1124222,2025-11-06,2167,1656,85,1,4,5758.28
6630,1124799,2025-05-19,27436,2823,42,1,3,9229.68
6631,1010106,2026-02-22,23391,157,115,1,1,218.3
6632,1158592,2025-07-18,44015,2325,55,1,3,11950.94
6633,1075313,2025-07-23,26785,2266,97,1,5,40321.55
6634,1128033,2025-05-08,21772,2358,76,1,4,25114.29
6635,1137908,2026-01-26,3382,1751,35,1,4,32142.83
6636,1064097,2025-11-26,42738,1073,114,1,4,594.42
6637,1174834,2026-03-25,18998,1612,21,1,5,33687.28
6638,1079636,2026-02-04,28660,1852,53,1,2,3679.04
6639,1091800,2025-06-15,49375,1166,19,1,2,3100.91
6640,1087864,2025-12-26,40233,2025,60,1,2,12843.39
6641,1149638,2025-11-30,40709,935,16,1,3,463.3
6642,1095604,2025-06-26,11839,1442,118,1,5,7155.37
6643,1130605,2025-05-22,10728,1292,8,1,1,4176.62
6644,1182415,2026-02-20,19414,423,84,1,2,13608.67
6645,1158174,2025-09-07,47804,152,86,1,2,1536.44
6646,1181891,2025-08-04,34045,2546,42,1,3,3413.92
6647,1101518,2025-10-06,41661,2009,109,1,4,18410.39
6648,1145094,2025-11-04,24892,1307,40,1,5,16199.63
6649,1007949,2026-02-26,19699,2845,50,1,1,1684.14
6650,1024589,2025-09-04,33530,316,86,1,1,1222.77
6651,1005352,2025-09-29,27912,990,109,1,1,3103.73
6652,1151408,2025-07-02,272,457,62,1,5,2130.61
6653,1162660,2026-01-31,6539,2797,19,1,4,911.18
6654,1195463,2025-07-13,18886,1017,92,1,5,797.12
6655,1159145,2025-12-06,18446,835,86,1,1,13254.12
6656,1170359,2026-01-23,34232,2682,95,1,2,4520.03
6657,1071648,2025-08-20,10329,151,120,1,3,4649.33
6658,1076288,2025-09-27,7335,1960,33,1,5,14667.37
6659,1185635,2026-01-26,40156,1529,58,1,3,56470.35
6660,1075835,2026-03-26,22400,801,1,1,1,1763.56
6661,1122678,2025-11-28,48770,2222,91,1,4,58370.94
6662,1078478,2026-03-13,23808,783,92,1,5,55559.14
6663,1012114,2025-10-28,17600,1784,90,1,5,19793.8
6664,1139252,2025-11-01,29236,1439,86,1,1,780.97
6665,1055885,2025-10-01,25997,1618,97,1,5,3157.5
6666,1080907,2025-08-21,48756,691,61,1,5,1627.58
6667,1090375,2026-04-26,10758,1374,60,1,5,3569.42
6668,1013083,2026-03-25,13235,1522,47,1,5,13621.23
6669,1086838,2026-04-04,35651,1257,3,1,3,1674.44
6670,1006443,2025-04-27,9938,494,19,1,1,50683.9
6671,1117626,2025-08-05,39385,2786,85,1,2,1008.14
6672,1166599,2025-08-24,30836,1665,22,1,5,2375.94
6673,1030375,2026-03-19,17929,2493,98,1,3,136.44
6674,1105916,2025-11-05,15432,1242,46,1,3,10886.03
6675,1151928,2025-05-01,5726,2403,111,1,5,32096.67
6676,1171087,2025-06-04,15038,2473,46,1,1,3449.36
6677,1046595,2026-01-20,44123,2950,13,1,2,4380.79
6678,1121634,2026-02-04,19142,2425,6,1,4,25880.25
6679,1042263,2026-04-19,5204,1811,1,1,5,364.72
6680,1109099,2026-04-10,21642,880,34,1,1,14278.22
6681,1199726,2025-07-12,24311,736,76,1,1,3580.17
6682,1064569,2025-09-02,31777,2450,37,1,4,233457.39
6683,1107400,2025-06-06,1358,152,80,1,3,1602.82
6684,1140125,2025-10-18,49891,2385,91,1,3,320.5
6685,1150835,2025-11-08,29630,2984,13,1,2,176.16
6686,1117053,2025-07-04,32636,831,81,1,1,2992.7
6687,1032123,2025-08-26,6847,911,74,1,4,26607.32
6688,1158827,2025-06-13,18387,1533,97,1,2,372863.08
6689,1149213,2025-08-04,39404,818,95,1,5,1318.7
6690,1188490,2025-11-29,5063,866,65,1,5,758.98
6691,1143125,2025-11-22,23093,670,104,1,3,4232.99
6692,1037842,2026-03-20,23111,2541,100,1,2,5840.4
6693,1005372,2025-07-24,33392,2215,77,1,3,34845.13
6694,1063404,2025-07-28,22918,2825,74,1,3,1958.38
6695,1121967,2025-08-23,46954,436,102,1,5,3897.67
6696,1032851,2025-04-30,13001,2662,37,1,3,3913.38
6697,1108372,2025-08-31,16413,845,50,1,4,206.52
6698,1061655,2025-05-03,26759,2218,17,1,3,1223.52
6699,1031973,2026-03-18,17858,2463,98,1,2,1160.77
6700,1039480,2025-08-30,47719,1832,4,1,4,3815.97
6701,1146741,2025-07-16,12406,1683,39,1,3,430.49
6702,1075021,2025-05-15,9766,1540,30,1,3,37495.33
6703,1066841,2025-12-14,45132,1761,29,1,1,389.58
6704,1007916,2026-02-14,34578,1683,108,1,3,445.5
6705,1170930,2025-09-15,1733,943,14,1,5,1052.76
6706,1062086,2025-04-02,30993,79,117,1,3,9132.65
6707,1189670,2025-05-28,9460,2491,119,1,4,1681.02
6708,1058886,2025-09-15,699,1103,7,1,1,1164.98
6709,1131637,2025-10-08,12939,1533,105,1,3,208239.57
6710,1140989,2025-12-29,43399,1335,27,1,4,1059.56
6711,1154535,2026-04-15,14100,290,102,1,2,5194.99
6712,1190251,2026-01-18,33187,1489,108,1,5,160500.83
6713,1161958,2025-12-27,11114,2536,31,1,4,421.22
6714,1170335,2025-09-10,13766,171,103,1,4,1636.13
6715,1190876,2025-12-11,14614,1349,43,1,5,1899.19
6716,1050190,2025-11-27,28187,636,46,1,3,168.68
6717,1141805,2025-06-09,22193,1150,106,1,2,8532.1
6718,1087656,2026-01-22,18491,884,96,1,1,3561.93
6719,1033001,2025-04-18,30098,1623,54,1,2,11217.64
6720,1161297,2025-06-08,23285,106,79,1,2,3112.93
6721,1090841,2025-07-07,3471,56,23,1,4,605.04
6722,1199843,2025-07-25,10767,1889,86,1,2,10078.61
6723,1009282,2026-01-18,5552,690,52,1,3,7788.05
6724,1001382,2026-01-04,21745,2393,90,1,1,34345.78
6725,1027951,2025-12-22,45104,1413,120,1,2,1404.76
6726,1002722,2025-11-28,47695,1300,99,1,1,10191.13
6727,1018436,2026-04-24,41005,2930,113,1,1,4886.76
6728,1018923,2026-03-22,1103,2329,71,1,5,1419.91
6729,1051668,2025-10-29,4345,1186,106,1,5,794.6
6730,1187843,2025-05-30,19697,2937,86,1,2,171991.42
6731,1034721,2025-11-17,36303,723,118,1,4,636.27
6732,1030573,2025-07-29,20979,1671,23,1,2,3334.12
6733,1156858,2025-05-15,20594,1768,39,1,5,1554.57
6734,1008603,2025-04-26,19192,2511,100,1,3,4044.45
6735,1131309,2025-07-10,2713,704,103,1,5,16284.76
6736,1008021,2025-07-05,39854,1798,81,1,3,301186.93
6737,1037925,2026-01-24,13118,2340,94,1,1,1189.72
6738,1129529,2025-06-01,46096,235,2,1,3,839.87
6739,1154245,2025-08-27,47954,1530,22,1,3,742.23
6740,1044016,2025-11-15,12375,1534,47,1,5,567.27
6741,1087978,2025-08-01,14518,528,73,1,1,15297.17
6742,1068034,2025-09-22,32524,2937,66,1,3,80854.0
6743,1145049,2025-09-29,47084,2548,99,1,5,1760.23
6744,1102253,2025-12-06,34213,248,56,1,4,2828.5
6745,1164779,2026-01-22,8543,651,15,1,4,145.98
6746,1045258,2025-08-04,4049,100,102,1,3,475.07
6747,1173459,2025-07-23,27018,1605,108,1,2,9277.35
6748,1027428,2025-12-29,46766,712,77,1,1,1110.7
6749,1114949,2025-04-10,34608,2403,71,1,4,161439.77
6750,1165508,2026-03-16,38849,2109,62,1,1,2390.3
6751,1155444,2026-03-25,44944,2334,112,1,5,1597.91
6752,1118902,2025-06-21,45299,502,32,1,1,13763.42
6753,1191592,2025-12-21,20505,2834,41,1,3,931.83
6754,1168818,2025-10-28,17783,2063,71,1,5,1677.42
6755,1001570,2026-01-20,9518,2035,96,1,1,5933.09
6756,1020130,2026-01-29,21525,288,20,1,3,2515.54
6757,1170112,2026-03-19,17550,2676,120,1,3,680.69
6758,1012556,2025-11-13,16389,927,85,1,3,5207.74
6759,1163822,2025-09-07,30721,2593,69,1,1,7540.08
6760,1101874,2025-08-05,13354,1874,23,1,2,12700.26
6761,1079207,2026-01-19,28299,1846,1,1,3,179784.6
6762,1051460,2025-07-11,36031,338,80,1,4,14128.29
6763,1154849,2026-04-12,20777,1370,3,1,2,2313.41
6764,1181172,2026-02-23,6495,928,3,1,5,31056.92
6765,1020314,2025-10-02,42144,2745,49,1,5,28162.96
6766,1000276,2025-07-21,11014,2295,14,1,4,260.7
6767,1154360,2025-11-16,31797,613,88,1,3,602.44
6768,1040341,2025-07-01,39691,2921,56,1,1,971.12
6769,1077831,2025-04-23,33596,2168,65,1,4,2332.02
6770,1081459,2025-09-07,28915,1695,104,1,4,7801.71
6771,1078765,2025-04-08,35367,1945,88,1,4,45031.62
6772,1197765,2025-07-26,3729,531,55,1,3,18.01
6773,1030129,2025-12-26,14986,2979,31,1,1,1588.03
6774,1022706,2025-05-18,7571,1452,61,1,2,880.3
6775,1024378,2025-07-30,10589,1064,47,1,3,7302.15
6776,1157630,2026-01-14,9065,1744,117,1,1,88229.75
6777,1054433,2025-04-05,26010,977,69,1,2,785.07
6778,1165232,2025-06-12,29288,1232,84,1,1,56295.29
6779,1082163,2025-06-27,5480,1686,43,1,4,3419.03
6780,1042691,2025-07-27,4557,453,103,1,3,20.72
6781,1143274,2026-04-09,40079,585,83,1,1,23090.7
6782,1049516,2025-10-09,39914,2186,27,1,2,1330.51
6783,1131864,2026-03-26,40028,2720,72,1,1,269913.76
6784,1089477,2025-11-19,6117,523,106,1,3,4109.82
6785,1171279,2025-12-09,22675,716,103,1,1,4742.84
6786,1154457,2025-12-12,28586,590,14,1,4,339.76
6787,1050713,2026-03-03,6980,413,82,1,5,8297.99
6788,1059149,2025-09-24,27956,547,33,1,5,4914.66
6789,1012426,2025-12-01,37017,2707,96,1,2,2361.12
6790,1080437,2025-06-04,18959,1957,35,1,4,8149.23
6791,1032784,2025-10-17,27937,2494,100,1,2,246014.4
6792,1028259,2025-06-03,3473,541,66,1,4,2090.43
6793,1124102,2026-02-06,43585,1631,105,1,3,32641.81
6794,1172473,2026-03-01,35940,2601,107,1,5,1659.08
6795,1168452,2026-02-10,49254,394,82,1,1,10532.38
6796,1010152,2025-10-19,26486,1549,120,1,3,259711.2
6797,1006466,2025-12-29,29275,2333,104,1,5,2351.9
6798,1194048,2025-08-29,49559,2604,34,1,1,1475.04
6799,1037333,2026-03-08,22369,330,106,1,3,9736.75
6800,1148439,2025-11-08,13953,2523,115,1,4,25632.52
6801,1008840,2025-11-30,36713,547,75,1,3,994.61
6802,1197564,2025-08-11,30827,511,4,1,5,9959.66
6803,1028703,2026-01-10,7988,497,14,1,5,1436.88
6804,1141451,2026-03-15,45556,2632,65,1,5,3594.01
6805,1067830,2025-04-26,23832,742,50,1,2,991.47
6806,1168022,2026-02-04,29259,467,54,1,2,22520.61
6807,1065838,2026-01-13,5155,78,61,1,2,2120.85
6808,1169520,2025-08-23,33739,52,7,1,2,16245.85
6809,1038600,2026-01-25,9093,893,36,1,4,15243.06
6810,1002467,2025-09-29,24662,243,11,1,4,186472.13
6811,1105584,2025-04-15,47896,1150,44,1,4,17212.51
6812,1192704,2025-12-24,6917,590,20,1,5,662.58
6813,1160283,2025-09-24,42476,898,69,1,3,8669.46
6814,1158003,2026-02-08,49800,1248,83,1,4,9483.59
6815,1095337,2025-09-03,49956,1484,39,1,3,2545.67
6816,1026994,2026-02-08,33386,192,110,1,3,715.2
6817,1027822,2025-04-18,10466,2106,12,1,3,26783.92
6818,1007658,2025-12-20,41548,533,78,1,3,721.7
6819,1065099,2025-11-23,43495,1516,101,1,4,577.38
6820,1199627,2026-03-27,28197,193,44,1,5,10897.54
6821,1050787,2026-01-26,34445,1994,50,1,5,2385.68
6822,1037755,2025-11-20,49135,1096,35,1,5,17655.55
6823,1019547,2025-11-25,8358,1665,70,1,2,2416.91
6824,1187902,2025-05-24,4592,1729,46,1,3,380.2
6825,1041806,2026-03-31,15749,2182,45,1,2,7435.18
6826,1065347,2025-11-25,31428,2110,115,1,1,2116.79
6827,1058696,2025-07-04,34164,2391,42,1,3,13001.91
6828,1159896,2026-02-19,17026,88,106,1,3,8927.65
6829,1014828,2025-04-29,10285,2679,110,1,2,601.79
6830,1021762,2025-11-26,39344,2839,86,1,5,4088.71
6831,1063541,2026-03-03,19302,690,111,1,2,12028.55
6832,1196404,2026-03-07,714,2966,120,1,4,1136.77
6833,1190911,2025-10-17,46315,1616,119,1,5,1247.19
6834,1173156,2025-09-17,8941,103,50,1,3,988.87
6835,1195913,2025-11-09,15055,996,22,1,3,30852.8
6836,1158828,2026-01-13,39913,2591,119,1,2,8658.58
6837,1119503,2025-10-24,8583,620,34,1,5,9837.93
6838,1114173,2026-03-22,12401,1495,8,1,2,5649.12
6839,1012282,2025-08-08,25204,2822,83,1,1,59329.98
6840,1122873,2025-08-28,43989,1725,23,1,1,1288.87
6841,1089520,2025-09-11,28471,2738,95,1,2,4848.42
6842,1120493,2026-01-29,20219,1299,83,1,1,5489.51
6843,1016472,2026-02-03,44541,1967,104,1,2,1338.83
6844,1109261,2025-10-18,40846,2787,2,1,5,332855.03
6845,1138154,2025-06-05,3146,1430,5,1,3,6152.07
6846,1117239,2026-04-07,20309,463,43,1,3,8298.52
6847,1180557,2025-11-26,11162,571,51,1,4,48015.49
6848,1130097,2025-12-03,16080,2491,2,1,4,607.78
6849,1038175,2026-02-27,33500,1007,14,1,2,4119.83
6850,1023571,2025-09-01,10680,273,65,1,4,3148.67
6851,1192447,2025-08-22,34499,1331,19,1,4,847.39
6852,1178626,2025-11-12,30687,2978,16,1,5,2357.66
6853,1163307,2025-09-12,35481,492,76,1,4,89984.89
6854,1191463,2025-09-21,18577,2826,117,1,4,2316.87
6855,1120141,2025-07-05,540,2646,4,1,2,5351.38
6856,1061023,2026-03-10,25447,852,36,1,5,1181.6
6857,1161755,2025-09-07,31866,2419,92,1,1,2870.3
6858,1098255,2025-10-24,23876,691,60,1,2,828.61
6859,1165017,2026-03-18,2243,1146,12,1,4,3842.03
6860,1018900,2025-09-03,4357,2526,46,1,5,19874.47
6861,1154085,2025-11-21,23791,2561,31,1,5,777.27
6862,1054942,2026-04-10,34684,2364,49,1,4,32.93
6863,1123674,2026-03-19,23381,1805,59,1,3,24768.04
6864,1065511,2025-08-10,12203,1551,70,1,1,210.34
6865,1107312,2026-04-01,46434,542,101,1,2,32710.08
6866,1049015,2026-04-16,47350,1661,63,1,2,1744.82
6867,1001100,2025-07-14,4190,2208,57,1,3,64917.76
6868,1195004,2025-05-14,47790,1951,92,1,1,57816.08
6869,1035041,2025-11-12,36438,380,92,1,5,10328.03
6870,1028790,2025-10-19,28418,75,46,1,5,2239.84
6871,1105918,2025-11-01,31185,130,32,1,2,1164.99
6872,1175802,2025-12-10,34459,968,91,1,4,2694.32
6873,1073721,2025-05-15,35918,591,35,1,1,707.29
6874,1097311,2025-12-30,21063,503,65,1,5,815.68
6875,1119470,2026-02-14,13820,2907,113,1,5,7713.89
6876,1033876,2026-02-19,651,1320,49,1,5,416351.4
6877,1004336,2025-05-22,5279,1485,115,1,4,51348.93
6878,1149997,2025-10-27,15265,2238,65,1,3,1227.39
6879,1031380,2025-12-30,44811,911,22,1,3,119240.64
6880,1116619,2025-12-02,20365,1420,56,1,4,607.41
6881,1010990,2026-02-24,152,2280,99,1,5,8852.2
6882,1160663,2025-08-05,9329,1001,18,1,2,241468.39
6883,1093660,2025-11-13,46848,389,9,1,2,72552.69
6884,1041224,2025-09-23,1015,2643,116,1,2,126.45
6885,1161424,2025-11-29,48422,1096,50,1,4,7792.08
6886,1017746,2025-12-31,3070,1910,109,1,2,58553.61
6887,1075731,2025-07-20,41820,1591,36,1,2,406957.04
6888,1170537,2025-11-19,5714,2829,99,1,5,10765.95
6889,1047419,2025-08-14,307,60,88,1,3,6037.13
6890,1149702,2025-08-08,20121,1613,45,1,3,7206.73
6891,1127193,2026-04-16,38198,1370,3,1,2,4427.17
6892,1131546,2025-08-18,14627,149,35,1,1,873.78
6893,1195085,2025-07-21,33603,173,73,1,1,2645.18
6894,1086200,2026-03-12,24539,1751,38,1,2,12197.49
6895,1155820,2025-11-26,24804,148,93,1,2,436.01
6896,1058600,2026-03-10,25661,1483,71,1,5,6348.77
6897,1177835,2025-08-12,18441,1894,70,1,5,21402.63
6898,1016303,2025-11-04,13626,2614,102,1,5,15705.16
6899,1160545,2025-12-12,29463,663,23,1,5,69601.29
6900,1007305,2026-01-29,44941,2331,56,1,2,722.4
6901,1116473,2026-03-05,16896,196,59,1,5,9098.15
6902,1031765,2026-03-20,26185,2341,6,1,1,3482.58
6903,1064500,2026-03-27,45792,1872,70,1,4,361.31
6904,1042777,2025-06-18,34441,806,29,1,5,39347.09
6905,1067666,2025-05-11,36953,908,119,1,3,1239.38
6906,1174337,2025-06-17,1111,104,21,1,2,33354.7
6907,1085222,2025-09-14,25198,1783,76,1,4,7716.9
6908,1173381,2026-02-28,39909,904,119,1,5,26452.45
6909,1040281,2026-03-12,10198,907,83,1,2,1200.13
6910,1171846,2026-03-30,8774,82,57,1,5,572.14
6911,1106497,2025-08-22,20530,410,15,1,4,9198.77
6912,1086184,2025-12-09,17277,2212,27,1,5,202.48
6913,1121824,2025-06-13,30910,106,117,1,3,6003.44
6914,1172996,2025-12-21,44986,1753,74,1,3,3889.82
6915,1089571,2025-07-27,48820,2743,90,1,5,1300.45
6916,1056603,2025-09-29,40346,1344,34,1,4,3552.43
6917,1094694,2026-03-06,33308,1423,47,1,1,2355.65
6918,1116520,2026-04-04,24142,1024,115,1,5,141139.13
6919,1068176,2026-02-02,34318,1411,33,1,3,27037.4
6920,1114021,2025-11-12,10340,1164,90,1,5,62723.09
6921,1085472,2025-07-29,31024,2664,41,1,2,13250.56
6922,1172394,2025-09-11,49952,1757,55,1,3,17628.47
6923,1036499,2025-09-16,14232,391,112,1,3,21124.4
6924,1021196,2026-02-27,5288,1377,68,1,1,1650.51
6925,1077177,2025-10-20,6136,2236,54,1,1,44756.95
6926,1083821,2025-07-30,48713,1635,53,1,5,13566.34
6927,1140271,2025-12-22,38515,2190,13,1,1,7406.91
6928,1184261,2026-02-02,10964,1098,62,1,3,69413.76
6929,1051189,2025-11-22,39189,1055,89,1,4,15564.53
6930,1104672,2025-12-30,33431,930,62,1,3,86140.35
6931,1198450,2026-04-02,43802,317,100,1,1,32250.45
6932,1008508,2025-08-23,46930,598,98,1,4,474.8
6933,1090565,2025-07-31,3591,1158,99,1,2,1024.68
6934,1135742,2026-03-20,38147,1041,38,1,3,13615.58
6935,1090591,2026-04-10,49160,512,30,1,5,25566.21
6936,1186045,2025-05-01,48596,1256,55,1,4,23567.18
6937,1046932,2026-01-01,7992,370,46,1,5,4310.74
6938,1015874,2026-01-21,17476,898,105,1,1,8610.11
6939,1099184,2025-08-29,5806,2487,53,1,2,73493.66
6940,1025409,2026-03-25,21769,1244,53,1,5,13086.17
6941,1011618,2025-10-03,2693,2103,7,1,2,301.75
6942,1050451,2025-12-17,28338,1319,104,1,4,1208.06
6943,1191432,2025-10-06,35467,2898,120,1,5,3928.09
6944,1132683,2025-07-30,518,2779,58,1,5,6582.67
6945,1163292,2025-05-22,39535,375,73,1,3,10313.49
6946,1126755,2025-11-20,27553,307,61,1,3,11510.88
6947,1142431,2025-10-11,9847,2744,98,1,1,373.04
6948,1036987,2026-01-04,46425,503,28,1,2,257.69
6949,1154941,2025-05-09,44832,134,53,1,2,215.03
6950,1017729,2025-12-17,20548,2033,15,1,3,5852.3
6951,1069363,2025-09-14,10143,811,76,1,2,2957.7
6952,1056991,2026-03-23,14123,1305,57,1,3,20845.84
6953,1142354,2026-04-07,44027,2993,77,1,1,261.4
6954,1132642,2026-02-27,42385,931,79,1,2,7249.56
6955,1129746,2025-11-10,38050,1437,48,1,3,1919.92
6956,1125136,2025-04-07,16722,488,9,1,1,58608.47
6957,1018386,2025-11-02,811,1900,116,1,3,2044.34
6958,1166042,2025-12-06,5528,794,53,1,3,22388.49
6959,1188721,2025-06-29,5334,2910,28,1,2,22939.75
6960,1186622,2026-04-03,46742,29,54,1,3,7727.04
6961,1048558,2025-07-13,25895,2782,1,1,4,33252.9
6962,1070760,2025-06-17,8110,2753,31,1,3,67027.85
6963,1074974,2025-08-24,18159,11,54,1,2,16707.8
6964,1057716,2025-12-21,25888,394,60,1,3,27819.19
6965,1160107,2025-07-17,21014,331,29,1,3,676.29
6966,1026113,2025-12-09,10803,1567,2,1,1,471.02
6967,1183582,2026-03-18,48445,320,49,1,5,14825.96
6968,1090345,2025-12-20,15157,2756,70,1,4,2644.59
6969,1016318,2025-11-27,21382,1094,86,1,4,227.02
6970,1024969,2025-05-14,18497,381,54,1,5,1179.92
6971,1109793,2025-04-28,39045,2835,28,1,2,989.95
6972,1060543,2025-11-28,13651,1588,28,1,3,798.54
6973,1066329,2025-09-28,3392,860,6,1,1,1508.37
6974,1148591,2026-01-22,38848,1166,106,1,3,2887.9
6975,1004979,2025-08-20,13186,2042,114,1,1,155530.96
6976,1060608,2025-07-28,24500,1847,94,1,4,8798.81
6977,1186243,2025-06-03,34975,814,98,1,5,398.19
6978,1089307,2025-08-06,14849,982,66,1,3,6533.69
6979,1021787,2025-11-09,39773,977,84,1,2,396.19
6980,1050603,2025-07-02,9150,714,94,1,2,1227.74
6981,1007132,2025-07-24,24334,1360,47,1,1,2426.53
6982,1161391,2026-01-26,45629,1598,109,1,3,255998.61
6983,1067725,2025-10-08,38203,2879,13,1,1,2237.45
6984,1183182,2026-01-23,39885,178,87,1,5,385.46
6985,1148718,2025-12-06,25953,584,47,1,1,616.0
6986,1080793,2025-06-25,32299,935,116,1,4,1515.23
6987,1084103,2026-04-10,45420,969,20,1,5,1498.82
6988,1076985,2026-01-05,8841,620,43,1,1,29269.38
6989,1021045,2025-09-16,1292,1532,80,1,3,5508.79
6990,1054465,2026-02-26,37250,2658,78,1,2,3637.29
6991,1049371,2026-03-23,9880,1366,41,1,4,24745.35
6992,1064636,2026-04-05,33834,2353,82,1,4,6110.22
6993,1136634,2025-10-21,17416,1012,88,1,3,11296.59
6994,1095260,2025-10-11,34570,2305,111,1,5,31260.6
6995,1030376,2025-07-16,13530,1823,35,1,1,183583.15
6996,1187222,2025-07-22,15504,1173,111,1,1,2313.39
6997,1071721,2026-01-21,3220,639,45,1,3,1532.13
6998,1053350,2025-08-01,17470,811,29,1,1,970.24
6999,1154503,2025-10-22,45300,852,24,1,3,289.26
7000,1035256,2025-08-29,7261,1411,41,1,5,27338.23
7001,1141699,2025-12-24,9575,1299,100,1,5,5346.41
7002,1008499,2026-02-07,42310,2819,114,1,5,6064.2
7003,1021566,2025-12-20,24737,2009,55,1,4,15975.63
7004,1036047,2025-07-31,38975,1634,93,1,2,1067.73
7005,1169168,2026-03-29,48152,2796,43,1,5,176512.63
7006,1166913,2025-06-23,39763,72,52,1,4,597.24
7007,1102331,2025-09-22,45956,1980,7,1,1,1898.03
7008,1199543,2026-03-13,27586,261,106,1,3,2320.1
7009,1043197,2026-01-19,18994,1470,5,1,2,891.76
7010,1024640,2025-04-30,41167,2055,113,1,3,1708.91
7011,1081630,2026-03-03,32389,248,26,1,4,3090.86
7012,1069569,2025-07-25,18633,1789,38,1,2,837.82
7013,1131789,2025-12-11,20096,1734,33,1,2,200.45
7014,1044650,2025-08-13,1206,1841,120,1,5,26164.13
7015,1092134,2025-04-28,37839,2245,72,1,1,46297.89
7016,1126218,2025-06-12,21183,1932,11,1,5,16210.35
7017,1194664,2025-09-08,31427,60,101,1,3,6273.41
7018,1183998,2026-02-10,11213,1865,69,1,1,15559.01
7019,1110384,2026-03-12,29507,1479,32,1,2,3598.93
7020,1071538,2025-09-01,11248,2671,119,1,5,17341.25
7021,1087409,2025-06-25,2530,2857,114,1,4,419983.46
7022,1071575,2026-01-03,12771,2037,10,1,1,21995.77
7023,1116483,2026-04-23,24101,487,111,1,3,21848.23
7024,1196396,2025-09-10,29456,2353,5,1,2,6247.89
7025,1004262,2026-02-15,31059,663,53,1,1,56123.85
7026,1110151,2025-10-31,27592,954,33,1,2,1318.94
7027,1040399,2025-06-22,32962,1423,93,1,4,12310.73
7028,1005763,2026-04-06,22267,1859,102,1,2,53931.47
7029,1129189,2025-09-19,47413,2356,17,1,1,56072.07
7030,1132432,2025-10-16,533,2881,96,1,1,138651.54
7031,1005276,2025-10-02,20859,2744,46,1,1,379.11
7032,1114614,2025-09-05,47501,1335,14,1,3,1101.06
7033,1081526,2025-08-31,4149,2373,113,1,2,30339.99
7034,1174943,2025-06-24,1348,2572,103,1,3,2357.58
7035,1070491,2025-08-12,10370,1818,3,1,3,3200.47
7036,1177407,2025-11-20,5629,2496,20,1,3,2238.53
7037,1041388,2025-12-27,13583,385,75,1,3,444.39
7038,1013839,2025-11-07,5060,2294,101,1,4,3766.23
7039,1035853,2025-08-22,34328,1858,119,1,5,68883.21
7040,1039527,2025-08-02,23437,210,14,1,5,189163.2
7041,1081450,2025-05-21,32679,1478,37,1,1,7160.28
7042,1069711,2025-11-28,21946,448,72,1,1,4995.57
7043,1159831,2025-04-24,2930,1377,13,1,1,1124.6
7044,1154245,2025-08-29,38141,726,77,1,1,381.04
7045,1185688,2026-01-23,29957,1927,16,1,3,35107.5
7046,1017901,2025-06-07,40897,1322,40,1,2,1178.42
7047,1057479,2025-12-10,30958,2966,49,1,2,4835.82
7048,1048164,2025-07-02,35901,1801,51,1,4,14851.95
7049,1182707,2026-03-20,44791,223,60,1,2,3982.72
7050,1113970,2025-07-09,16426,973,19,1,2,851.07
7051,1008180,2025-11-17,3335,905,75,1,2,3553.33
7052,1037812,2025-10-13,2555,672,83,1,3,5579.67
7053,1073075,2026-01-09,47753,344,1,1,5,1284.51
7054,1035194,2025-08-15,6311,1108,24,1,3,18541.04
7055,1068737,2025-05-26,19858,490,34,1,2,7861.58
7056,1024935,2025-05-25,36194,212,114,1,4,8710.7
7057,1010871,2026-01-04,16524,1252,110,1,3,1269.59
7058,1193084,2025-12-12,21738,2148,112,1,2,546.54
7059,1133722,2026-02-22,19970,2781,94,1,5,48952.47
7060,1118932,2025-09-28,34085,220,13,1,1,3019.81
7061,1077800,2025-11-19,18818,291,33,1,3,32098.33
7062,1028103,2026-03-31,42155,1968,62,1,4,390.33
7063,1140406,2025-08-12,19455,1647,59,1,2,21304.63
7064,1017820,2025-05-14,1041,908,41,1,4,2354.37
7065,1096829,2025-12-14,20748,1475,67,1,4,6548.9
7066,1150386,2025-09-30,31927,468,25,1,3,1069.67
7067,1022811,2026-02-17,385,1061,84,1,5,873.64
7068,1001218,2025-07-22,18840,1055,70,1,5,8709.12
7069,1083095,2025-08-23,36086,1698,51,1,2,1373.02
7070,1132953,2025-11-05,12704,2734,22,1,4,5787.45
7071,1085541,2025-12-12,12159,2054,36,1,1,1627.22
7072,1107231,2025-10-22,17807,809,120,1,5,685.83
7073,1014657,2026-04-17,41130,1329,80,1,5,19190.87
7074,1003693,2026-01-08,48597,1775,110,1,5,6540.37
7075,1022935,2025-09-22,49764,706,30,1,3,650.16
7076,1157774,2026-01-23,26222,2126,37,1,5,1861.07
7077,1033484,2026-01-03,40928,1634,65,1,2,908.19
7078,1067121,2025-11-14,37980,307,84,1,4,15050.33
7079,1032689,2026-04-06,45880,1084,15,1,1,10205.99
7080,1178911,2026-01-04,31923,168,2,1,5,503.53
7081,1140527,2025-12-19,32156,1469,48,1,2,6124.08
7082,1126222,2025-08-19,14213,2565,88,1,3,20141.11
7083,1115425,2026-03-15,23813,861,89,1,2,174.87
7084,1097215,2025-10-29,41623,496,16,1,3,84.45
7085,1145217,2025-11-16,21992,849,16,1,1,5277.41
7086,1160008,2025-05-18,47964,2362,34,1,3,3767.75
7087,1034602,2025-10-04,36480,2598,51,1,1,2608.73
7088,1180494,2025-11-17,37269,91,35,1,4,488.38
7089,1172579,2025-09-06,8026,1899,11,1,4,17495.56
7090,1134311,2025-11-24,45819,1293,80,1,4,7698.8
7091,1174565,2026-02-08,17153,1838,5,1,1,499.86
7092,1008655,2025-05-01,2955,2857,90,1,4,133810.56
7093,1036020,2026-04-03,46122,2200,95,1,5,14304.84
7094,1055764,2025-12-12,21749,1879,40,1,1,703.57
7095,1146743,2025-12-09,40963,1691,45,1,4,513.27
7096,1172513,2025-12-25,19365,1945,26,1,3,22243.9
7097,1097590,2025-07-29,41800,2257,47,1,5,1457.49
7098,1030371,2025-09-30,41235,2273,39,1,1,125713.24
7099,1058227,2025-06-30,31975,2272,31,1,3,21510.88
7100,1016270,2026-04-09,4640,1632,44,1,1,26783.76
7101,1009095,2025-12-08,31853,1969,21,1,1,588.17
7102,1196153,2025-09-30,22931,1308,76,1,1,193100.0
7103,1193840,2025-11-20,13445,2809,22,1,1,7240.2
7104,1122412,2026-03-01,35204,2803,57,1,2,3341.31
7105,1172722,2025-05-15,35820,103,56,1,3,2662.6
7106,1015815,2025-10-05,41598,2353,25,1,3,12183.94
7107,1011136,2026-01-20,18528,1643,78,1,4,306.08
7108,1156905,2025-05-17,36255,1568,119,1,1,3975.71
7109,1072575,2025-07-11,37968,821,82,1,2,1978.8
7110,1165862,2025-10-23,27222,1115,72,1,2,592.52
7111,1153732,2025-05-08,39342,2412,118,1,4,6917.55
7112,1191675,2025-04-26,26368,571,80,1,4,12702.02
7113,1150873,2025-11-08,20231,523,67,1,3,2002.82
7114,1197779,2025-11-29,44175,84,93,1,5,1944.05
7115,1040977,2025-04-23,13178,2842,65,1,3,1320.97
7116,1088276,2025-04-20,13500,2254,51,1,5,69342.36
7117,1045608,2025-08-24,43444,1689,24,1,5,4312.65
7118,1179037,2025-11-11,30867,770,20,1,5,29230.5
7119,1190710,2025-07-15,27639,2416,109,1,3,2861.97
7120,1123797,2026-02-12,27360,72,44,1,5,2378.46
7121,1146675,2026-02-11,13768,261,107,1,5,7211.5
7122,1056563,2025-09-10,247,2731,4,1,4,1543.14
7123,1018405,2025-11-24,4085,423,100,1,1,4444.86
7124,1113693,2025-10-26,45006,1596,4,1,3,1175.63
7125,1089599,2025-10-17,25970,1265,58,1,1,6775.26
7126,1095350,2025-06-19,39341,1140,80,1,1,675.52
7127,1173400,2025-09-12,36456,495,96,1,3,33915.2
7128,1008757,2025-12-07,7789,459,118,1,4,873.7
7129,1138995,2025-07-21,42762,1598,9,1,4,156554.0
7130,1014324,2026-03-30,22447,2869,29,1,3,53332.86
7131,1005019,2025-12-28,6300,2403,80,1,1,28782.0
7132,1077201,2026-04-22,33640,2522,115,1,4,4796.81
7133,1083726,2025-08-14,20629,1477,39,1,4,10753.74
7134,1120582,2025-07-22,29490,655,116,1,1,4238.74
7135,1010333,2026-01-30,15000,2496,92,1,4,2094.78
7136,1040956,2025-08-24,30731,2360,8,1,1,17676.61
7137,1004914,2025-07-16,21684,906,37,1,3,5847.64
7138,1060871,2025-11-21,29109,2871,47,1,1,12551.83
7139,1139501,2025-11-03,20763,532,114,1,4,999.73
7140,1153915,2025-10-18,40206,441,68,1,1,14332.86
7141,1127100,2026-01-18,42033,161,73,1,2,1384.73
7142,1154270,2025-09-29,25189,1990,11,1,2,6372.13
7143,1166278,2026-01-13,23853,1981,63,1,5,90989.69
7144,1028044,2025-12-08,36586,1110,90,1,2,5624.73
7145,1015507,2026-03-13,40961,1562,93,1,3,1279.22
7146,1049530,2025-08-21,12553,24,103,1,3,3424.02
7147,1033197,2025-08-28,7837,2098,85,1,5,106009.25
7148,1137489,2025-12-08,28997,1642,37,1,3,1522.84
7149,1040026,2025-04-27,34181,706,23,1,2,223.77
7150,1052223,2025-08-17,9131,2563,75,1,5,3264.6
7151,1027663,2025-06-04,48373,2854,57,1,3,9799.64
7152,1063197,2026-02-01,11856,2690,109,1,4,4242.32
7153,1034097,2025-10-02,14688,861,50,1,3,521.58
7154,1114261,2025-08-24,32100,503,46,1,4,601.03
7155,1126306,2025-09-01,47242,74,80,1,1,3306.37
7156,1171600,2025-10-03,22932,295,6,1,5,77610.3
7157,1173279,2026-01-12,34647,1683,60,1,5,450.74
7158,1048006,2025-07-28,39677,834,78,1,4,288076.13
7159,1125617,2025-11-11,18102,2324,120,1,1,10908.5
7160,1104172,2025-05-06,34054,804,59,1,2,2390.3
7161,1134734,2025-08-09,9873,836,104,1,5,998.13
7162,1080017,2026-03-05,16058,1355,7,1,4,5292.44
7163,1103326,2025-08-13,22393,1461,49,1,4,2611.82
7164,1069247,2025-04-15,14925,1068,79,1,4,890.74
7165,1130367,2026-03-11,7577,2944,30,1,2,15175.39
7166,1015183,2025-10-27,24306,2586,59,1,1,10444.22
7167,1065520,2025-10-12,46640,2348,101,1,3,1718.47
7168,1115838,2025-08-16,7116,2536,70,1,1,465.72
7169,1137991,2025-08-09,6300,24,30,1,2,6478.8
7170,1172727,2025-05-09,24736,1792,30,1,2,1800.5
7171,1161674,2025-06-24,47971,1852,38,1,5,14457.69
7172,1026182,2025-09-12,3511,2866,82,1,1,709.57
7173,1036592,2025-07-25,34846,2236,87,1,1,96224.1
7174,1091828,2026-02-13,215,1121,19,1,3,1215.17
7175,1162581,2026-04-01,17964,1620,22,1,2,107.15
7176,1038712,2026-04-09,29941,1330,65,1,3,5114.75
7177,1165953,2026-03-11,2675,2577,52,1,2,3573.77
7178,1066363,2025-11-06,41881,1660,36,1,1,7891.06
7179,1016972,2025-12-10,8620,394,114,1,3,9835.06
7180,1011447,2025-06-08,47740,2439,120,1,3,10879.37
7181,1097407,2025-06-21,1158,2587,59,1,3,8642.88
7182,1175362,2025-08-16,49287,2389,20,1,3,12303.91
7183,1080539,2025-09-06,20605,2158,85,1,2,7583.02
7184,1006271,2025-11-26,44851,321,85,1,5,574.28
7185,1150464,2025-05-23,28630,1140,97,1,2,2076.07
7186,1094032,2025-10-16,4728,1749,97,1,2,2049.48
7187,1095332,2026-02-24,27209,1976,99,1,3,360.01
7188,1026150,2025-10-19,894,1116,106,1,3,12029.28
7189,1150601,2025-08-08,1206,2799,108,1,3,17273.37
7190,1022485,2025-09-23,8542,1269,32,1,3,4241.02
7191,1086543,2025-11-11,25805,2622,49,1,5,122414.49
7192,1114598,2026-03-11,48423,382,96,1,5,16224.44
7193,1134331,2025-04-25,47168,2160,98,1,1,12939.95
7194,1114936,2025-12-12,17530,2907,61,1,4,8047.62
7195,1041982,2025-10-26,23749,967,34,1,1,1683.19
7196,1056961,2025-10-12,45234,142,47,1,2,1264.4
7197,1092593,2025-07-22,15607,2980,67,1,2,13018.11
7198,1023636,2025-07-04,33264,2116,80,1,2,2134.03
7199,1056938,2025-11-26,47914,2753,25,1,3,13245.51
7200,1177837,2025-07-01,46463,1120,35,1,5,2022.43
7201,1169959,2025-04-20,8172,56,101,1,2,1141.29
7202,1181858,2025-05-10,31894,2268,28,1,5,1628.46
7203,1002275,2025-09-18,6067,1615,101,1,1,580.66
7204,1101387,2025-09-15,11986,2139,33,1,1,1984.24
7205,1184270,2025-09-14,36273,460,55,1,4,151676.5
7206,1070194,2026-03-26,12423,2926,56,1,4,898.65
7207,1048123,2025-11-05,20540,2545,53,1,3,2252.96
7208,1059422,2026-03-24,34533,14,7,1,1,3454.86
7209,1086225,2025-04-29,25800,2184,76,1,2,67578.23
7210,1051953,2025-07-30,37648,2009,71,1,3,17628.6
7211,1128889,2025-12-28,12102,2112,40,1,5,25216.19
7212,1007609,2025-11-24,17853,1088,89,1,2,38225.64
7213,1111629,2025-12-17,38835,1708,69,1,4,17296.67
7214,1168271,2026-01-31,23408,673,77,1,4,38298.92
7215,1118172,2025-10-14,23182,1113,7,1,3,7931.71
7216,1075227,2026-02-05,21952,2988,69,1,2,12112.33
7217,1121882,2025-06-01,21837,201,39,1,5,142184.41
7218,1193604,2025-12-26,37741,2671,104,1,2,25797.33
7219,1046987,2025-10-23,34237,1001,60,1,3,114196.62
7220,1005956,2026-03-08,29054,2588,120,1,2,1518.96
7221,1188076,2025-10-29,32700,894,76,1,2,8614.14
7222,1052423,2025-11-15,45184,2079,86,1,2,4533.73
7223,1023547,2025-05-03,35203,708,92,1,1,1612.21
7224,1123456,2025-09-02,1471,195,112,1,1,36525.96
7225,1064210,2026-03-14,6464,2121,54,1,2,928.73
7226,1149059,2025-09-19,46458,2113,56,1,2,32502.89
7227,1050607,2025-10-29,42224,2745,62,1,4,27665.91
7228,1018792,2025-04-24,15024,1070,16,1,2,90.1
7229,1196360,2025-05-14,10912,1807,13,1,1,10050.74
7230,1165476,2026-02-19,23369,1369,88,1,2,6316.87
7231,1194203,2025-10-20,18626,1536,48,1,2,7095.5
7232,1128761,2025-07-09,42948,181,94,1,4,50266.08
7233,1174168,2025-06-02,22722,1106,21,1,1,138369.09
7234,1018805,2026-03-08,43762,2048,52,1,5,2312.01
7235,1004891,2025-08-04,37807,950,1,1,2,2947.0
7236,1172446,2025-06-21,39128,2155,119,1,2,4530.08
7237,1047987,2026-04-28,29266,613,51,1,3,435.31
7238,1005592,2026-03-18,48819,79,81,1,2,9047.97
7239,1099625,2026-03-07,32645,770,16,1,1,16521.59
7240,1009658,2025-09-11,4938,2290,105,1,5,34697.2
7241,1190260,2025-05-03,23912,118,67,1,3,1766.69
7242,1037327,2026-03-10,28687,697,95,1,2,102106.78
7243,1058038,2026-03-31,44631,410,53,1,3,3684.74
7244,1182655,2025-10-14,454,2034,47,1,4,27431.14
7245,1038126,2025-10-26,42306,311,50,1,3,17731.73
7246,1176889,2025-09-03,9185,1708,69,1,1,35184.98
7247,1077121,2025-06-01,5519,1428,5,1,2,3603.0
7248,1180272,2025-09-26,40858,800,40,1,2,7311.32
7249,1108153,2025-06-08,7961,1305,78,1,1,5223.9
7250,1143251,2025-12-03,34237,2763,89,1,4,162745.43
7251,1167760,2025-08-29,48108,1947,24,1,1,4169.32
7252,1060703,2026-03-16,4026,1970,45,1,1,537.41
7253,1144805,2025-06-15,7739,929,85,1,2,565.65
7254,1114687,2025-07-26,41157,735,47,1,4,199.31
7255,1129164,2026-04-02,23512,275,56,1,4,3199.95
7256,1040445,2025-07-28,15434,793,29,1,3,2013.06
7257,1040058,2025-11-18,8444,875,17,1,1,45903.42
7258,1060199,2025-08-10,29585,2335,108,1,3,14247.22
7259,1068573,2026-03-22,6225,2729,70,1,3,540.69
7260,1034625,2026-03-11,18736,834,53,1,4,96495.32
7261,1162779,2026-01-01,16887,2901,80,1,5,14993.52
7262,1173900,2025-06-12,36687,884,115,1,5,7411.09
7263,1041494,2025-10-23,24260,166,54,1,3,6129.41
7264,1174291,2025-08-28,10749,1993,54,1,2,1266.87
7265,1146731,2025-05-03,2402,1357,17,1,3,9295.55
7266,1130984,2025-08-04,26601,2608,46,1,3,4573.83
7267,1111644,2025-06-25,27619,1049,35,1,2,20173.14
7268,1083929,2026-02-24,35797,2824,103,1,3,2679.09
7269,1073209,2026-02-27,8133,1577,103,1,1,6271.19
7270,1156661,2026-02-04,38413,1185,101,1,1,8728.41
7271,1103781,2025-05-05,17696,1391,97,1,1,6346.68
7272,1163140,2025-07-03,17171,749,59,1,1,2905.63
7273,1181603,2025-12-12,49863,86,98,1,2,207.85
7274,1142118,2025-08-12,39652,514,69,1,2,2279.65
7275,1182335,2025-12-15,45286,2496,49,1,4,6741.26
7276,1185623,2026-01-27,49883,1732,21,1,5,10632.53
7277,1077826,2025-08-03,47586,425,97,1,5,832.21
7278,1198594,2025-07-20,45779,642,75,1,5,19984.73
7279,1153748,2025-10-30,30709,2264,60,1,5,127.03
7280,1145339,2025-09-19,4731,1055,47,1,5,44469.53
7281,1127566,2025-06-23,5823,832,7,1,3,8421.84
7282,1048801,2026-03-10,45953,1717,17,1,1,1502.19
7283,1001894,2026-02-18,5633,2431,73,1,3,2554.5
7284,1119371,2026-01-02,29246,2455,101,1,1,31040.64
7285,1073235,2025-07-10,31061,959,70,1,1,4351.84
7286,1050197,2025-07-07,45539,524,100,1,3,870.16
7287,1044287,2026-03-04,25340,2987,89,1,3,6130.27
7288,1066182,2025-10-18,5776,161,115,1,2,397.04
7289,1081205,2026-01-10,25403,779,108,1,1,12660.91
7290,1151797,2025-12-19,12532,15,80,1,4,2447.82
7291,1168168,2025-06-19,48879,2234,103,1,2,5457.75
7292,1037383,2026-03-21,11327,576,30,1,2,14719.67
7293,1082983,2025-09-14,44432,2346,70,1,2,14712.33
7294,1059925,2025-09-22,34979,1409,108,1,1,23335.35
7295,1098026,2025-06-26,19116,2758,7,1,1,361036.31
7296,1192588,2025-06-20,8673,786,11,1,4,2240.11
7297,1093787,2025-06-24,2936,2128,90,1,3,53766.88
7298,1062831,2025-11-28,42555,2607,5,1,2,3233.78
7299,1119639,2025-12-23,47302,1722,63,1,4,653.17
7300,1160900,2026-02-17,27548,2480,102,1,3,5961.06
7301,1156039,2025-05-26,24060,2134,75,1,2,491.79
7302,1107969,2025-08-23,15870,2173,60,1,4,3121.33
7303,1123382,2026-03-08,41277,1243,34,1,2,1556.32
7304,1093459,2025-07-06,12949,2577,31,1,3,3744.68
7305,1173769,2026-02-19,22565,1484,21,1,3,612.01
7306,1092878,2025-12-10,31637,1076,23,1,4,2169.42
7307,1109568,2026-04-04,31230,1725,25,1,2,1296.99
7308,1187139,2025-10-28,27651,1377,65,1,3,1078.17
7309,1068579,2026-03-28,17625,1927,116,1,5,82680.88
7310,1059242,2025-12-05,49733,2812,34,1,3,19793.11
7311,1136628,2025-07-19,27412,1791,76,1,2,2344.68
7312,1168180,2025-06-05,39544,2789,62,1,2,3820.55
7313,1021447,2025-10-03,7557,1286,19,1,1,187.15
7314,1070866,2025-11-30,41372,576,62,1,1,6280.37
7315,1010165,2025-04-06,40549,1037,69,1,2,40465.4
7316,1100101,2025-12-22,16694,1601,52,1,2,153.12
7317,1130714,2025-08-17,47511,1559,40,1,3,128065.26
7318,1153547,2026-01-22,39559,1184,76,1,1,5957.51
7319,1079322,2025-10-08,32644,2583,51,1,1,1875.99
7320,1154182,2025-12-16,46197,354,43,1,1,1054.75
7321,1111922,2026-03-05,16415,1375,37,1,2,49261.12
7322,1150358,2025-12-07,16761,499,99,1,4,3143.13
7323,1026309,2025-09-17,45076,29,112,1,4,3456.18
7324,1147487,2026-02-07,34206,725,16,1,1,9163.03
7325,1076609,2026-02-01,12277,2890,12,1,3,22318.77
7326,1180026,2025-08-03,845,1830,36,1,1,1142.35
7327,1161867,2026-04-07,8081,2552,105,1,2,56119.05
7328,1104492,2025-05-03,2961,1982,32,1,2,1670.34
7329,1172720,2025-12-05,31044,972,113,1,3,4352.33
7330,1158274,2026-03-23,9193,2298,28,1,4,210.73
7331,1120740,2025-07-03,5744,503,72,1,2,1185.08
7332,1115703,2025-09-21,12288,2628,66,1,2,109122.18
7333,1020970,2025-09-01,8571,1445,52,1,5,9606.66
7334,1073919,2026-03-22,27794,2666,28,1,5,1908.5
7335,1047228,2025-11-16,36069,497,34,1,3,1447.77
7336,1120297,2026-01-28,7854,598,58,1,3,455.88
7337,1121905,2025-10-14,25594,1078,37,1,5,136.76
7338,1134806,2025-08-07,31052,25,7,1,4,2924.5
7339,1158096,2025-05-13,43686,846,17,1,2,7737.94
7340,1139005,2025-08-06,43428,2384,71,1,5,8652.17
7341,1198003,2026-02-14,17216,967,22,1,3,5474.19
7342,1043537,2025-08-30,33940,1587,77,1,1,184.08
7343,1133795,2025-06-08,20876,1589,41,1,3,510116.62
7344,1053208,2025-08-21,39685,1647,46,1,2,21663.68
7345,1046986,2026-01-17,45968,1660,88,1,4,3964.04
7346,1033437,2025-04-22,9815,2170,95,1,3,344.76
7347,1191924,2026-02-17,21479,605,51,1,4,193.21
7348,1165315,2025-06-18,26187,2487,3,1,3,138947.53
7349,1033591,2025-11-03,44075,2163,106,1,2,4951.8
7350,1131071,2025-06-07,14910,1775,109,1,2,14250.95
7351,1049648,2025-06-16,1195,1154,94,1,1,384.38
7352,1063278,2026-01-06,21372,632,87,1,3,3286.07
7353,1042159,2025-09-14,25018,1619,97,1,2,33720.12
7354,1176903,2025-08-22,7975,2450,79,1,1,78701.37
7355,1170988,2025-12-20,34605,111,62,1,3,2256.65
7356,1057377,2025-10-09,31521,42,99,1,5,12197.61
7357,1121719,2025-09-20,42905,1946,103,1,1,140742.76
7358,1158119,2025-08-15,11184,2281,43,1,5,198.02
7359,1071747,2025-06-28,16977,2926,23,1,5,1765.44
7360,1175067,2025-04-10,3858,2182,10,1,2,6833.74
7361,1191786,2025-04-29,29527,998,97,1,5,1619.61
7362,1051412,2025-06-17,24186,804,62,1,2,2336.13
7363,1052346,2025-12-16,4261,2967,10,1,3,14637.52
7364,1071488,2026-02-18,31216,2812,51,1,2,24066.81
7365,1195724,2025-12-02,39866,1675,43,1,1,9946.91
7366,1053042,2025-08-11,47695,2324,6,1,5,11452.59
7367,1093160,2025-08-19,15181,1516,106,1,4,1965.71
7368,1031267,2025-06-29,24496,2906,84,1,4,878.91
7369,1173448,2025-06-16,37012,316,117,1,4,1204.93
7370,1070347,2026-03-07,28425,32,33,1,3,4028.41
7371,1102046,2025-08-22,13424,1180,19,1,3,25368.34
7372,1129790,2025-12-12,11487,1064,40,1,5,27105.08
7373,1132636,2026-04-06,34426,1308,37,1,4,67332.05
7374,1179281,2025-07-31,28057,2143,107,1,4,6629.97
7375,1147689,2026-04-13,22247,1449,61,1,1,34984.94
7376,1015893,2025-10-12,25571,854,56,1,3,3118.68
7377,1086949,2026-03-25,37470,1967,91,1,1,2172.59
7378,1124989,2026-02-19,20560,874,41,1,2,1447.17
7379,1103545,2025-12-08,21580,770,87,1,5,16348.89
7380,1010129,2026-03-21,1338,135,86,1,4,220330.77
7381,1187589,2025-11-08,2332,2762,90,1,4,3719.46
7382,1112198,2025-05-21,26405,2567,8,1,3,606.65
7383,1012269,2025-09-19,5660,2630,117,1,4,306.61
7384,1163875,2025-08-19,30279,1179,16,1,3,373.65
7385,1194143,2025-12-08,43083,2900,81,1,4,914.85
7386,1029838,2025-11-14,18103,1818,105,1,3,2658.16
7387,1178528,2025-12-18,49125,2412,57,1,2,25175.22
7388,1136870,2026-02-14,8178,2262,58,1,2,4342.86
7389,1083795,2025-09-16,19371,2491,69,1,1,1188.44
7390,1033070,2025-09-11,37418,475,101,1,3,9185.25
7391,1002032,2025-10-13,1776,753,15,1,1,135.16
7392,1043478,2025-07-28,24726,2331,107,1,1,745.32
7393,1151423,2025-05-06,28991,2249,103,1,1,2900.59
7394,1188973,2026-01-02,23366,4,17,1,4,4093.36
7395,1115208,2025-08-14,45260,1336,88,1,3,8426.45
7396,1178590,2026-04-13,44679,622,82,1,4,77309.81
7397,1074289,2025-04-29,2493,1512,46,1,4,27766.16
7398,1084770,2025-06-20,7026,1503,62,1,2,18035.64
7399,1070232,2025-05-17,13717,1250,47,1,2,15749.11
7400,1154874,2026-04-02,26408,1818,15,1,2,2943.82
7401,1194516,2025-09-28,27673,1687,76,1,4,2910.19
7402,1043962,2026-01-20,23183,2231,8,1,3,3870.18
7403,1029582,2025-08-27,5456,1364,56,1,5,601.49
7404,1144558,2025-07-07,38106,1321,88,1,1,2203.28
7405,1072722,2025-11-30,3329,1525,100,1,3,47361.28
7406,1145373,2026-04-02,47167,603,80,1,2,36470.63
7407,1055599,2025-11-13,42484,1806,112,1,3,2048.95
7408,1005044,2026-03-17,30136,1083,24,1,3,11186.28
7409,1194432,2026-02-17,2236,478,29,1,4,7447.46
7410,1163353,2025-11-03,42315,96,62,1,4,293.44
7411,1095624,2026-02-02,36575,1859,42,1,3,53130.37
7412,1154708,2026-04-13,22580,1933,14,1,4,6413.21
7413,1092518,2025-09-29,29336,497,100,1,5,2829.92
7414,1036564,2025-07-14,14556,2247,94,1,2,102821.42
7415,1052498,2025-09-14,17471,1191,22,1,1,1868.3
7416,1189689,2025-05-08,48638,769,37,1,1,319.06
7417,1064891,2025-07-18,49152,2494,106,1,1,344018.83
7418,1193145,2025-09-07,45901,125,60,1,3,29824.89
7419,1081020,2025-10-20,31255,857,81,1,5,180152.14
7420,1124290,2026-01-01,27792,2878,96,1,1,45672.81
7421,1116274,2026-02-07,32672,1083,16,1,5,11701.64
7422,1117558,2025-07-29,48148,708,66,1,4,1781.66
7423,1136043,2025-11-17,12278,141,35,1,2,62599.05
7424,1198110,2025-11-02,27112,352,33,1,4,495.1
7425,1138708,2026-01-29,41029,1096,68,1,2,3023.27
7426,1134401,2025-07-22,20485,2430,70,1,5,862.59
7427,1132534,2025-12-09,35445,1603,27,1,2,17243.46
7428,1020923,2026-04-04,26422,2128,95,1,1,26621.44
7429,1165089,2025-11-25,34900,1406,27,1,1,278.39
7430,1026322,2025-09-18,21222,1776,35,1,4,2546.01
7431,1153836,2026-03-12,31786,13,107,1,1,4050.29
7432,1054798,2025-12-10,14978,1226,64,1,4,1690.13
7433,1069737,2025-10-29,16710,2224,51,1,2,18287.83
7434,1158203,2025-07-20,24498,2497,86,1,3,46062.4
7435,1122917,2026-03-01,26419,1007,58,1,5,1272.69
7436,1181814,2025-08-03,46694,1252,86,1,5,1228.19
7437,1058705,2025-04-05,24938,925,94,1,4,599.5
7438,1074537,2025-08-05,35288,1096,16,1,3,2885.08
7439,1006937,2026-03-13,48491,877,6,1,2,4469.51
7440,1102094,2025-10-13,19322,2926,38,1,3,1883.04
7441,1094597,2025-06-22,37324,1331,79,1,4,592.19
7442,1001275,2026-01-08,33139,1675,118,1,1,1965.4
7443,1126639,2025-07-16,10812,926,31,1,4,3588.66
7444,1006636,2025-12-11,26959,1050,76,1,4,3867.63
7445,1038417,2025-08-14,14456,1065,25,1,1,22790.22
7446,1100123,2025-08-29,47777,2247,18,1,5,110039.85
7447,1179227,2026-01-10,40582,2647,19,1,5,2302.6
7448,1130073,2026-01-26,27615,513,43,1,1,1062.54
7449,1125311,2025-08-28,29071,214,59,1,4,6429.09
7450,1062853,2025-07-11,10924,321,93,1,3,289.64
7451,1025145,2025-06-19,31651,2314,64,1,4,2526.06
7452,1011742,2026-03-21,19654,2656,104,1,4,415.36
7453,1077316,2025-12-25,6809,1547,10,1,2,2251.11
7454,1051970,2025-09-06,20201,645,88,1,5,6849.51
7455,1080231,2026-01-20,37753,480,10,1,5,5385.06
7456,1125431,2025-10-20,41511,58,22,1,5,2151.81
7457,1045811,2025-05-24,21937,2611,113,1,1,30610.86
7458,1060935,2025-11-21,13822,1267,35,1,1,3072.69
7459,1085453,2025-12-10,20350,2219,19,1,3,32914.02
7460,1199200,2025-08-21,42206,1220,34,1,1,374.89
7461,1021144,2025-10-08,42129,1452,115,1,3,431.65
7462,1142428,2025-08-05,10984,456,20,1,2,2125.53
7463,1069478,2025-10-08,48128,2887,7,1,2,61124.2
7464,1024653,2026-03-12,17368,2779,85,1,3,2061.16
7465,1131948,2026-02-28,43220,2785,98,1,1,3106.23
7466,1105709,2025-05-20,40841,2732,59,1,3,500.73
7467,1099344,2025-08-13,8390,2170,78,1,4,321.62
7468,1054889,2025-05-02,29157,340,56,1,5,8095.13
7469,1164761,2025-07-12,45026,1489,101,1,5,32137.31
7470,1193810,2025-04-09,20092,169,22,1,2,15083.71
7471,1015079,2025-07-05,5163,512,9,1,4,17444.12
7472,1017960,2025-12-01,28387,2845,34,1,2,3485.65
7473,1090530,2025-10-23,20740,1062,66,1,2,254.75
7474,1169111,2026-03-09,44383,462,15,1,3,2390.7
7475,1098766,2025-09-12,26071,956,53,1,3,2733.85
7476,1045942,2026-01-19,43510,234,110,1,3,3154.01
7477,1063140,2025-12-03,5417,1926,33,1,1,5627.88
7478,1120786,2025-08-25,27757,1969,75,1,4,626.42
7479,1158778,2025-09-30,11673,1683,91,1,1,866.62
7480,1003401,2026-04-04,14606,1397,37,1,5,946.14
7481,1137194,2025-06-14,27462,1631,29,1,2,8041.3
7482,1168844,2025-12-30,20793,2031,85,1,2,3914.01
7483,1053599,2025-12-23,37529,932,71,1,3,1072.29
7484,1049968,2025-07-17,18123,1800,4,1,1,4313.56
7485,1114643,2025-11-23,33215,2224,36,1,3,9771.51
7486,1039286,2025-10-09,11648,1047,118,1,5,1025.52
7487,1161104,2025-06-21,29620,1764,50,1,5,3908.13
7488,1176713,2025-06-09,48986,1968,61,1,5,813.49
7489,1162487,2026-01-31,3298,2339,49,1,3,1268.69
7490,1069214,2025-06-16,5967,2983,1,1,4,506.46
7491,1148994,2026-01-11,35128,381,117,1,4,4624.34
7492,1004131,2026-03-03,47149,886,100,1,2,15668.81
7493,1160753,2025-10-27,10559,2061,83,1,3,19346.94
7494,1035755,2025-05-04,4566,2786,32,1,3,954.32
7495,1043098,2025-12-20,44892,916,41,1,2,3216.24
7496,1092690,2026-01-26,23666,2453,12,1,3,17344.8
7497,1018988,2025-12-11,29086,2797,64,1,3,2358.15
7498,1034202,2025-11-23,24494,2041,88,1,1,636.59
7499,1147644,2025-07-26,8829,1970,81,1,1,575.57
7500,1045556,2025-06-12,30867,2687,57,1,2,3394.71
7501,1190686,2025-04-12,5365,2325,55,1,3,4425.42
7502,1131993,2025-11-09,190,2939,14,1,4,670.75
7503,1028323,2025-09-10,45272,2875,72,1,1,117.8
7504,1072354,2025-11-27,35276,809,55,1,2,618.58
7505,1148903,2025-10-22,46641,1712,43,1,5,2673.22
7506,1104119,2025-06-02,4936,111,98,1,2,1166.27
7507,1072215,2025-11-30,22257,1558,89,1,5,2575.46
7508,1090430,2025-05-03,13344,2657,106,1,1,66967.05
7509,1066033,2025-05-12,37911,1017,12,1,1,1660.88
7510,1123320,2025-09-10,2400,1139,104,1,2,1115.79
7511,1129216,2025-08-19,30222,910,96,1,5,4020.7
7512,1006151,2025-11-28,40927,1783,60,1,4,14329.6
7513,1048058,2025-09-24,6577,2802,20,1,4,2698.45
7514,1092334,2025-07-28,46964,1085,10,1,4,81708.57
7515,1092012,2025-08-22,48427,1288,79,1,3,3001.73
7516,1174345,2025-12-28,34749,2062,112,1,5,464.07
7517,1053990,2025-10-08,24742,969,14,1,1,1489.17
7518,1059939,2025-12-06,14243,1570,92,1,1,566.69
7519,1136358,2025-05-29,10718,983,66,1,4,683.85
7520,1065510,2025-09-25,26620,850,75,1,5,67702.67
7521,1146413,2025-08-22,38860,1618,101,1,1,1497.72
7522,1136674,2026-04-27,45689,2397,66,1,3,46263.81
7523,1103104,2025-10-01,18849,854,54,1,4,638.95
7524,1170370,2025-12-19,21261,32,34,1,2,3900.91
7525,1152896,2025-08-24,24397,2346,11,1,1,5400.83
7526,1161178,2026-02-08,24034,185,61,1,3,7143.68
7527,1141570,2025-08-21,48382,937,24,1,4,1697.43
7528,1043799,2025-11-09,43699,1204,102,1,2,585.93
7529,1081453,2025-08-01,24923,2412,86,1,3,6712.58
7530,1140919,2025-04-13,12854,2808,107,1,3,1951.39
7531,1109081,2025-12-16,24772,152,33,1,3,1619.63
7532,1115071,2026-01-19,39603,1428,22,1,3,3561.04
7533,1159335,2025-12-27,19032,1038,21,1,2,856.85
7534,1052773,2025-10-11,35968,2177,113,1,5,3829.8
7535,1006364,2025-08-26,38241,2922,81,1,3,7150.87
7536,1177987,2025-10-13,40392,1629,98,1,5,2008.38
7537,1024987,2025-08-22,12466,2314,105,1,5,2445.83
7538,1077772,2025-11-13,6455,1151,85,1,3,13423.68
7539,1148269,2026-04-04,34690,2367,120,1,3,84301.34
7540,1172668,2026-03-05,39055,1764,108,1,1,4154.11
7541,1084814,2025-12-05,10642,1129,104,1,5,2151.96
7542,1123198,2025-11-23,38947,1107,1,1,2,48220.05
7543,1113869,2025-07-15,5783,2405,26,1,4,6981.51
7544,1160148,2026-02-19,22202,1432,28,1,5,2144.91
7545,1157244,2026-04-05,8316,2088,54,1,2,668.0
7546,1183849,2026-01-14,23492,1100,87,1,2,46173.66
7547,1097433,2026-02-26,7555,913,88,1,3,10255.77
7548,1174531,2026-01-11,49407,1781,114,1,1,257287.82
7549,1041603,2026-02-25,3221,2874,10,1,4,23780.05
7550,1102770,2025-09-01,41530,1901,8,1,4,1491.14
7551,1158537,2025-12-03,8326,2189,82,1,3,1008.98
7552,1144108,2025-10-26,24107,431,111,1,4,251839.96
7553,1118456,2025-10-15,30928,1186,101,1,1,775.64
7554,1045435,2026-04-10,25875,1387,11,1,3,19093.43
7555,1055340,2025-04-16,4594,1214,99,1,5,6791.99
7556,1113340,2025-05-14,47200,552,79,1,4,15807.53
7557,1121061,2025-06-03,3644,242,113,1,5,39900.79
7558,1154032,2026-03-14,13993,1325,71,1,5,3758.58
7559,1003562,2026-01-27,6168,2880,15,1,1,3070.42
7560,1156348,2026-03-15,7673,1066,4,1,1,2334.23
7561,1182558,2025-06-06,34353,2334,81,1,1,5192.16
7562,1196008,2025-05-04,23256,1742,41,1,5,11796.63
7563,1113569,2026-01-10,44248,1292,66,1,4,4938.9
7564,1023224,2025-05-16,48270,2360,40,1,3,5935.05
7565,1022292,2025-07-29,10821,1498,97,1,4,5441.92
7566,1004860,2025-11-22,30238,2184,61,1,2,102497.19
7567,1102605,2025-12-28,29323,2705,69,1,4,207.48
7568,1140961,2025-11-26,28678,1060,112,1,2,7186.62
7569,1098904,2025-11-28,28583,2397,64,1,3,14854.97
7570,1010970,2025-08-28,47968,95,66,1,3,41302.87
7571,1050791,2026-01-14,2023,186,20,1,1,2018.41
7572,1109094,2025-11-03,33490,1503,115,1,2,8703.78
7573,1190381,2025-11-27,3577,512,36,1,3,7923.77
7574,1188329,2025-06-23,41852,2868,106,1,4,1556.14
7575,1195484,2025-09-24,8943,1090,58,1,4,4639.58
7576,1132624,2025-09-13,46303,130,108,1,5,1144.48
7577,1094770,2025-05-25,31645,1725,26,1,3,3782.06
7578,1033945,2025-08-14,15549,2855,112,1,5,741.29
7579,1186938,2025-10-03,9642,2952,20,1,3,13757.33
7580,1012814,2025-07-20,42625,804,104,1,1,2402.5
7581,1112712,2026-04-26,28498,377,38,1,2,325800.28
7582,1087572,2026-04-14,16269,528,89,1,1,16015.22
7583,1071199,2026-01-11,49047,1458,38,1,3,576.26
7584,1085672,2025-12-04,15412,1472,117,1,4,541.81
7585,1043374,2026-03-04,5279,2630,34,1,3,672.59
7586,1078236,2025-10-31,49910,183,24,1,1,16295.45
7587,1077201,2025-07-21,32804,1676,65,1,5,3003.92
7588,1003367,2025-07-07,26910,281,16,1,1,130859.92
7589,1047688,2025-07-22,26006,2354,11,1,4,19038.06
7590,1111045,2025-06-29,38247,436,113,1,4,8243.81
7591,1134767,2026-02-04,977,1542,46,1,2,6873.87
7592,1026840,2025-05-30,28673,1941,3,1,3,4341.71
7593,1046697,2026-03-24,20747,689,110,1,2,1907.64
7594,1009543,2025-05-11,39865,1023,79,1,5,2965.06
7595,1158468,2026-04-17,49363,2683,95,1,1,7741.0
7596,1005301,2026-03-20,2424,1840,39,1,4,4368.66
7597,1000506,2025-06-17,39152,1339,52,1,4,3641.34
7598,1012153,2025-06-30,21956,289,115,1,2,12265.35
7599,1169785,2026-02-16,40591,1848,15,1,3,14280.06
7600,1049378,2025-10-29,35404,1927,62,1,3,82844.74
7601,1109558,2025-10-04,3084,2682,82,1,4,13110.37
7602,1045736,2026-02-08,25697,1872,56,1,3,357.29
7603,1108508,2026-03-27,12235,16,73,1,3,129424.42
7604,1045843,2025-06-13,10170,2850,30,1,3,13673.57
7605,1098819,2025-06-01,13075,2984,90,1,2,92.09
7606,1058697,2025-11-28,44000,939,74,1,3,88145.61
7607,1154051,2025-05-13,27364,1082,53,1,1,663.96
7608,1120217,2025-11-21,39737,505,13,1,5,1718.4
7609,1064403,2026-01-18,10627,2335,32,1,1,14033.43
7610,1102108,2026-02-14,19548,793,85,1,4,11294.14
7611,1130245,2025-06-06,41490,993,38,1,4,891.37
7612,1071729,2025-09-24,6298,1931,91,1,2,58557.14
7613,1126033,2025-12-08,25726,1968,71,1,3,1938.8
7614,1199248,2025-07-09,40754,1157,15,1,5,28436.68
7615,1088450,2026-03-13,33769,2015,82,1,1,2557.01
7616,1162628,2025-10-10,16231,1500,70,1,4,132300.79
7617,1156952,2025-12-04,5947,203,58,1,1,42.11
7618,1029877,2025-12-17,36845,954,30,1,1,1503.87
7619,1103650,2026-04-19,16540,2995,109,1,3,18787.51
7620,1197358,2025-10-02,9206,2672,35,1,4,1239.88
7621,1172169,2025-11-05,17265,1846,99,1,5,56046.07
7622,1121661,2026-01-03,23671,1100,90,1,4,43231.28
7623,1171376,2026-03-23,35305,1900,66,1,4,1027.92
7624,1176135,2025-06-28,34919,691,10,1,1,814.74
7625,1064287,2026-03-08,38980,1229,51,1,3,198.05
7626,1138325,2025-10-05,25522,1364,93,1,2,314.75
7627,1094652,2025-12-31,49900,1405,46,1,5,2942.44
7628,1169194,2025-09-09,32963,809,35,1,1,361.34
7629,1043471,2025-04-14,28026,2847,78,1,3,6645.47
7630,1139036,2026-04-20,30412,567,47,1,1,2802.55
7631,1028604,2026-01-20,30413,331,94,1,4,635.29
7632,1094299,2025-05-28,12380,2182,41,1,2,7081.27
7633,1117878,2026-02-14,40022,1545,110,1,3,224.73
7634,1039507,2025-08-13,16580,24,96,1,5,3527.91
7635,1114370,2025-12-07,39155,18,3,1,4,5216.87
7636,1124393,2026-03-20,23671,2725,94,1,2,6296.2
7637,1022578,2025-09-20,39178,2152,86,1,5,784.2
7638,1166032,2025-10-07,13828,763,86,1,5,19211.76
7639,1092201,2025-09-23,9772,788,64,1,5,10929.4
7640,1008470,2025-04-17,7861,1691,117,1,3,1048.95
7641,1004666,2025-09-15,5608,488,23,1,1,125857.32
7642,1037134,2025-04-13,22859,1168,104,1,4,3132.64
7643,1172322,2025-11-15,37936,2624,120,1,2,168.15
7644,1093667,2025-05-19,45812,1856,24,1,4,2560.78
7645,1195690,2025-06-03,6664,278,3,1,2,8974.4
7646,1191038,2026-03-27,39089,955,36,1,2,1209.91
7647,1131706,2025-10-25,18103,769,77,1,2,155.93
7648,1128532,2025-12-01,39477,1489,29,1,3,32023.64
7649,1111566,2026-02-18,9584,185,18,1,1,39037.01
7650,1172732,2025-05-30,40965,816,52,1,1,11014.2
7651,1112819,2025-05-20,1049,2805,57,1,2,24883.61
7652,1080769,2026-01-29,32089,879,102,1,4,163.34
7653,1193743,2026-03-24,44264,330,59,1,5,19506.97
7654,1019953,2025-07-30,24771,1727,67,1,1,71460.19
7655,1181953,2026-04-02,41975,2192,68,1,1,1081.7
7656,1001032,2025-12-03,38652,401,93,1,3,22780.06
7657,1129701,2026-01-09,25556,1168,66,1,2,1472.23
7658,1185942,2025-07-16,33093,1481,26,1,5,13361.15
7659,1006319,2025-12-11,14528,2805,109,1,4,5877.91
7660,1163721,2025-10-27,21597,2898,52,1,2,5368.87
7661,1166814,2025-05-15,49483,1484,63,1,5,2021.01
7662,1062343,2025-12-02,22376,2429,75,1,2,73077.72
7663,1025475,2025-06-13,46838,2956,68,1,4,2884.43
7664,1001980,2025-09-20,14917,258,60,1,3,14235.45
7665,1171098,2026-04-12,16048,230,115,1,4,1158.39
7666,1032502,2026-02-17,19858,2178,10,1,4,7014.52
7667,1130364,2025-06-11,24339,1006,65,1,5,2825.47
7668,1144590,2025-10-17,34854,1284,48,1,5,10636.64
7669,1150476,2025-04-25,13080,2118,52,1,1,133.64
7670,1060692,2026-01-11,7591,1415,53,1,2,2139.02
7671,1018328,2025-05-16,9325,542,43,1,2,32182.49
7672,1136485,2026-02-01,6515,949,35,1,3,1335.34
7673,1140629,2025-09-22,22245,2786,84,1,4,1003.93
7674,1150572,2026-03-15,33416,607,88,1,2,4956.16
7675,1025744,2026-01-23,17607,497,120,1,3,1472.9
7676,1034603,2025-07-12,46325,1295,23,1,5,9235.76
7677,1185348,2025-11-18,2792,2081,13,1,1,427.4
7678,1198952,2025-11-15,48909,2657,97,1,5,186807.42
7679,1081882,2026-03-08,5937,74,31,1,4,627.23
7680,1185066,2026-03-19,44294,2317,3,1,5,25888.97
7681,1160464,2026-02-24,10366,1757,104,1,1,11636.75
7682,1018485,2025-12-02,844,740,2,1,2,13634.23
7683,1151852,2025-06-25,16041,2751,101,1,1,124754.31
7684,1193736,2025-11-01,3756,1007,99,1,3,1245.23
7685,1174610,2025-11-02,16747,2650,85,1,2,4858.47
7686,1009064,2025-06-03,12486,2781,72,1,5,9655.71
7687,1022291,2025-12-24,10530,1185,102,1,1,25087.94
7688,1177342,2025-06-21,41360,782,57,1,3,28056.38
7689,1097414,2025-06-26,535,1264,52,1,1,1959.74
7690,1172504,2026-02-20,43700,1902,35,1,3,1149.13
7691,1108641,2026-01-15,32776,1157,119,1,2,28251.4
7692,1001353,2026-03-30,8168,1438,2,1,2,4830.53
7693,1086591,2026-03-18,41065,1932,1,1,3,3046.02
7694,1104870,2025-09-24,597,2251,78,1,3,11324.13
7695,1094517,2025-10-31,4272,2572,73,1,5,7226.37
7696,1077210,2026-03-15,30551,1837,69,1,3,33187.99
7697,1009817,2025-06-03,5485,2234,29,1,5,5641.75
7698,1021946,2025-09-11,27553,826,61,1,2,4082.92
7699,1041518,2026-01-20,46146,1146,17,1,5,1254.18
7700,1074025,2025-12-10,30397,980,36,1,4,290.08
7701,1056296,2025-08-13,33794,1798,44,1,1,76272.78
7702,1048562,2025-12-26,42897,375,11,1,4,18423.86
7703,1157865,2025-08-12,43637,1170,44,1,5,4015.86
7704,1035766,2025-06-12,13488,2437,77,1,5,568.04
7705,1063329,2026-01-14,4178,811,48,1,1,930.97
7706,1131849,2025-07-18,14129,687,65,1,2,3676.4
7707,1001745,2025-05-16,14143,1298,99,1,1,51729.61
7708,1013534,2026-02-13,33052,1216,85,1,2,128763.37
7709,1085374,2025-10-20,19055,950,28,1,2,1344.94
7710,1149240,2026-04-08,36919,2347,20,1,1,20081.19
7711,1108150,2025-05-31,28562,858,76,1,4,11995.63
7712,1093302,2026-02-15,14481,1222,93,1,1,6721.74
7713,1085307,2026-01-08,47964,1324,74,1,2,3998.93
7714,1159059,2025-05-09,15237,168,116,1,3,2402.99
7715,1093309,2025-11-11,34531,2989,91,1,2,498.89
7716,1011192,2025-08-13,44249,1438,25,1,1,5242.04
7717,1070891,2026-03-31,18672,670,110,1,4,4048.67
7718,1072673,2025-12-04,37260,1050,70,1,2,2086.57
7719,1134459,2025-09-02,41420,1762,17,1,2,54663.59
7720,1130413,2025-08-07,32005,2178,60,1,2,3741.87
7721,1172372,2025-09-22,45545,699,87,1,5,20879.64
7722,1087333,2026-01-24,28632,488,81,1,3,62423.72
7723,1087085,2025-08-27,37068,1113,112,1,1,7712.54
7724,1090574,2025-10-04,44647,1751,10,1,2,25522.84
7725,1173074,2025-10-03,40126,440,46,1,1,1257.41
7726,1198215,2025-10-30,42627,965,119,1,4,3724.87
7727,1198126,2025-08-26,26114,785,45,1,5,2422.93
7728,1197032,2025-10-11,43854,2130,74,1,3,3292.78
7729,1094999,2025-07-16,15174,2767,51,1,1,2211.79
7730,1199004,2025-11-24,42390,854,96,1,2,1743.81
7731,1122941,2025-12-29,47248,1203,29,1,2,7797.38
7732,1085074,2025-08-30,18932,81,52,1,1,29097.32
7733,1018809,2025-06-01,34315,2010,49,1,4,8998.72
7734,1169937,2025-07-21,46092,2506,43,1,5,513.53
7735,1166336,2025-09-29,23210,1120,27,1,3,1492.7
7736,1107624,2025-07-16,1646,1839,105,1,4,39389.45
7737,1172155,2025-05-05,47665,703,70,1,4,6762.01
7738,1182187,2026-02-13,34978,2916,65,1,5,11450.98
7739,1081367,2025-08-02,7716,1972,2,1,4,1547.52
7740,1068224,2025-05-29,2963,1039,87,1,4,4014.03
7741,1137868,2025-09-01,13473,455,45,1,2,318.32
7742,1023030,2025-08-29,23135,571,95,1,5,74858.28
7743,1006815,2025-12-08,9310,1853,3,1,2,454.89
7744,1165179,2025-10-06,44601,1920,85,1,5,494.27
7745,1104808,2026-03-16,44849,2638,60,1,5,25299.08
7746,1071097,2025-07-25,39344,2443,86,1,1,1504.09
7747,1049047,2025-07-20,39597,893,40,1,5,8079.37
7748,1033213,2025-12-15,44945,2448,22,1,1,2535.75
7749,1091243,2026-03-12,30090,2566,2,1,1,341.01
7750,1166893,2025-06-08,42029,1282,106,1,2,39870.28
7751,1081851,2025-08-25,19057,1779,24,1,3,395.85
7752,1054248,2025-08-09,25785,158,18,1,3,2530.02
7753,1194118,2025-07-22,11631,822,55,1,3,4984.01
7754,1173827,2025-10-21,26274,590,85,1,1,297.82
7755,1022362,2025-06-11,17964,2112,35,1,3,13025.07
7756,1055512,2026-04-15,18744,986,68,1,3,4261.82
7757,1043017,2025-12-16,30178,664,49,1,5,182.14
7758,1162725,2025-07-18,48202,1447,4,1,5,10962.27
7759,1185698,2025-10-25,14686,2251,37,1,4,9513.28
7760,1089592,2025-09-09,36920,242,12,1,2,12809.54
7761,1102218,2025-06-17,19579,115,59,1,4,66686.13
7762,1141777,2025-08-28,20287,2956,112,1,3,1443.47
7763,1166205,2026-01-04,22486,2819,50,1,4,10663.07
7764,1066828,2025-06-14,48803,2377,119,1,5,3188.47
7765,1053818,2025-05-14,9031,2156,27,1,1,4454.66
7766,1019057,2025-11-28,33420,2818,30,1,1,29328.95
7767,1141486,2025-11-17,39080,1771,68,1,2,9383.77
7768,1090384,2025-11-06,31102,2215,46,1,4,19765.8
7769,1061809,2025-10-12,28556,1039,8,1,4,3888.08
7770,1152031,2026-02-16,20868,2427,88,1,2,708.67
7771,1068174,2026-02-03,18689,1549,16,1,3,339420.9
7772,1012631,2026-03-23,8222,2437,91,1,5,847.92
7773,1098857,2025-06-17,20222,2347,66,1,1,33110.83
7774,1100700,2026-02-03,44781,977,8,1,2,769.08
7775,1132482,2025-11-17,34728,154,76,1,3,2315.73
7776,1144339,2025-05-25,39618,1245,70,1,4,790.32
7777,1055565,2026-03-15,363,2577,119,1,5,10298.83
7778,1195377,2025-11-12,12117,2329,13,1,4,832.88
7779,1037504,2025-12-20,42697,1105,15,1,5,265283.78
7780,1147958,2026-02-02,4378,607,15,1,5,10227.67
7781,1021138,2025-07-03,15071,79,45,1,5,28930.02
7782,1146660,2025-10-01,12172,1483,34,1,4,6417.79
7783,1030142,2026-03-05,25030,348,73,1,1,3647.53
7784,1148784,2025-12-02,1956,1345,53,1,4,5457.29
7785,1062399,2025-05-13,1284,2551,45,1,3,665.75
7786,1003763,2025-07-06,33776,84,63,1,3,2107.3
7787,1150442,2025-09-30,39096,1194,113,1,5,17167.99
7788,1007861,2025-07-08,1604,1441,67,1,4,8270.54
7789,1041855,2025-10-21,12104,2697,47,1,2,18261.31
7790,1064508,2026-04-02,37901,1223,61,1,1,783.84
7791,1021092,2026-03-20,49794,2560,86,1,2,2145.43
7792,1012744,2025-11-01,22690,79,31,1,4,9778.68
7793,1038182,2026-01-01,42314,2955,113,1,2,17135.84
7794,1018274,2025-10-19,9756,2864,66,1,2,10457.2
7795,1112013,2026-01-23,4292,370,29,1,3,6178.18
7796,1086250,2025-08-09,44487,2331,86,1,3,712.06
7797,1182078,2025-07-29,41116,2310,9,1,5,2765.0
7798,1179135,2025-04-25,37720,2412,47,1,2,6790.32
7799,1168371,2025-11-13,16622,975,86,1,4,6120.94
7800,1059018,2025-07-16,29229,1033,57,1,1,1367.47
7801,1139664,2025-12-12,30279,539,40,1,3,651.82
7802,1053885,2025-11-04,33212,10,40,1,1,287.24
7803,1136660,2025-08-20,10398,635,113,1,2,10310.94
7804,1099060,2025-06-21,44234,2516,48,1,1,985.93
7805,1187746,2025-05-08,3535,1284,48,1,2,3667.4
7806,1051351,2025-08-18,19667,2022,82,1,2,1888.81
7807,1149238,2025-10-18,25677,2006,15,1,3,11367.59
7808,1055906,2025-11-18,3879,1326,68,1,2,34285.1
7809,1026324,2025-10-03,42075,2129,110,1,3,31067.79
7810,1000630,2025-06-15,23820,2462,42,1,5,28138.01
7811,1057424,2026-01-30,36829,1537,13,1,4,6684.47
7812,1073293,2025-04-24,24401,2949,4,1,3,333.84
7813,1135149,2026-01-30,2987,2051,71,1,5,63968.2
7814,1180419,2026-03-30,48477,2204,38,1,2,13918.24
7815,1048676,2025-06-09,14764,555,54,1,5,8900.66
7816,1160016,2025-11-23,24080,1681,100,1,2,1629.44
7817,1177612,2025-07-28,36849,2100,78,1,1,11643.35
7818,1149764,2026-03-20,35858,1317,58,1,5,4000.56
7819,1174867,2025-06-01,4874,719,30,1,4,22494.48
7820,1016137,2025-07-04,27201,344,4,1,4,4176.75
7821,1091883,2025-10-13,49482,267,63,1,4,1136.48
7822,1136793,2026-04-20,6974,2074,7,1,4,58.72
7823,1134232,2025-06-23,4503,417,19,1,5,369.15
7824,1075859,2026-03-18,24619,1771,48,1,3,3845.7
7825,1180257,2025-12-24,7861,2506,81,1,4,939.66
7826,1185220,2025-05-01,34375,2380,42,1,3,6374.82
7827,1183152,2026-01-09,10093,587,32,1,3,9870.76
7828,1165008,2026-04-20,5356,1371,96,1,2,47806.34
7829,1061011,2026-01-18,36714,1068,28,1,5,462.13
7830,1185152,2025-11-28,34231,836,81,1,4,968.4
7831,1111421,2025-06-27,43393,961,96,1,4,8106.34
7832,1145147,2026-02-27,47563,2719,49,1,1,9325.03
7833,1039060,2025-05-21,19935,569,55,1,5,229.55
7834,1056593,2025-12-22,1092,1996,57,1,2,540.46
7835,1110603,2025-05-13,21033,304,38,1,4,11852.5
7836,1108272,2025-10-17,15859,421,56,1,5,200.33
7837,1166154,2025-05-06,45692,1923,108,1,5,6079.5
7838,1082090,2026-02-17,3714,113,41,1,4,36220.84
7839,1116390,2025-12-17,8088,487,99,1,1,9902.01
7840,1190232,2025-11-01,44118,2264,45,1,3,124.5
7841,1120420,2025-12-31,24078,73,15,1,5,324.02
7842,1165746,2025-08-06,12264,1586,31,1,4,1086.45
7843,1176445,2025-05-16,15469,1451,52,1,3,628.58
7844,1015478,2025-11-28,38023,1321,73,1,1,689.24
7845,1010559,2025-12-26,42302,602,7,1,2,5614.29
7846,1172485,2025-04-23,37317,2664,93,1,4,13311.07
7847,1149045,2025-05-16,26092,2034,24,1,2,29325.1
7848,1055506,2025-09-13,19384,2719,21,1,3,8367.57
7849,1081576,2025-11-10,35812,166,94,1,4,6478.84
7850,1199331,2026-04-10,22241,562,13,1,3,726.28
7851,1013274,2025-11-10,7567,481,66,1,2,2449.87
7852,1147044,2026-01-25,13319,2992,45,1,1,10224.65
7853,1135934,2025-10-23,30996,70,98,1,1,974.91
7854,1104277,2025-11-25,18377,1279,14,1,1,9029.83
7855,1048775,2025-10-05,37410,1647,59,1,4,43915.9
7856,1011448,2026-01-20,7480,2740,27,1,1,32636.12
7857,1181103,2025-10-11,6701,250,17,1,4,2211.65
7858,1118984,2025-07-22,11517,1156,63,1,4,211.78
7859,1186193,2025-04-30,43009,743,59,1,2,2916.53
7860,1007512,2026-03-27,37970,2077,112,1,5,3571.89
7861,1034433,2025-05-20,14475,2674,88,1,4,8139.48
7862,1124803,2026-02-25,24523,539,12,1,4,685.3
7863,1153264,2025-07-24,6995,157,96,1,3,206.52
7864,1136384,2026-02-04,25142,1092,76,1,5,176326.12
7865,1128212,2025-09-07,38523,1735,16,1,2,1259.89
7866,1017982,2025-12-30,43652,2430,17,1,3,838.48
7867,1016307,2026-04-17,25041,2793,35,1,2,7311.27
7868,1166996,2025-08-14,17337,2453,79,1,5,6105.83
7869,1011694,2025-12-11,6002,1792,78,1,1,1661.2
7870,1150712,2026-01-03,6785,2690,91,1,4,8341.45
7871,1035033,2025-07-16,48471,10,57,1,3,304.65
7872,1044175,2026-02-19,43700,2959,55,1,5,964.26
7873,1095973,2025-11-22,43176,2935,16,1,3,1214.84
7874,1023702,2025-06-11,20062,1258,54,1,3,2434.71
7875,1176760,2025-07-16,29815,1789,41,1,5,860.23
7876,1159488,2025-05-10,27509,120,53,1,4,2724.61
7877,1106531,2026-02-02,22083,305,119,1,3,19406.83
7878,1172986,2025-10-07,29647,2917,30,1,1,263.08
7879,1163398,2025-09-23,45807,334,82,1,1,9222.34
7880,1133308,2026-04-05,12347,2231,49,1,4,3629.29
7881,1134608,2025-08-18,49164,2067,101,1,1,89223.06
7882,1192254,2026-01-15,13421,2369,64,1,5,1274.26
7883,1162560,2026-03-06,24414,1171,53,1,4,16320.46
7884,1019361,2025-12-06,13302,2802,1,1,2,2732.22
7885,1157843,2025-10-27,30280,1305,21,1,3,4996.49
7886,1072243,2025-09-24,44450,288,108,1,5,2743.74
7887,1070372,2025-05-15,40050,682,31,1,1,1499.01
7888,1032374,2025-05-17,13293,2296,42,1,3,2893.69
7889,1154556,2025-09-14,1146,2661,80,1,2,31237.77
7890,1167598,2025-08-11,39466,1568,3,1,4,1878.93
7891,1152672,2025-04-12,46069,330,95,1,4,9641.31
7892,1194674,2025-12-12,5667,264,100,1,4,495.53
7893,1147003,2026-03-15,12076,864,16,1,2,9981.49
7894,1138199,2026-03-21,46753,1028,81,1,4,24937.54
7895,1124770,2025-05-10,16361,2975,94,1,1,666.9
7896,1158266,2025-11-12,26392,1534,55,1,2,1616.35
7897,1151112,2026-02-17,46238,143,2,1,5,32690.03
7898,1107582,2026-03-29,33193,57,118,1,3,732.21
7899,1089804,2025-11-20,19344,2148,48,1,2,282.81
7900,1020470,2025-07-07,12572,1645,44,1,1,556.64
7901,1098089,2026-03-07,35637,904,116,1,3,24745.15
7902,1125113,2025-07-09,15896,2600,50,1,5,200.38
7903,1123832,2026-01-14,49203,1205,115,1,4,10818.23
7904,1129565,2025-05-22,1981,2468,103,1,5,295.98
7905,1140494,2025-09-22,21843,2731,17,1,2,724.1
7906,1164671,2025-06-26,35201,377,30,1,4,117126.86
7907,1178514,2026-01-28,30612,2070,1,1,3,846.41
7908,1143358,2026-01-18,4150,2048,110,1,4,12984.59
7909,1070829,2025-12-16,49789,2033,10,1,3,1188.65
7910,1101900,2025-09-26,6917,1558,90,1,1,2784.13
7911,1092426,2026-03-20,38587,2738,31,1,2,2485.01
7912,1119770,2025-06-23,13349,2040,1,1,4,7610.44
7913,1009513,2025-11-06,7956,2362,2,1,3,11497.22
7914,1134084,2025-11-03,3009,1852,31,1,3,3756.63
7915,1002557,2025-11-12,8854,2171,74,1,1,463.79
7916,1088860,2025-10-18,21128,337,109,1,3,490711.51
7917,1034421,2025-12-09,21985,2618,112,1,1,28630.78
7918,1067811,2025-07-01,9442,1487,63,1,1,15399.23
7919,1062021,2025-04-30,34204,439,79,1,3,1150.43
7920,1191878,2026-02-20,12967,1006,4,1,3,2549.73
7921,1061888,2025-05-18,21310,914,104,1,2,44505.55
7922,1133665,2026-04-03,16202,74,12,1,2,1184.73
7923,1133861,2025-09-23,34974,2397,33,1,4,7097.92
7924,1075384,2025-10-07,46311,1024,31,1,1,66248.78
7925,1169334,2025-11-02,28317,2180,113,1,2,4409.88
7926,1071479,2025-06-13,7288,2595,25,1,5,128949.4
7927,1013462,2026-03-11,3618,2536,53,1,3,428.5
7928,1023168,2025-04-27,41771,1322,18,1,4,1225.36
7929,1197567,2026-03-16,24172,2917,79,1,1,280.67
7930,1081641,2025-11-01,35653,907,77,1,2,2163.34
7931,1160080,2025-08-04,36782,809,99,1,1,336.04
7932,1104943,2025-12-16,20116,1215,17,1,2,1125.14
7933,1022924,2025-09-13,34368,1370,29,1,3,2189.16
7934,1147159,2025-11-25,6122,2922,6,1,4,4830.46
7935,1060802,2025-08-29,1480,2338,6,1,2,2510.68
7936,1099701,2025-11-22,41672,1373,85,1,3,333.41
7937,1116311,2026-02-24,48664,1647,104,1,1,20360.07
7938,1174439,2026-02-26,11297,2311,59,1,4,442.47
7939,1078643,2025-11-05,9774,932,41,1,4,1045.73
7940,1116573,2025-05-02,24801,1271,37,1,5,12513.36
7941,1025754,2026-03-14,10465,38,54,1,3,959.16
7942,1158347,2025-09-09,15385,900,100,1,5,12594.85
7943,1186106,2026-04-13,43657,2209,3,1,4,3089.86
7944,1058190,2026-01-17,13009,1146,26,1,3,2490.59
7945,1102606,2026-04-14,43063,2083,58,1,1,2005.47
7946,1123999,2025-11-13,48582,1154,87,1,5,1132.42
7947,1031391,2025-12-07,1682,1165,90,1,3,416.96
7948,1032581,2025-06-27,21577,388,49,1,3,95859.17
7949,1189151,2025-05-25,12729,748,54,1,4,2125.91
7950,1179899,2026-03-23,8718,283,100,1,3,3342.68
7951,1132558,2025-10-31,48193,921,114,1,2,253.3
7952,1189497,2025-04-30,17320,2384,97,1,4,26118.0
7953,1112725,2025-07-31,4343,2347,102,1,1,10059.2
7954,1083922,2025-09-27,44048,1154,43,1,5,411.24
7955,1178286,2025-10-18,5736,1191,38,1,4,7490.28
7956,1048432,2026-02-16,20221,1375,85,1,3,53786.14
7957,1140542,2025-12-10,8225,1060,89,1,4,13754.96
7958,1037826,2026-03-25,5834,1728,5,1,1,780.74
7959,1019593,2025-05-28,15953,667,36,1,3,1338.43
7960,1138538,2025-07-27,33947,2229,74,1,5,46.29
7961,1092975,2025-06-10,39780,2552,110,1,3,20311.94
7962,1077988,2025-04-19,26258,25,63,1,2,2818.42
7963,1050431,2025-06-15,15867,2042,5,1,1,56700.47
7964,1157775,2025-05-31,19101,1007,8,1,5,2452.02
7965,1194297,2025-08-10,42807,1675,106,1,1,1929.29
7966,1165629,2025-07-29,6493,168,119,1,4,558.55
7967,1173473,2025-12-03,14909,2065,27,1,1,1727.99
7968,1024727,2025-11-07,43539,637,12,1,5,680.47
7969,1061837,2025-12-02,32910,803,74,1,4,6151.35
7970,1003186,2026-02-09,33215,2495,29,1,3,14166.98
7971,1073648,2025-12-23,36401,1236,35,1,2,56.24
7972,1157744,2026-03-04,31401,2176,84,1,4,2652.3
7973,1191925,2026-03-09,5722,2139,119,1,2,4275.06
7974,1053053,2025-10-28,8245,2225,67,1,2,33573.01
7975,1026830,2025-09-10,40171,2637,62,1,5,67696.76
7976,1077824,2025-12-19,45263,294,79,1,4,8822.79
7977,1124963,2025-12-13,14605,2726,46,1,3,63181.75
7978,1037371,2025-11-13,48892,736,40,1,2,1424.53
7979,1167173,2025-11-04,9430,1011,60,1,5,8689.31
7980,1164629,2026-01-24,49531,1714,34,1,2,38514.34
7981,1148485,2025-06-21,921,1366,85,1,4,11830.08
7982,1181421,2025-05-14,11801,2499,69,1,1,474.85
7983,1097111,2025-08-01,15550,1932,50,1,1,9333.97
7984,1109580,2025-06-12,41609,910,118,1,3,2879.18
7985,1110559,2025-05-17,43579,2453,36,1,2,18976.99
7986,1003787,2025-12-01,28390,1164,91,1,4,27330.08
7987,1133979,2025-08-28,44535,1598,93,1,2,79726.71
7988,1040338,2026-02-17,19561,1707,57,1,1,32034.52
7989,1127077,2026-01-21,13736,1948,45,1,2,1015.36
7990,1158606,2025-06-13,5752,1586,60,1,4,2401.0
7991,1155756,2025-08-03,47014,2298,48,1,2,869.65
7992,1084521,2025-07-04,8678,765,80,1,5,406.39
7993,1168939,2025-09-28,12872,2685,92,1,3,7103.25
7994,1169903,2026-04-02,24340,1301,60,1,4,647.67
7995,1198059,2025-05-19,908,2290,4,1,3,11329.1
7996,1003223,2026-01-17,38930,113,59,1,4,23428.88
7997,1125682,2026-03-05,27802,2871,86,1,1,8910.96
7998,1159171,2026-01-01,21178,320,119,1,1,32658.16
7999,1093741,2025-08-18,7836,233,15,1,2,6685.65
8000,1013098,2025-11-16,40393,1876,72,1,4,3492.82
8001,1067624,2025-08-31,18543,2191,81,1,4,5039.17
8002,1107409,2025-06-15,38529,2536,59,1,1,450.73
8003,1030228,2026-03-19,8202,2637,1,1,3,74175.45
8004,1042792,2025-12-10,9293,779,71,1,1,4188.78
8005,1120415,2025-07-21,43558,1096,42,1,5,3039.31
8006,1075096,2026-02-01,447,1540,103,1,5,20316.81
8007,1092136,2026-01-25,5384,1717,32,1,3,1490.32
8008,1096273,2025-11-30,2117,1183,120,1,1,5191.32
8009,1082964,2025-05-21,23234,1645,92,1,1,282.72
8010,1191445,2025-12-18,30738,2180,120,1,1,8620.81
8011,1198900,2026-01-08,19967,2276,94,1,5,2065.42
8012,1140506,2025-10-05,6620,2367,71,1,4,29014.26
8013,1160414,2025-12-14,32821,2093,35,1,5,12400.38
8014,1005191,2025-12-11,38680,2223,80,1,5,315.62
8015,1125909,2026-01-09,19396,341,56,1,2,17249.59
8016,1124474,2025-06-03,43911,2038,102,1,4,2730.54
8017,1111939,2026-02-24,16288,1106,42,1,5,137401.98
8018,1180345,2025-12-07,32338,344,24,1,2,2771.09
8019,1080331,2025-05-11,15177,2025,23,1,1,12980.12
8020,1088402,2026-04-13,33695,1326,115,1,3,19372.66
8021,1032535,2026-02-16,14506,1689,31,1,1,857.76
8022,1172009,2026-02-26,41666,26,94,1,1,73195.86
8023,1083764,2025-10-01,29481,73,5,1,4,315.28
8024,1055390,2026-03-16,19073,2881,17,1,1,425107.51
8025,1031498,2025-09-13,2685,805,112,1,2,4457.22
8026,1135410,2025-11-22,43608,187,44,1,3,5178.4
8027,1097221,2026-01-05,35525,69,74,1,5,135.11
8028,1161331,2025-08-01,32135,738,8,1,5,100.18
8029,1083881,2026-03-30,13434,358,73,1,1,1402.89
8030,1134632,2025-11-02,47962,2283,44,1,2,688.69
8031,1078109,2025-04-29,560,2276,49,1,1,4244.34
8032,1022753,2025-08-25,39410,1181,32,1,4,8445.11
8033,1080661,2026-01-08,25437,2134,83,1,1,2413.17
8034,1132039,2025-05-18,17667,2578,99,1,1,550.93
8035,1095253,2026-01-04,19983,1169,113,1,5,141980.27
8036,1146666,2025-10-25,36088,902,97,1,2,75748.93
8037,1002968,2025-10-18,33519,1285,75,1,4,1801.42
8038,1157418,2025-12-28,28498,2242,41,1,4,12632.77
8039,1172079,2026-04-02,27970,2305,39,1,1,33749.83
8040,1150143,2025-10-08,38701,877,112,1,4,1871.09
8041,1066129,2026-02-20,11147,2001,9,1,3,1296.57
8042,1141882,2025-04-10,22559,476,48,1,5,40091.5
8043,1040008,2025-10-13,31607,1957,77,1,5,7789.89
8044,1051494,2026-04-12,14996,612,45,1,1,15416.82
8045,1044429,2026-03-16,32481,620,21,1,5,20496.44
8046,1183034,2025-07-08,8827,2651,74,1,1,4670.27
8047,1195094,2025-07-22,17316,1978,50,1,1,2584.82
8048,1183184,2026-01-05,3335,170,63,1,2,127.72
8049,1019375,2025-07-27,32392,633,88,1,3,427.06
8050,1073220,2025-11-21,7400,2411,30,1,5,3536.06
8051,1064224,2025-07-29,48206,614,46,1,4,988.36
8052,1000031,2026-04-17,37127,1130,82,1,4,812.8
8053,1062449,2025-07-16,23344,826,6,1,3,4095.93
8054,1059913,2025-10-03,11603,2448,93,1,4,1369.02
8055,1001902,2025-06-28,42208,1047,50,1,5,4293.0
8056,1197657,2025-08-13,848,216,97,1,5,2872.24
8057,1136195,2026-01-26,5725,2302,53,1,2,594.67
8058,1145546,2025-12-09,31032,1244,118,1,2,11749.72
8059,1165362,2026-02-11,18823,1498,54,1,5,1410.2
8060,1152815,2025-12-23,36034,1795,86,1,2,198.37
8061,1164327,2025-11-20,37126,1863,62,1,5,4117.47
8062,1015972,2025-10-19,47890,1921,9,1,5,5421.65
8063,1005811,2025-10-12,48461,364,112,1,1,376.19
8064,1064352,2025-07-24,21792,2107,55,1,5,22171.33
8065,1099183,2025-10-25,34663,2689,55,1,4,8614.57
8066,1109941,2025-12-06,29639,1707,30,1,1,11366.7
8067,1057725,2025-08-15,29093,2469,81,1,4,4572.98
8068,1092764,2025-06-13,37991,36,10,1,3,6600.71
8069,1040406,2025-09-14,28756,681,32,1,3,176973.21
8070,1023698,2026-01-04,46856,2232,70,1,4,258.06
8071,1054973,2025-05-02,554,2331,117,1,5,741.86
8072,1159255,2025-10-13,32229,2608,1,1,2,4502.93
8073,1078463,2025-04-26,10506,2002,20,1,1,47239.5
8074,1161707,2025-06-05,36151,1874,32,1,2,23025.82
8075,1014306,2025-10-08,27406,2296,46,1,2,1928.35
8076,1164019,2025-10-08,36788,901,113,1,3,1718.38
8077,1098962,2025-05-11,47900,2103,73,1,2,1221.02
8078,1157396,2025-07-10,16117,2449,44,1,1,86284.02
8079,1156889,2025-06-21,6059,2811,117,1,1,769.03
8080,1015916,2026-03-23,42618,2709,40,1,5,1823.37
8081,1041679,2025-08-16,371,1768,88,1,2,1692.42
8082,1190113,2026-01-17,9544,624,90,1,1,1159.68
8083,1135684,2026-01-03,25481,1178,95,1,2,3133.47
8084,1149134,2025-08-17,41964,2244,43,1,5,586.34
8085,1042297,2025-10-23,48602,2689,2,1,5,8547.06
8086,1085863,2025-06-15,18004,1938,80,1,2,9867.38
8087,1136887,2025-12-22,46947,1472,13,1,3,544.59
8088,1137984,2026-03-14,43369,1269,87,1,3,2064.05
8089,1016676,2025-10-10,40815,707,58,1,2,6061.49
8090,1114254,2025-10-25,30968,2077,118,1,4,798.87
8091,1117052,2025-11-03,43672,2008,118,1,2,277.35
8092,1017704,2026-02-22,32637,79,39,1,2,9925.89
8093,1082337,2026-03-22,35929,1731,99,1,2,32848.88
8094,1152365,2026-04-18,17773,479,106,1,4,24978.64
8095,1153882,2025-12-22,24752,2680,59,1,5,26919.08
8096,1056745,2025-12-22,20368,2176,88,1,2,1330.93
8097,1008244,2025-04-11,12740,2108,113,1,4,17923.49
8098,1162726,2025-12-13,8102,1944,45,1,2,822.84
8099,1122819,2026-03-15,40047,392,37,1,5,8295.66
8100,1169096,2025-04-08,35459,2551,111,1,4,699.32
8101,1101217,2026-03-28,6858,2489,19,1,3,848.67
8102,1166153,2026-02-21,4056,2384,63,1,1,9513.74
8103,1058769,2025-11-07,10289,1590,10,1,3,2710.49
8104,1185387,2025-07-01,41428,2907,93,1,3,8020.03
8105,1021864,2026-01-21,18282,869,16,1,3,1784.16
8106,1053115,2026-02-22,32174,3,8,1,5,54372.06
8107,1157319,2026-03-27,25779,954,108,1,3,5850.23
8108,1085186,2025-08-16,26676,2562,12,1,5,503.48
8109,1142322,2026-01-06,39341,2667,52,1,3,8352.96
8110,1136498,2025-08-02,1527,2683,9,1,1,18486.29
8111,1034239,2025-07-31,37577,2530,72,1,3,204.48
8112,1135537,2025-07-24,46670,2362,84,1,3,3859.79
8113,1166424,2025-11-03,25208,1478,56,1,4,6672.17
8114,1022327,2026-04-24,38624,137,79,1,2,3052.7
8115,1184443,2026-04-04,6800,2556,24,1,2,980.92
8116,1059679,2025-06-30,2633,1606,104,1,4,279.15
8117,1136399,2025-05-18,23581,1034,89,1,4,956.59
8118,1007866,2025-12-05,41452,1228,26,1,4,6358.55
8119,1002675,2026-03-30,30842,1657,5,1,2,370.34
8120,1189923,2025-11-11,6092,25,53,1,4,876.48
8121,1079957,2025-10-05,49307,2935,45,1,5,1361.94
8122,1031062,2025-10-29,44210,2533,35,1,1,1235.34
8123,1120280,2026-02-17,31138,251,110,1,1,1895.96
8124,1022516,2025-12-20,14039,2867,23,1,5,931.71
8125,1070800,2025-07-29,46067,2671,54,1,2,26000.77
8126,1005556,2025-08-01,21505,2289,106,1,1,11105.4
8127,1014379,2025-07-16,7386,297,85,1,2,2931.03
8128,1151992,2026-03-18,5675,2849,76,1,2,116.63
8129,1139678,2025-04-27,43876,2527,101,1,2,3913.49
8130,1192143,2025-09-14,26262,2905,75,1,4,2633.76
8131,1114680,2026-04-05,14803,719,82,1,1,23009.06
8132,1115836,2025-08-24,44127,2797,77,1,3,1256.0
8133,1167064,2026-01-26,12759,355,99,1,1,5342.9
8134,1047737,2025-07-12,15928,662,52,1,2,2493.52
8135,1049044,2025-11-01,37541,1247,101,1,5,18226.26
8136,1110416,2025-05-04,39671,1302,18,1,4,8229.82
8137,1123079,2025-10-05,8678,288,12,1,3,1633.12
8138,1167919,2026-03-31,21847,2750,39,1,3,612.13
8139,1137259,2025-07-03,49445,2752,112,1,3,5075.32
8140,1182481,2025-04-21,28833,191,104,1,2,24346.77
8141,1107176,2025-12-07,8288,2007,51,1,2,126396.56
8142,1134107,2025-09-26,22210,2222,77,1,5,63605.04
8143,1105392,2025-12-25,23578,112,88,1,1,53168.99
8144,1012086,2025-11-06,43491,2463,14,1,5,5624.59
8145,1195237,2025-10-23,11918,783,109,1,5,26865.56
8146,1034753,2025-10-06,26927,1396,14,1,5,15785.13
8147,1165782,2026-04-05,41412,1797,93,1,5,2948.06
8148,1167068,2025-04-12,13777,48,4,1,4,4183.74
8149,1170849,2025-10-09,325,1064,18,1,1,6895.31
8150,1189740,2025-12-12,41649,1828,88,1,5,4567.25
8151,1104716,2025-10-22,6179,1350,14,1,2,7215.43
8152,1164522,2025-08-24,16810,624,65,1,2,617.42
8153,1112551,2025-07-21,12696,2660,120,1,2,40735.92
8154,1075933,2025-08-25,42300,849,19,1,5,8882.64
8155,1155257,2025-11-30,18400,41,41,1,3,372.48
8156,1015528,2025-10-29,43575,2162,79,1,5,93403.86
8157,1137445,2025-10-06,8272,2964,72,1,3,27312.76
8158,1148954,2026-01-22,34183,590,12,1,3,322.33
8159,1061092,2026-02-13,40470,820,91,1,1,36876.35
8160,1133521,2025-11-18,15380,2328,85,1,3,5876.67
8161,1093931,2025-07-26,5381,2038,6,1,2,8536.46
8162,1072494,2025-08-09,25042,1580,58,1,5,27553.32
8163,1176688,2025-09-29,6152,152,52,1,1,3071.25
8164,1094120,2025-11-16,3037,521,47,1,3,433.58
8165,1155831,2025-05-12,23379,127,79,1,5,1777.66
8166,1000002,2025-09-15,36203,1638,25,1,5,5935.65
8167,1095399,2025-11-14,48193,2104,34,1,2,2255.07
8168,1043820,2025-06-27,32022,798,63,1,2,807.49
8169,1028380,2025-07-17,9366,1961,108,1,5,625731.84
8170,1136850,2026-03-11,47186,2811,89,1,2,524.94
8171,1060632,2025-07-07,37490,2934,59,1,4,9082.09
8172,1103454,2026-03-18,43549,2446,115,1,2,29.9
8173,1120057,2026-03-08,35573,41,57,1,5,397.1
8174,1022587,2026-01-16,18875,2195,64,1,5,5503.02
8175,1114828,2025-10-16,5436,493,84,1,5,67484.86
8176,1178290,2025-05-13,26981,1295,62,1,3,1479.72
8177,1105064,2025-11-09,22393,2136,74,1,1,287091.8
8178,1150283,2025-08-18,40494,601,86,1,4,1398.0
8179,1046625,2025-10-08,21509,1160,59,1,4,3478.43
8180,1175712,2026-01-05,41365,1773,16,1,1,280.21
8181,1178425,2026-02-02,17883,104,85,1,1,65962.28
8182,1058568,2026-02-04,44081,825,107,1,5,62224.58
8183,1184488,2025-11-09,42201,2415,79,1,4,1782.51
8184,1111637,2025-04-24,42955,461,17,1,2,152180.31
8185,1111730,2026-03-24,41654,2593,118,1,1,8066.29
8186,1108647,2025-10-24,34613,1144,63,1,5,125809.18
8187,1128840,2025-11-07,32879,1554,57,1,2,8399.41
8188,1102228,2026-03-04,21945,2797,9,1,2,417.27
8189,1159064,2025-09-28,47529,1098,24,1,4,64678.06
8190,1016147,2025-11-03,33905,619,89,1,1,2665.38
8191,1138313,2025-06-10,29089,2925,29,1,3,36330.83
8192,1051448,2026-04-09,32970,1664,116,1,1,4499.89
8193,1173332,2025-11-18,37150,2285,51,1,2,1256.28
8194,1115141,2025-06-24,5058,663,11,1,1,76482.16
8195,1165555,2025-10-13,19962,281,11,1,5,602655.08
8196,1179834,2025-05-15,32098,1115,56,1,4,282.94
8197,1093465,2025-06-11,16926,2301,85,1,5,1237.15
8198,1033277,2025-08-18,23653,1516,6,1,4,1953.56
8199,1115726,2025-12-03,43702,1523,98,1,4,1549.92
8200,1187107,2026-01-05,3532,223,29,1,1,1942.31
8201,1064360,2025-08-23,43031,1413,107,1,1,1363.21
8202,1170394,2025-05-08,8708,1117,21,1,1,33870.89
8203,1113654,2025-10-31,27787,2460,21,1,2,1677.8
8204,1103388,2026-04-04,30212,2934,24,1,1,7216.11
8205,1144393,2025-06-01,9661,669,103,1,2,639.13
8206,1098229,2025-10-30,31527,1283,63,1,3,416.44
8207,1199107,2025-07-17,12927,1267,80,1,3,3047.99
8208,1103547,2025-10-30,13261,1878,106,1,3,1014.83
8209,1178331,2025-05-13,25561,189,3,1,1,25918.53
8210,1123659,2025-12-12,10663,434,102,1,2,210.95
8211,1179062,2025-09-26,21291,786,7,1,5,2187.07
8212,1145724,2026-02-21,25162,1588,2,1,5,5406.25
8213,1007855,2026-01-26,21896,949,6,1,1,710.2
8214,1151839,2025-09-23,37155,998,85,1,2,1691.1
8215,1153433,2025-09-05,39458,862,102,1,2,210.42
8216,1194530,2025-05-26,49201,623,56,1,4,4772.74
8217,1006948,2025-06-07,6982,1872,53,1,1,325.92
8218,1058121,2025-08-28,17475,700,66,1,2,5091.04
8219,1128978,2025-07-25,5172,2903,53,1,5,136.21
8220,1097085,2026-03-26,42655,1794,120,1,1,4421.95
8221,1172650,2025-04-17,38689,714,29,1,4,380.42
8222,1103464,2025-12-07,9040,40,89,1,1,3524.32
8223,1018509,2026-01-19,18491,2966,62,1,5,993.6
8224,1171274,2026-01-29,45247,471,86,1,4,31734.65
8225,1029757,2025-05-12,9837,2102,110,1,3,4498.13
8226,1019076,2025-08-13,48943,2975,82,1,3,667.85
8227,1081165,2025-09-16,15575,809,45,1,2,1065.36
8228,1134049,2026-02-10,5075,2255,106,1,1,1463.5
8229,1011589,2025-12-18,27814,742,45,1,4,945.4
8230,1100415,2025-07-12,21115,919,13,1,4,1896.61
8231,1042029,2026-03-12,48606,72,72,1,4,1230.93
8232,1061035,2025-11-19,16413,1173,67,1,1,2045.72
8233,1134122,2025-12-11,37533,1493,13,1,5,26781.5
8234,1169465,2025-04-26,26195,2581,42,1,1,350.65
8235,1030034,2025-05-26,25867,1313,109,1,4,2166.93
8236,1052313,2025-04-23,8232,1484,46,1,2,1384.5
8237,1042230,2026-02-05,46920,1254,67,1,2,8830.0
8238,1031077,2025-05-01,15125,166,47,1,5,6953.65
8239,1017029,2025-12-12,2354,2239,58,1,1,4633.72
8240,1146594,2025-09-03,19666,1653,52,1,4,344.79
8241,1023271,2025-05-28,37283,1600,119,1,1,389.04
8242,1072798,2026-04-08,36906,480,34,1,4,3039.38
8243,1015291,2025-12-08,7779,1456,89,1,4,4161.27
8244,1054243,2025-12-05,6342,2537,40,1,3,508.71
8245,1022824,2025-08-20,46394,1826,50,1,5,66.45
8246,1030041,2025-06-21,43185,2521,83,1,4,367.87
8247,1089840,2026-02-26,10732,1395,31,1,4,3681.75
8248,1119833,2025-11-10,3738,1567,26,1,3,2860.03
8249,1184877,2025-07-19,39202,2071,72,1,2,1763.79
8250,1186899,2026-04-04,18791,511,20,1,1,9467.36
8251,1129358,2025-11-19,42528,2256,109,1,4,38819.92
8252,1176104,2025-08-30,25552,626,5,1,2,2580.01
8253,1111424,2025-11-08,4849,1600,11,1,1,84.99
8254,1162347,2026-02-22,16722,1038,4,1,5,948.5
8255,1155994,2025-11-24,48531,1305,71,1,1,5235.24
8256,1077435,2026-01-11,13249,2193,118,1,4,2569.29
8257,1164296,2025-06-14,22746,1396,10,1,4,16311.69
8258,1074752,2025-12-19,16689,1007,69,1,1,4907.29
8259,1087066,2026-01-21,41651,352,60,1,2,502.92
8260,1121429,2025-08-06,33470,2068,34,1,3,1122.88
8261,1081087,2025-08-08,26809,1885,68,1,1,2117.77
8262,1110739,2026-03-20,34305,1028,54,1,2,49375.5
8263,1106708,2025-11-23,11526,515,68,1,3,25062.2
8264,1121816,2025-04-17,42833,2494,15,1,5,72582.1
8265,1003378,2026-04-13,38710,1067,86,1,4,7609.15
8266,1035317,2026-03-19,26488,2736,64,1,5,415.72
8267,1071283,2025-05-23,43965,2583,23,1,4,440.32
8268,1032412,2026-02-07,35606,2055,95,1,2,910.85
8269,1114007,2025-10-10,10923,506,84,1,5,2961.82
8270,1087125,2025-11-29,30223,1711,20,1,5,2959.44
8271,1022234,2025-11-03,43783,2266,105,1,5,41770.16
8272,1052301,2025-06-13,36654,1241,102,1,2,1055.64
8273,1078343,2025-09-17,45064,1197,101,1,3,33183.4
8274,1032335,2026-03-25,48807,1974,44,1,2,29793.48
8275,1188362,2025-12-30,29334,2182,81,1,5,41990.78
8276,1026907,2026-03-26,34029,362,94,1,1,11215.95
8277,1088370,2025-10-29,21527,2486,97,1,3,3242.01
8278,1058815,2025-10-15,27888,2692,106,1,4,24330.47
8279,1131685,2025-06-05,24838,2017,87,1,1,3869.88
8280,1130715,2025-09-13,13583,348,63,1,4,11350.84
8281,1187526,2025-07-19,41866,1124,105,1,4,43496.73
8282,1055823,2025-05-09,22165,329,97,1,2,411.86
8283,1007710,2026-03-19,11349,1588,105,1,3,868.04
8284,1076937,2026-02-09,28088,573,114,1,2,989.2
8285,1019356,2025-07-29,3861,1721,43,1,1,713.69
8286,1154167,2025-11-25,36839,432,109,1,2,382.21
8287,1035535,2025-12-28,7819,2260,111,1,4,76629.39
8288,1097178,2026-01-12,15936,2696,27,1,1,10504.63
8289,1057060,2025-10-01,42904,168,8,1,3,1645.05
8290,1098414,2025-12-29,17008,248,61,1,3,1370.03
8291,1080413,2025-10-24,8929,2488,29,1,2,3075.21
8292,1142112,2025-08-24,27952,1266,75,1,3,965.28
8293,1088911,2025-07-05,36372,1058,12,1,4,241.12
8294,1028461,2025-07-01,9095,241,114,1,1,17529.43
8295,1114528,2025-11-30,40938,1062,12,1,4,263.26
8296,1019575,2025-04-22,48326,640,84,1,2,77.66
8297,1056981,2026-03-02,4991,1210,74,1,1,10335.96
8298,1052469,2025-07-07,3773,515,15,1,2,9655.91
8299,1070973,2025-11-18,20444,2414,8,1,2,4634.99
8300,1113393,2025-11-30,8754,2711,70,1,1,1048.49
8301,1191726,2025-09-06,25712,2144,18,1,2,974.0
8302,1116685,2025-06-10,4796,2002,44,1,1,29221.62
8303,1043095,2025-04-13,30238,699,74,1,3,7333.41
8304,1171808,2026-02-21,2394,2882,105,1,3,2457.78
8305,1119916,2026-02-10,13880,1453,92,1,1,209.59
8306,1119939,2025-12-17,28841,2722,1,1,5,14977.44
8307,1029337,2025-06-15,43511,1094,33,1,5,462.35
8308,1156828,2025-05-31,23498,801,48,1,5,1619.56
8309,1117671,2026-02-28,44294,375,99,1,1,30528.7
8310,1149477,2025-05-17,20749,1060,45,1,4,7085.17
8311,1131648,2025-07-22,32608,2408,51,1,1,112588.72
8312,1123675,2025-07-30,36613,1374,106,1,5,3607.43
8313,1131159,2025-06-25,32030,1686,4,1,5,667.36
8314,1110719,2025-12-29,13323,800,108,1,1,2439.98
8315,1004029,2026-01-18,14966,1050,17,1,5,1943.18
8316,1140384,2026-02-06,20590,719,103,1,3,44231.33
8317,1009497,2025-05-20,18944,6,10,1,3,264898.88
8318,1147683,2026-02-24,1592,1818,63,1,4,5768.12
8319,1136465,2025-06-13,15675,2266,79,1,4,113370.29
8320,1067744,2025-08-13,35285,1013,62,1,2,3748.33
8321,1038475,2026-02-27,19989,2209,42,1,5,16155.6
8322,1171519,2026-04-12,17231,1871,39,1,2,2549.09
8323,1139460,2025-04-30,40436,1257,100,1,2,6429.57
8324,1013146,2025-07-09,42654,788,2,1,3,20763.49
8325,1101524,2025-07-13,4023,2000,98,1,2,52952.47
8326,1079673,2025-09-05,34456,1884,45,1,5,697.65
8327,1166044,2026-01-09,42791,715,63,1,5,18102.11
8328,1065423,2025-05-24,17710,95,116,1,2,41549.62
8329,1198499,2025-08-06,32423,1238,97,1,1,31626.53
8330,1063573,2025-04-21,20155,678,93,1,5,4293.35
8331,1047612,2025-06-19,9231,122,47,1,2,83049.12
8332,1144167,2025-12-11,3823,1072,105,1,4,139.39
8333,1177790,2025-05-28,45588,1366,23,1,4,12540.63
8334,1177215,2025-10-15,23903,950,6,1,5,4076.48
8335,1112541,2026-03-26,2375,379,14,1,1,1810.48
8336,1116324,2025-12-15,20445,1784,13,1,3,6457.83
8337,1142274,2025-08-18,18088,2384,18,1,2,8703.94
8338,1062684,2025-09-23,9430,2476,102,1,5,2124.51
8339,1090193,2026-03-10,39544,2636,55,1,1,6989.07
8340,1127944,2025-11-25,21829,2123,116,1,3,13363.58
8341,1055402,2025-04-30,9505,194,47,1,5,872.24
8342,1096224,2026-04-03,47525,2344,46,1,5,746.8
8343,1083936,2026-04-15,44573,583,114,1,2,40079.2
8344,1113631,2025-08-08,44800,2731,24,1,4,745.73
8345,1066818,2025-10-30,379,451,93,1,2,1729.51
8346,1071013,2025-08-10,33893,235,9,1,3,1353.6
8347,1081536,2025-11-20,33547,2533,33,1,5,2584.53
8348,1009466,2025-10-11,21796,577,117,1,5,5723.24
8349,1178802,2025-05-24,39143,88,59,1,4,19815.02
8350,1134266,2025-11-10,9754,1206,1,1,3,6361.94
8351,1128264,2025-07-26,29554,1805,18,1,3,13374.01
8352,1146805,2025-11-22,22795,1001,21,1,3,121811.51
8353,1161300,2025-08-29,7999,204,115,1,5,994.68
8354,1100898,2025-10-04,29054,241,98,1,3,2891.89
8355,1164973,2025-09-09,13390,202,97,1,2,40359.28
8356,1007837,2025-09-21,23580,1083,55,1,1,10904.9
8357,1193977,2025-07-11,43703,1653,28,1,3,354.74
8358,1011250,2026-04-07,45214,368,90,1,3,1096.04
8359,1043716,2026-02-18,10734,954,73,1,4,1443.59
8360,1043736,2025-10-16,9782,2973,38,1,2,1499.7
8361,1199644,2026-01-13,31607,649,12,1,3,3347.42
8362,1158348,2026-02-05,4265,633,23,1,5,142.59
8363,1189977,2026-04-08,9527,2043,14,1,5,1312.95
8364,1018100,2025-04-24,24344,1254,83,1,2,4072.79
8365,1185373,2025-05-14,41412,2960,95,1,2,606.85
8366,1167573,2025-11-17,45657,1978,86,1,2,5167.12
8367,1052835,2025-11-02,47307,2327,93,1,3,40310.6
8368,1034792,2025-09-22,36089,1872,70,1,1,1448.72
8369,1092119,2025-05-03,38295,1744,15,1,5,66390.61
8370,1144261,2025-12-03,12731,94,80,1,4,1263.09
8371,1122057,2025-10-12,121,1012,41,1,3,8441.13
8372,1191710,2025-07-15,26379,937,48,1,3,1679.92
8373,1190888,2025-08-29,45341,2954,112,1,5,108232.95
8374,1161701,2026-01-29,8150,1354,50,1,3,146.89
8375,1031566,2025-09-21,25088,1254,45,1,2,9073.41
8376,1182457,2025-09-25,5714,947,76,1,2,8055.01
8377,1070572,2025-12-16,13166,2783,94,1,3,1163.75
8378,1158382,2025-11-18,22638,406,11,1,4,307.18
8379,1018271,2025-10-04,9541,294,83,1,2,8553.58
8380,1194208,2025-11-10,37462,2009,77,1,1,17129.64
8381,1025537,2025-12-17,33444,2027,22,1,5,180.55
8382,1173437,2026-01-20,20955,992,14,1,5,7120.23
8383,1179648,2025-12-21,36968,1391,103,1,3,3641.83
8384,1023052,2025-08-15,6690,2311,105,1,5,411.63
8385,1151906,2025-07-06,21765,924,62,1,5,39280.11
8386,1060404,2025-12-16,613,1254,93,1,2,7558.75
8387,1111052,2025-08-22,39271,1614,86,1,2,7766.89
8388,1191435,2025-10-18,40006,186,101,1,5,2057.46
8389,1010770,2026-01-19,12268,1762,99,1,2,31458.23
8390,1055769,2025-09-28,7494,2550,109,1,2,51705.01
8391,1150558,2025-05-04,16868,2916,7,1,2,12189.42
8392,1184507,2025-09-17,34568,1166,63,1,4,6282.65
8393,1195463,2026-01-28,48404,497,33,1,3,3074.46
8394,1012079,2025-12-22,10744,2068,32,1,3,3130.24
8395,1009910,2025-05-31,41750,600,104,1,2,1063.0
8396,1134389,2025-06-11,15126,2193,98,1,3,2753.56
8397,1190523,2025-11-04,20557,757,105,1,3,1264.89
8398,1142500,2025-05-20,47761,54,78,1,3,478.02
8399,1101086,2026-02-07,11371,2696,40,1,5,21371.29
8400,1193654,2026-02-17,31790,22,21,1,1,2405.29
8401,1048899,2025-11-08,48402,1488,86,1,4,4672.4
8402,1031643,2025-12-07,22278,2003,119,1,3,1052.46
8403,1180442,2026-04-09,1085,111,62,1,4,2377.4
8404,1168055,2025-07-19,10557,346,114,1,2,1758.97
8405,1149327,2025-10-24,20334,217,23,1,1,4835.91
8406,1123842,2025-06-20,46568,1544,37,1,1,32692.21
8407,1112489,2025-12-21,2055,320,3,1,1,6324.14
8408,1156906,2025-07-28,39320,728,119,1,5,5347.22
8409,1154661,2025-12-18,13049,2192,77,1,3,3092.61
8410,1168844,2025-12-10,24414,1252,104,1,2,2584.06
8411,1101489,2025-10-23,37814,2864,16,1,4,16268.89
8412,1065627,2026-01-12,26341,2540,118,1,4,476.66
8413,1163716,2025-10-21,32235,230,74,1,1,1151.77
8414,1007152,2025-10-17,821,974,39,1,2,54269.26
8415,1008333,2025-11-24,29621,238,97,1,5,42560.02
8416,1114410,2025-08-14,3036,2717,76,1,2,36371.11
8417,1032905,2025-05-02,24654,1738,56,1,5,6432.83
8418,1143222,2025-09-22,37015,1137,22,1,3,4160.13
8419,1014577,2025-10-22,42637,659,41,1,4,380.1
8420,1174599,2025-05-12,29920,1677,43,1,5,4284.61
8421,1115947,2025-12-21,11248,1733,72,1,4,686.46
8422,1028243,2025-08-30,30855,1988,27,1,2,119.44
8423,1074683,2026-01-01,3162,2847,18,1,4,5914.76
8424,1085737,2026-04-16,31907,993,73,1,3,907.31
8425,1051950,2025-09-12,25033,2715,1,1,4,1086.08
8426,1160742,2025-05-29,39227,70,99,1,2,1078.17
8427,1075581,2025-08-27,11200,2341,76,1,4,4616.82
8428,1045813,2025-10-08,4928,1706,5,1,5,92523.35
8429,1177657,2026-01-05,43623,2621,69,1,2,33095.93
8430,1075934,2025-10-07,38015,2421,88,1,2,424.11
8431,1115847,2025-10-19,5485,2004,73,1,4,9341.5
8432,1010925,2026-04-03,40784,149,36,1,4,875.56
8433,1104165,2025-05-31,22789,32,32,1,3,3822.97
8434,1152188,2025-04-28,26590,1767,9,1,1,464.07
8435,1114348,2026-04-14,45213,601,92,1,3,1408.86
8436,1176696,2026-01-16,46944,687,44,1,2,3766.44
8437,1048448,2026-01-22,43240,2633,113,1,4,11830.07
8438,1075404,2025-08-27,13010,2958,98,1,1,90086.4
8439,1071086,2025-10-06,15479,2358,83,1,3,4830.0
8440,1058541,2025-09-15,3999,2573,29,1,3,9238.42
8441,1071114,2025-07-20,241,643,35,1,3,11499.28
8442,1108485,2025-10-31,49446,1741,68,1,2,16103.65
8443,1063598,2025-09-05,12552,1170,46,1,5,4524.66
8444,1146433,2026-01-17,18635,1122,105,1,3,7451.34
8445,1107683,2025-10-25,26885,1910,85,1,3,16480.72
8446,1190100,2025-07-18,11464,327,90,1,1,126629.13
8447,1107703,2025-11-05,12292,1677,11,1,2,4262.16
8448,1042686,2025-11-10,18854,1319,73,1,4,555.59
8449,1154338,2025-09-09,49820,1067,6,1,3,3552.79
8450,1107901,2025-08-31,2923,1714,7,1,1,55020.04
8451,1000235,2025-12-01,21888,2555,92,1,2,1065.77
8452,1135008,2026-01-08,8884,864,101,1,3,25652.58
8453,1056792,2025-10-19,48741,816,72,1,1,22591.87
8454,1095057,2025-11-20,7340,1289,112,1,2,1207.3
8455,1174247,2025-09-21,38670,993,66,1,5,2730.46
8456,1058700,2025-08-31,32464,714,10,1,2,390.01
8457,1083722,2025-07-03,16003,2276,35,1,1,2121.82
8458,1175445,2025-06-15,31463,413,6,1,4,8022.52
8459,1098966,2025-08-10,38164,2866,73,1,2,686.7
8460,1091916,2026-01-23,9703,72,61,1,4,576.75
8461,1131534,2025-08-17,23937,195,22,1,2,8541.05
8462,1175854,2025-07-14,26483,1227,97,1,2,194.36
8463,1110798,2025-10-01,39754,1168,79,1,1,1507.57
8464,1102117,2026-03-28,25081,949,47,1,5,695.65
8465,1028768,2025-04-10,45139,2515,91,1,3,553.11
8466,1086045,2026-02-15,45578,1138,20,1,1,8102.91
8467,1107024,2025-08-20,12766,2253,111,1,2,813.17
8468,1137186,2025-09-12,2453,1008,39,1,4,796.82
8469,1165331,2026-02-08,14733,2357,77,1,5,1502.35
8470,1136361,2025-08-07,43740,2073,18,1,1,49686.5
8471,1058812,2025-10-10,16278,2754,108,1,2,343.36
8472,1175839,2025-08-14,4862,656,96,1,5,312.67
8473,1189679,2025-08-10,9216,2476,11,1,2,2124.89
8474,1177933,2025-08-17,18841,1955,49,1,5,112535.67
8475,1026721,2026-01-15,35558,987,10,1,1,1867.2
8476,1021791,2025-07-07,27666,650,54,1,3,78.29
8477,1079208,2025-09-12,11696,2554,5,1,1,6402.19
8478,1197274,2026-01-05,27686,2865,50,1,4,24273.84
8479,1125440,2025-06-04,11833,1534,22,1,3,1196.14
8480,1020952,2026-02-19,9637,592,96,1,3,431.35
8481,1161510,2026-01-13,28487,2633,16,1,3,7161.23
8482,1078017,2025-05-29,42808,2281,17,1,5,208.08
8483,1055039,2025-12-17,21542,1057,82,1,1,9381.82
8484,1025232,2025-07-13,34832,1731,55,1,4,11293.92
8485,1180353,2025-10-01,36845,917,30,1,1,244676.0
8486,1104056,2025-12-05,42039,2909,79,1,3,1205.6
8487,1096503,2025-09-16,9209,620,28,1,3,20349.74
8488,1005115,2025-12-08,23719,1886,40,1,2,1813.92
8489,1017503,2025-09-15,18093,2529,101,1,2,195.36
8490,1032861,2025-11-29,49096,107,37,1,3,620.35
8491,1050054,2026-03-20,3029,1264,32,1,4,6155.55
8492,1073909,2026-04-04,48964,941,31,1,4,111344.45
8493,1079329,2026-02-17,48647,167,86,1,2,10592.87
8494,1149911,2025-06-13,8961,2645,13,1,3,131293.12
8495,1179146,2026-03-14,44087,1894,70,1,3,33160.98
8496,1085985,2025-10-31,15102,2644,27,1,1,5656.48
8497,1182453,2025-09-23,46351,1105,34,1,4,52063.2
8498,1167383,2026-02-15,24478,1903,24,1,3,9154.87
8499,1183267,2025-05-18,2841,1175,53,1,3,35304.3
8500,1157909,2025-12-22,34108,1173,65,1,4,2227.44
8501,1156334,2025-10-19,4985,2689,54,1,4,9733.66
8502,1136683,2026-01-06,41215,1399,2,1,1,45638.77
8503,1075338,2025-06-20,43650,2479,34,1,4,5991.19
8504,1107865,2025-12-03,26985,2360,37,1,4,16226.09
8505,1123446,2026-02-17,39195,2176,8,1,4,1363.79
8506,1029203,2025-05-16,27027,340,48,1,5,7910.07
8507,1055402,2026-02-12,39597,943,84,1,5,500.87
8508,1176078,2026-02-11,19071,2456,102,1,1,36.64
8509,1149328,2025-09-24,8129,705,58,1,4,1092.25
8510,1174268,2025-11-15,13394,2894,11,1,5,25982.15
8511,1088758,2026-03-05,48233,793,6,1,3,1837.66
8512,1166831,2025-04-21,7177,2792,113,1,3,1038.53
8513,1060495,2025-06-14,15162,2334,106,1,2,1720.78
8514,1072861,2025-06-27,30160,1234,27,1,2,23123.98
8515,1033397,2025-12-08,3453,1616,20,1,5,1303.87
8516,1026912,2026-01-21,43026,1519,9,1,1,1695.32
8517,1070068,2025-12-22,19974,33,7,1,4,1980.85
8518,1068587,2025-11-27,13633,1733,48,1,2,1446.26
8519,1054572,2025-08-07,20093,1458,56,1,1,625.05
8520,1116105,2026-01-07,32984,2826,41,1,1,6600.17
8521,1191262,2025-11-23,4971,2949,13,1,5,275.74
8522,1195078,2025-04-26,38606,310,58,1,3,4799.69
8523,1018551,2025-10-21,4519,2770,108,1,4,12247.13
8524,1145485,2025-09-25,26251,328,32,1,2,4650.43
8525,1188907,2025-09-01,2394,1204,81,1,5,650.03
8526,1007207,2025-06-20,47996,2896,69,1,5,5440.07
8527,1091132,2025-06-06,27391,217,103,1,1,1630.45
8528,1056025,2025-09-15,40601,2318,95,1,1,9999.3
8529,1109061,2025-11-23,30417,2188,77,1,2,3576.25
8530,1142046,2025-08-09,29115,2991,111,1,4,161.07
8531,1031582,2025-07-30,6879,1287,99,1,5,34650.64
8532,1194660,2026-03-27,23785,576,85,1,5,14790.71
8533,1194963,2025-12-04,6784,2040,29,1,3,13551.87
8534,1058170,2025-06-10,35607,11,69,1,3,7748.48
8535,1193817,2025-11-24,35147,2851,94,1,5,218778.27
8536,1105870,2025-07-13,10607,1384,64,1,5,2768.84
8537,1121608,2025-09-25,23766,1088,105,1,3,12874.88
8538,1045141,2025-06-22,15935,1141,22,1,3,1183.95
8539,1011931,2025-07-07,11616,606,74,1,2,1508.04
8540,1039162,2026-03-31,38829,173,1,1,3,5537.08
8541,1127150,2025-06-03,12420,1552,106,1,4,10503.41
8542,1054763,2026-01-07,5843,2010,22,1,2,24650.5
8543,1179682,2025-09-13,9675,1521,26,1,5,3204.66
8544,1073694,2025-09-03,29450,296,31,1,2,60.8
8545,1092345,2026-02-16,11984,2283,54,1,3,248.84
8546,1125709,2025-10-29,43273,363,69,1,5,1429.27
8547,1165298,2026-04-12,4606,2942,112,1,4,367.59
8548,1099578,2025-07-07,32086,2811,16,1,2,232.41
8549,1147071,2026-02-20,35069,1631,74,1,1,25156.98
8550,1102979,2025-12-27,35329,2652,4,1,4,132159.07
8551,1069145,2025-11-20,41095,1961,34,1,5,90703.62
8552,1009909,2025-08-28,38384,1130,32,1,4,5115.19
8553,1003839,2025-05-15,23487,2488,52,1,1,2978.14
8554,1178370,2025-07-16,8342,569,106,1,1,699.02
8555,1160049,2025-06-15,24219,691,46,1,2,3450.05
8556,1009982,2026-01-20,10465,2325,93,1,1,4162.76
8557,1045418,2025-08-27,13498,1747,103,1,5,6746.98
8558,1131915,2026-03-07,19483,1977,81,1,1,601.97
8559,1129477,2025-04-23,25803,2727,14,1,4,18505.68
8560,1047294,2026-04-06,49070,459,20,1,5,481.36
8561,1064048,2025-10-21,7536,2900,117,1,1,934.99
8562,1097208,2025-12-01,25298,2789,80,1,3,3753.53
8563,1035264,2025-06-23,10292,800,42,1,1,4749.43
8564,1029410,2025-11-28,6639,1491,5,1,3,1645.63
8565,1121146,2025-10-10,8239,2408,102,1,2,58337.96
8566,1011227,2026-01-27,21425,2568,24,1,5,24704.54
8567,1002876,2026-01-22,14812,737,66,1,1,1056.56
8568,1105818,2025-08-31,26102,2576,44,1,2,1427.14
8569,1048295,2026-03-19,36186,2120,28,1,2,1911.19
8570,1061985,2025-11-09,2372,2258,40,1,2,14068.67
8571,1018413,2025-10-16,33482,2992,89,1,1,5045.45
8572,1118593,2026-03-27,17298,1979,106,1,1,1117.35
8573,1094395,2026-04-20,9780,2189,92,1,4,549.9
8574,1036120,2025-11-09,48756,1143,86,1,3,9048.24
8575,1124980,2025-11-06,43479,286,22,1,1,79408.42
8576,1185026,2025-05-29,9773,981,116,1,5,6842.58
8577,1053277,2025-11-26,20826,1952,93,1,1,73574.3
8578,1009957,2025-05-14,14327,2427,99,1,1,346.38
8579,1186722,2025-09-16,22328,318,118,1,5,69952.41
8580,1006992,2025-08-03,41655,584,44,1,3,1330.64
8581,1198416,2025-10-27,24257,175,6,1,5,18069.05
8582,1139732,2025-08-25,24532,1687,16,1,4,8152.83
8583,1160564,2025-10-20,26708,602,79,1,1,5617.92
8584,1058983,2025-10-26,29529,516,119,1,1,22534.2
8585,1057610,2025-06-27,10120,537,35,1,1,64734.56
8586,1043912,2025-07-31,31462,418,119,1,5,325.65
8587,1186444,2025-09-26,669,2593,95,1,3,7280.21
8588,1099933,2025-06-01,34453,2496,53,1,1,4240.69
8589,1120018,2025-11-01,42332,2310,120,1,2,2804.81
8590,1066422,2026-04-09,13086,2891,84,1,3,20853.87
8591,1197982,2026-04-11,9641,1376,40,1,2,9609.14
8592,1018319,2025-08-28,15905,1086,37,1,2,1822.64
8593,1164997,2025-06-10,34053,682,73,1,3,499.55
8594,1095681,2025-06-20,26115,1528,77,1,2,662.61
8595,1022719,2025-11-14,13084,1944,108,1,1,1761.84
8596,1043367,2026-02-18,41002,2946,57,1,3,13766.6
8597,1056339,2026-01-12,10919,532,69,1,4,555.29
8598,1112156,2025-12-06,41195,785,114,1,3,4113.51
8599,1147062,2025-11-24,16572,2166,19,1,2,616.5
8600,1174680,2026-02-06,9367,495,105,1,5,50639.28
8601,1166879,2026-04-25,25471,2413,16,1,4,3732.07
8602,1167259,2025-05-07,31595,1584,112,1,4,370.2
8603,1013587,2025-09-07,32703,1568,56,1,3,7162.45
8604,1083523,2025-11-10,29011,599,107,1,1,37212.92
8605,1141234,2026-01-24,42984,793,32,1,4,2018.57
8606,1077771,2025-07-06,33034,2083,117,1,4,976.68
8607,1032707,2025-06-03,49176,573,95,1,3,336.76
8608,1020728,2025-05-29,27097,660,25,1,3,12517.2
8609,1120417,2025-10-31,20462,2725,26,1,1,5787.48
8610,1153237,2025-10-16,3059,2043,19,1,5,719.27
8611,1197594,2025-06-21,14523,734,101,1,4,1710.84
8612,1126235,2025-11-28,12883,2146,80,1,2,4939.24
8613,1083372,2025-11-11,8632,2321,9,1,3,4608.77
8614,1129002,2025-12-13,49460,1451,44,1,1,1271.8
8615,1077239,2025-08-03,13025,2823,21,1,1,9655.43
8616,1051177,2026-03-04,34262,1885,63,1,4,2140.02
8617,1158286,2026-03-31,2712,1512,112,1,5,67394.77
8618,1060973,2025-06-29,15391,1205,69,1,1,11219.88
8619,1089380,2025-05-26,15171,670,74,1,2,7911.41
8620,1151679,2025-06-17,11693,1604,115,1,4,977.65
8621,1113683,2025-05-09,38348,1500,101,1,1,170436.86
8622,1069696,2025-09-12,40839,2497,102,1,4,15508.72
8623,1127246,2026-01-03,24313,1477,98,1,1,14216.16
8624,1022112,2025-08-17,6458,2921,61,1,5,484.28
8625,1165272,2026-01-07,36230,1717,61,1,3,2811.21
8626,1039395,2025-10-04,3258,1758,67,1,1,301.68
8627,1085672,2026-02-01,24963,1199,97,1,4,76943.79
8628,1096374,2025-07-05,49555,1228,88,1,3,13408.73
8629,1117137,2025-09-02,18164,1828,67,1,1,4795.18
8630,1155691,2025-11-08,10756,1204,26,1,2,577.04
8631,1167700,2025-12-20,47194,1435,5,1,2,23.5
8632,1161474,2025-08-14,16797,466,28,1,4,1709.96
8633,1170290,2025-05-12,7595,663,61,1,3,12752.68
8634,1151508,2026-04-14,10530,40,14,1,3,14002.04
8635,1127423,2025-12-11,44964,2246,72,1,3,2329.82
8636,1144187,2025-12-21,37274,79,79,1,2,8341.18
8637,1169745,2025-12-08,5656,2037,104,1,1,4878.46
8638,1007184,2025-06-15,2418,2217,95,1,5,2340.3
8639,1132329,2026-01-09,8109,1489,37,1,3,123510.54
8640,1146663,2026-01-04,22449,2881,52,1,1,274302.57
8641,1033191,2025-09-15,31526,2489,109,1,4,2266.08
8642,1114968,2025-04-25,25330,1355,106,1,4,3662.42
8643,1021834,2025-11-28,37005,1683,51,1,3,253.19
8644,1089267,2025-12-30,7464,1382,80,1,5,1255.69
8645,1093217,2025-11-30,24454,2460,56,1,1,492.78
8646,1058820,2025-04-30,15112,1576,84,1,3,2145.82
8647,1186776,2025-04-28,32056,2242,120,1,1,18287.48
8648,1006832,2025-05-13,35916,290,12,1,2,9604.33
8649,1057455,2025-06-14,26105,2069,63,1,3,938.51
8650,1180197,2025-05-06,38811,2276,66,1,1,4049.52
8651,1166949,2025-12-25,30988,1205,13,1,3,32749.76
8652,1111442,2025-10-15,38013,2660,15,1,5,242681.35
8653,1196629,2025-10-09,38626,1369,12,1,1,2357.58
8654,1179534,2025-08-06,25170,2017,71,1,3,1160.77
8655,1032516,2025-12-23,34476,184,94,1,2,2047.33
8656,1021465,2025-10-14,18495,1624,112,1,4,5372.95
8657,1102897,2026-04-08,13285,2266,119,1,2,83389.17
8658,1007896,2025-11-13,32437,1090,95,1,3,6721.04
8659,1095128,2025-11-24,1624,241,57,1,5,6014.71
8660,1141921,2025-10-14,32313,482,82,1,3,83288.15
8661,1101427,2025-10-28,42833,2093,106,1,1,2947.39
8662,1014402,2025-10-30,27543,1405,79,1,1,3159.21
8663,1098347,2025-09-12,11106,1757,73,1,5,6445.88
8664,1031382,2025-10-14,38837,2642,105,1,1,125608.18
8665,1182698,2025-05-04,36247,2735,5,1,3,5627.88
8666,1025323,2025-05-18,26443,1479,56,1,1,721.38
8667,1001200,2026-03-06,13828,576,58,1,1,19840.88
8668,1069052,2025-11-18,23094,1181,20,1,3,8286.1
8669,1170090,2026-03-21,16913,2854,92,1,2,5994.04
8670,1075449,2025-06-20,4138,2016,30,1,1,20463.8
8671,1093749,2025-09-18,21922,1210,75,1,2,20781.75
8672,1139064,2026-02-12,18278,1024,55,1,4,208417.13
8673,1098281,2026-03-27,15952,2551,91,1,2,1031.13
8674,1050334,2025-04-23,37519,1020,24,1,1,1627.47
8675,1010603,2025-04-15,46629,2796,47,1,2,45357.29
8676,1050039,2025-10-11,7915,1047,30,1,2,2878.88
8677,1172383,2025-08-26,30653,1111,47,1,3,264.87
8678,1076386,2025-12-23,35450,2830,8,1,2,32174.74
8679,1113451,2025-04-24,10798,2481,29,1,4,8198.91
8680,1064251,2025-08-09,5280,586,105,1,5,16986.39
8681,1060594,2026-01-02,20882,1818,97,1,5,8316.29
8682,1096791,2026-02-17,32519,2093,54,1,1,6332.05
8683,1006494,2025-05-14,19103,747,21,1,2,907.66
8684,1125419,2025-08-31,5164,4,2,1,2,7690.56
8685,1194744,2025-06-03,28472,1373,16,1,3,717.01
8686,1025447,2025-09-12,48539,1330,40,1,3,24521.91
8687,1043062,2025-06-27,32020,483,66,1,4,317.13
8688,1131573,2025-05-20,32583,2445,28,1,1,789.3
8689,1061350,2026-04-17,43363,2067,85,1,5,34644.94
8690,1186947,2026-02-09,45425,1276,72,1,2,15504.6
8691,1189656,2025-06-23,5180,1892,85,1,1,13526.42
8692,1182131,2026-03-27,46405,1793,61,1,2,3770.46
8693,1028742,2026-01-07,48980,1411,41,1,3,50351.04
8694,1167601,2026-03-11,4293,2397,30,1,3,15899.3
8695,1030517,2025-12-01,8836,1251,101,1,5,4809.39
8696,1063800,2025-09-02,31583,1591,74,1,5,96659.9
8697,1097925,2025-07-30,24936,511,110,1,3,20976.27
8698,1169619,2026-04-09,33302,2652,27,1,3,63395.08
8699,1167066,2025-08-24,38935,1877,105,1,1,195719.5
8700,1091327,2025-12-18,4670,62,84,1,2,3007.34
8701,1058893,2026-02-26,36349,1285,104,1,5,2144.54
8702,1178120,2026-01-21,44939,1294,53,1,4,41951.53
8703,1015138,2025-07-05,2615,1416,59,1,3,4435.76
8704,1186788,2025-12-12,42607,366,82,1,5,2304.77
8705,1010552,2025-08-07,36689,1602,79,1,3,32457.78
8706,1152660,2026-01-25,7765,100,64,1,1,1879.32
8707,1089018,2025-04-29,13909,1074,48,1,5,4596.61
8708,1113954,2025-10-24,19899,2086,6,1,1,632.22
8709,1197850,2025-06-16,22949,2751,43,1,5,115410.98
8710,1164557,2025-10-14,28682,1116,61,1,1,6633.68
8711,1033795,2025-06-05,48676,1686,102,1,5,663.17
8712,1164536,2025-10-07,17227,392,89,1,4,2660.46
8713,1186151,2025-12-28,1526,2253,101,1,3,2567.07
8714,1083789,2025-11-23,45517,2860,117,1,2,104017.2
8715,1040305,2025-11-26,16604,2244,104,1,1,547.62
8716,1027354,2025-09-01,23807,741,35,1,3,10925.73
8717,1015904,2026-02-22,15623,1395,111,1,2,7306.61
8718,1026489,2026-01-22,1376,877,33,1,3,3967.61
8719,1053287,2026-02-22,20728,686,82,1,5,5801.29
8720,1027099,2025-05-05,33903,546,66,1,5,23073.37
8721,1153234,2026-02-17,41233,1691,5,1,4,1047.56
8722,1052139,2025-07-28,25355,1668,68,1,3,4636.03
8723,1127914,2025-09-07,24669,839,16,1,5,8392.73
8724,1024485,2025-09-23,1398,2747,46,1,5,292.05
8725,1043504,2025-11-16,12291,2396,61,1,4,10457.83
8726,1088379,2025-05-01,44605,2223,61,1,4,299.15
8727,1104863,2025-11-14,18213,2598,33,1,1,2640.18
8728,1057326,2026-03-06,12438,2913,74,1,4,2909.71
8729,1139658,2025-08-22,18388,6,54,1,3,556195.83
8730,1158379,2026-02-06,22381,405,88,1,5,27512.85
8731,1069040,2026-03-25,47097,1924,110,1,3,13767.88
8732,1140153,2026-03-08,34361,93,34,1,4,4292.65
8733,1185138,2025-07-06,17554,1554,116,1,1,9129.24
8734,1035173,2025-06-22,37487,1602,114,1,2,10685.0
8735,1027929,2026-03-17,30389,1656,44,1,1,3023.76
8736,1053690,2025-12-09,45018,2077,96,1,1,836.26
8737,1162356,2025-11-14,35368,2272,39,1,5,13392.77
8738,1185803,2026-04-09,21661,1041,59,1,5,24992.07
8739,1169769,2025-08-31,48993,520,34,1,2,421.96
8740,1139476,2026-03-03,29912,1806,110,1,4,717.58
8741,1004046,2026-03-04,43688,434,78,1,4,214.03
8742,1062917,2025-07-29,26944,2676,27,1,3,1086.93
8743,1194368,2025-12-08,26238,2999,100,1,3,1277.01
8744,1029080,2025-08-27,23407,331,33,1,1,339.15
8745,1102347,2026-02-03,46706,655,103,1,5,22578.64
8746,1098476,2025-12-17,39523,141,21,1,5,132977.13
8747,1110236,2025-12-06,24739,887,68,1,3,14957.86
8748,1074961,2025-10-27,21095,2088,4,1,5,700.29
8749,1150860,2025-07-07,36031,612,44,1,5,7099.21
8750,1141544,2025-12-24,46734,68,53,1,4,13713.39
8751,1031144,2025-11-11,15925,418,56,1,2,288.14
8752,1025220,2025-06-03,38102,2858,32,1,3,1969.71
8753,1035487,2026-03-24,23945,1328,14,1,1,13437.28
8754,1052501,2026-03-31,30004,2934,68,1,5,1792.69
8755,1180296,2025-06-04,16057,2601,94,1,2,1169.01
8756,1055329,2026-04-04,32443,2151,30,1,2,22713.71
8757,1086969,2025-05-10,19163,197,38,1,5,1265.76
8758,1135326,2025-12-31,11274,75,117,1,5,2208.43
8759,1062588,2025-09-22,42805,2107,10,1,2,10335.53
8760,1029992,2025-12-06,29570,298,73,1,5,13290.75
8761,1173218,2025-12-18,42119,2096,21,1,3,2095.31
8762,1058463,2025-08-16,47908,166,34,1,4,14168.24
8763,1132878,2026-03-29,15028,2134,3,1,4,976.49
8764,1144277,2026-04-20,22324,828,87,1,3,324.22
8765,1140950,2026-03-14,16210,2053,118,1,1,19106.01
8766,1101712,2025-09-07,2270,1176,85,1,4,1501.8
8767,1151012,2025-06-08,25616,1655,17,1,2,27821.12
8768,1017552,2026-01-28,24059,1144,45,1,5,219229.19
8769,1154173,2025-11-21,40724,1798,4,1,1,139790.01
8770,1099929,2025-08-16,12478,1677,29,1,1,2278.58
8771,1068605,2025-08-18,45558,1581,71,1,3,1643.22
8772,1010098,2026-03-09,34803,2206,22,1,5,22037.95
8773,1179475,2025-07-11,13538,1433,12,1,3,1953.37
8774,1055223,2026-03-10,36954,36,79,1,3,12652.87
8775,1166593,2025-09-21,5349,65,60,1,5,920.25
8776,1001260,2026-03-14,14502,2814,32,1,1,1003.39
8777,1172317,2026-04-17,20009,1424,75,1,4,5081.33
8778,1044270,2026-01-01,17185,2826,21,1,2,1928.55
8779,1011916,2026-01-05,11677,290,42,1,5,27614.45
8780,1026874,2025-05-12,41800,518,108,1,5,16494.07
8781,1152202,2026-03-02,48557,2238,94,1,3,1338.05
8782,1021542,2026-02-09,32194,1267,108,1,2,3449.89
8783,1061554,2025-10-15,34597,2957,57,1,2,2013.73
8784,1123567,2025-05-04,14140,1785,12,1,1,76243.27
8785,1184361,2025-11-22,15476,1600,54,1,2,90.19
8786,1004987,2025-06-23,25942,877,15,1,3,2055.96
8787,1002008,2025-06-19,2793,2916,109,1,1,5606.7
8788,1165439,2026-04-09,46201,1554,51,1,2,8780.3
8789,1050688,2025-09-25,46955,1658,118,1,1,399881.78
8790,1157673,2026-02-26,40605,780,44,1,2,597.77
8791,1036928,2025-11-29,16283,2281,94,1,5,384.4
8792,1151212,2026-04-03,40489,2782,44,1,2,17458.17
8793,1044632,2026-02-03,7183,1960,80,1,4,14661.63
8794,1052283,2026-02-01,5118,1491,70,1,5,1962.76
8795,1046335,2026-01-10,29994,461,66,1,5,72838.91
8796,1189069,2026-01-05,30452,1401,71,1,3,2326.32
8797,1161231,2025-07-09,46002,2036,98,1,5,1253.79
8798,1079470,2025-06-19,25820,2009,91,1,5,68779.21
8799,1160913,2025-11-16,43169,1387,26,1,1,3001.52
8800,1071234,2025-06-25,8983,2838,3,1,2,27262.16
8801,1085589,2026-02-15,17275,2415,55,1,3,5330.53
8802,1128231,2025-10-24,14078,1981,112,1,1,48255.68
8803,1193959,2026-01-13,12489,1608,68,1,1,7436.03
8804,1022346,2025-12-14,40323,2881,94,1,3,404483.92
8805,1037177,2026-02-26,1187,2134,32,1,3,1519.77
8806,1167020,2025-09-18,34903,66,9,1,4,7813.3
8807,1119676,2025-12-04,23965,464,6,1,4,6451.43
8808,1185208,2025-07-21,4447,484,64,1,3,38625.58
8809,1162573,2025-11-10,43764,107,2,1,1,1923.94
8810,1060283,2025-11-27,32897,1631,89,1,5,24403.97
8811,1151803,2025-09-21,37105,2877,13,1,2,279.59
8812,1104068,2025-12-16,3863,85,26,1,5,1722.94
8813,1189813,2025-12-09,5362,242,10,1,1,40602.81
8814,1078394,2026-03-17,2850,1648,102,1,1,47977.37
8815,1140116,2025-07-17,31335,1083,75,1,2,11949.56
8816,1099559,2025-10-07,44084,2559,111,1,1,5412.16
8817,1192666,2026-01-28,47662,2511,57,1,1,2014.08
8818,1116033,2025-06-07,14920,729,67,1,4,11425.4
8819,1020196,2025-06-12,2832,1418,104,1,5,15185.3
8820,1106407,2025-11-09,29187,1121,94,1,5,4880.35
8821,1176216,2025-07-07,9707,2598,88,1,1,5285.35
8822,1151704,2025-07-31,294,2209,39,1,4,2981.23
8823,1017351,2026-04-11,39920,1952,36,1,5,78013.73
8824,1074802,2025-06-17,26220,1065,88,1,3,7197.64
8825,1160134,2025-06-07,34516,2332,48,1,3,26664.9
8826,1009014,2026-02-05,3017,987,21,1,2,921.14
8827,1024088,2025-09-15,33910,2775,95,1,4,1375.48
8828,1008982,2026-01-25,28267,27,34,1,5,313400.51
8829,1003420,2025-06-19,47270,1525,45,1,2,98547.0
8830,1023418,2025-11-22,32522,981,7,1,3,14326.41
8831,1121336,2025-06-11,37991,2536,21,1,2,454.87
8832,1093180,2025-07-10,17509,2303,14,1,4,2233.59
8833,1156229,2026-03-07,1284,2687,24,1,1,3741.96
8834,1109861,2025-12-16,29237,1848,24,1,5,21855.51
8835,1053812,2025-05-05,32724,979,51,1,2,2054.34
8836,1014290,2025-06-09,1849,2903,101,1,2,138.75
8837,1052796,2025-10-21,23622,1909,98,1,4,2080.14
8838,1127384,2025-09-20,23965,2708,19,1,3,1598.46
8839,1190119,2025-08-03,367,2489,17,1,2,437.79
8840,1007081,2025-11-02,8927,2591,91,1,2,17111.34
8841,1082476,2025-04-11,8635,1142,45,1,2,101428.01
8842,1198334,2025-04-26,4222,2625,27,1,3,442.88
8843,1015679,2025-12-06,21665,432,70,1,4,368.32
8844,1174918,2026-02-03,9947,89,88,1,2,124857.18
8845,1059080,2026-03-25,43802,2256,39,1,2,56904.89
8846,1048355,2025-05-04,33614,2083,18,1,1,895.34
8847,1096259,2025-10-09,18748,1906,86,1,5,1387.58
8848,1174118,2026-02-18,42385,1247,65,1,5,8890.02
8849,1198871,2025-06-28,7626,1340,89,1,4,346.34
8850,1197684,2026-04-06,36905,2841,3,1,2,74.45
8851,1106257,2025-12-12,35955,2626,33,1,5,32750.12
8852,1112464,2025-04-29,24329,1810,24,1,4,3169.78
8853,1005586,2025-09-13,37378,1293,23,1,4,9295.78
8854,1061978,2026-02-02,8434,2103,100,1,4,302.28
8855,1159458,2025-08-09,34034,982,69,1,4,6720.81
8856,1129190,2025-09-26,27583,690,104,1,2,7136.27
8857,1076370,2025-08-06,40596,2974,13,1,3,3086.95
8858,1052552,2025-06-22,20048,2859,60,1,2,95617.37
8859,1139606,2025-08-26,49391,1331,117,1,3,563.08
8860,1026536,2025-10-01,37268,789,21,1,5,12240.67
8861,1081358,2025-08-17,22960,275,26,1,1,3198.73
8862,1192969,2025-06-01,23910,299,61,1,3,66222.38
8863,1186777,2025-10-21,1011,233,25,1,4,12790.74
8864,1050077,2025-12-12,29754,2474,13,1,1,1525.02
8865,1033442,2025-09-04,11609,2020,86,1,1,1286.25
8866,1007285,2025-04-22,9350,258,48,1,3,14322.62
8867,1055981,2025-12-02,24404,2085,49,1,4,3694.91
8868,1116215,2026-03-02,19219,409,19,1,2,1419.26
8869,1179375,2026-03-09,5613,1609,119,1,1,20876.39
8870,1041894,2025-12-01,40362,2630,29,1,2,305.49
8871,1158711,2025-10-18,46266,1271,82,1,3,4415.33
8872,1074284,2025-10-13,20072,380,86,1,3,11255.81
8873,1190554,2026-01-16,15867,2962,89,1,1,555.95
8874,1016064,2025-08-28,32772,1716,119,1,4,41.99
8875,1028316,2025-11-18,31883,1945,31,1,1,20841.48
8876,1096326,2025-04-23,32915,700,98,1,2,1319.66
8877,1028262,2025-09-22,24953,1737,109,1,5,1110.44
8878,1008025,2025-07-27,20626,9,3,1,2,5034.28
8879,1173728,2025-05-26,27153,507,54,1,5,33014.79
8880,1164774,2026-03-07,48018,2434,7,1,4,36330.17
8881,1161215,2025-06-15,36064,1602,91,1,5,22468.1
8882,1137801,2025-04-27,9897,559,18,1,2,55341.36
8883,1073067,2025-08-03,43963,2217,78,1,2,4732.4
8884,1138110,2025-05-13,23102,1121,60,1,1,3640.06
8885,1106402,2026-01-27,20678,2490,95,1,4,6540.69
8886,1105422,2025-11-18,6851,736,113,1,4,722.96
8887,1059366,2025-09-09,782,424,112,1,1,593.53
8888,1181039,2025-05-25,47497,1580,19,1,2,41555.17
8889,1150193,2025-06-13,38054,1853,107,1,1,1422.67
8890,1167202,2025-08-16,44062,1264,109,1,1,4135.67
8891,1097194,2025-11-16,28331,1775,15,1,4,29484.11
8892,1152507,2025-08-02,35057,2686,58,1,2,121622.65
8893,1126471,2025-07-11,29511,56,99,1,1,1252.83
8894,1021880,2025-09-09,28138,639,100,1,4,1575.78
8895,1122285,2025-12-11,38560,1496,113,1,2,7826.27
8896,1197589,2025-05-11,46112,1457,111,1,3,1064.59
8897,1157514,2025-12-04,13553,2830,58,1,4,95836.81
8898,1096956,2025-04-30,32683,1438,49,1,1,4771.91
8899,1053463,2025-12-14,37341,366,3,1,5,2451.0
8900,1089473,2026-03-05,41312,312,42,1,4,112115.8
8901,1179902,2025-05-22,16252,1387,88,1,5,3147.17
8902,1181817,2025-06-20,2016,2085,31,1,4,14730.21
8903,1079088,2025-10-21,13308,1739,6,1,4,130.35
8904,1190491,2026-04-10,22340,1711,4,1,3,2786.46
8905,1056461,2025-12-17,33294,448,38,1,2,5335.05
8906,1154899,2025-06-07,10523,2513,38,1,3,917.66
8907,1149178,2025-05-23,26869,1823,51,1,1,46070.02
8908,1078608,2025-12-10,34411,1343,59,1,4,4255.44
8909,1025364,2026-01-24,11862,538,110,1,3,195.84
8910,1140174,2025-05-20,31197,2656,94,1,4,1244.5
8911,1161825,2026-03-18,43950,1724,114,1,2,46007.93
8912,1010389,2025-11-16,12124,20,89,1,1,1582.02
8913,1069244,2026-03-17,5889,601,100,1,3,1410.34
8914,1070854,2025-11-24,3949,2002,117,1,4,42401.39
8915,1005468,2025-09-20,6040,2255,34,1,2,1483.2
8916,1055076,2025-11-21,1711,1215,17,1,2,1192.3
8917,1145090,2025-09-16,27383,278,92,1,2,4535.96
8918,1033146,2025-10-26,37610,1762,50,1,1,20097.32
8919,1068528,2025-11-02,28496,1349,70,1,1,1960.51
8920,1053349,2026-03-19,21913,2643,22,1,5,125.76
8921,1111503,2025-10-02,23478,322,4,1,3,607.24
8922,1163005,2026-02-14,4822,267,103,1,3,578.07
8923,1072700,2025-05-27,47040,134,113,1,4,211.5
8924,1008182,2025-11-21,6553,941,83,1,3,57036.74
8925,1195119,2025-07-21,19111,354,120,1,2,367.96
8926,1000677,2025-05-28,42529,1508,101,1,2,11312.27
8927,1005372,2025-08-17,7881,2121,105,1,4,289.22
8928,1007516,2025-07-05,25902,2345,20,1,5,2069.85
8929,1031414,2025-05-01,31430,1471,81,1,5,2630.25
8930,1182551,2025-09-28,24512,1631,110,1,4,8285.43
8931,1064253,2025-06-30,29096,2497,45,1,5,15519.43
8932,1026958,2025-12-13,36536,938,90,1,3,69409.04
8933,1118507,2026-03-23,41652,1478,7,1,5,7517.54
8934,1023316,2025-07-24,5738,2251,64,1,2,11453.86
8935,1101688,2025-12-18,41486,522,63,1,3,12635.0
8936,1165419,2025-10-04,20282,236,109,1,4,573.46
8937,1081816,2025-10-30,31025,1665,54,1,5,2318.54
8938,1183281,2025-12-08,37861,787,68,1,3,1447.13
8939,1032281,2025-08-13,13229,852,98,1,2,600.17
8940,1135482,2025-11-29,40987,593,106,1,4,5667.49
8941,1007009,2026-04-11,44102,450,9,1,5,8644.39
8942,1167334,2026-01-11,23872,1083,52,1,4,35588.24
8943,1196017,2026-03-21,38700,1348,19,1,2,117178.47
8944,1062596,2025-08-19,21686,1012,112,1,4,4168.63
8945,1174965,2025-10-19,26482,1153,6,1,4,657.23
8946,1033061,2026-03-08,6223,2088,60,1,5,2621.42
8947,1110240,2025-04-24,15847,2198,119,1,1,31779.03
8948,1130071,2025-10-13,16026,249,53,1,4,7103.47
8949,1024289,2026-01-12,23072,1051,29,1,1,43.08
8950,1168022,2025-04-17,15321,869,56,1,2,2610.49
8951,1149975,2025-11-18,30754,1544,109,1,4,16839.0
8952,1074542,2025-10-05,31486,1482,81,1,4,9833.43
8953,1176968,2025-10-03,21936,1120,25,1,3,370.6
8954,1121451,2025-08-23,14531,1968,64,1,5,432.54
8955,1156463,2026-02-12,11345,1682,96,1,4,8437.43
8956,1108117,2026-04-28,48689,1311,59,1,3,23897.96
8957,1165728,2026-03-09,21071,1172,62,1,5,6279.09
8958,1066166,2025-11-15,28075,241,97,1,1,3054.66
8959,1167725,2025-12-03,3921,1375,4,1,3,181011.04
8960,1013722,2025-10-23,23233,1617,119,1,4,162.93
8961,1157218,2025-06-17,29117,2608,103,1,5,4955.08
8962,1021484,2025-09-23,37052,1126,118,1,2,2280.63
8963,1093675,2025-09-10,11980,2607,93,1,4,746.03
8964,1150929,2025-12-18,1576,1309,9,1,5,9092.33
8965,1181790,2026-04-11,10833,1501,77,1,1,3055.84
8966,1095073,2025-08-16,26015,1689,14,1,5,870.92
8967,1043387,2026-03-16,19468,1053,10,1,4,2922.89
8968,1171471,2026-02-09,32079,1120,9,1,3,390.42
8969,1113297,2025-05-24,43567,1048,116,1,2,918.42
8970,1009881,2025-09-11,40223,2048,2,1,3,6869.16
8971,1171946,2025-12-01,43311,789,77,1,1,5723.9
8972,1083713,2026-01-15,11539,2047,32,1,2,42008.64
8973,1194031,2025-05-29,12215,446,103,1,4,5906.41
8974,1059164,2025-07-18,3466,184,58,1,5,6160.52
8975,1188772,2026-01-05,44415,909,76,1,3,2321.16
8976,1144109,2025-06-22,5311,965,95,1,2,1854.69
8977,1194966,2025-07-02,13969,1687,91,1,4,8195.98
8978,1032128,2026-03-30,3285,162,38,1,5,170.6
8979,1100284,2026-01-11,19441,9,6,1,4,26404.77
8980,1048309,2025-11-11,35146,1791,94,1,5,4303.1
8981,1013402,2026-02-09,26872,2823,29,1,5,35971.82
8982,1197088,2025-08-31,27024,2968,105,1,2,341.35
8983,1063281,2026-03-13,4186,648,29,1,1,22447.19
8984,1135449,2025-12-07,24269,871,65,1,1,2806.22
8985,1085266,2025-10-17,35571,1679,63,1,3,101.72
8986,1195415,2025-08-25,45011,2608,14,1,4,13667.56
8987,1048940,2025-05-22,21339,882,16,1,1,43321.23
8988,1000590,2026-01-11,13432,2236,38,1,1,136583.43
8989,1044073,2025-06-07,21636,2959,56,1,3,1011.56
8990,1034078,2025-10-16,45159,2466,3,1,5,1270.13
8991,1113714,2026-01-13,34007,249,24,1,3,7826.37
8992,1004781,2025-12-26,6136,2762,86,1,4,3302.53
8993,1046645,2025-09-29,3339,634,65,1,1,35450.93
8994,1048572,2025-06-14,3073,84,36,1,2,4028.32
8995,1053110,2025-05-02,44565,172,79,1,2,5764.92
8996,1179865,2025-05-30,15021,1216,77,1,4,25277.25
8997,1163741,2025-12-20,44748,2347,109,1,3,28790.86
8998,1175540,2025-09-19,43502,1118,64,1,4,125.66
8999,1094118,2026-03-10,6721,2883,36,1,1,4319.82
9000,1180067,2025-07-13,28280,5,83,1,5,32972.16
9001,1003325,2025-08-02,16768,2808,104,1,2,5960.69
9002,1096134,2026-04-06,866,1302,76,1,1,25204.05
9003,1049758,2025-08-22,19869,969,6,1,3,1483.61
9004,1058104,2026-03-11,11900,2200,27,1,3,6665.49
9005,1089206,2026-02-08,38479,1487,89,1,4,7943.95
9006,1048885,2026-03-21,11154,673,72,1,5,38418.87
9007,1134821,2025-07-17,7242,1485,108,1,5,46838.68
9008,1015252,2026-03-01,15798,2243,49,1,4,5484.02
9009,1153669,2025-12-15,35773,403,72,1,3,1347.61
9010,1166291,2025-07-07,27641,2874,109,1,4,15076.4
9011,1046508,2025-08-20,34314,2642,68,1,2,121550.58
9012,1172232,2025-07-30,49479,893,35,1,2,15399.78
9013,1172881,2025-11-05,44439,784,117,1,5,3111.82
9014,1184153,2025-07-28,14677,1644,62,1,5,325.03
9015,1096143,2026-03-29,31869,1094,51,1,5,246.74
9016,1188827,2025-10-16,49915,2988,76,1,5,16789.42
9017,1109335,2025-12-30,20033,343,66,1,2,1546.41
9018,1075734,2025-07-04,16941,2248,108,1,3,2664.11
9019,1103484,2026-03-10,44659,2601,4,1,3,2304.42
9020,1133162,2025-10-30,13746,537,39,1,5,132655.53
9021,1067806,2026-02-23,18145,1582,33,1,2,13188.67
9022,1020010,2025-12-17,7339,281,97,1,5,505018.53
9023,1007532,2026-02-03,40408,768,49,1,2,4027.3
9024,1180812,2025-07-14,29950,2124,82,1,5,13681.38
9025,1058133,2025-12-19,41479,2561,82,1,5,387.99
9026,1172200,2025-05-05,20458,1290,96,1,2,1790.95
9027,1042891,2025-06-23,6789,482,101,1,2,57167.5
9028,1138891,2026-03-04,5268,2444,111,1,5,6609.74
9029,1033997,2025-07-31,15995,768,13,1,4,4286.88
9030,1084723,2025-11-03,17581,1598,38,1,4,159171.43
9031,1172385,2026-04-10,32463,1402,16,1,1,84597.64
9032,1175553,2025-12-27,45632,268,13,1,2,1064.19
9033,1102300,2025-11-27,19205,551,64,1,3,7165.77
9034,1125974,2026-03-05,39104,499,58,1,5,4623.61
9035,1079796,2025-05-06,42009,2303,32,1,1,4257.17
9036,1124067,2026-02-01,47506,735,69,1,1,369.12
9037,1198550,2025-12-19,7008,1206,6,1,3,2044.83
9038,1059127,2026-01-09,46007,1707,32,1,4,11373.49
9039,1027503,2026-02-09,35900,945,1,1,4,4751.37
9040,1098740,2025-10-21,14574,1409,106,1,1,11452.94
9041,1125535,2025-10-16,2600,2873,9,1,4,143.33
9042,1043560,2025-08-11,6044,1081,12,1,5,263.83
9043,1029860,2026-01-12,29765,927,54,1,2,25582.54
9044,1148242,2026-01-14,11110,1073,15,1,5,626.6
9045,1104325,2025-08-31,38429,2266,63,1,5,21512.94
9046,1165186,2025-07-13,20561,431,14,1,2,559313.06
9047,1128733,2025-06-05,42701,1094,88,1,2,699.54
9048,1017539,2026-04-08,8284,488,13,1,4,59001.26
9049,1021855,2025-05-27,3637,1783,75,1,3,7529.8
9050,1104007,2025-11-17,16348,903,59,1,1,40964.43
9051,1024333,2025-08-10,35552,1669,105,1,5,2973.29
9052,1039933,2025-12-10,46490,2400,120,1,3,382.82
9053,1077587,2025-07-24,19736,2807,41,1,5,10655.33
9054,1012501,2025-11-20,31891,2598,115,1,1,2487.59
9055,1178324,2025-05-25,15116,1741,95,1,2,23359.61
9056,1180183,2026-01-11,16991,2699,107,1,5,5786.47
9057,1041424,2026-04-11,10962,2626,99,1,2,34364.78
9058,1011150,2026-01-04,26778,1375,114,1,4,91509.21
9059,1023069,2026-01-16,28735,552,10,1,1,3895.01
9060,1172072,2025-12-17,23611,1283,15,1,2,382.98
9061,1193755,2025-06-03,9594,1273,29,1,1,557.58
9062,1124545,2026-03-02,12896,1534,72,1,1,599.26
9063,1006585,2025-05-10,45101,2561,40,1,1,363.65
9064,1148305,2025-12-14,1626,1651,72,1,3,1934.3
9065,1003416,2025-12-12,16613,1992,120,1,4,56.0
9066,1167963,2025-09-22,39765,1034,115,1,3,293.76
9067,1041144,2025-11-15,29912,114,95,1,2,1461.64
9068,1163512,2026-01-12,41395,1878,26,1,4,958.6
9069,1061418,2025-10-28,35147,984,111,1,2,7068.2
9070,1168052,2026-01-17,25113,474,15,1,2,4350.44
9071,1180943,2025-08-06,14463,2882,60,1,4,2456.38
9072,1088060,2025-09-13,29652,497,43,1,4,2801.89
9073,1025143,2025-09-19,9732,734,92,1,3,3084.56
9074,1071279,2025-11-08,26781,1955,64,1,3,106179.41
9075,1164804,2025-12-29,30895,2440,109,1,1,60505.67
9076,1032749,2026-03-21,37157,2447,30,1,5,7174.63
9077,1024262,2025-09-12,41706,358,37,1,3,8682.67
9078,1148715,2026-03-14,34867,1952,62,1,3,39972.27
9079,1064760,2025-07-08,14881,711,63,1,4,438.58
9080,1058946,2026-01-09,22121,1420,59,1,5,302.48
9081,1114262,2026-01-02,14865,2889,22,1,4,118149.29
9082,1122721,2025-10-31,29983,1433,55,1,1,3922.39
9083,1096083,2025-05-13,21925,2465,88,1,1,20975.88
9084,1066942,2025-12-19,26974,405,63,1,5,12605.96
9085,1020358,2025-08-25,30765,55,96,1,2,126.26
9086,1017973,2025-08-04,9461,1512,17,1,3,27226.65
9087,1185497,2026-03-13,8925,2877,104,1,4,277.23
9088,1071195,2025-07-14,10332,539,102,1,4,354.78
9089,1037923,2025-11-27,5291,1066,113,1,4,6206.06
9090,1094389,2025-12-21,9252,949,9,1,1,617.9
9091,1074678,2025-11-15,397,458,40,1,5,25746.42
9092,1020680,2025-08-28,14338,2040,119,1,4,7028.48
9093,1156978,2025-07-24,32600,2643,82,1,5,129.26
9094,1029340,2026-01-13,15738,1559,64,1,2,62378.01
9095,1014555,2025-07-21,9131,974,83,1,2,51472.37
9096,1087605,2025-07-08,23143,1821,44,1,5,921.91
9097,1171904,2025-12-01,27547,104,72,1,3,32517.96
9098,1043439,2025-11-15,46824,1458,91,1,5,1887.64
9099,1001159,2026-03-04,17845,50,102,1,4,72859.62
9100,1133183,2026-04-12,7254,2046,120,1,2,935.97
9101,1004967,2026-02-11,1695,554,60,1,1,1505.67
9102,1099521,2025-07-24,27133,947,15,1,4,24277.1
9103,1009832,2025-04-26,24846,2269,23,1,3,134.48
9104,1127168,2025-07-03,40763,571,44,1,3,24290.17
9105,1072834,2025-10-16,16447,2071,12,1,4,3798.29
9106,1139959,2025-10-19,4343,2753,74,1,5,13826.23
9107,1027193,2025-09-08,15723,786,25,1,1,4328.94
9108,1024810,2026-01-10,39463,41,120,1,3,373.1
9109,1167111,2025-07-18,28379,161,75,1,5,947.87
9110,1028431,2025-08-16,17190,56,90,1,2,1268.46
9111,1019554,2025-11-29,41510,2936,45,1,5,2075.7
9112,1120864,2025-11-26,11359,658,22,1,1,5577.3
9113,1198813,2025-09-02,1960,796,60,1,5,7127.19
9114,1167016,2026-04-02,38809,800,115,1,1,2485.61
9115,1197430,2025-08-26,41192,1176,15,1,3,2954.53
9116,1108620,2026-01-03,17026,2572,65,1,4,2162.75
9117,1198181,2025-05-14,18761,2469,80,1,1,3100.54
9118,1095686,2026-01-04,9391,568,10,1,2,267.34
9119,1006727,2025-05-29,14040,1409,92,1,2,11059.46
9120,1184902,2025-09-29,312,1741,41,1,5,5848.72
9121,1025058,2025-05-31,46061,1258,13,1,2,2293.48
9122,1115416,2025-06-06,16438,1163,102,1,5,697.63
9123,1181462,2025-04-25,38550,2435,107,1,4,161882.53
9124,1056818,2025-04-18,48218,810,46,1,4,9313.55
9125,1131820,2025-08-28,5103,1758,72,1,5,872.74
9126,1073480,2025-04-30,15089,489,102,1,4,5013.35
9127,1181392,2026-02-22,26741,273,51,1,3,6328.13
9128,1076579,2025-12-09,7323,2524,91,1,2,7071.32
9129,1063889,2025-12-26,21430,212,115,1,5,16905.02
9130,1010629,2025-10-01,19147,2035,113,1,1,6395.9
9131,1136620,2025-06-13,1060,2943,11,1,1,929.7
9132,1144413,2025-05-07,25415,1259,41,1,4,10050.78
9133,1087434,2025-09-27,28775,1938,103,1,2,5154.98
9134,1020420,2025-12-21,37662,236,117,1,1,1160.72
9135,1128392,2025-08-27,30608,2441,12,1,2,47481.04
9136,1152751,2026-02-03,9645,1041,119,1,3,67668.52
9137,1076643,2026-01-23,20038,191,93,1,2,41045.1
9138,1011766,2026-02-28,43300,1018,31,1,2,456.54
9139,1012803,2025-10-28,33043,1310,1,1,4,615.38
9140,1046095,2025-09-16,12192,2437,40,1,4,203.03
9141,1138255,2025-06-28,17218,1697,111,1,4,3448.71
9142,1104540,2025-06-28,7266,2790,24,1,4,803.75
9143,1135595,2025-06-08,12709,2818,53,1,2,33451.72
9144,1031980,2025-10-04,12829,2799,19,1,2,8288.09
9145,1048892,2026-01-18,37525,2998,102,1,1,7690.09
9146,1037577,2025-10-30,28378,329,109,1,5,186.22
9147,1127156,2025-06-04,29049,2326,115,1,3,3320.77
9148,1076367,2025-10-14,8750,1978,49,1,5,2356.79
9149,1082291,2025-12-16,12926,2347,92,1,3,10304.95
9150,1107945,2026-01-07,1973,1522,7,1,4,52959.1
9151,1028754,2025-10-24,11444,2276,97,1,2,4401.15
9152,1032543,2026-02-03,24407,531,17,1,2,19.95
9153,1122845,2026-02-10,40968,1763,100,1,5,266.12
9154,1105125,2026-02-20,24891,2666,34,1,4,1700.72
9155,1069675,2025-09-29,41133,2535,108,1,2,13639.22
9156,1187642,2025-08-14,35283,1910,91,1,2,16809.43
9157,1128601,2025-05-03,40386,2008,102,1,4,316.69
9158,1124050,2025-11-12,8408,618,34,1,5,160063.42
9159,1004971,2025-09-27,37279,2854,15,1,2,8965.31
9160,1106728,2025-08-25,31170,2344,9,1,5,780.5
9161,1181795,2026-01-21,39081,1880,53,1,3,183.51
9162,1027254,2026-01-08,21490,1173,63,1,2,2290.46
9163,1174265,2026-01-21,38813,2658,100,1,3,3508.06
9164,1119758,2025-10-24,24325,2186,67,1,1,2557.91
9165,1018427,2025-10-16,46066,1144,81,1,5,188754.35
9166,1047166,2025-05-01,12428,1740,66,1,2,5014.77
9167,1141956,2026-01-21,17992,2678,65,1,4,2250.0
9168,1170599,2026-04-19,39769,2654,56,1,3,1091.37
9169,1050351,2025-06-29,209,1013,11,1,5,3351.96
9170,1056599,2025-09-05,34987,40,98,1,2,19223.49
9171,1155403,2026-02-04,46577,1868,47,1,2,11206.46
9172,1056442,2025-11-30,4222,1389,82,1,2,2127.48
9173,1094178,2025-07-12,13958,1020,1,1,2,1607.41
9174,1120868,2025-08-23,28630,2012,63,1,2,5185.27
9175,1022856,2025-06-28,25344,2008,39,1,3,311.49
9176,1058973,2026-04-02,29558,2290,77,1,2,22610.37
9177,1183528,2025-06-24,24030,1764,90,1,1,4040.0
9178,1190295,2025-06-02,37381,1184,13,1,1,23995.46
9179,1125399,2025-05-05,11018,797,3,1,3,84144.15
9180,1166336,2026-02-04,37690,1676,62,1,5,5857.52
9181,1139619,2025-05-22,3194,1225,38,1,1,13520.46
9182,1073518,2025-06-20,29497,241,93,1,1,5865.29
9183,1084288,2025-06-26,49453,1643,49,1,3,919.79
9184,1175506,2025-05-05,16273,2662,89,1,5,1857.15
9185,1065435,2025-08-06,26878,2371,33,1,2,603.93
9186,1198169,2025-07-09,21518,2448,38,1,4,2828.83
9187,1036453,2025-07-06,27044,984,107,1,1,28175.37
9188,1037848,2025-10-22,14485,66,8,1,4,7286.8
9189,1049389,2025-12-21,8073,1828,114,1,4,14423.24
9190,1079075,2025-06-29,30201,179,109,1,3,13143.44
9191,1167118,2025-09-17,39858,2817,114,1,3,4630.99
9192,1028831,2025-05-11,4255,2384,60,1,2,53315.63
9193,1189494,2025-12-12,24482,1116,89,1,1,6233.82
9194,1025028,2025-09-06,9285,2290,66,1,2,23158.22
9195,1197852,2026-01-02,48320,154,58,1,5,2567.22
9196,1132505,2026-01-26,19917,1250,36,1,2,24623.74
9197,1018676,2025-12-24,47483,375,18,1,1,19675.27
9198,1056041,2025-08-09,5611,548,32,1,3,384.9
9199,1082840,2025-04-25,18031,1050,59,1,2,2114.18
9200,1083975,2026-01-31,18571,2687,26,1,2,3410.89
9201,1123507,2025-10-26,22658,2038,82,1,5,2627.65
9202,1181082,2025-08-23,47756,1913,29,1,4,7738.09
9203,1168644,2025-09-17,33052,916,68,1,3,3153.19
9204,1000070,2025-09-03,27545,808,72,1,1,3558.57
9205,1188103,2025-08-26,1803,2643,103,1,1,127.43
9206,1118828,2025-11-12,14171,1097,68,1,1,1751.38
9207,1010490,2025-09-13,23740,2259,7,1,5,93832.94
9208,1066239,2026-03-31,28008,1512,3,1,3,13731.02
9209,1171119,2026-02-03,27732,1150,10,1,5,4575.95
9210,1012648,2025-12-07,41113,874,76,1,4,1464.77
9211,1161202,2026-02-17,19916,1194,84,1,4,50442.08
9212,1000948,2025-08-08,11318,1282,86,1,2,26854.31
9213,1067938,2025-12-16,2417,2859,17,1,2,135879.62
9214,1182024,2025-11-03,45626,1258,105,1,2,1168.2
9215,1151324,2025-08-22,32182,830,1,1,4,4626.3
9216,1077327,2025-08-13,18883,647,71,1,5,2376.58
9217,1112398,2026-01-07,18492,635,71,1,3,18772.56
9218,1091886,2025-07-10,5345,123,2,1,2,118.1
9219,1044839,2025-09-05,36920,2049,53,1,1,1363.12
9220,1172509,2025-04-29,4635,1747,73,1,3,3687.09
9221,1103598,2025-12-30,3462,2792,56,1,5,478.86
9222,1099476,2025-06-24,16800,154,77,1,4,1247.52
9223,1165362,2025-05-20,3457,1956,27,1,4,132.97
9224,1179491,2025-07-23,37055,1447,73,1,5,19649.72
9225,1100574,2025-11-07,10210,571,87,1,4,26661.65
9226,1187709,2026-03-13,22446,2888,75,1,3,136420.73
9227,1103393,2025-12-23,41033,2403,47,1,2,30184.08
9228,1094989,2026-03-15,8605,645,3,1,1,6762.08
9229,1025564,2025-09-17,32585,697,81,1,4,104584.05
9230,1081417,2025-08-21,41585,2619,58,1,5,2419.53
9231,1027948,2026-03-29,20782,2758,31,1,2,125454.31
9232,1131128,2025-05-24,37942,2982,49,1,2,4681.18
9233,1032510,2026-02-16,37808,1474,80,1,1,62.11
9234,1086172,2026-03-12,14134,1764,119,1,4,12144.86
9235,1123854,2025-11-11,32119,2024,13,1,4,10459.46
9236,1187912,2025-09-29,30957,2567,33,1,4,648.03
9237,1150617,2025-12-07,22056,2645,98,1,5,245892.94
9238,1116339,2025-11-27,23523,158,65,1,4,7031.31
9239,1105392,2025-05-18,8019,2700,70,1,1,1389.04
9240,1154252,2025-11-13,34709,1390,9,1,1,139820.8
9241,1029529,2026-03-15,35444,1113,87,1,3,16421.62
9242,1098101,2026-02-11,2415,2426,33,1,1,7811.92
9243,1074283,2025-11-30,9739,2664,42,1,1,6192.8
9244,1131613,2025-05-27,20773,1175,113,1,4,18255.03
9245,1167027,2025-08-17,5335,444,31,1,1,1296.52
9246,1164626,2026-02-03,29946,2874,61,1,3,16715.6
9247,1034923,2026-03-25,26085,704,61,1,3,16317.98
9248,1033419,2025-09-20,33444,908,89,1,3,1313.07
9249,1020760,2025-11-05,16441,2781,53,1,5,16391.35
9250,1115962,2025-07-25,17931,192,107,1,2,365.71
9251,1007091,2025-06-11,9858,452,17,1,1,3260.53
9252,1199088,2026-02-07,43971,1498,98,1,4,4096.17
9253,1118434,2026-04-22,4891,2874,63,1,1,7608.73
9254,1172811,2025-10-28,29641,2203,16,1,2,31447.64
9255,1129714,2025-05-26,39674,778,34,1,1,8103.8
9256,1052070,2025-11-07,26908,954,81,1,3,7516.6
9257,1063497,2025-06-13,3894,2729,106,1,4,284.67
9258,1012881,2026-01-23,14487,2564,67,1,2,99.69
9259,1133383,2026-01-18,41607,631,84,1,4,295.97
9260,1168917,2025-09-06,5734,600,22,1,3,1156.97
9261,1193898,2026-02-15,37982,1975,90,1,5,5631.77
9262,1036528,2026-03-04,1314,402,64,1,2,333.9
9263,1155199,2025-05-27,49728,730,35,1,3,618.59
9264,1191935,2026-02-01,45831,1444,18,1,2,781.3
9265,1081964,2025-06-23,35882,2661,30,1,5,11497.78
9266,1063730,2025-04-26,45181,684,46,1,4,42313.99
9267,1164754,2025-08-16,20033,1874,112,1,5,12605.6
9268,1000011,2025-05-25,34091,1768,106,1,3,3254.75
9269,1117051,2025-05-07,3773,2559,2,1,3,5763.95
9270,1166279,2026-04-06,39851,2981,117,1,3,7622.9
9271,1047501,2025-05-29,24474,1560,54,1,2,1287.56
9272,1010043,2026-02-16,39482,206,6,1,5,40320.86
9273,1140357,2026-03-29,39393,2748,16,1,1,810.06
9274,1110868,2025-12-13,49853,854,4,1,4,597.66
9275,1040192,2026-02-04,47978,1839,38,1,1,20280.24
9276,1011259,2026-01-14,18962,2879,105,1,2,7050.54
9277,1143546,2026-03-21,27594,2755,59,1,1,13349.86
9278,1173742,2025-11-13,26279,2020,114,1,3,1195.51
9279,1051733,2026-03-06,34070,1579,2,1,2,133.46
9280,1163378,2025-11-18,3843,1343,30,1,4,21099.65
9281,1113489,2025-10-15,43083,2068,77,1,2,4521.77
9282,1178376,2025-12-12,19141,1805,96,1,4,11614.06
9283,1120022,2026-01-27,5301,186,14,1,1,3365.13
9284,1010050,2025-06-03,37791,1725,23,1,5,1159.78
9285,1171270,2025-08-29,11029,2211,75,1,1,1139.68
9286,1182546,2025-07-30,42168,2403,57,1,5,29658.53
9287,1156639,2026-01-19,20931,1478,96,1,4,14246.14
9288,1012998,2025-09-14,49027,2369,11,1,5,2066.12
9289,1061301,2025-06-07,63,2775,33,1,3,2933.07
9290,1150255,2025-06-29,14515,2683,101,1,5,19589.3
9291,1098866,2025-06-27,48259,646,60,1,4,2001.0
9292,1194201,2026-02-22,22791,692,111,1,3,5278.2
9293,1142893,2026-03-27,34778,89,12,1,2,124316.9
9294,1122570,2025-07-18,11362,575,104,1,1,8980.29
9295,1183348,2026-02-18,36807,305,26,1,2,41176.34
9296,1149663,2025-05-27,26047,133,49,1,4,6301.22
9297,1189542,2025-05-01,46581,2156,84,1,2,4605.82
9298,1126637,2025-05-06,27106,7,25,1,5,129.32
9299,1132566,2025-05-05,9447,2732,28,1,5,1105.28
9300,1054532,2025-04-07,39200,2760,41,1,2,3261.99
9301,1012557,2026-03-23,38144,900,4,1,2,12142.17
9302,1173673,2026-02-14,2654,759,61,1,1,196839.35
9303,1085221,2025-11-23,31091,1676,99,1,5,8846.92
9304,1094176,2025-12-28,9165,1311,25,1,3,12294.78
9305,1153797,2026-01-08,20445,113,79,1,1,12036.65
9306,1150676,2025-11-16,45002,1952,7,1,3,72508.68
9307,1190198,2025-12-01,21214,1257,14,1,1,1564.6
9308,1138674,2026-01-13,27944,2216,62,1,5,3031.32
9309,1082435,2025-07-02,30649,1323,113,1,2,3439.18
9310,1082838,2026-02-25,25584,1521,93,1,4,6009.98
9311,1108005,2025-11-13,31372,2038,43,1,1,17409.13
9312,1193946,2025-06-01,34250,1086,119,1,2,1798.63
9313,1197557,2025-12-12,27143,1346,120,1,1,10286.64
9314,1068701,2025-06-26,25707,370,78,1,3,2036.02
9315,1122781,2025-06-09,45472,821,108,1,2,1907.67
9316,1018572,2026-01-05,1440,1654,35,1,2,860.92
9317,1052147,2026-01-17,19182,137,119,1,3,722.97
9318,1128924,2025-12-27,42561,759,112,1,4,131183.69
9319,1132643,2026-02-06,3838,1537,85,1,3,9304.92
9320,1059625,2025-12-23,27493,895,14,1,4,601.42
9321,1141981,2026-01-31,22376,1642,106,1,2,769.67
9322,1082261,2025-04-29,46680,2158,21,1,2,1788.05
9323,1106233,2025-05-29,39336,1151,31,1,1,9111.64
9324,1033420,2026-02-26,40950,2643,7,1,4,128.45
9325,1100070,2025-12-03,25720,2760,5,1,2,5615.53
9326,1152852,2025-11-09,14333,2215,103,1,2,5496.11
9327,1171356,2026-04-01,36486,646,48,1,1,4463.42
9328,1028697,2025-11-10,12739,532,65,1,2,958.81
9329,1043253,2026-01-02,19799,2326,1,1,3,3405.81
9330,1176523,2025-11-18,31848,1120,80,1,3,350.37
9331,1089419,2026-02-25,3175,765,79,1,4,421.21
9332,1050691,2025-10-25,8924,973,109,1,1,393.58
9333,1075057,2025-10-14,41853,754,116,1,2,4228.37
9334,1090085,2025-04-15,41871,2189,12,1,4,569.12
9335,1017842,2025-06-06,13543,2659,60,1,2,2831.05
9336,1037630,2025-06-26,14169,2011,27,1,2,8706.18
9337,1167022,2026-01-29,4048,100,114,1,1,491.97
9338,1017023,2025-06-24,25489,1294,29,1,2,19164.39
9339,1191826,2026-01-26,16958,1287,51,1,4,33194.34
9340,1048366,2025-10-15,17556,1057,89,1,5,18323.26
9341,1069629,2026-03-13,29085,2969,107,1,1,148.34
9342,1178387,2025-10-02,45592,1998,103,1,5,16797.78
9343,1147538,2025-08-19,24648,586,59,1,2,27535.82
9344,1049293,2025-07-05,25774,315,19,1,2,9773.06
9345,1082595,2025-11-25,39295,1123,90,1,4,8851.23
9346,1068326,2025-11-26,31548,256,45,1,5,698.24
9347,1060489,2026-03-30,19008,2590,34,1,3,95299.73
9348,1168908,2025-12-23,13303,501,34,1,5,18351.19
9349,1168245,2026-01-27,19965,186,59,1,1,2047.41
9350,1178214,2025-08-29,38465,2164,110,1,1,3494.65
9351,1198793,2025-07-14,46032,36,113,1,5,6058.32
9352,1147414,2025-07-03,9117,362,43,1,2,6080.38
9353,1175421,2026-01-19,26095,568,80,1,5,271.63
9354,1185089,2025-11-02,27462,2722,109,1,1,5351.71
9355,1153318,2025-09-20,15124,114,61,1,2,3172.52
9356,1113426,2025-12-28,30094,1630,30,1,3,50670.88
9357,1145374,2025-11-01,16927,1925,104,1,3,1071.97
9358,1025175,2025-11-19,30504,75,18,1,2,10380.46
9359,1127975,2026-01-17,14097,221,2,1,3,10258.94
9360,1030397,2025-09-25,5774,2054,119,1,3,3696.7
9361,1032152,2025-10-12,6794,2152,101,1,1,2233.92
9362,1076187,2025-08-29,41613,79,2,1,4,9924.15
9363,1196064,2025-07-09,36948,1327,5,1,2,1472.7
9364,1198481,2025-12-11,26217,1294,107,1,5,59325.13
9365,1086905,2025-11-20,9891,779,49,1,2,4155.24
9366,1156709,2026-03-24,49010,119,11,1,4,72442.43
9367,1125400,2025-10-04,1429,2333,97,1,2,2430.69
9368,1162937,2026-04-25,9659,1174,106,1,4,3353.92
9369,1130620,2025-11-19,23925,148,72,1,4,1651.43
9370,1040794,2025-05-28,15251,1792,44,1,2,596.25
9371,1133853,2025-09-10,32776,235,22,1,5,462.77
9372,1122291,2026-03-03,22110,2310,49,1,2,2784.35
9373,1020916,2025-09-24,30289,1305,61,1,5,10771.66
9374,1066724,2025-07-26,5438,597,30,1,1,7956.39
9375,1147593,2025-11-16,1211,805,56,1,5,4332.17
9376,1024431,2026-04-05,4405,609,13,1,5,1006.97
9377,1096261,2025-10-26,22298,971,68,1,4,1382.02
9378,1051150,2025-06-18,40574,2732,7,1,1,527.83
9379,1022648,2025-10-14,35245,639,76,1,2,5954.23
9380,1002723,2025-10-16,49057,2889,48,1,5,238055.88
9381,1012470,2025-08-06,31007,1378,79,1,3,1135.84
9382,1194434,2026-03-28,41803,1803,3,1,4,5155.1
9383,1195029,2026-02-18,31298,2843,70,1,2,2422.23
9384,1152948,2026-01-05,38787,2793,104,1,5,38376.13
9385,1001266,2025-08-09,19925,2040,14,1,3,22116.52
9386,1002926,2025-06-24,14096,1741,9,1,1,11810.91
9387,1134819,2025-10-29,47530,2020,3,1,3,1923.32
9388,1063983,2025-11-21,16440,1266,3,1,2,295.55
9389,1188850,2026-04-10,5180,512,21,1,1,18485.54
9390,1147726,2026-01-15,8942,2454,59,1,1,3919.65
9391,1132229,2025-11-29,21635,2024,21,1,5,19078.46
9392,1178258,2026-03-18,36220,1258,36,1,1,1244.19
9393,1020873,2025-12-12,8646,278,32,1,1,4342.14
9394,1105291,2025-04-29,14159,1628,41,1,2,3145.79
9395,1126797,2025-06-06,34288,1563,48,1,5,459.92
9396,1005440,2025-08-07,4763,786,60,1,5,6787.04
9397,1146355,2026-02-15,24471,2127,34,1,4,222.21
9398,1039730,2026-01-04,6377,2064,55,1,1,2300.8
9399,1087967,2025-04-10,128,188,45,1,1,6505.68
9400,1061416,2026-04-11,33820,555,82,1,4,8444.45
9401,1135536,2025-10-31,19220,1875,86,1,4,2698.53
9402,1158957,2025-11-25,44646,1346,87,1,1,10344.5
9403,1033018,2025-07-25,38875,1816,43,1,3,189.55
9404,1033241,2026-03-05,20915,2050,12,1,4,3941.21
9405,1037351,2025-10-08,21428,301,44,1,1,261.73
9406,1099453,2025-10-15,34619,1259,119,1,3,3015.0
9407,1168138,2025-06-25,41043,1234,101,1,2,7695.57
9408,1161392,2025-04-23,33106,149,34,1,1,1673.53
9409,1159380,2025-08-29,27604,2011,96,1,3,25508.31
9410,1122693,2026-03-13,21398,1859,108,1,5,57357.43
9411,1199952,2025-08-17,11641,1390,49,1,4,28251.32
9412,1000138,2025-07-29,47744,1752,88,1,1,1938.92
9413,1111536,2025-09-22,37430,1004,81,1,3,2770.88
9414,1072561,2025-12-01,7607,1348,90,1,3,52754.69
9415,1115961,2025-10-03,46610,1839,14,1,2,19666.46
9416,1064191,2025-06-04,34683,1681,85,1,1,1834.83
9417,1052315,2025-10-20,15595,723,3,1,4,582.36
9418,1036770,2025-10-13,8855,1429,85,1,1,322.27
9419,1197242,2026-03-10,26307,2403,82,1,4,31639.3
9420,1081377,2025-09-28,12967,2825,8,1,1,3700.65
9421,1179193,2026-03-18,34911,957,45,1,4,1520.24
9422,1040250,2025-05-16,37294,1104,69,1,5,671.64
9423,1059146,2025-11-20,42231,1610,23,1,2,5160.2
9424,1137469,2025-10-19,34531,2567,18,1,2,813.98
9425,1009281,2025-07-31,48542,1006,120,1,4,2865.06
9426,1140786,2026-04-24,42713,1074,118,1,5,1641.88
9427,1085170,2025-07-08,17503,2718,103,1,5,1013.8
9428,1024925,2026-01-17,38829,1749,24,1,3,5135.76
9429,1168430,2025-04-29,42222,2767,24,1,1,1165.81
9430,1078902,2025-09-12,19650,331,97,1,2,341.3
9431,1165554,2025-11-10,2196,2958,2,1,1,88179.63
9432,1140252,2026-04-05,33664,2580,31,1,1,9650.95
9433,1097104,2026-02-28,14521,288,102,1,3,2790.79
9434,1020192,2025-05-19,5405,1149,10,1,2,26282.35
9435,1130434,2025-09-01,24503,286,108,1,4,187598.85
9436,1045030,2025-07-20,15941,948,58,1,3,7052.73
9437,1050249,2025-12-12,20415,396,64,1,1,7018.66
9438,1068337,2026-01-19,44033,65,28,1,4,275.84
9439,1080914,2025-11-29,26593,1225,77,1,5,19248.38
9440,1099031,2026-03-17,34264,1987,96,1,3,1078.9
9441,1082248,2025-05-16,16611,1036,85,1,1,7118.88
9442,1120296,2026-01-17,5036,895,102,1,2,631.21
9443,1169631,2025-11-19,34817,1119,117,1,4,5165.73
9444,1040778,2025-04-22,41350,2561,43,1,5,393.79
9445,1091681,2026-02-17,41798,564,20,1,5,67.56
9446,1007101,2025-06-30,46582,2592,26,1,4,55451.72
9447,1050618,2025-05-11,21088,1088,119,1,5,25794.18
9448,1094355,2025-08-21,46458,1146,80,1,4,3767.85
9449,1130035,2025-05-02,20295,2167,35,1,5,4600.84
9450,1116643,2025-10-04,48290,666,6,1,1,60.89
9451,1104788,2025-06-28,30545,2488,69,1,3,3030.91
9452,1048713,2025-07-10,23075,345,100,1,3,3454.23
9453,1125955,2026-01-09,1839,1669,65,1,4,2693.65
9454,1196484,2025-08-05,26485,981,14,1,4,7267.35
9455,1137982,2025-10-06,2203,294,89,1,3,13613.81
9456,1041730,2025-07-02,9420,147,23,1,1,27081.22
9457,1087788,2025-09-05,3235,793,40,1,4,5855.72
9458,1172399,2025-09-03,18209,1684,12,1,1,24109.34
9459,1086643,2026-02-26,35896,2711,30,1,4,1132.02
9460,1045718,2025-08-10,45827,390,53,1,4,109.76
9461,1107893,2025-06-01,16514,223,5,1,4,1988.25
9462,1103872,2026-03-02,15191,1290,92,1,5,3380.44
9463,1082631,2025-08-25,3449,981,84,1,1,6866.52
9464,1082250,2025-12-03,46390,1534,105,1,5,591.85
9465,1045530,2025-06-23,9199,228,12,1,4,13975.89
9466,1168762,2026-04-12,1645,2531,93,1,1,12812.57
9467,1007152,2026-01-02,27268,460,20,1,1,187704.81
9468,1020681,2026-02-24,41167,787,49,1,4,1491.94
9469,1041755,2025-08-27,19405,585,34,1,4,144740.72
9470,1168751,2026-01-09,32073,1241,41,1,3,961.72
9471,1128928,2026-01-15,19691,159,88,1,3,22465.37
9472,1068280,2026-01-28,44743,900,92,1,2,6468.63
9473,1114888,2025-05-09,35725,1601,101,1,4,156.78
9474,1007972,2026-03-26,29651,1591,54,1,2,99168.97
9475,1082575,2025-12-22,20570,92,16,1,4,130797.66
9476,1130665,2026-01-21,36229,1774,50,1,5,181.58
9477,1068574,2025-06-12,46385,268,52,1,3,1160.62
9478,1042264,2025-08-18,25076,2778,112,1,3,206.93
9479,1044133,2026-04-18,12579,1827,77,1,2,33519.34
9480,1008584,2025-08-27,23552,1719,11,1,3,1613.72
9481,1098930,2025-05-06,22133,1609,90,1,3,39564.17
9482,1069907,2025-09-03,6541,2590,1,1,2,93103.03
9483,1067375,2025-08-02,14964,2844,18,1,3,1856.87
9484,1055406,2025-12-22,14419,609,12,1,3,5186.29
9485,1154111,2025-12-19,18915,971,26,1,4,2501.95
9486,1104719,2026-03-24,47413,2360,10,1,1,11837.91
9487,1164924,2026-03-11,48247,1245,70,1,3,2909.84
9488,1104368,2025-09-01,5487,747,37,1,4,484.21
9489,1055910,2025-12-06,7558,1394,6,1,5,6267.57
9490,1024200,2025-06-09,36496,1590,110,1,5,3181.89
9491,1041578,2025-10-30,20224,1552,67,1,4,7395.53
9492,1089552,2025-10-14,37097,1311,8,1,3,38061.75
9493,1012134,2025-06-06,13161,1895,5,1,3,290.06
9494,1107797,2025-11-05,35618,1957,76,1,3,31840.2
9495,1185310,2025-04-09,38127,1719,82,1,3,3178.19
9496,1195483,2025-07-04,5107,1260,9,1,2,1514.31
9497,1133628,2026-02-24,22091,434,93,1,1,207.54
9498,1034920,2025-06-27,49964,1532,94,1,4,5429.88
9499,1151160,2025-05-11,6780,90,117,1,5,140.57
9500,1028966,2025-06-03,47256,761,16,1,2,142144.5
9501,1016341,2025-08-23,49510,1420,70,1,1,1083.22
9502,1129614,2025-10-12,11417,1067,28,1,5,14244.52
9503,1145621,2025-07-23,43665,2675,98,1,1,2292.58
9504,1088999,2025-08-24,43405,171,6,1,4,1154.67
9505,1128526,2025-06-27,8544,2525,74,1,4,34663.56
9506,1018435,2026-01-13,37915,950,62,1,1,1364.68
9507,1169745,2025-06-13,13615,1835,69,1,5,1723.81
9508,1121687,2026-04-06,12420,82,108,1,5,576.6
9509,1186819,2026-03-27,36768,931,21,1,5,2223.09
9510,1168804,2026-03-30,49054,1745,14,1,4,1672.48
9511,1052051,2026-02-25,28649,399,77,1,2,363.86
9512,1056654,2025-05-17,37271,313,105,1,2,10886.21
9513,1156983,2025-09-20,24138,278,119,1,1,4791.52
9514,1066529,2025-06-13,17787,305,52,1,1,29305.78
9515,1089268,2025-10-08,45192,2016,72,1,1,38889.98
9516,1162039,2025-08-03,12666,1177,110,1,4,262217.81
9517,1191625,2025-06-22,17323,4,14,1,1,2584.06
9518,1113303,2025-06-04,37402,1063,65,1,5,14797.59
9519,1128887,2025-09-18,8309,503,71,1,2,272.21
9520,1078291,2025-04-20,31532,112,91,1,2,27155.18
9521,1146497,2025-06-02,17560,2663,51,1,4,2583.98
9522,1040380,2025-05-20,11072,1791,50,1,1,4548.81
9523,1176579,2025-05-23,9454,2823,18,1,1,58541.11
9524,1198205,2025-09-29,6994,1944,37,1,3,1648.24
9525,1153294,2025-04-22,75,2741,10,1,1,3320.45
9526,1090291,2026-03-06,7397,2523,36,1,3,110512.45
9527,1076921,2025-07-19,46644,484,82,1,5,114061.5
9528,1168720,2026-01-04,1516,2951,71,1,5,583.83
9529,1036200,2025-09-10,38560,2661,113,1,5,31471.72
9530,1120147,2025-05-29,41170,1398,55,1,5,106365.02
9531,1038436,2025-09-12,36226,2457,53,1,1,1982.38
9532,1148469,2025-11-05,14445,893,56,1,2,7313.2
9533,1121604,2026-02-21,4174,1266,69,1,2,1285.56
9534,1198597,2025-11-14,41283,1390,51,1,4,51762.71
9535,1114950,2026-03-30,27466,2002,111,1,1,18564.75
9536,1013562,2025-10-29,6488,2645,2,1,2,314853.39
9537,1024737,2026-04-08,49078,2891,63,1,1,37191.3
9538,1040934,2025-12-05,20199,1042,63,1,3,4936.46
9539,1164873,2026-01-08,16663,78,7,1,5,3886.26
9540,1060810,2026-02-25,34681,170,107,1,1,383.59
9541,1032927,2025-04-30,31279,249,78,1,3,7989.97
9542,1113856,2025-12-05,39476,1852,22,1,5,3855.01
9543,1186207,2025-12-19,17651,281,104,1,4,255968.51
9544,1159011,2025-06-22,36410,1353,1,1,2,23844.65
9545,1057643,2026-01-29,13839,941,20,1,5,150032.1
9546,1188662,2025-10-11,28652,1038,63,1,1,874.24
9547,1096322,2025-08-16,11096,499,59,1,2,1535.19
9548,1139249,2025-07-17,25698,2341,44,1,2,2900.34
9549,1070143,2025-05-07,33522,1618,56,1,3,1541.2
9550,1129611,2026-01-20,25841,2645,119,1,4,250062.91
9551,1190225,2025-06-25,48475,2862,67,1,4,1808.71
9552,1163628,2025-11-29,19573,2859,85,1,1,82414.4
9553,1195510,2025-06-20,1383,1532,2,1,4,27656.7
9554,1050785,2026-01-02,11265,1320,105,1,4,215121.81
9555,1133760,2026-02-04,18065,1269,76,1,3,2215.82
9556,1035075,2026-01-17,7976,2024,106,1,1,3886.19
9557,1103641,2025-05-31,36748,618,62,1,2,155230.29
9558,1076804,2025-10-29,20688,2124,8,1,4,26395.18
9559,1182821,2026-04-08,48936,2650,98,1,4,2389.36
9560,1118256,2025-04-28,33184,1220,108,1,1,1206.46
9561,1166286,2026-03-04,30943,2038,56,1,4,12049.4
9562,1128222,2026-04-15,9583,1835,23,1,2,1877.32
9563,1110714,2025-05-18,23364,1994,32,1,4,5213.65
9564,1055374,2025-09-25,35221,2548,25,1,5,920.56
9565,1141582,2025-11-11,34649,1440,22,1,2,571.06
9566,1103411,2025-05-01,10659,504,107,1,4,1780.47
9567,1177337,2025-10-24,26720,1360,80,1,4,1102.8
9568,1177178,2026-01-14,8702,1483,9,1,3,13921.01
9569,1112801,2025-05-27,1762,2946,24,1,4,4961.0
9570,1147458,2025-04-14,8168,2703,23,1,2,8101.07
9571,1141901,2026-03-31,12694,2268,2,1,5,811.77
9572,1125246,2026-02-06,3356,411,66,1,3,712.42
9573,1122392,2026-01-21,41325,1089,102,1,5,19512.28
9574,1046492,2025-10-06,23693,1547,62,1,3,2135.68
9575,1064348,2026-03-09,32935,2138,52,1,1,2381.89
9576,1111438,2025-12-17,27621,1340,84,1,1,362.53
9577,1177991,2025-12-09,20904,61,15,1,3,1257.27
9578,1144786,2026-03-08,7424,2924,56,1,4,23423.62
9579,1032158,2025-12-20,24410,1270,69,1,2,1865.18
9580,1109140,2025-12-15,2692,2451,33,1,2,2994.44
9581,1038906,2025-10-28,19733,1460,33,1,5,1220.15
9582,1192646,2025-07-25,11547,268,60,1,3,3482.89
9583,1091445,2025-06-04,42491,256,87,1,2,1022.57
9584,1101618,2025-05-20,36075,2383,80,1,2,9618.44
9585,1071617,2026-02-13,30933,404,45,1,1,272.89
9586,1056057,2025-07-05,11926,1254,98,1,5,4346.88
9587,1108086,2026-01-07,20349,866,34,1,4,1720.77
9588,1140925,2025-11-29,46127,1173,58,1,1,2005.01
9589,1086348,2026-02-22,43285,2255,29,1,3,5636.6
9590,1158205,2025-08-24,5165,345,48,1,4,1712.54
9591,1197159,2025-06-07,21842,1644,93,1,5,300.44
9592,1174782,2025-08-22,48340,174,37,1,5,6242.06
9593,1112974,2025-10-09,49757,305,97,1,4,20409.35
9594,1043023,2026-02-11,41349,375,45,1,5,41859.41
9595,1090522,2025-12-08,17982,2651,44,1,4,2411.73
9596,1021734,2026-04-18,32944,2513,109,1,4,1989.44
9597,1008581,2025-11-06,48123,2015,39,1,4,10800.01
9598,1130343,2026-01-26,32668,641,87,1,2,40710.4
9599,1113592,2025-05-20,35961,1433,33,1,2,1915.34
9600,1184254,2025-11-08,3417,48,72,1,3,4237.84
9601,1110998,2025-10-04,19733,1860,54,1,3,6264.4
9602,1019894,2026-01-30,45721,459,12,1,1,1796.98
9603,1007709,2025-06-07,37705,632,6,1,3,1659.43
9604,1042217,2026-03-19,4018,2595,37,1,1,197165.19
9605,1042587,2025-10-30,24666,275,42,1,5,3132.8
9606,1078460,2025-10-14,34564,2499,9,1,1,450.13
9607,1111383,2026-02-23,4498,2153,32,1,4,45797.26
9608,1052812,2025-06-09,8348,1424,1,1,5,4669.67
9609,1136614,2025-12-09,38633,1324,103,1,2,2148.4
9610,1192167,2025-08-05,48288,173,87,1,2,5630.85
9611,1043168,2025-04-30,38897,2292,19,1,4,2157.83
9612,1050750,2026-02-06,30565,2628,65,1,2,111113.91
9613,1059599,2025-04-28,44491,2677,41,1,2,72965.08
9614,1052594,2025-11-25,35579,734,30,1,1,3169.79
9615,1096259,2025-08-08,36222,1214,85,1,3,16589.03
9616,1071488,2025-12-09,32323,2531,2,1,4,4152.55
9617,1075823,2025-09-20,19697,1882,84,1,2,1550.49
9618,1128264,2025-08-23,17922,690,110,1,2,3700.27
9619,1197567,2025-09-23,23537,1273,5,1,5,279.18
9620,1073975,2025-06-05,47005,600,109,1,4,1056.87
9621,1128706,2025-12-22,21399,224,57,1,2,1222.54
9622,1073055,2025-11-15,18905,2877,26,1,1,507.04
9623,1058301,2025-12-17,20161,603,117,1,1,8806.1
9624,1125606,2025-09-03,34227,1700,76,1,5,1494.77
9625,1117237,2025-04-29,38520,429,10,1,4,14194.28
9626,1036441,2025-12-21,48548,2698,50,1,2,1613.09
9627,1092297,2025-06-12,1340,1662,12,1,5,62328.66
9628,1160835,2026-04-14,287,690,19,1,3,3716.34
9629,1114257,2025-09-23,11282,1618,112,1,3,1461.81
9630,1130131,2025-12-19,45630,1583,108,1,5,1023.57
9631,1126367,2025-11-21,34671,1534,89,1,2,1185.92
9632,1102677,2026-03-20,21142,366,58,1,3,1199.44
9633,1010337,2025-07-30,20,387,67,1,5,2023.9
9634,1066676,2025-09-06,42533,949,20,1,4,1377.64
9635,1097826,2026-04-02,15607,187,15,1,4,5569.81
9636,1093339,2025-10-30,13364,2326,85,1,4,13247.75
9637,1178374,2025-09-06,48987,2637,111,1,4,74053.34
9638,1198875,2025-05-08,46906,146,3,1,2,7757.96
9639,1162762,2025-06-14,40536,2461,21,1,1,4591.87
9640,1117129,2025-06-15,12898,520,72,1,1,419.83
9641,1074527,2026-02-09,18292,2110,64,1,1,1109.9
9642,1043991,2025-05-06,27419,905,21,1,1,11373.47
9643,1078756,2025-12-15,5067,403,82,1,3,2995.87
9644,1059114,2025-06-07,42879,1525,66,1,1,202402.51
9645,1125688,2025-12-19,14097,2936,115,1,3,1839.61
9646,1067477,2026-02-11,46922,986,53,1,1,4074.37
9647,1022564,2025-06-23,27962,1192,1,1,5,73719.19
9648,1026240,2025-07-29,7172,1929,4,1,5,4892.26
9649,1043269,2025-09-22,25744,717,61,1,3,35799.86
9650,1158185,2025-05-27,19901,81,62,1,5,11852.73
9651,1170844,2025-06-18,45464,1423,63,1,4,2239.83
9652,1123445,2025-11-16,21474,1757,37,1,3,6178.07
9653,1183519,2025-10-28,17637,138,27,1,3,132.52
9654,1182437,2025-07-16,42266,1593,62,1,4,3791.11
9655,1041471,2025-04-21,7140,1846,8,1,4,63698.08
9656,1075513,2025-10-23,23480,998,91,1,2,2617.16
9657,1006535,2026-03-20,36270,1908,11,1,1,206.22
9658,1096885,2025-09-18,13917,1246,114,1,5,47866.96
9659,1197694,2025-05-13,27292,1903,67,1,1,8752.67
9660,1182028,2025-12-12,6676,957,115,1,2,391.93
9661,1180564,2025-09-19,36069,2071,119,1,4,896.4
9662,1155583,2025-08-24,23926,2783,86,1,3,4733.11
9663,1079466,2026-02-15,15732,2705,91,1,4,1253.04
9664,1058211,2026-01-14,19484,2709,113,1,4,802.49
9665,1088016,2025-06-27,25879,1239,1,1,2,26895.14
9666,1075515,2025-05-11,3872,1140,108,1,1,329.88
9667,1060802,2025-12-26,15924,1617,62,1,4,290.74
9668,1023943,2025-07-14,28408,149,105,1,5,3581.16
9669,1169590,2025-11-10,28321,1447,90,1,5,28008.9
9670,1059723,2025-04-08,46840,2256,97,1,3,18677.59
9671,1184575,2025-08-30,27128,1711,93,1,5,2859.36
9672,1195253,2026-03-31,13439,1415,29,1,5,2271.48
9673,1042223,2025-08-06,27947,2050,50,1,5,794.35
9674,1057767,2025-12-23,22583,2604,5,1,3,3027.67
9675,1040010,2026-04-09,47427,295,78,1,4,48988.95
9676,1141673,2025-11-26,35432,113,49,1,1,12008.59
9677,1032291,2025-12-10,16334,363,6,1,5,1493.75
9678,1042193,2026-01-15,27757,2566,29,1,3,336.33
9679,1059441,2025-06-07,34988,2030,113,1,2,1464.62
9680,1119460,2025-10-07,32543,2355,20,1,3,15737.03
9681,1050528,2025-11-27,18559,2462,1,1,1,41234.87
9682,1180004,2025-09-24,3757,1179,81,1,4,743.86
9683,1031882,2025-04-11,39888,2321,105,1,4,1683.75
9684,1017432,2026-03-31,5050,2377,110,1,1,1481.08
9685,1111474,2025-06-13,8212,178,109,1,3,1944.73
9686,1027063,2025-11-17,28338,976,100,1,4,7636.86
9687,1012845,2025-12-27,16786,1737,104,1,5,540.0
9688,1008520,2026-01-10,31731,212,92,1,2,8507.39
9689,1134641,2025-11-09,7951,1478,58,1,3,20843.59
9690,1067919,2025-07-29,9927,2680,40,1,3,8926.93
9691,1163598,2025-06-28,15378,2827,41,1,2,2279.26
9692,1104644,2025-12-05,38720,645,5,1,2,22999.77
9693,1134869,2025-06-20,46438,2300,119,1,1,72071.32
9694,1129911,2025-08-29,16205,13,42,1,1,1075.53
9695,1030723,2025-11-23,39335,2534,86,1,5,435.49
9696,1192648,2025-10-04,41081,2200,16,1,5,6756.82
9697,1138811,2025-06-01,36032,1762,41,1,5,10136.34
9698,1150983,2025-10-06,12121,1533,106,1,2,92726.73
9699,1011761,2026-01-03,18538,1835,95,1,4,1657.01
9700,1024234,2025-12-14,26374,1374,120,1,5,16097.52
9701,1026604,2026-02-01,4037,936,118,1,4,2134.98
9702,1101214,2025-08-09,8733,880,21,1,2,7279.42
9703,1063972,2025-08-17,36796,1957,101,1,2,29549.62
9704,1126004,2025-11-26,13325,2276,47,1,5,3995.03
9705,1019950,2025-11-04,13674,271,92,1,5,70526.05
9706,1145249,2025-08-08,42594,2626,94,1,3,82759.68
9707,1074716,2026-04-25,42105,1878,33,1,5,978.22
9708,1029428,2025-05-01,26814,211,28,1,5,58254.62
9709,1084878,2026-03-26,42705,412,15,1,4,11401.0
9710,1003606,2025-10-10,23386,929,92,1,3,906.99
9711,1137482,2025-04-23,10531,2576,29,1,1,1282.32
9712,1163855,2025-12-14,14863,2461,15,1,4,9450.18
9713,1145341,2025-08-31,28462,1771,50,1,3,1866.97
9714,1002207,2025-12-16,12434,858,110,1,4,5889.45
9715,1076771,2025-06-27,23935,2992,51,1,1,10868.48
9716,1177844,2026-01-06,42487,2606,85,1,5,24396.51
9717,1017262,2026-02-06,30031,2916,98,1,2,5964.14
9718,1160665,2025-09-20,1299,543,9,1,2,13773.69
9719,1088694,2025-06-06,48495,1610,81,1,1,806.86
9720,1103414,2026-01-06,4671,627,56,1,3,7563.23
9721,1084059,2025-11-23,30502,1244,106,1,4,6379.94
9722,1071489,2025-11-15,15270,1017,9,1,4,805.72
9723,1110214,2025-10-25,46839,1706,119,1,4,42470.14
9724,1000944,2025-12-11,22511,2158,97,1,2,8062.24
9725,1074376,2025-09-24,45970,10,5,1,4,882.72
9726,1062339,2025-10-27,29409,2779,31,1,2,4301.84
9727,1066462,2025-07-11,4759,2382,13,1,4,4270.23
9728,1157966,2026-02-15,44801,592,18,1,2,454.82
9729,1144037,2026-02-02,16826,960,70,1,3,2611.12
9730,1169671,2025-06-29,5852,1952,37,1,5,76330.76
9731,1158327,2026-02-02,550,799,45,1,3,37700.54
9732,1135680,2025-12-09,30004,1389,101,1,1,4558.22
9733,1125379,2025-10-12,4554,1930,59,1,4,676.6
9734,1072876,2025-06-07,29075,1583,21,1,4,647.18
9735,1083139,2025-05-10,49243,1726,114,1,2,7716.76
9736,1033553,2025-06-29,6661,1933,116,1,5,6015.09
9737,1083128,2026-01-01,39400,1533,59,1,3,89780.55
9738,1174925,2026-04-05,16542,1842,89,1,2,1137.22
9739,1093352,2025-07-17,37653,1321,74,1,2,1507.87
9740,1123635,2025-11-24,28165,2019,80,1,2,7109.13
9741,1016471,2025-07-03,19223,2479,90,1,1,11244.34
9742,1193527,2025-05-20,26318,2339,53,1,4,1246.67
9743,1196338,2025-11-11,2107,613,104,1,5,205.24
9744,1153149,2025-05-14,17833,2409,108,1,1,2513.03
9745,1154515,2026-03-05,45853,2977,113,1,3,1882.92
9746,1078774,2025-10-11,37284,2054,2,1,1,1692.77
9747,1143426,2025-05-28,19827,1687,42,1,3,2691.41
9748,1017715,2026-02-11,4855,137,106,1,3,1594.31
9749,1001971,2025-09-01,10803,1524,96,1,3,5600.88
9750,1140071,2026-02-22,30306,2187,64,1,3,3323.01
9751,1189187,2025-08-25,41867,1731,61,1,1,22532.3
9752,1016771,2026-04-04,13471,2524,69,1,3,14763.48
9753,1101303,2025-10-20,46655,385,88,1,2,442.73
9754,1097369,2025-09-24,30991,1415,25,1,4,2223.63
9755,1054258,2025-08-20,4383,2696,119,1,5,9794.36
9756,1071110,2025-08-08,46804,74,75,1,1,1311.89
9757,1107064,2025-06-17,39492,33,52,1,1,4247.17
9758,1157196,2025-11-17,14100,1792,111,1,1,1223.15
9759,1066464,2025-09-11,49832,374,88,1,2,89.86
9760,1135455,2025-12-28,7872,205,47,1,1,2977.02
9761,1106201,2026-01-21,41063,2882,54,1,4,4554.7
9762,1190086,2025-05-20,36479,120,22,1,2,1504.79
9763,1096558,2025-09-12,42967,2145,99,1,4,9438.82
9764,1181056,2025-11-27,28846,212,12,1,3,24675.93
9765,1124494,2025-08-22,20131,144,13,1,5,24761.43
9766,1025282,2026-03-28,14899,690,20,1,5,15805.97
9767,1017625,2025-08-07,21251,431,54,1,5,132501.05
9768,1101406,2025-07-21,25579,2861,91,1,2,2354.01
9769,1079847,2025-08-01,24048,1508,101,1,5,31100.62
9770,1000641,2025-11-08,10541,2034,104,1,5,53957.19
9771,1144066,2025-06-24,46054,413,112,1,4,3995.19
9772,1056424,2025-07-18,30642,1894,50,1,2,21331.57
9773,1112262,2025-10-14,22404,1917,11,1,1,1442.16
9774,1103328,2025-12-04,877,742,79,1,2,904.12
9775,1169267,2025-05-14,14080,785,37,1,3,4623.81
9776,1115365,2026-01-26,43963,2874,62,1,3,7530.01
9777,1096354,2025-12-10,18939,1330,94,1,2,8525.27
9778,1177783,2026-03-12,6850,1282,12,1,1,12371.85
9779,1057195,2026-02-28,42271,989,69,1,1,826.03
9780,1159508,2026-04-04,33806,2256,105,1,4,20449.52
9781,1119744,2025-10-20,7122,1494,8,1,1,1532.84
9782,1047983,2026-03-03,40019,543,35,1,5,14671.35
9783,1143246,2025-08-16,17433,1565,86,1,4,4067.86
9784,1110701,2026-04-04,28827,696,1,1,4,183.44
9785,1060782,2025-10-21,12392,1658,29,1,2,232749.14
9786,1098995,2025-06-11,2754,2769,13,1,1,3563.67
9787,1033863,2025-10-23,29235,1941,54,1,5,1981.73
9788,1137135,2025-08-15,40677,1007,86,1,5,2658.54
9789,1038207,2026-01-18,1315,1993,22,1,1,657.68
9790,1155940,2026-01-26,43067,321,104,1,2,570.63
9791,1130583,2025-08-16,20541,962,21,1,5,3181.24
9792,1196408,2025-09-14,22551,2976,4,1,1,16223.54
9793,1133280,2025-04-18,35843,221,119,1,3,3414.63
9794,1052669,2025-05-21,1173,1573,93,1,4,21318.41
9795,1189994,2026-02-06,17021,2647,115,1,4,5345.34
9796,1165304,2026-01-28,12187,415,11,1,1,4987.29
9797,1121335,2025-05-29,13290,763,67,1,2,18274.16
9798,1153719,2025-10-09,42572,706,93,1,3,450.24
9799,1102629,2026-03-08,30618,532,36,1,3,1040.1
9800,1099334,2025-06-03,46895,2722,108,1,5,11854.35
9801,1074995,2026-03-19,31180,1999,95,1,3,7787.28
9802,1040224,2025-11-09,15974,376,35,1,2,3721.75
9803,1096814,2025-08-23,27839,1652,31,1,1,6644.51
9804,1068882,2025-05-02,22321,4,120,1,1,1301.5
9805,1164398,2026-01-11,41385,893,69,1,1,7434.09
9806,1178159,2026-03-21,45788,1220,6,1,2,398.44
9807,1024316,2025-12-27,947,585,116,1,5,21510.73
9808,1010927,2025-09-02,43160,563,109,1,1,629.52
9809,1140619,2025-08-03,16678,1920,18,1,3,899.54
9810,1106421,2025-11-12,2906,2789,8,1,1,3816.48
9811,1076591,2025-07-03,43499,1682,28,1,1,8654.9
9812,1140542,2026-03-19,24831,2406,89,1,2,6224.45
9813,1055462,2025-08-27,11246,1808,108,1,5,39816.63
9814,1114986,2025-12-26,25937,590,73,1,1,344.19
9815,1022410,2025-05-02,30498,2209,112,1,4,3047.02
9816,1171296,2025-08-28,41929,2586,112,1,3,22425.17
9817,1163773,2026-03-20,681,2900,32,1,4,975.48
9818,1183172,2026-01-25,3792,532,1,1,4,1588.79
9819,1166788,2025-07-12,28240,1717,35,1,4,1429.91
9820,1119708,2026-03-10,15667,2719,54,1,1,25198.42
9821,1155407,2025-07-18,26607,1054,23,1,3,63637.94
9822,1097991,2025-10-31,25593,2973,38,1,3,741.11
9823,1048399,2026-01-26,26416,1304,1,1,2,26230.58
9824,1015403,2026-03-29,40746,2696,65,1,5,10179.27
9825,1011188,2025-05-31,37265,2085,9,1,5,3474.81
9826,1093346,2026-03-09,35551,1283,24,1,4,405.98
9827,1060581,2025-05-01,11713,1058,15,1,1,255.52
9828,1076287,2026-03-23,40316,1094,53,1,1,228.43
9829,1146430,2025-08-01,8102,2341,89,1,4,2912.93
9830,1160745,2025-05-10,5035,1228,96,1,3,27226.88
9831,1089995,2025-08-15,23826,193,13,1,1,5801.24
9832,1120852,2025-11-15,1371,1518,25,1,5,215.83
9833,1013047,2025-07-31,43183,1447,76,1,1,10482.91
9834,1007524,2025-09-27,11454,2921,72,1,2,482.75
9835,1024145,2026-02-25,16799,830,117,1,2,4851.08
9836,1062973,2025-09-04,35217,500,86,1,2,6567.96
9837,1010518,2025-11-18,42962,1596,48,1,4,388.27
9838,1111374,2025-10-14,33608,2337,55,1,5,10825.52
9839,1112083,2026-03-13,2795,1533,27,1,5,204273.88
9840,1055814,2025-12-10,37481,848,42,1,1,5592.54
9841,1103296,2025-04-21,9327,1583,66,1,5,329.9
9842,1108785,2025-12-22,45731,1065,16,1,1,6666.41
9843,1100456,2025-10-01,12785,321,113,1,2,287.2
9844,1078116,2026-01-11,6442,161,39,1,4,421.34
9845,1068466,2026-03-10,43223,1692,104,1,3,12339.91
9846,1090835,2026-02-15,28552,34,64,1,3,1123.23
9847,1111918,2025-11-13,23447,2723,116,1,1,314.25
9848,1079303,2026-01-20,35496,1230,97,1,4,192659.44
9849,1172531,2025-09-22,22478,2329,116,1,2,1317.05
9850,1045076,2025-12-14,42627,1330,117,1,5,18457.19
9851,1081777,2025-07-07,46513,1749,27,1,1,1029.38
9852,1112566,2025-05-30,25280,2040,96,1,1,14893.4
9853,1019978,2025-11-09,6774,2566,69,1,5,511.57
9854,1020703,2025-12-12,41438,1216,12,1,2,52630.97
9855,1111827,2026-02-23,31765,2324,85,1,1,5303.32
9856,1006191,2026-02-21,36737,336,73,1,3,707.0
9857,1169202,2025-11-29,7021,2796,4,1,5,47755.23
9858,1196493,2025-05-24,6991,2555,78,1,2,2480.45
9859,1023891,2025-11-28,7990,2093,33,1,1,9528.12
9860,1155840,2026-04-12,37890,2796,11,1,2,89944.9
9861,1167596,2025-12-06,26208,454,22,1,2,1803.99
9862,1014454,2026-04-12,4820,2288,6,1,4,1010.37
9863,1019352,2025-10-18,24674,1537,7,1,1,9624.58
9864,1042009,2025-12-18,6326,2722,8,1,1,5418.33
9865,1093174,2025-06-23,11639,1711,104,1,1,2847.77
9866,1179516,2025-08-03,38010,1004,103,1,2,4378.11
9867,1093150,2025-05-01,28913,522,101,1,5,6900.19
9868,1102744,2025-11-05,28775,2178,103,1,3,6819.62
9869,1079413,2025-09-08,1891,1222,43,1,3,6664.19
9870,1040861,2025-12-06,7227,1064,113,1,4,24255.21
9871,1182686,2026-02-28,4911,931,39,1,4,9977.73
9872,1193988,2025-10-26,23079,416,30,1,4,77378.47
9873,1098761,2025-07-15,43986,2153,48,1,2,91462.35
9874,1189184,2026-01-25,6767,2987,56,1,3,6606.55
9875,1000631,2025-08-03,8425,1250,21,1,3,24127.99
9876,1012556,2025-05-03,19200,1625,45,1,1,45253.5
9877,1167320,2025-10-08,49205,1550,40,1,4,77141.27
9878,1144186,2025-11-24,5603,637,36,1,4,778.03
9879,1100073,2025-07-07,16142,2376,42,1,1,2991.3
9880,1037387,2025-08-07,15888,2916,55,1,5,17093.2
9881,1063164,2025-12-21,32390,425,45,1,1,293.99
9882,1077390,2025-09-19,3633,967,116,1,1,3650.58
9883,1179590,2025-08-14,4868,1547,25,1,2,2317.7
9884,1183000,2025-05-19,47958,1251,96,1,1,4913.65
9885,1147380,2026-01-24,45243,2057,22,1,4,5724.31
9886,1110045,2025-08-04,2873,356,80,1,2,16846.78
9887,1013295,2025-10-04,11887,851,62,1,4,10513.85
9888,1151247,2026-01-14,31994,523,45,1,2,2034.06
9889,1184704,2025-10-20,9834,26,67,1,1,69561.33
9890,1104309,2026-04-06,41294,1539,33,1,3,7369.91
9891,1062907,2025-12-08,17167,2433,15,1,4,22933.14
9892,1107328,2025-09-21,18684,2499,82,1,1,708.91
9893,1152106,2025-07-04,43148,2263,24,1,2,5118.37
9894,1039311,2026-01-08,37689,200,28,1,5,578.82
9895,1044399,2026-02-11,45737,68,74,1,4,16001.6
9896,1021353,2026-02-18,16509,1074,19,1,2,1632.07
9897,1104282,2026-01-01,14916,1418,54,1,1,13402.66
9898,1136225,2025-05-14,46764,141,27,1,2,71450.9
9899,1006934,2025-10-07,20631,1839,13,1,3,41938.32
9900,1050509,2026-01-04,14807,2251,72,1,5,9598.0
9901,1061826,2025-05-26,48818,632,23,1,2,1741.98
9902,1107441,2026-02-13,21654,2836,69,1,3,599.4
9903,1045993,2026-03-25,1718,1472,2,1,4,292.02
9904,1022318,2025-08-25,9804,572,111,1,3,12044.25
9905,1132918,2025-11-04,4477,217,15,1,1,3014.27
9906,1014885,2025-05-10,14931,1738,17,1,4,6941.51
9907,1136334,2025-10-29,37344,1050,77,1,5,5797.42
9908,1149220,2025-05-18,25656,1257,64,1,3,1601.85
9909,1031263,2025-11-13,27462,1008,92,1,3,748.53
9910,1026663,2025-05-01,10250,1819,53,1,5,89053.54
9911,1009173,2025-05-30,34445,2755,75,1,5,26838.24
9912,1110315,2025-10-12,27799,983,110,1,4,1270.6
9913,1170118,2025-06-04,38502,2511,19,1,2,5856.83
9914,1127601,2026-01-05,47101,1222,48,1,4,17183.11
9915,1110632,2025-10-26,1684,984,76,1,2,7009.22
9916,1135350,2026-02-26,5101,1734,48,1,1,654.37
9917,1184592,2026-01-18,16196,1412,86,1,4,3652.09
9918,1108081,2025-10-05,48093,1486,21,1,5,105.35
9919,1192576,2025-10-12,25295,811,100,1,3,1766.49
9920,1097073,2025-12-02,37355,2147,101,1,4,3012.54
9921,1107105,2026-02-01,33540,1738,53,1,3,6217.51
9922,1023491,2025-09-05,22105,2487,56,1,5,147636.7
9923,1137652,2025-06-02,21027,2048,3,1,1,4101.54
9924,1167830,2026-01-28,41075,2731,84,1,4,713.95
9925,1059511,2026-01-21,24396,2703,22,1,2,7577.4
9926,1175506,2026-02-07,42782,2641,64,1,3,38945.48
9927,1069339,2025-10-17,31747,312,16,1,2,204629.44
9928,1162988,2025-12-09,27994,1799,18,1,4,10909.57
9929,1019305,2026-02-26,20978,2646,104,1,2,1074.58
9930,1004015,2026-01-30,31496,2403,116,1,4,29705.7
9931,1126685,2025-09-03,28442,2239,60,1,1,8556.37
9932,1010697,2025-11-20,27517,245,59,1,1,825.05
9933,1121797,2025-06-21,45883,793,89,1,3,8224.48
9934,1041201,2025-09-25,33756,353,23,1,5,1522.06
9935,1012086,2026-03-15,31031,1967,105,1,2,703.32
9936,1123997,2025-09-18,44155,2621,109,1,2,63326.82
9937,1088444,2025-05-20,18011,962,101,1,5,2255.62
9938,1030444,2025-11-04,15206,2669,35,1,2,5931.3
9939,1021339,2025-12-22,26022,2934,71,1,3,1865.61
9940,1105526,2025-11-26,4917,1217,13,1,3,3533.86
9941,1145874,2025-08-11,29515,2509,103,1,4,33580.59
9942,1065199,2025-08-21,29501,261,68,1,5,2521.2
9943,1030078,2025-10-25,20881,1254,3,1,3,3743.15
9944,1105383,2025-04-07,47276,2479,10,1,4,22678.63
9945,1076680,2025-12-29,10470,1399,94,1,5,237512.7
9946,1015665,2025-12-13,26151,1728,63,1,3,383.64
9947,1061293,2025-12-27,48742,565,65,1,4,955.75
9948,1181500,2025-10-12,31924,900,1,1,2,6108.38
9949,1022696,2025-07-06,14135,1227,74,1,3,746.98
9950,1149052,2025-10-25,22726,1187,44,1,1,4045.88
9951,1069376,2026-03-29,17171,2793,99,1,4,23391.49
9952,1194741,2025-12-20,23489,1703,67,1,4,12219.83
9953,1050360,2025-09-04,31596,399,118,1,4,399.78
9954,1143065,2025-06-02,21588,1565,36,1,4,3870.15
9955,1083303,2026-02-03,18190,584,111,1,2,644.17
9956,1025355,2025-12-31,34482,2478,13,1,2,7160.75
9957,1121841,2025-06-14,49711,2644,34,1,2,29720.39
9958,1163055,2025-05-27,24011,2744,91,1,3,1585.68
9959,1151594,2026-03-04,4793,1741,15,1,5,11902.96
9960,1141983,2025-12-24,15769,878,18,1,3,434.64
9961,1058490,2025-12-14,12260,2863,24,1,3,3159.79
9962,1054878,2025-10-03,48322,1257,81,1,5,3375.49
9963,1086996,2025-12-15,40106,2640,16,1,1,3572.5
9964,1027612,2025-10-31,23552,1307,15,1,4,14711.9
9965,1111174,2025-07-24,25276,919,107,1,4,3688.2
9966,1184983,2025-10-30,40094,2607,4,1,4,1509.15
9967,1005588,2025-08-07,6889,1262,52,1,3,526.01
9968,1123097,2026-04-12,31995,2154,23,1,3,56042.63
9969,1064610,2025-08-22,27327,1430,102,1,4,6101.03
9970,1014213,2025-12-09,46738,1318,70,1,3,75272.99
9971,1020962,2025-05-29,16830,1258,49,1,5,4457.08
9972,1130763,2026-03-15,27309,1038,89,1,2,870.0
9973,1081629,2025-06-28,36928,1346,9,1,3,5556.87
9974,1136737,2026-01-05,15152,682,13,1,4,1057.26
9975,1127069,2025-09-08,32978,826,13,1,5,3655.03
9976,1167581,2026-01-08,1530,594,45,1,1,10292.85
9977,1062206,2025-07-30,21188,2516,46,1,4,2038.64
9978,1133196,2025-10-13,837,1290,98,1,5,6320.91
9979,1118802,2025-09-27,17571,1993,22,1,3,2532.5
9980,1059029,2025-12-06,1252,2276,119,1,4,6278.44
9981,1199607,2026-02-21,47612,813,85,1,5,735.76
9982,1038331,2026-01-19,36819,1635,112,1,4,6754.51
9983,1092418,2026-04-20,4601,42,69,1,5,6869.79
9984,1008897,2025-04-27,23934,2163,111,1,1,2496.47
9985,1037224,2025-10-14,26818,1415,40,1,3,2286.2
9986,1058263,2026-04-22,35617,781,52,1,5,4763.87
9987,1121823,2025-10-30,26786,2346,44,1,5,9303.26
9988,1004025,2026-01-01,27937,109,103,1,2,1774.69
9989,1000695,2025-10-24,46859,527,81,1,1,88765.98
9990,1052003,2025-09-02,12142,235,101,1,2,444.07
9991,1002707,2025-07-18,24834,1438,51,1,5,5307.16
9992,1125061,2026-03-07,12544,2340,118,1,5,5208.18
9993,1126402,2026-01-20,8173,2630,13,1,1,575.98
9994,1167590,2025-10-09,15980,2775,20,1,5,1452.89
9995,1068682,2025-12-05,46445,1128,52,1,1,721.96
9996,1089073,2025-09-18,10370,881,36,1,2,39355.59
9997,1133236,2025-06-14,21388,2342,49,1,2,5334.32
9998,1024600,2025-08-07,22935,1053,38,1,5,1977.68
9999,1117807,2025-04-27,13494,1424,24,1,3,2284.37
10000,1001446,2025-07-30,35211,2987,11,1,4,30725.99
10001,1067440,2025-09-21,22627,907,106,1,3,1165.26
10002,1002523,2025-05-20,34031,1324,16,1,3,2146.12
10003,1059026,2025-08-23,2453,1732,37,1,3,11645.61
10004,1050305,2025-10-17,25349,1330,58,1,4,18302.55
10005,1119553,2025-08-25,34781,2971,111,1,5,38116.39
10006,1129291,2025-06-17,8347,111,5,1,1,1214.35
10007,1121092,2025-05-31,7602,458,76,1,4,26390.58
10008,1145447,2025-12-11,22273,437,8,1,3,2954.89
10009,1141280,2025-06-30,10349,2030,55,1,2,1553.84
10010,1043898,2025-09-07,17404,1977,8,1,1,283.68
10011,1114868,2025-06-08,27233,2878,37,1,2,146844.63
10012,1032287,2025-12-20,34865,1733,11,1,3,632.43
10013,1117491,2025-11-15,33626,1946,33,1,4,105676.44
10014,1037289,2025-07-17,6309,704,20,1,2,7745.81
10015,1036909,2025-10-21,13826,2088,31,1,5,1322.47
10016,1174145,2025-05-25,35637,2209,116,1,2,6435.15
10017,1160822,2025-12-24,49781,1170,20,1,4,1937.54
10018,1133083,2025-07-29,28863,1018,87,1,2,913.02
10019,1150290,2025-05-07,10258,1754,47,1,3,2298.46
10020,1178094,2026-01-09,16524,223,87,1,5,1920.6
10021,1132156,2025-05-27,43428,2513,16,1,4,2998.16
10022,1006451,2025-10-09,44578,2745,24,1,3,10067.27
10023,1076587,2025-11-30,1776,1685,4,1,3,4348.67
10024,1078570,2026-02-04,38876,118,23,1,3,7467.02
10025,1160130,2025-11-21,29024,836,90,1,1,1220.78
10026,1107228,2026-03-31,28051,1900,86,1,4,4014.56
10027,1147267,2026-04-15,25545,1157,3,1,2,43037.22
10028,1137033,2025-09-10,37950,590,35,1,4,683.56
10029,1127734,2026-03-04,40725,2831,27,1,3,2292.0
10030,1062549,2025-10-05,25357,1473,49,1,1,415.3
10031,1157111,2025-10-19,44916,906,15,1,4,2756.54
10032,1139388,2025-12-16,34187,1828,23,1,2,14819.0
10033,1156743,2025-12-11,21430,259,106,1,5,9091.98
10034,1057049,2026-02-17,44151,2972,109,1,2,11414.76
10035,1187500,2025-11-05,32173,369,103,1,1,226.66
10036,1035152,2026-03-10,39636,2354,10,1,2,25602.99
10037,1186774,2025-05-06,29317,2020,24,1,1,1172.25
10038,1165227,2025-11-12,6904,2956,86,1,4,1380.19
10039,1026169,2025-04-27,33534,2999,66,1,4,1303.3
10040,1006460,2025-09-22,42631,1066,105,1,2,2302.17
10041,1035556,2025-08-24,29516,1202,73,1,3,976.04
10042,1181926,2025-06-13,18760,2865,76,1,3,6155.49
10043,1071324,2026-01-21,8375,2656,30,1,2,776.71
10044,1066444,2025-11-09,33750,354,96,1,4,345.36
10045,1064466,2025-11-16,6989,243,39,1,2,399135.44
10046,1019774,2026-04-05,41814,341,58,1,4,4741.54
10047,1022752,2026-01-16,34421,1842,32,1,5,383.29
10048,1154089,2026-01-09,7110,1409,92,1,3,22932.38
10049,1048040,2025-04-30,11049,1277,90,1,1,13959.89
10050,1056777,2025-09-11,28612,83,109,1,4,28429.68
10051,1112424,2025-11-09,27059,2239,103,1,3,4636.47
10052,1041285,2026-01-09,28670,835,83,1,4,3211.9
10053,1191882,2025-08-13,33977,1508,67,1,4,10710.79
10054,1194756,2025-12-20,35950,443,60,1,1,1432.81
10055,1169541,2026-02-08,44916,1779,37,1,5,197.56
10056,1013053,2025-05-26,26814,2803,37,1,5,1681.34
10057,1148209,2025-04-22,22046,2053,82,1,5,9326.75
10058,1083356,2025-08-03,35121,405,63,1,2,13573.74
10059,1093724,2026-02-04,4437,2654,3,1,2,3502.78
10060,1156881,2025-07-09,41882,1458,82,1,1,618.51
10061,1117784,2025-06-30,35728,218,38,1,2,696.87
10062,1035990,2025-09-19,19741,2562,75,1,3,1469.0
10063,1068432,2025-11-01,19656,2448,13,1,4,1275.87
10064,1045082,2026-04-08,39828,2797,92,1,5,463.65
10065,1105682,2025-06-30,34433,204,97,1,3,2790.4
10066,1109659,2025-05-24,42376,1259,32,1,2,3215.05
10067,1142405,2025-12-12,8638,907,23,1,1,2217.59
10068,1081753,2025-05-25,45504,2317,109,1,5,79031.19
10069,1139349,2026-02-08,25225,224,1,1,3,2797.6
10070,1000219,2025-09-08,24733,2167,35,1,4,8865.13
10071,1180375,2025-11-16,15192,1657,96,1,3,187.06
10072,1025975,2025-06-28,34520,2651,18,1,2,4772.48
10073,1075310,2025-11-30,6143,202,107,1,2,19215.65
10074,1124706,2025-12-24,25325,2580,13,1,3,10283.17
10075,1088765,2025-07-06,7485,653,93,1,2,189679.73
10076,1047704,2025-06-30,30386,196,54,1,3,29455.82
10077,1138795,2025-07-24,4938,515,45,1,3,4622.05
10078,1066398,2025-07-28,27177,358,55,1,1,1366.21
10079,1089918,2025-06-21,11984,2608,6,1,3,18423.76
10080,1072925,2025-10-31,15401,2148,18,1,5,300.72
10081,1154528,2025-12-10,6451,1565,73,1,1,15058.97
10082,1065344,2026-03-19,34964,2924,59,1,1,71836.2
10083,1097776,2025-07-29,18473,930,28,1,1,262934.52
10084,1089459,2025-07-25,26306,2096,85,1,5,7371.93
10085,1139353,2025-09-10,48404,1026,87,1,4,363.78
10086,1122519,2025-12-20,45916,2754,29,1,3,691.29
10087,1066789,2026-02-10,21310,32,52,1,4,14615.67
10088,1102300,2025-06-14,39382,346,119,1,2,1675.6
10089,1152529,2025-08-23,23042,854,65,1,4,1250.96
10090,1021103,2025-11-13,3596,1202,10,1,4,915.41
10091,1056538,2025-08-16,31035,1869,27,1,4,67511.71
10092,1155984,2026-03-09,421,2735,57,1,2,5527.88
10093,1076130,2025-09-01,39643,25,116,1,4,2891.28
10094,1017360,2026-03-25,27676,2651,112,1,5,4873.84
10095,1009881,2026-04-20,25865,2033,34,1,2,1285.24
10096,1057676,2026-01-31,12370,748,41,1,5,2057.53
10097,1194777,2025-09-28,8539,827,85,1,1,3142.38
10098,1049357,2025-12-20,12205,1416,12,1,1,3401.9
10099,1052657,2025-12-10,30833,454,37,1,1,912.31
10100,1159780,2025-11-01,41954,850,87,1,3,67025.29
10101,1069389,2025-08-14,15925,1092,62,1,4,54903.77
10102,1065929,2025-06-16,47172,585,84,1,4,44532.75
10103,1076371,2025-09-07,37141,356,57,1,1,16226.12
10104,1193641,2025-07-14,13165,1146,3,1,4,1199.7
10105,1099745,2025-10-19,20828,1707,40,1,3,62672.89
10106,1097651,2025-09-05,16144,92,84,1,5,44128.2
10107,1190543,2025-06-06,6833,2959,49,1,2,987.84
10108,1048268,2025-05-29,8022,159,48,1,2,22643.12
10109,1025612,2025-07-10,16291,1568,39,1,5,1897.13
10110,1077639,2025-11-05,11967,2302,77,1,1,1059.8
10111,1042833,2025-06-17,30090,558,86,1,1,392.17
10112,1003190,2025-06-29,38905,476,105,1,1,41186.9
10113,1044242,2025-07-31,24766,1618,120,1,5,7612.59
10114,1047419,2026-01-06,33609,2489,11,1,5,448.95
10115,1173722,2026-01-17,35412,2671,73,1,3,9113.64
10116,1138468,2025-09-12,26289,1681,120,1,3,1804.97
10117,1008760,2025-11-09,11683,1785,98,1,3,66159.72
10118,1057313,2026-01-23,4865,2070,49,1,3,1655.02
10119,1012379,2025-06-28,44768,283,49,1,1,10238.54
10120,1179414,2025-09-12,34406,1257,37,1,4,5053.32
10121,1114373,2025-07-05,23483,2807,66,1,3,3500.43
10122,1026906,2025-06-19,34594,1429,52,1,4,735.43
10123,1161621,2025-08-14,18937,2730,53,1,5,19806.44
10124,1146081,2026-03-02,45630,2266,60,1,2,21926.41
10125,1150990,2026-04-26,15581,2003,116,1,1,503.73
10126,1122200,2025-12-26,25531,182,42,1,1,684.11
10127,1153949,2026-01-12,20390,643,105,1,5,5849.9
10128,1185051,2025-09-01,21412,2910,109,1,5,50747.52
10129,1160805,2025-09-23,14636,2649,20,1,3,1088.24
10130,1129253,2026-01-14,768,502,10,1,4,4565.42
10131,1168977,2026-03-07,40708,2544,40,1,5,3460.54
10132,1192937,2025-09-26,2606,2867,114,1,2,508.76
10133,1177980,2026-02-27,2110,2753,62,1,4,39620.62
10134,1078203,2025-05-12,32793,1769,95,1,4,10113.06
10135,1111117,2025-07-23,19337,981,21,1,2,21334.93
10136,1098843,2025-11-02,13916,2037,51,1,5,15891.06
10137,1176482,2025-10-30,14952,186,48,1,4,971.14
10138,1184294,2025-08-26,14115,118,117,1,5,9342.13
10139,1171714,2026-02-08,47166,2017,54,1,3,2326.52
10140,1188291,2025-07-26,30196,1038,91,1,4,474.36
10141,1126824,2025-11-16,35914,1522,81,1,3,13184.06
10142,1139642,2025-08-28,3396,1898,56,1,4,462.04
10143,1091477,2025-06-30,2983,2775,90,1,4,1417.65
10144,1123192,2025-06-04,43133,213,102,1,3,6051.68
10145,1065792,2026-03-16,1883,2413,114,1,5,6929.82
10146,1103178,2025-10-10,32354,2899,2,1,3,6871.26
10147,1115871,2025-12-05,30104,656,108,1,3,312.75
10148,1079299,2025-11-28,40610,2735,16,1,2,5575.89
10149,1057255,2026-04-12,43615,1304,3,1,3,12677.81
10150,1119194,2025-05-13,35345,2956,90,1,3,2915.78
10151,1117977,2026-01-24,29715,1064,16,1,4,6669.94
10152,1069905,2026-03-31,3037,34,58,1,4,1141.16
10153,1084509,2026-04-08,10089,2804,78,1,3,279.71
10154,1114363,2026-04-05,31500,38,63,1,3,1024.61
10155,1143696,2025-12-22,17554,2945,77,1,1,254.42
10156,1153786,2026-03-15,1221,2043,35,1,4,659.45
10157,1126541,2025-12-24,19027,1229,51,1,1,197.2
10158,1009146,2025-07-24,43751,2710,92,1,5,33086.42
10159,1157481,2025-12-22,48108,486,95,1,3,198.07
10160,1103148,2025-10-15,29428,799,39,1,3,60027.95
10161,1124598,2025-12-17,35733,2889,89,1,5,248587.5
10162,1112263,2025-08-19,20007,2567,25,1,5,576.81
10163,1066001,2025-12-29,30272,1412,84,1,1,964.87
10164,1064120,2025-09-29,474,2445,24,1,1,502.79
10165,1064055,2025-06-09,4163,149,15,1,4,1812.87
10166,1045475,2025-09-24,13239,1761,13,1,2,1036.2
10167,1025584,2025-11-14,30492,1906,24,1,2,6587.3
10168,1119036,2025-12-08,39417,1581,6,1,2,389.67
10169,1163927,2025-11-01,15429,1047,81,1,2,928.9
10170,1124833,2026-03-15,5827,277,119,1,3,1614.96
10171,1101725,2025-06-29,7616,318,29,1,2,23076.98
10172,1104683,2025-09-13,20952,2536,21,1,4,931.33
10173,1122143,2025-04-14,26961,1598,87,1,1,152556.23
10174,1149153,2025-04-18,40935,533,20,1,5,1617.64
10175,1060642,2026-01-02,41166,42,36,1,2,18741.77
10176,1042978,2025-12-05,35310,2484,32,1,5,39998.9
10177,1184463,2025-10-02,4080,2490,49,1,2,13070.87
10178,1053165,2025-06-02,5867,1960,90,1,3,28836.52
10179,1128124,2025-08-16,13154,724,60,1,1,49.65
10180,1050646,2025-05-21,35422,902,5,1,5,162811.84
10181,1002765,2026-04-11,47182,2822,94,1,5,66342.73
10182,1065392,2026-03-06,21771,1356,58,1,1,218.23
10183,1032386,2026-03-02,35638,2756,95,1,1,458.4
10184,1011792,2025-10-30,18070,1740,77,1,4,5920.64
10185,1126657,2025-07-11,38642,1137,9,1,5,4157.07
10186,1124063,2026-03-14,19905,1035,35,1,4,127038.41
10187,1144999,2025-06-26,38032,2855,87,1,5,2175.76
10188,1183197,2025-04-07,2893,254,95,1,2,19519.6
10189,1054183,2026-04-02,24230,2956,3,1,5,1366.88
10190,1126233,2025-12-03,27474,1221,22,1,5,267.92
10191,1044996,2025-11-30,27366,2258,109,1,2,14860.71
10192,1015444,2025-07-09,42290,615,77,1,1,2200.99
10193,1086581,2025-07-14,12992,811,107,1,2,1056.39
10194,1154575,2025-06-21,13396,373,103,1,3,752.23
10195,1025216,2025-08-03,3185,655,70,1,5,9181.28
10196,1125298,2026-04-27,12266,1723,79,1,4,28545.14
10197,1010521,2025-11-13,23605,2003,12,1,4,474.32
10198,1002433,2026-01-06,34381,212,83,1,5,8589.89
10199,1093842,2025-07-04,49283,1049,3,1,5,6539.42
10200,1161712,2026-01-14,4973,1720,30,1,2,1525.45
10201,1188899,2025-09-23,31335,1378,3,1,1,3332.97
10202,1025346,2025-11-19,47105,2280,2,1,3,18312.35
10203,1094225,2025-11-14,32683,2646,57,1,4,1040.16
10204,1170645,2025-08-17,12656,2748,26,1,3,819.74
10205,1110683,2026-02-20,30780,2899,109,1,4,3585.51
10206,1125396,2025-06-28,10287,1975,42,1,1,7877.05
10207,1046282,2025-12-12,25249,1534,31,1,3,1813.7
10208,1151401,2026-02-21,2625,2466,73,1,5,1304.8
10209,1078444,2025-12-05,19334,200,64,1,5,193.0
10210,1114595,2025-09-30,48082,1780,116,1,5,10509.76
10211,1104413,2025-08-26,42299,1550,112,1,4,113806.28
10212,1174236,2025-06-08,37016,1320,17,1,2,215632.5
10213,1178272,2025-08-07,27773,2457,15,1,4,2194.97
10214,1157047,2025-12-17,29585,2798,62,1,4,413.21
10215,1023444,2025-12-06,17763,473,58,1,3,686.33
10216,1110451,2025-11-10,46917,141,69,1,2,65302.41
10217,1084070,2025-06-15,5863,204,23,1,3,498.43
10218,1078385,2025-09-17,15134,676,40,1,5,37337.03
10219,1040961,2025-07-16,43538,2185,105,1,4,1605.55
10220,1044753,2025-10-15,7351,926,66,1,2,3662.31
10221,1124504,2025-11-01,5791,1126,65,1,2,6984.27
10222,1020913,2025-10-22,17671,146,20,1,1,4580.01
10223,1042051,2025-06-15,29641,2541,70,1,3,5626.58
10224,1156375,2025-05-05,48372,2652,71,1,1,65275.74
10225,1056862,2025-08-20,1028,859,53,1,5,350.65
10226,1100752,2025-07-31,46565,1879,41,1,3,2421.76
10227,1089719,2026-04-05,1770,2135,87,1,5,126.81
10228,1146579,2025-09-14,20707,1212,4,1,4,765.59
10229,1126556,2025-08-18,168,1181,87,1,1,16499.3
10230,1196473,2025-11-26,45999,1411,115,1,5,51946.59
10231,1141061,2026-01-17,2305,960,108,1,3,2809.82
10232,1046887,2025-06-10,36406,899,96,1,1,203.46
10233,1189044,2025-04-15,11780,657,115,1,5,104.45
10234,1168291,2026-01-29,41684,1357,7,1,2,4514.48
10235,1157918,2025-10-17,32406,1232,40,1,3,124186.45
10236,1076228,2026-03-01,21361,251,79,1,5,1708.48
10237,1189656,2025-12-02,21654,1737,67,1,4,1502.11
10238,1180551,2025-09-10,6216,235,25,1,1,420.09
10239,1003199,2025-11-19,49749,1154,46,1,2,1185.84
10240,1120893,2025-12-16,24078,2822,68,1,1,85464.42
10241,1096594,2025-08-22,40328,2922,15,1,3,2250.99
10242,1167219,2025-07-05,34981,2754,20,1,1,709.99
10243,1178115,2026-03-26,44945,2659,35,1,5,6586.13
10244,1012934,2025-11-12,33996,968,104,1,5,2901.39
10245,1117303,2025-08-07,43157,1619,48,1,5,33055.91
10246,1028298,2025-05-20,13769,601,32,1,4,1458.49
10247,1151804,2026-02-20,5083,788,33,1,1,10957.58
10248,1056654,2025-10-27,32743,2048,80,1,2,3895.64
10249,1055908,2025-06-02,2165,1800,41,1,1,4200.0
10250,1098671,2025-10-31,44574,1235,104,1,4,839.97
10251,1039884,2025-06-13,15130,956,34,1,4,8591.54
10252,1096513,2025-09-24,21562,2223,4,1,3,303.3
10253,1165442,2025-12-29,40819,1140,12,1,3,323.32
10254,1172946,2025-09-27,37620,194,72,1,1,448.83
10255,1153323,2025-11-25,11298,1098,98,1,2,251914.57
10256,1092561,2026-02-22,19359,2553,37,1,2,55.69
10257,1078359,2025-12-11,20678,1424,86,1,5,2149.51
10258,1168537,2025-04-12,16459,2729,95,1,4,272.19
10259,1023070,2025-09-06,11766,30,10,1,3,967.44
10260,1161087,2025-06-24,49626,959,58,1,5,1503.96
10261,1080002,2025-12-17,17579,2161,107,1,2,1456.41
10262,1184777,2025-10-01,10672,2136,49,1,3,421126.11
10263,1007936,2025-09-21,4690,1296,91,1,3,27842.55
10264,1023043,2025-07-03,9026,2022,97,1,5,1934.04
10265,1152132,2025-08-15,46608,2675,100,1,3,6583.24
10266,1190142,2025-05-10,27907,1369,13,1,2,6683.22
10267,1166262,2025-07-27,46691,1542,108,1,3,7003.44
10268,1079122,2025-11-10,15494,2900,59,1,4,1673.14
10269,1158475,2025-04-16,3196,2750,116,1,4,673.12
10270,1009806,2025-12-15,26420,2904,4,1,1,3295.27
10271,1057113,2025-08-20,38840,2861,99,1,4,440.41
10272,1110367,2025-08-31,196,2657,56,1,2,71394.14
10273,1116841,2025-06-16,27362,1808,95,1,3,19881.65
10274,1046639,2025-10-02,45996,587,55,1,5,17761.73
10275,1067861,2025-04-25,7480,1441,47,1,4,4077.85
10276,1145495,2026-04-04,41599,2823,62,1,4,9584.24
10277,1025492,2026-02-22,22378,1771,107,1,3,3886.63
10278,1172481,2025-04-07,21719,39,3,1,1,4095.98
10279,1192013,2025-05-05,6391,695,23,1,2,2239.95
10280,1005428,2025-05-25,14837,785,49,1,2,7335.46
10281,1152295,2025-07-10,46005,938,17,1,5,34956.79
10282,1049604,2026-02-25,26581,1617,9,1,1,791.45
10283,1003909,2025-06-21,7033,2382,7,1,5,5069.79
10284,1076519,2025-10-25,23203,146,109,1,5,2405.93
10285,1019360,2025-10-30,9763,2138,21,1,3,1053.11
10286,1033033,2026-03-01,21312,803,15,1,4,18155.4
10287,1096907,2025-09-23,40204,1986,94,1,3,6034.31
10288,1078681,2026-03-29,112,2319,88,1,2,268.21
10289,1113584,2026-03-20,6704,1068,70,1,3,475.97
10290,1103580,2025-10-03,36005,2393,100,1,5,16757.35
10291,1121886,2025-10-21,15287,1590,86,1,1,2897.05
10292,1076851,2025-07-13,13640,748,22,1,2,2199.01
10293,1112636,2025-10-27,44495,615,114,1,2,2081.48
10294,1068142,2025-08-09,26113,1357,11,1,3,4365.55
10295,1124181,2026-01-03,40082,2924,37,1,5,22112.52
10296,1127817,2026-04-09,8957,71,33,1,2,2560.26
10297,1172071,2025-12-25,32094,1219,11,1,2,30824.37
10298,1179684,2026-02-07,21682,2023,15,1,1,606.11
10299,1078888,2025-11-19,12778,2334,30,1,4,1503.22
10300,1192545,2026-03-27,17140,1437,65,1,3,3902.33
10301,1040915,2025-08-04,31530,1654,24,1,5,968.74
10302,1115524,2025-05-15,42181,2735,26,1,5,10917.28
10303,1066800,2025-05-15,35226,497,47,1,3,1410.49
10304,1049553,2025-06-25,23613,1218,82,1,1,1085.95
10305,1115222,2025-06-20,25590,2524,67,1,3,3770.23
10306,1184341,2025-07-16,35756,2068,4,1,3,4573.76
10307,1061511,2025-09-26,46363,2238,117,1,2,2621.63
10308,1165832,2026-03-13,38207,2536,42,1,2,2314.94
10309,1123733,2025-05-20,40220,2900,102,1,1,2925.7
10310,1185076,2025-06-13,19847,126,68,1,4,2314.94
10311,1104264,2026-03-21,23220,1528,30,1,3,412.55
10312,1140507,2025-08-15,24916,2226,46,1,5,13063.69
10313,1025642,2025-09-11,39307,2700,16,1,5,1323.6
10314,1149592,2025-06-14,40401,576,62,1,1,22020.98
10315,1160991,2026-03-04,6860,2479,101,1,3,10795.83
10316,1061304,2025-09-21,33371,2950,15,1,5,2445.77
10317,1007648,2025-11-22,46511,1483,12,1,4,13642.48
10318,1031220,2025-07-09,43209,982,62,1,4,12462.46
10319,1059528,2025-08-27,30834,2922,66,1,2,11633.35
10320,1020034,2025-09-13,34412,573,35,1,2,342.72
10321,1143469,2026-01-20,46411,93,41,1,1,4481.52
10322,1027423,2025-06-03,43184,1483,100,1,4,26655.38
10323,1002889,2025-08-07,32360,2512,87,1,2,80567.05
10324,1101720,2025-08-21,2285,1938,45,1,1,5135.82
10325,1050480,2025-08-11,25454,2536,30,1,1,890.26
10326,1029502,2025-10-29,45797,1247,24,1,1,8914.44
10327,1095630,2025-12-10,31855,542,84,1,4,43407.02
10328,1008917,2026-04-19,19438,371,6,1,4,3603.87
10329,1094622,2025-07-20,6738,2083,33,1,4,1915.27
10330,1028227,2025-06-08,43981,637,72,1,3,784.69
10331,1176533,2025-10-25,27054,2660,14,1,3,150608.2
10332,1028678,2025-07-20,18207,2569,56,1,2,212.26
10333,1018363,2026-03-27,28996,490,22,1,2,10907.78
10334,1196989,2025-11-03,21145,775,5,1,2,4111.42
10335,1018140,2026-01-06,23571,2151,69,1,5,11729.85
10336,1129794,2026-03-12,32799,2136,48,1,5,219918.36
10337,1080490,2025-12-05,47319,2397,90,1,2,6570.99
10338,1052215,2026-02-25,7468,720,95,1,5,1099.13
10339,1107564,2026-01-07,28574,2276,30,1,1,4252.59
10340,1121823,2025-11-29,33226,1904,6,1,5,21193.21
10341,1070099,2025-11-29,17383,1270,7,1,2,3340.28
10342,1008727,2026-01-14,49834,201,1,1,1,71606.61
10343,1054736,2025-10-23,40484,1355,114,1,1,2245.26
10344,1062735,2026-03-03,38133,2951,110,1,1,614.87
10345,1055506,2025-06-08,36824,2924,31,1,3,47599.99
10346,1029621,2025-05-11,5597,2902,92,1,2,30768.29
10347,1196000,2026-01-11,32615,17,115,1,2,1576.09
10348,1161464,2025-05-09,23634,1460,4,1,1,683.9
10349,1052464,2025-07-11,11195,539,81,1,1,1699.67
10350,1096346,2025-11-12,17499,996,87,1,4,62405.37
10351,1045684,2025-06-02,37155,2474,42,1,5,3064.32
10352,1115963,2025-08-23,2919,1686,83,1,3,642.87
10353,1090445,2025-11-22,27330,2999,57,1,3,370.37
10354,1091060,2025-08-28,33085,1203,16,1,4,7832.81
10355,1034177,2025-10-28,41060,2524,46,1,3,6769.36
10356,1074799,2025-09-17,38392,2483,35,1,5,65.14
10357,1063738,2025-10-18,41066,635,31,1,1,9137.92
10358,1090557,2025-08-16,40577,1503,1,1,5,33332.86
10359,1181165,2025-04-14,31937,1651,99,1,2,1026.33
10360,1155951,2026-03-08,44085,1276,106,1,4,15490.5
10361,1163728,2025-11-12,25805,1241,26,1,5,1848.7
10362,1045588,2025-05-02,33579,273,59,1,4,5854.65
10363,1191315,2026-04-09,2192,848,114,1,5,1563.57
10364,1116010,2025-09-19,48438,2801,111,1,2,717.03
10365,1005262,2025-09-12,22209,1204,19,1,1,649.95
10366,1196326,2026-03-30,34512,536,115,1,2,146.41
10367,1040813,2025-07-01,11680,1251,119,1,3,15508.53
10368,1194757,2025-07-28,20940,286,92,1,1,423083.85
10369,1146149,2025-08-15,17557,675,10,1,2,154.36
10370,1048067,2025-07-29,43857,234,93,1,4,3065.84
10371,1145565,2026-04-03,5664,2575,16,1,4,928.79
10372,1096653,2025-12-11,32600,1979,66,1,4,1047.37
10373,1012152,2025-08-21,43255,2225,20,1,4,31009.23
10374,1172606,2026-02-14,7616,772,54,1,1,2219.75
10375,1083629,2025-08-31,21759,2908,87,1,3,267166.17
10376,1141177,2026-03-11,33832,1926,53,1,5,985.5
10377,1166679,2025-08-10,45368,1257,102,1,5,8235.86
10378,1056032,2025-05-01,23690,2646,36,1,2,1005.55
10379,1138758,2026-01-03,44165,317,29,1,5,82259.11
10380,1078617,2025-12-21,36241,1948,41,1,3,2926.77
10381,1063502,2025-11-16,49505,2501,97,1,5,57796.42
10382,1053649,2026-01-23,49163,2470,62,1,5,9917.86
10383,1099429,2026-03-13,19938,1564,9,1,4,4404.62
10384,1115648,2025-08-21,11260,62,1,1,5,12787.17
10385,1051345,2025-08-07,33064,1023,63,1,2,1457.8
10386,1100874,2025-09-01,16931,677,22,1,3,1640.21
10387,1170224,2025-09-20,13325,197,85,1,2,1425.22
10388,1156213,2025-06-08,10047,1425,82,1,2,175.24
10389,1168102,2025-12-08,31943,422,68,1,2,14042.02
10390,1053450,2025-06-19,19950,449,115,1,4,7777.97
10391,1110842,2025-05-02,962,430,30,1,2,85519.57
10392,1054439,2025-10-26,26791,2683,1,1,4,10126.75
10393,1186660,2025-06-02,37040,248,68,1,4,1433.52
10394,1108082,2025-08-26,49413,1687,14,1,3,2849.85
10395,1117850,2025-10-30,49576,2618,1,1,5,17704.24
10396,1108621,2026-03-29,8786,1783,12,1,2,31059.55
10397,1075500,2025-04-28,42123,2331,68,1,1,803.81
10398,1047090,2026-04-09,2943,1771,7,1,1,1934.78
10399,1144350,2025-07-04,11792,1581,93,1,2,1186.65
10400,1120301,2025-12-03,23882,2167,14,1,2,8304.3
10401,1131577,2026-03-16,7138,580,76,1,2,9652.45
10402,1080415,2025-05-30,1745,253,108,1,5,6860.08
10403,1132462,2025-11-28,30471,2101,90,1,4,222.59
10404,1097756,2025-06-09,45017,1277,102,1,3,29125.57
10405,1075418,2025-09-17,20776,696,47,1,4,187.65
10406,1190494,2025-11-06,37360,2339,77,1,2,632.14
10407,1021712,2026-01-25,2404,947,42,1,2,7945.07
10408,1111986,2026-03-08,14432,2409,60,1,3,7531.65
10409,1119545,2026-04-26,46829,1411,92,1,4,101710.6
10410,1038280,2025-11-02,35733,1511,5,1,3,969.15
10411,1001266,2026-03-21,26988,940,67,1,3,369.32
10412,1065013,2025-05-30,33581,2389,112,1,3,8613.87
10413,1016608,2025-06-02,10126,1237,99,1,4,4416.94
10414,1064639,2025-05-22,10370,2958,100,1,3,387260.32
10415,1180550,2025-07-10,18291,2353,79,1,1,11739.45
10416,1113605,2026-01-12,29377,2384,29,1,3,8851.06
10417,1052164,2025-09-05,4669,1241,95,1,5,2043.07
10418,1136307,2025-05-13,26829,473,90,1,1,1802.85
10419,1103743,2025-12-26,46829,152,111,1,2,3048.56
10420,1050208,2025-08-17,39862,1737,75,1,3,1112.41
10421,1157637,2026-03-26,20653,1979,6,1,1,1101.24
10422,1089342,2025-04-23,10438,2488,78,1,2,3090.15
10423,1075043,2025-11-22,16773,145,25,1,3,96261.2
10424,1099829,2025-09-14,48433,1078,59,1,4,143.25
10425,1060244,2025-04-24,6886,1550,39,1,3,71933.76
10426,1051779,2025-08-29,28290,1207,88,1,4,1235.7
10427,1182707,2025-06-12,49371,2174,60,1,4,2623.45
10428,1021016,2025-08-27,38808,1191,82,1,4,5649.28
10429,1001546,2025-06-08,4222,66,77,1,3,7361.7
10430,1181190,2025-07-08,8369,2783,55,1,1,3859.61
10431,1155349,2025-07-26,36864,318,107,1,3,23380.15
10432,1133563,2025-12-08,1552,2608,113,1,2,9561.32
10433,1026526,2025-12-20,17003,1994,95,1,4,2470.08
10434,1101611,2025-12-09,26379,310,23,1,1,2415.7
10435,1187028,2025-10-12,20398,690,94,1,1,7736.71
10436,1125205,2025-12-28,21256,100,63,1,2,454.94
10437,1026888,2026-01-04,15288,2219,4,1,5,30565.66
10438,1138883,2025-06-06,38391,687,107,1,1,6158.08
10439,1109373,2025-11-27,33926,2316,117,1,2,30009.67
10440,1073380,2025-05-01,7226,768,78,1,4,4449.67
10441,1039392,2025-09-02,13094,2299,20,1,2,9115.87
10442,1122868,2026-03-14,28799,38,98,1,1,963.58
10443,1093048,2025-05-01,30248,2075,9,1,1,3007.86
10444,1161150,2025-11-22,11912,2239,62,1,2,18360.15
10445,1051613,2025-04-27,35769,225,60,1,4,89906.45
10446,1162534,2026-01-13,8407,462,31,1,3,1202.42
10447,1139214,2026-03-28,45758,982,46,1,4,12053.54
10448,1080973,2025-09-22,16887,223,52,1,2,3971.58
10449,1148276,2025-05-30,31655,1946,36,1,3,22924.62
10450,1126128,2025-12-03,17358,2242,70,1,4,11321.85
10451,1160405,2026-04-14,11658,1924,79,1,4,38405.63
10452,1182176,2026-01-19,16682,1727,40,1,2,69312.44
10453,1132961,2026-01-13,45195,2697,12,1,5,8786.31
10454,1132390,2026-01-13,34689,2628,12,1,1,216077.59
10455,1129013,2025-09-22,42489,1612,101,1,1,17198.44
10456,1090741,2026-03-09,8056,2425,66,1,1,14175.8
10457,1095940,2025-10-13,35952,1914,52,1,3,109409.72
10458,1083515,2025-12-20,1535,1910,102,1,2,16406.24
10459,1133093,2025-08-30,44711,1903,16,1,4,9121.72
10460,1022053,2026-02-03,34972,2832,111,1,3,3231.57
10461,1057554,2026-01-09,24975,1256,97,1,1,23151.73
10462,1017571,2025-11-08,45641,2838,49,1,1,12407.79
10463,1162356,2025-07-20,33707,4,62,1,2,2696.01
10464,1103905,2025-07-28,46551,1582,56,1,2,13230.02
10465,1166073,2026-02-19,5763,289,66,1,5,23671.86
10466,1160812,2025-12-15,10719,1827,13,1,5,64584.64
10467,1194064,2025-08-21,13257,271,6,1,3,150625.63
10468,1013811,2026-01-30,5941,1577,91,1,2,12254.3
10469,1073070,2026-03-23,23938,1444,9,1,3,359.27
10470,1108742,2025-12-14,37732,1287,72,1,4,63039.79
10471,1107900,2025-11-02,39822,96,32,1,5,630.25
10472,1189030,2025-06-22,35533,2139,55,1,5,2135.55
10473,1066864,2026-01-14,48681,635,115,1,3,9876.23
10474,1191196,2026-01-06,44344,2514,92,1,4,65.96
10475,1008934,2025-09-07,42600,1200,48,1,3,878.96
10476,1004240,2026-03-18,11477,819,24,1,3,657.01
10477,1055554,2026-03-25,14909,2201,3,1,4,1702.92
10478,1190464,2026-02-08,18609,2924,71,1,1,24903.72
10479,1006969,2025-12-30,27940,1516,97,1,5,586.62
10480,1138589,2025-04-30,40787,2291,109,1,1,58787.13
10481,1121366,2026-02-08,28433,1903,21,1,1,27963.05
10482,1138329,2026-01-26,1191,2843,101,1,5,1233.87
10483,1007728,2025-10-13,10693,1935,58,1,2,47531.47
10484,1179838,2025-12-19,39337,2784,96,1,5,8751.78
10485,1117843,2025-12-23,49489,2754,13,1,3,1736.34
10486,1152032,2025-05-12,2703,2969,29,1,3,414.93
10487,1008523,2025-06-22,47144,370,16,1,3,4147.63
10488,1004502,2025-07-06,40379,202,44,1,5,38130.39
10489,1052250,2026-03-30,686,2024,91,1,4,4044.58
10490,1135608,2026-03-19,40079,1761,91,1,4,203.29
10491,1101809,2025-12-22,19081,809,80,1,2,339.18
10492,1186785,2025-06-09,11079,1689,17,1,5,2867.72
10493,1152642,2025-05-24,35795,1001,55,1,3,371125.97
10494,1037651,2026-01-13,40317,1180,38,1,1,4242.19
10495,1158291,2025-10-21,18875,1234,57,1,1,7613.33
10496,1085440,2025-11-27,2121,745,26,1,3,4729.1
10497,1055843,2026-01-10,9760,697,35,1,3,46372.82
10498,1031777,2025-10-08,21849,2110,81,1,3,1168.48
10499,1053802,2026-01-20,32801,943,80,1,2,507.37
10500,1187155,2025-07-11,30433,1539,16,1,2,27573.01
10501,1147624,2025-06-24,23802,380,62,1,3,3866.67
10502,1069624,2025-09-17,49814,1786,53,1,5,31765.78
10503,1164684,2025-10-05,38901,73,63,1,2,1615.37
10504,1118498,2025-08-18,46380,2829,107,1,3,10780.21
10505,1115602,2025-08-31,4394,2616,98,1,3,723.17
10506,1084257,2026-02-09,2033,241,114,1,5,3076.25
10507,1010373,2025-04-25,30534,2989,66,1,3,485.77
10508,1129878,2025-10-25,40874,2023,6,1,2,579.08
10509,1045408,2025-08-30,3280,2811,13,1,5,240.49
10510,1092872,2025-07-15,42915,436,103,1,5,8206.7
10511,1187672,2026-01-21,28232,1874,74,1,1,12315.96
10512,1162468,2026-01-16,10137,1568,45,1,1,1700.02
10513,1109295,2025-06-24,12567,2095,104,1,3,419.01
10514,1045358,2025-11-30,41762,1624,28,1,4,5798.5
10515,1132369,2025-12-04,35683,1191,23,1,3,1627.54
10516,1033882,2025-11-11,16805,687,9,1,3,5632.87
10517,1106297,2025-04-27,44959,1787,41,1,3,1693.93
10518,1064295,2026-03-17,1174,1949,14,1,5,16565.06
10519,1034032,2025-07-22,9854,886,105,1,3,15287.44
10520,1133935,2025-04-28,31600,2574,36,1,4,152.88
10521,1198764,2025-12-19,703,2671,26,1,4,8353.6
10522,1020797,2025-11-18,32226,2511,81,1,2,1849.18
10523,1147148,2025-06-02,33947,1994,60,1,3,2386.43
10524,1195127,2026-04-07,10374,146,35,1,2,2583.58
10525,1075826,2025-08-22,7369,1378,78,1,3,3404.16
10526,1091043,2025-08-24,41536,99,10,1,3,338.29
10527,1098516,2025-05-12,33175,740,59,1,1,29158.14
10528,1159421,2026-03-29,40628,403,10,1,3,1522.38
10529,1163754,2025-12-11,23602,2928,49,1,1,3086.65
10530,1187401,2026-04-21,9102,1556,19,1,5,2009.31
10531,1048296,2025-05-15,42647,1534,86,1,4,1784.84
10532,1189647,2025-12-10,32960,1691,21,1,5,1116.34
10533,1042303,2025-09-22,3206,621,34,1,5,5252.14
10534,1141984,2025-05-05,42776,733,117,1,1,237.84
10535,1075278,2025-07-19,12928,523,81,1,5,4009.51
10536,1107283,2026-02-11,35316,246,85,1,2,7843.56
10537,1102390,2025-11-13,23929,1573,8,1,4,5357.15
10538,1031785,2025-11-16,35519,2646,108,1,4,941.16
10539,1178159,2026-01-29,18854,405,3,1,3,42906.54
10540,1112482,2026-02-18,33028,2748,76,1,2,2366.05
10541,1007539,2025-04-26,39419,276,8,1,2,907.03
10542,1005564,2025-10-02,15331,1298,24,1,5,108118.02
10543,1098120,2025-08-15,35706,1897,1,1,3,55.44
10544,1164042,2025-10-04,48224,1665,79,1,2,10029.33
10545,1098825,2025-07-17,29726,787,6,1,3,1414.65
10546,1041105,2025-10-07,6186,494,45,1,1,94968.1
10547,1005192,2026-02-04,36889,2502,20,1,4,16578.33
10548,1058092,2026-03-19,37088,2847,56,1,5,39081.05
10549,1073211,2025-04-30,7486,2011,10,1,1,44657.72
10550,1003148,2025-09-07,30512,2470,59,1,3,20083.46
10551,1180272,2026-01-11,8097,1129,88,1,2,1068.88
10552,1044795,2026-01-23,45565,2219,117,1,2,33401.77
10553,1194222,2026-02-23,13014,658,91,1,2,3101.72
10554,1036587,2025-09-21,28017,1276,109,1,1,29252.82
10555,1141575,2025-10-22,41236,2770,49,1,5,13237.48
10556,1142429,2026-01-16,11032,811,107,1,3,976.57
10557,1159612,2025-08-28,23969,1519,56,1,1,1284.83
10558,1178946,2025-12-01,30574,1796,39,1,2,1447.44
10559,1120483,2025-10-07,46057,1225,90,1,3,6334.3
10560,1040878,2025-06-25,48720,438,41,1,2,2393.43
10561,1136222,2025-11-25,3685,935,104,1,4,947.75
10562,1000306,2025-10-14,8938,1143,101,1,3,9783.87
10563,1141735,2025-08-12,46514,1974,108,1,3,28152.05
10564,1140219,2025-08-18,38747,2683,73,1,4,10531.73
10565,1005637,2026-01-26,29088,1924,58,1,2,14390.9
10566,1109229,2025-10-08,38663,1050,72,1,3,2004.02
10567,1164742,2026-02-03,25316,985,113,1,3,679.05
10568,1088914,2026-03-07,37452,1453,58,1,3,401.55
10569,1190276,2025-09-07,30598,2363,103,1,3,149666.92
10570,1055723,2026-01-14,4742,209,90,1,2,327.48
10571,1008118,2025-11-15,24230,542,1,1,1,11353.15
10572,1006649,2025-09-07,29925,1618,86,1,4,4631.95
10573,1159768,2025-05-31,31862,382,99,1,1,7839.8
10574,1197613,2025-08-27,1084,2217,116,1,4,2231.46
10575,1020546,2025-05-05,21355,2638,119,1,2,54735.19
10576,1198409,2025-12-22,22912,1203,92,1,2,7112.52
10577,1033091,2025-06-26,23989,2743,101,1,2,1339.97
10578,1098493,2025-12-12,47381,1055,18,1,2,15674.83
10579,1176823,2025-12-10,39275,132,114,1,5,4961.35
10580,1042813,2025-05-01,8757,953,108,1,2,3036.3
10581,1075309,2026-01-09,12312,2878,55,1,2,47101.08
10582,1170578,2026-04-09,42389,1451,1,1,1,1285.19
10583,1089545,2025-07-31,19316,511,31,1,2,31399.35
10584,1147490,2025-11-13,17312,583,102,1,5,35071.89
10585,1142827,2026-02-27,33790,1140,103,1,2,358.02
10586,1113263,2025-09-12,2819,1225,42,1,4,7154.41
10587,1103860,2025-04-08,24538,2153,5,1,4,41850.34
10588,1169901,2025-05-16,4235,1387,75,1,4,3079.65
10589,1039851,2026-01-10,23265,1173,66,1,4,2095.4
10590,1151616,2025-05-16,23958,2045,67,1,1,1478.56
10591,1191580,2025-08-28,28160,1373,97,1,2,713.63
10592,1125978,2025-04-16,10458,839,113,1,2,8552.46
10593,1080590,2026-01-31,8804,1366,113,1,4,56190.93
10594,1023665,2025-06-18,6326,1484,113,1,4,2014.56
10595,1184660,2026-03-10,22939,2852,92,1,1,419.96
10596,1042628,2025-07-22,30044,1312,19,1,2,469.81
10597,1059434,2026-01-02,16764,1289,81,1,4,5483.6
10598,1009869,2026-03-14,6809,2894,81,1,5,56105.49
10599,1045758,2026-01-19,40442,1349,52,1,2,1947.51
10600,1131273,2026-02-19,49226,897,21,1,1,20468.91
10601,1031792,2025-12-15,26625,126,106,1,1,1015.5
10602,1157948,2025-05-13,4456,2565,92,1,3,29473.81
10603,1076827,2025-09-09,31701,1554,95,1,1,18484.78
10604,1070810,2025-10-13,45869,957,37,1,3,1165.59
10605,1064738,2026-03-05,22010,452,98,1,5,3316.7
10606,1049970,2026-03-18,540,725,103,1,1,17507.13
10607,1130390,2025-10-09,6098,893,42,1,5,31590.28
10608,1159251,2025-12-23,40927,2517,60,1,5,699.76
10609,1096433,2025-05-10,12969,1058,48,1,1,237.22
10610,1057719,2026-02-19,35997,1581,106,1,3,403.11
10611,1153190,2025-08-04,16302,523,40,1,4,4413.81
10612,1181390,2025-10-18,93,1745,74,1,1,1763.34
10613,1020707,2025-08-16,40647,463,85,1,4,36365.34
10614,1026563,2025-12-07,27626,2903,28,1,5,252.51
10615,1076806,2025-12-20,47036,268,104,1,3,2015.74
10616,1053122,2025-07-05,23056,1945,47,1,5,42119.05
10617,1183450,2026-01-18,5278,2467,71,1,4,14554.82
10618,1087784,2025-10-11,37356,716,35,1,3,2212.88
10619,1041586,2025-08-04,45691,1859,11,1,3,162252.21
10620,1160621,2025-06-18,7488,2209,73,1,4,6440.48
10621,1009901,2026-02-15,45832,484,88,1,1,39519.99
10622,1150235,2025-12-29,27681,1371,46,1,4,23490.76
10623,1006990,2025-05-01,14538,717,14,1,5,23827.92
10624,1089270,2025-09-08,25739,141,58,1,2,221168.29
10625,1059540,2025-10-12,23939,2104,83,1,5,1145.56
10626,1185945,2026-04-14,7631,2589,84,1,2,6531.08
10627,1166486,2025-12-14,22082,129,73,1,2,1238.19
10628,1169832,2026-01-07,6454,1653,112,1,5,1991.06
10629,1132368,2025-11-10,38060,1456,93,1,2,6286.52
10630,1137480,2025-12-22,19580,2348,66,1,4,1675.87
10631,1138669,2025-04-28,46987,1355,19,1,4,4817.02
10632,1064882,2025-05-20,29370,2972,4,1,5,5386.15
10633,1109536,2026-04-19,38842,2481,18,1,2,8366.44
10634,1175575,2025-09-03,879,1177,51,1,1,370683.79
10635,1076004,2025-11-14,22960,1157,114,1,5,59330.54
10636,1089686,2026-02-03,20360,2544,21,1,5,10951.41
10637,1005782,2026-04-21,40136,839,19,1,2,18263.85
10638,1093410,2025-07-07,24646,2348,88,1,4,5692.69
10639,1056876,2025-11-24,41730,710,94,1,2,206165.84
10640,1040901,2025-06-05,28088,466,7,1,2,1722.31
10641,1133963,2025-12-01,35894,655,47,1,2,9012.13
10642,1063720,2025-11-15,37855,470,64,1,2,930.55
10643,1167395,2025-07-21,46291,1707,64,1,4,11820.91
10644,1058319,2025-12-04,44582,2245,48,1,3,85347.64
10645,1043229,2025-12-19,9331,1088,69,1,3,26668.0
10646,1136568,2025-07-24,44923,1718,34,1,5,3047.44
10647,1066809,2026-02-21,35424,1673,48,1,2,68416.45
10648,1105288,2025-11-25,42592,1537,106,1,5,2969.71
10649,1127397,2026-03-12,49550,2333,4,1,4,2523.3
10650,1160780,2025-07-21,21756,1786,68,1,5,64759.34
10651,1064062,2026-01-16,32496,478,87,1,5,15774.19
10652,1021455,2025-05-30,19197,1941,62,1,2,4196.54
10653,1171162,2025-09-17,27672,216,62,1,4,2005.32
10654,1005787,2025-12-30,37904,1228,115,1,1,12954.95
10655,1019840,2026-01-21,27206,241,11,1,2,2882.34
10656,1000591,2025-09-24,3638,635,33,1,4,21037.15
10657,1098114,2026-04-03,794,2608,58,1,3,9807.64
10658,1191908,2026-03-15,49446,2429,36,1,3,80755.03
10659,1039672,2025-08-20,45256,1001,118,1,2,248072.95
10660,1013379,2025-10-02,35522,672,117,1,1,18141.4
10661,1025294,2026-01-17,2205,2068,83,1,5,1062.97
10662,1161621,2025-12-30,13583,755,95,1,4,547.96
10663,1103765,2025-06-30,47375,1946,108,1,2,89057.51
10664,1021946,2025-11-24,37363,1193,70,1,3,136566.44
10665,1151252,2025-10-11,20129,1057,42,1,4,19787.81
10666,1123898,2026-01-11,20256,106,4,1,1,6038.99
10667,1128366,2025-12-26,6880,57,55,1,3,741.13
10668,1155658,2025-09-25,945,1299,115,1,3,17078.67
10669,1132402,2026-02-01,48496,1061,48,1,3,485.75
10670,1196760,2025-09-12,20139,406,67,1,2,112.98
10671,1112170,2025-09-22,40840,193,62,1,4,11043.4
10672,1033680,2025-05-07,32487,1432,55,1,5,891.11
10673,1067632,2026-02-08,34107,1953,50,1,5,623.05
10674,1061840,2025-10-23,39644,257,65,1,3,7796.77
10675,1197671,2026-03-31,31083,2906,13,1,1,431.03
10676,1092515,2026-02-28,38428,2916,7,1,5,6195.76
10677,1192488,2025-05-03,35523,576,73,1,2,7135.88
10678,1049099,2026-02-15,12155,1344,58,1,5,6722.6
10679,1006626,2025-10-29,34535,1772,110,1,5,217931.5
10680,1183215,2025-07-31,21450,171,82,1,3,1133.65
10681,1064985,2025-12-20,31198,1484,100,1,5,1936.1
10682,1007732,2026-02-14,39287,739,34,1,3,8948.69
10683,1186773,2025-08-08,24689,1445,74,1,1,18252.84
10684,1177457,2025-11-15,44535,2460,84,1,1,514.22
10685,1171414,2025-11-13,751,2781,63,1,4,42507.85
10686,1177223,2025-07-21,31913,1202,10,1,4,3060.08
10687,1191945,2025-07-14,32825,1355,7,1,5,2633.54
10688,1186423,2026-01-19,23592,1074,117,1,3,1629.5
10689,1123010,2026-01-03,5807,1384,19,1,4,2696.79
10690,1185505,2025-07-21,15411,2548,24,1,4,965.4
10691,1199070,2025-09-10,48523,2571,104,1,5,27069.74
10692,1093869,2025-08-28,7866,2427,61,1,3,317.51
10693,1033606,2025-11-10,35361,1804,22,1,3,29004.61
10694,1170631,2025-10-02,18874,2592,5,1,2,14367.37
10695,1091619,2025-11-09,9382,237,68,1,3,12812.16
10696,1134787,2025-12-09,34363,2783,99,1,3,4398.97
10697,1157105,2025-05-11,42973,197,101,1,2,330.11
10698,1053008,2026-01-10,36825,1532,1,1,4,27356.1
10699,1092984,2026-03-20,29684,2486,43,1,4,3204.81
10700,1081737,2025-04-17,43550,904,119,1,1,79526.47
10701,1148546,2025-11-30,13037,2696,117,1,4,10509.64
10702,1188222,2025-10-19,6166,2912,113,1,5,10095.39
10703,1068884,2025-06-07,12754,1833,112,1,3,853.56
10704,1153571,2026-03-31,32024,512,41,1,3,17914.89
10705,1084533,2025-05-24,1748,2134,73,1,3,1467.9
10706,1002459,2025-12-07,45888,1635,48,1,5,20999.14
10707,1084716,2026-04-14,21389,1863,86,1,1,16531.71
10708,1192918,2025-10-19,48915,892,105,1,2,100224.37
10709,1099760,2025-07-03,17291,2201,105,1,2,5380.1
10710,1189574,2025-07-30,45655,434,25,1,3,817.17
10711,1121689,2025-10-01,39704,937,82,1,1,2358.91
10712,1158770,2025-08-24,17115,671,34,1,4,829.9
10713,1034531,2025-04-27,17012,1588,22,1,2,920.31
10714,1133563,2025-12-24,49239,2076,30,1,1,12406.2
10715,1171458,2025-06-15,28122,280,89,1,5,6093.4
10716,1172033,2025-09-12,10512,1154,50,1,4,808.49
10717,1042239,2026-04-02,3915,2448,98,1,1,1488.46
10718,1067608,2025-07-01,11989,221,61,1,4,6783.05
10719,1031682,2026-04-12,28789,1847,3,1,3,4592.28
10720,1140796,2025-09-18,34776,2674,114,1,1,15269.78
10721,1005797,2026-04-22,25400,2727,44,1,1,36524.4
10722,1025236,2026-01-31,3065,903,109,1,4,16936.75
10723,1088430,2026-01-15,10131,788,8,1,1,10276.01
10724,1176303,2026-02-12,2869,150,113,1,1,5725.88
10725,1029329,2025-10-29,6945,1653,76,1,3,336.01
10726,1118432,2025-11-24,26,102,82,1,4,6066.3
10727,1087410,2025-05-15,15496,1629,54,1,3,2094.9
10728,1101311,2025-07-27,29297,528,31,1,1,16210.91
10729,1179652,2025-06-13,24844,2219,47,1,1,31577.75
10730,1179092,2026-02-10,20408,1461,19,1,3,2517.85
10731,1029168,2025-08-28,34451,992,6,1,5,2803.54
10732,1053677,2025-11-28,32872,2001,20,1,4,624.5
10733,1080981,2026-03-15,4814,1737,87,1,1,1590.23
10734,1129025,2025-12-18,42561,1842,58,1,1,1042.78
10735,1093466,2026-03-23,49359,63,98,1,5,1025.01
10736,1182787,2025-09-03,40733,2783,36,1,3,1230.89
10737,1093224,2026-01-13,43965,101,78,1,1,684.21
10738,1167826,2025-12-01,20800,1764,34,1,1,3816.14
10739,1038251,2025-11-01,2603,2179,93,1,1,43435.08
10740,1194899,2025-12-26,22253,1843,99,1,5,3679.87
10741,1102185,2026-02-17,33652,1618,12,1,3,2941.22
10742,1022800,2025-04-28,17729,2954,57,1,5,26112.31
10743,1161201,2025-04-23,45100,2885,106,1,4,11622.79
10744,1008778,2025-12-06,38321,2018,63,1,2,783.28
10745,1147889,2025-05-04,35034,2702,27,1,2,1544.27
10746,1057283,2025-07-05,31958,714,14,1,5,1591.62
10747,1077215,2026-02-04,18643,293,48,1,5,53415.04
10748,1178752,2026-01-10,18233,1842,96,1,4,2093.91
10749,1040228,2026-03-18,13287,2426,40,1,5,3971.17
10750,1170820,2025-09-26,34197,2865,71,1,5,17022.29
10751,1120496,2025-12-16,31436,2116,50,1,5,928.57
10752,1158983,2025-12-04,9339,168,96,1,1,1516.52
10753,1044610,2026-02-07,49915,2068,79,1,1,2267.35
10754,1039522,2025-11-13,47418,1860,86,1,5,18474.97
10755,1122925,2026-02-14,33045,454,109,1,3,5075.15
10756,1046732,2026-03-30,38081,1049,107,1,2,6535.56
10757,1008050,2025-11-15,22882,1668,37,1,4,9787.24
10758,1076400,2025-07-28,40895,463,66,1,1,9077.59
10759,1098008,2025-05-07,45310,785,44,1,2,2321.52
10760,1167169,2026-04-12,34808,2504,77,1,2,5368.01
10761,1024445,2026-01-07,11026,684,55,1,4,13348.1
10762,1065193,2025-09-17,36680,14,83,1,5,3509.78
10763,1046535,2025-05-19,27501,2486,32,1,3,6430.36
10764,1090641,2025-07-21,29786,2893,111,1,3,13147.11
10765,1095802,2026-03-23,3970,866,79,1,4,847.26
10766,1010571,2025-12-06,1193,2066,114,1,4,36123.55
10767,1183929,2025-12-05,32136,2988,34,1,2,7606.4
10768,1033628,2025-07-16,5871,2655,106,1,4,1447.21
10769,1144098,2025-11-10,23568,2554,85,1,1,13447.38
10770,1173720,2025-05-30,35072,234,64,1,3,4302.7
10771,1085632,2025-06-26,33207,243,25,1,4,92946.84
10772,1045119,2025-08-25,41418,1872,25,1,1,343.34
10773,1004657,2026-03-01,366,1477,5,1,1,3435.59
10774,1133221,2025-11-13,17048,1055,117,1,3,15922.26
10775,1002912,2026-01-19,21524,178,50,1,5,691.86
10776,1098302,2025-10-19,36299,2851,107,1,5,110848.9
10777,1046785,2026-04-14,31575,1230,78,1,3,49976.88
10778,1097798,2025-12-04,21509,2266,108,1,5,19345.07
10779,1089091,2025-05-03,5145,699,33,1,2,14437.46
10780,1176961,2025-07-01,46821,1737,117,1,5,1062.36
10781,1076267,2025-07-04,13722,929,79,1,2,289.54
10782,1012736,2025-08-27,316,2483,17,1,5,100.06
10783,1021414,2025-12-25,27588,2889,53,1,5,124294.14
10784,1108802,2025-08-23,2197,2596,37,1,3,5475.02
10785,1044432,2025-08-25,48525,2325,22,1,3,8263.47
10786,1040554,2025-12-05,14850,2407,104,1,4,21180.95
10787,1025137,2025-11-18,33019,394,83,1,3,10771.43
10788,1059951,2026-02-14,31957,562,97,1,4,655.0
10789,1192417,2026-03-30,19822,758,58,1,5,10430.09
10790,1067210,2025-07-28,4952,1619,92,1,3,33109.09
10791,1094058,2025-09-19,14320,2865,16,1,4,12500.14
10792,1047868,2025-07-03,49689,1846,76,1,1,61013.55
10793,1112002,2025-10-21,47743,32,63,1,1,7755.71
10794,1006538,2025-06-02,29408,1393,81,1,3,6018.6
10795,1081025,2025-05-07,44145,332,38,1,3,9318.49
10796,1016718,2026-02-13,4361,1070,33,1,2,275.8
10797,1175788,2025-11-10,41665,2922,41,1,4,2138.39
10798,1121931,2025-11-10,495,1631,21,1,1,31412.42
10799,1071936,2026-03-08,16839,2966,11,1,5,4382.65
10800,1033344,2026-02-13,49067,2064,34,1,2,2286.82
10801,1044230,2026-03-09,1857,1087,33,1,3,23711.38
10802,1122667,2026-01-25,36942,645,45,1,5,19446.47
10803,1015949,2025-11-21,49744,331,41,1,4,366.13
10804,1146350,2025-11-04,47989,955,39,1,3,960.9
10805,1192932,2025-06-04,26609,1213,119,1,2,642.69
10806,1166473,2025-09-03,37436,1840,27,1,5,5220.92
10807,1029487,2025-11-13,11783,829,99,1,1,2207.12
10808,1115926,2025-12-05,47944,1479,30,1,3,1454.02
10809,1004145,2025-12-20,7315,659,10,1,1,404.91
10810,1083657,2026-01-12,33747,2195,77,1,5,5476.27
10811,1116846,2025-06-18,23550,1141,52,1,5,1102.66
10812,1034782,2025-05-19,21318,1932,98,1,4,5930.31
10813,1162806,2026-02-02,12565,1662,42,1,1,19432.3
10814,1154175,2025-10-20,31673,2042,51,1,1,27212.22
10815,1060397,2025-05-20,35735,336,46,1,5,1983.28
10816,1105635,2026-03-11,44193,271,37,1,2,72180.44
10817,1120287,2025-04-18,3805,1741,29,1,3,6017.82
10818,1060547,2025-10-23,18443,1621,51,1,4,121.03
10819,1103817,2025-11-12,7639,737,48,1,2,961.4
10820,1004663,2026-02-26,45839,1625,40,1,2,41531.43
10821,1052476,2025-11-30,16551,1650,55,1,4,40935.7
10822,1024068,2025-12-13,20676,2495,82,1,1,45158.55
10823,1030061,2025-12-12,11278,1899,92,1,4,17412.98
10824,1081161,2025-06-30,5244,1547,84,1,1,2263.17
10825,1056765,2025-11-14,28928,1692,64,1,3,3075.19
10826,1128729,2026-02-22,21625,1179,94,1,3,391.52
10827,1012525,2025-04-29,23579,962,113,1,1,545.86
10828,1139752,2025-08-24,47298,207,56,1,4,6824.76
10829,1080337,2026-03-08,15110,2081,79,1,2,1266.74
10830,1007213,2025-06-18,37769,2692,108,1,2,47185.63
10831,1018631,2025-04-17,12168,234,90,1,3,3084.69
10832,1026329,2026-03-09,7589,2215,13,1,3,5360.98
10833,1023702,2025-05-06,14467,491,44,1,2,214583.71
10834,1124311,2025-05-10,24195,2431,7,1,5,13836.71
10835,1078605,2025-08-27,32116,1222,114,1,4,19726.29
10836,1000705,2025-12-04,23827,1567,41,1,3,954.46
10837,1083211,2026-02-23,12168,2245,3,1,2,95262.28
10838,1090522,2025-12-20,10944,2449,46,1,1,231410.41
10839,1009575,2026-01-20,43757,1129,84,1,4,544.5
10840,1008946,2025-11-12,18316,1424,43,1,3,2328.21
10841,1190948,2026-03-28,37094,2222,16,1,4,62710.73
10842,1164841,2025-12-25,19445,6,39,1,4,490566.96
10843,1080792,2025-06-15,23270,1827,44,1,5,31506.15
10844,1124215,2025-07-02,45988,429,10,1,2,7151.82
10845,1068602,2025-05-30,532,2100,65,1,3,22875.22
10846,1018799,2025-09-18,3831,2801,90,1,1,349.59
10847,1145961,2025-08-29,36104,1781,88,1,1,124831.41
10848,1194920,2026-04-03,33813,2764,79,1,1,1407.79
10849,1028157,2025-05-13,25050,1619,67,1,3,66278.34
10850,1090584,2025-08-26,39992,578,83,1,2,1250.27
10851,1176855,2026-04-06,21062,1717,27,1,1,1522.93
10852,1119690,2025-12-23,45518,1395,97,1,2,15344.37
10853,1151605,2025-08-07,49579,2380,97,1,5,23411.33
10854,1088733,2026-01-13,47957,1640,117,1,5,1975.41
10855,1109876,2025-10-22,12415,2794,88,1,2,8264.45
10856,1142730,2025-11-27,40071,1249,91,1,1,768.55
10857,1104483,2025-06-07,39776,1819,32,1,2,82956.69
10858,1006802,2025-11-28,8720,1146,53,1,4,1208.54
10859,1184241,2026-03-11,16263,2330,58,1,3,3151.93
10860,1090123,2025-08-07,19569,1689,38,1,4,1749.37
10861,1092136,2025-05-03,5391,2808,61,1,4,6602.64
10862,1179268,2025-08-29,24369,2559,26,1,4,11899.14
10863,1067333,2026-01-28,5195,1149,2,1,2,13114.16
10864,1139243,2025-11-18,20610,460,50,1,4,148587.17
10865,1035560,2026-03-08,20195,797,29,1,4,171112.32
10866,1061497,2026-02-06,35692,2029,101,1,2,470.17
10867,1030089,2025-06-27,11107,182,13,1,1,692.5
10868,1004386,2026-01-30,35286,111,58,1,2,1182.72
10869,1129732,2025-06-07,39553,887,104,1,4,16268.81
10870,1023474,2025-08-18,36898,1734,78,1,3,609.08
10871,1108693,2025-09-25,258,2099,105,1,5,2720.31
10872,1191038,2025-08-04,25067,2790,21,1,1,404.55
10873,1068601,2026-03-25,11690,2967,112,1,2,10940.41
10874,1018440,2025-04-28,18601,2573,50,1,2,13662.42
10875,1060826,2026-01-02,15566,75,43,1,3,5902.2
10876,1148605,2025-05-04,6887,858,65,1,1,12857.32
10877,1080051,2026-02-09,40380,846,12,1,5,4000.27
10878,1044980,2025-09-14,22265,208,106,1,2,3181.87
10879,1195046,2026-01-26,12618,2205,113,1,2,23754.62
10880,1147576,2025-11-20,29476,1834,90,1,2,3101.82
10881,1178718,2026-01-17,19283,1767,4,1,2,434.7
10882,1179307,2025-10-27,983,736,103,1,3,684.99
10883,1014883,2025-06-13,39201,2475,2,1,5,104.47
10884,1176768,2025-10-09,49128,2603,105,1,1,27766.11
10885,1084144,2025-12-27,23801,2276,82,1,2,2013.09
10886,1147037,2025-10-01,47139,1830,16,1,4,1090.87
10887,1077020,2026-01-01,48588,593,61,1,4,5908.75
10888,1085212,2025-05-10,33830,2788,73,1,4,67141.6
10889,1017505,2025-12-26,28205,2748,29,1,1,1501.12
10890,1011152,2025-04-17,17253,1057,9,1,3,9378.5
10891,1051966,2026-03-16,8450,1783,98,1,5,14799.79
10892,1092929,2026-01-07,44249,445,19,1,3,28454.34
10893,1093005,2025-07-08,39719,2823,99,1,2,9728.25
10894,1115097,2025-06-26,10905,2844,45,1,2,1906.71
10895,1028586,2026-01-08,24691,1011,31,1,3,4666.44
10896,1184910,2025-07-03,42877,2920,37,1,4,114.97
10897,1112457,2026-01-14,22217,1395,83,1,2,3662.29
10898,1136027,2025-06-05,26475,2955,110,1,5,18848.51
10899,1032890,2025-06-13,10841,2916,88,1,1,5987.1
10900,1089069,2026-02-22,34944,391,115,1,2,6557.75
10901,1074612,2025-04-21,42480,984,120,1,5,6777.75
10902,1096607,2026-02-07,13467,1489,15,1,1,30933.47
10903,1119648,2026-01-26,5709,536,50,1,3,622.13
10904,1030383,2025-10-01,43502,1237,28,1,2,10650.1
10905,1111035,2026-03-26,15039,1106,32,1,4,194524.81
10906,1198562,2026-03-02,23838,477,53,1,1,386.29
10907,1146651,2025-09-15,36874,594,77,1,5,2387.79
10908,1010285,2025-09-01,1647,803,82,1,1,5968.59
10909,1013744,2025-06-12,32398,2584,32,1,3,33918.96
10910,1158509,2025-08-06,32730,1798,5,1,4,137347.78
10911,1057043,2026-01-29,18963,2334,101,1,2,1752.75
10912,1137947,2026-02-14,32535,258,84,1,3,6821.36
10913,1027014,2025-09-08,49366,869,31,1,2,855.28
10914,1076202,2025-06-12,3015,526,5,1,4,13314.82
10915,1051275,2025-06-01,22006,495,30,1,1,16174.75
10916,1122580,2025-09-29,33207,181,5,1,1,16927.32
10917,1149919,2026-04-09,41418,1008,92,1,5,394.36
10918,1045069,2025-08-03,13502,1217,33,1,3,1886.46
10919,1100637,2026-01-11,1150,2511,52,1,2,1882.27
10920,1023459,2025-06-19,41155,2160,16,1,2,12564.34
10921,1001253,2026-03-04,7719,2209,117,1,5,18367.9
10922,1152385,2025-08-01,34636,951,60,1,5,14144.63
10923,1130461,2025-12-13,48362,2282,48,1,3,1533.64
10924,1159771,2025-06-21,48747,1162,78,1,4,699.61
10925,1046774,2026-01-02,48605,854,23,1,4,2587.18
10926,1106104,2025-10-19,1848,2490,5,1,5,18443.53
10927,1105528,2025-09-12,7006,829,12,1,3,1268.06
10928,1075149,2026-03-23,22656,354,115,1,2,1926.12
10929,1070297,2025-07-01,32468,2842,74,1,1,1251.95
10930,1174023,2025-10-03,45986,2504,80,1,5,2685.29
10931,1018125,2025-12-19,2535,1083,19,1,3,10354.68
10932,1137843,2026-01-22,48607,2973,117,1,1,1326.51
10933,1138624,2025-08-06,22309,864,111,1,4,60550.8
10934,1177652,2026-04-04,9208,884,2,1,3,3659.45
10935,1100594,2025-12-08,7111,1613,62,1,4,2559.21
10936,1108538,2026-02-15,17452,1166,50,1,2,8721.02
10937,1056678,2026-02-16,27930,2216,18,1,4,12924.13
10938,1185309,2025-07-21,27215,2971,17,1,1,40033.75
10939,1150889,2025-12-18,35097,2624,2,1,4,441.29
10940,1190351,2025-06-19,24027,2708,9,1,5,797.81
10941,1168716,2025-08-07,25636,1757,92,1,3,5832.06
10942,1007032,2025-08-04,28660,720,34,1,3,1064.09
10943,1057896,2025-11-29,28950,129,2,1,1,1175.43
10944,1140430,2025-06-27,33786,2017,77,1,1,2382.17
10945,1101913,2025-09-10,16281,632,74,1,3,3539.02
10946,1164910,2025-12-08,28982,287,17,1,1,663.86
10947,1052459,2025-07-01,27295,1477,10,1,1,7092.96
10948,1049780,2025-08-13,12224,2091,29,1,4,1184.04
10949,1113433,2025-11-05,20005,1029,109,1,3,25.18
10950,1112656,2026-03-12,43358,2905,41,1,2,1265.4
10951,1144895,2025-04-20,4604,1320,7,1,5,364598.88
10952,1024638,2025-12-21,16842,1279,38,1,3,6416.97
10953,1103396,2025-10-19,7902,2095,104,1,5,448.61
10954,1136998,2025-05-23,20563,1800,60,1,1,16788.71
10955,1056229,2026-02-26,2234,573,31,1,2,318.71
10956,1004734,2025-11-27,2910,932,29,1,5,1927.84
10957,1178979,2025-05-16,3745,448,104,1,4,11199.75
10958,1153809,2025-04-26,25144,524,94,1,2,694.98
10959,1069153,2026-02-13,1718,2445,111,1,5,252.36
10960,1151414,2026-02-11,46235,795,101,1,1,2057.59
10961,1021285,2025-06-12,44197,2085,63,1,1,3528.11
10962,1023448,2026-01-21,7553,2345,34,1,5,998.29
10963,1009950,2025-09-05,8821,2892,90,1,5,13880.89
10964,1096482,2025-11-02,12380,1735,29,1,4,246.08
10965,1055627,2025-11-07,33540,1257,114,1,4,4316.5
10966,1174384,2025-07-06,37367,2350,1,1,3,988.71
10967,1098627,2026-03-02,11445,1837,62,1,1,18824.77
10968,1168411,2025-05-03,5167,2048,89,1,5,10357.57
10969,1018781,2025-07-27,31723,1584,55,1,5,375.62
10970,1036882,2026-02-26,16437,555,93,1,5,26065.24
10971,1137187,2025-08-20,19335,680,78,1,5,16083.86
10972,1041154,2025-07-07,44972,591,16,1,2,721.21
10973,1004784,2025-11-27,9371,2745,5,1,2,9055.76
10974,1085375,2026-02-09,25797,1872,31,1,3,684.87
10975,1114218,2025-07-24,11405,671,39,1,5,4280.69
10976,1090188,2026-03-07,12439,1527,71,1,2,666.87
10977,1035945,2025-11-04,14656,425,8,1,2,154.87
10978,1160827,2026-02-11,985,1994,85,1,4,4909.56
10979,1179529,2026-01-20,21100,906,18,1,4,16119.78
10980,1045244,2026-03-14,3749,840,56,1,5,7961.74
10981,1138925,2025-08-14,35730,2959,20,1,2,1862.25
10982,1165379,2025-07-22,27163,794,67,1,2,11563.29
10983,1118455,2025-07-28,49511,452,48,1,1,6356.72
10984,1189625,2025-10-20,39975,2224,60,1,1,19178.05
10985,1016780,2026-02-19,47805,1151,108,1,1,4532.65
10986,1158739,2025-12-19,20465,1378,73,1,3,2376.53
10987,1054348,2026-03-01,38504,1587,101,1,1,175.74
10988,1175897,2026-01-19,46294,2109,86,1,3,2343.27
10989,1011111,2025-08-06,13954,1331,43,1,1,302.22
10990,1180584,2025-12-05,3938,2024,87,1,3,3393.64
10991,1097740,2025-11-21,17850,1513,22,1,5,7985.0
10992,1109945,2025-07-08,23432,2756,98,1,3,411.5
10993,1152527,2025-11-11,25039,2780,59,1,3,977.05
10994,1159295,2025-12-04,7141,2332,46,1,1,27266.25
10995,1192897,2025-09-18,49487,926,2,1,2,1775.02
10996,1133481,2026-01-16,9151,306,84,1,3,732.09
10997,1146528,2026-02-04,18260,673,52,1,4,18040.81
10998,1128214,2026-02-26,30155,2567,31,1,3,307.81
10999,1000140,2026-03-22,24327,1861,11,1,5,5549.82
11000,1040541,2026-03-15,11948,1461,4,1,5,2452.76
11001,1118248,2025-10-10,24426,2679,41,1,5,268.05
11002,1184429,2025-04-24,46724,1634,97,1,5,1058.21
11003,1192709,2025-07-05,8046,2422,36,1,3,175056.91
11004,1138474,2026-03-03,37536,2391,62,1,1,6841.51
11005,1163956,2025-12-30,25455,1834,41,1,4,6023.12
11006,1140362,2025-09-29,19057,2870,57,1,1,6133.57
11007,1076839,2025-05-17,18084,183,48,1,1,9063.34
11008,1013332,2025-07-09,42091,2740,37,1,3,100243.16
11009,1035185,2025-12-05,25127,2128,32,1,2,24762.26
11010,1188912,2026-02-13,47297,647,46,1,4,2584.09
11011,1005100,2025-06-30,14680,1607,59,1,1,99.0
11012,1173796,2025-12-10,32712,843,91,1,3,166.45
11013,1180477,2025-06-02,635,2583,1,1,1,476.14
11014,1149894,2025-06-16,33931,1734,75,1,1,426.12
11015,1070598,2025-08-24,3583,2142,92,1,5,10585.76
11016,1027016,2025-05-01,21093,2520,35,1,3,1428.17
11017,1004101,2025-08-23,9560,2899,50,1,1,3483.96
11018,1027469,2025-07-17,23704,1683,56,1,4,442.71
11019,1033561,2025-10-20,35421,2006,10,1,3,4157.97
11020,1184283,2026-02-20,33923,2954,27,1,5,25367.16
11021,1097762,2026-03-10,8226,1607,89,1,3,302.64
11022,1077421,2025-10-30,37001,809,3,1,1,350.68
11023,1154077,2026-04-12,8120,2827,18,1,2,2287.61
11024,1135543,2025-12-02,4792,193,76,1,2,11115.21
11025,1070374,2026-01-01,28818,998,30,1,1,1636.53
11026,1010816,2026-02-18,6438,997,112,1,3,70.55
11027,1091059,2025-10-15,11877,2816,42,1,5,1334.6
11028,1048592,2025-06-02,26030,1623,71,1,5,5738.3
11029,1081114,2025-11-20,26020,987,42,1,3,2593.84
11030,1001738,2025-07-09,45535,2650,78,1,2,2224.56
11031,1186981,2025-04-29,30907,2583,65,1,4,2390.23
11032,1169527,2026-02-13,3312,2335,4,1,1,6803.96
11033,1048323,2026-03-27,24296,879,58,1,3,510.41
11034,1114541,2025-11-23,20624,1771,37,1,4,3364.32
11035,1033767,2025-11-25,10336,1785,4,1,1,35456.52
11036,1178110,2025-08-06,14949,2027,38,1,5,773.44
11037,1090041,2026-03-09,4657,949,12,1,2,633.23
11038,1138404,2025-09-01,1364,261,32,1,5,2545.59
11039,1071149,2025-10-03,17959,1844,88,1,2,1676.7
11040,1189574,2025-09-13,34736,2712,39,1,5,126.83
11041,1153961,2025-07-02,19486,888,36,1,1,10777.9
11042,1189714,2025-07-15,5823,801,63,1,3,6925.27
11043,1049939,2025-12-27,17631,505,12,1,3,1761.5
11044,1045462,2025-06-07,42977,2391,81,1,1,3357.45
11045,1133505,2025-10-20,12250,2361,10,1,1,441.34
11046,1109739,2025-11-04,35714,566,108,1,3,7875.14
11047,1010411,2025-05-08,30133,1580,75,1,4,84951.98
11048,1186700,2025-10-26,5810,550,35,1,2,7712.01
11049,1043575,2025-07-17,36889,277,22,1,4,693.41
11050,1088106,2025-10-06,20587,1950,60,1,5,533.24
11051,1046346,2026-01-23,19522,2307,54,1,3,419.05
11052,1025216,2026-01-28,22742,1514,31,1,4,448.04
11053,1165388,2025-07-18,37100,447,39,1,4,2012.58
11054,1122444,2025-06-16,39534,263,1,1,3,837.17
11055,1046171,2025-05-28,44,2859,71,1,4,46251.79
11056,1061065,2026-02-24,40106,2268,115,1,3,763.0
11057,1017449,2025-11-28,7571,927,116,1,1,16644.54
11058,1065770,2025-12-04,18410,1579,73,1,2,259.14
11059,1027591,2026-04-04,26441,1047,53,1,1,1074.97
11060,1044493,2025-07-01,41198,699,33,1,3,7174.8
11061,1105452,2025-08-12,11177,1964,110,1,2,355.61
11062,1013017,2025-12-20,1110,81,23,1,1,16749.35
11063,1045484,2025-10-08,44289,1216,10,1,5,131925.3
11064,1010843,2026-03-08,15066,786,102,1,2,4423.92
11065,1000671,2025-05-04,37261,339,73,1,5,291.78
11066,1135392,2025-06-07,34873,1613,2,1,3,5347.27
11067,1046127,2025-07-13,31302,2148,89,1,4,587.5
11068,1024644,2026-04-03,30614,2541,67,1,3,5954.47
11069,1197958,2026-02-04,16664,2760,38,1,5,6319.61
11070,1027134,2025-06-13,29032,2089,102,1,3,3507.48
11071,1151402,2025-07-26,46575,562,109,1,3,713.9
11072,1045674,2025-11-18,9042,897,26,1,2,37762.95
11073,1008007,2025-11-08,10521,1367,38,1,3,26204.19
11074,1151272,2025-12-25,8058,1784,67,1,5,18379.87
11075,1184538,2025-06-11,30066,2547,93,1,5,5979.02
11076,1131703,2025-11-07,15496,2266,113,1,1,20873.51
11077,1053043,2025-09-22,33094,1691,41,1,1,548.22
11078,1113930,2026-02-11,4155,2002,82,1,2,28064.55
11079,1072776,2025-11-27,9737,2357,21,1,4,5283.21
11080,1096494,2025-09-27,15986,1465,66,1,3,643.35
11081,1176721,2025-10-02,30494,2882,79,1,3,2473.41
11082,1029314,2026-03-05,29607,440,44,1,3,2633.25
11083,1198287,2025-07-15,29512,988,59,1,3,6997.15
11084,1059874,2025-11-25,22250,2862,25,1,2,1758.1
11085,1074314,2025-07-06,11438,329,119,1,2,448.36
11086,1042323,2025-09-02,5536,1800,50,1,5,8553.07
11087,1011552,2025-07-13,15958,2641,16,1,2,40980.77
11088,1118519,2025-06-16,16235,1957,19,1,5,40560.88
11089,1032531,2025-06-11,4568,2016,48,1,3,19955.46
11090,1171249,2026-02-02,45309,939,71,1,2,90114.88
11091,1113502,2026-01-09,9003,583,63,1,4,69305.18
11092,1096059,2025-06-24,8894,955,72,1,5,313.48
11093,1048029,2025-09-30,3288,2434,12,1,3,35515.73
11094,1076594,2025-05-20,27793,2448,78,1,4,1469.42
11095,1049178,2025-08-14,18473,1568,103,1,1,3954.24
11096,1146342,2025-05-27,16237,1271,78,1,2,4155.42
11097,1013664,2025-10-07,34687,423,64,1,1,9305.74
11098,1156390,2026-01-12,47174,719,98,1,3,21448.31
11099,1119978,2025-07-10,20034,1909,30,1,4,8084.38
11100,1146730,2025-11-25,47576,186,72,1,4,1093.16
11101,1142799,2026-02-03,3156,1675,66,1,3,1902.17
11102,1105144,2026-01-23,50000,1502,95,1,2,214.48
11103,1102729,2025-06-10,28760,2703,99,1,1,16516.91
11104,1033419,2026-03-07,25384,2500,85,1,4,18131.86
11105,1078120,2025-09-07,46194,1262,90,1,1,1580.88
11106,1069872,2025-07-08,43453,617,55,1,1,204.01
11107,1155360,2026-04-04,49398,1543,81,1,1,3031.46
11108,1174344,2025-07-12,46827,1903,95,1,2,8651.84
11109,1001879,2026-03-21,132,1205,37,1,2,11567.59
11110,1092079,2026-01-10,30703,430,79,1,1,155143.31
11111,1175048,2025-10-14,23392,1348,73,1,4,226537.01
11112,1024085,2026-02-04,22390,2901,75,1,1,44681.61
11113,1136735,2025-12-12,37416,2588,50,1,3,801.47
11114,1147530,2025-09-11,2115,187,107,1,4,2587.5
11115,1047230,2025-10-28,12558,264,12,1,5,1488.22
11116,1102342,2025-06-14,20353,226,108,1,4,12119.06
11117,1088265,2026-02-05,3777,2563,79,1,5,5999.51
11118,1132304,2026-04-25,25805,2489,84,1,1,455.08
11119,1050857,2025-06-19,23789,1734,11,1,4,609.33
11120,1180689,2026-01-07,45141,37,81,1,4,500.02
11121,1041340,2025-11-29,29978,1913,83,1,2,35586.25
11122,1057887,2026-01-12,35992,2871,50,1,4,4650.27
11123,1061812,2026-04-27,19723,2331,116,1,3,4552.42
11124,1091521,2026-01-30,44175,1526,30,1,3,59076.15
11125,1197118,2025-12-11,47814,1583,61,1,5,671.9
11126,1016759,2026-01-16,4503,2836,77,1,2,580.87
11127,1057125,2026-03-05,17691,2335,81,1,4,7001.48
11128,1193249,2025-07-28,20344,363,9,1,5,3133.96
11129,1174958,2026-02-19,17558,2137,107,1,4,9079.47
11130,1045239,2026-02-19,19172,2570,1,1,1,15785.75
11131,1023159,2025-06-27,16833,903,86,1,5,24657.5
11132,1178147,2025-12-18,45722,2070,100,1,4,2280.73
11133,1058162,2025-08-29,35847,2193,81,1,3,2738.41
11134,1166364,2025-08-23,35112,2584,52,1,2,32968.86
11135,1087020,2025-05-05,17155,527,50,1,1,186353.06
11136,1153852,2025-08-21,35239,204,77,1,3,446.04
11137,1085829,2025-06-18,2432,687,105,1,1,6144.25
11138,1010500,2025-11-30,38439,932,77,1,5,1122.81
11139,1154617,2025-10-11,34775,477,27,1,1,357.04
11140,1140547,2025-12-19,18770,2448,71,1,4,5652.5
11141,1095242,2025-09-22,24282,206,53,1,5,18028.12
11142,1158935,2025-10-19,20103,1353,29,1,3,8639.63
11143,1158008,2026-03-07,48731,497,16,1,4,2922.61
11144,1030333,2025-12-26,28015,1405,32,1,4,11274.33
11145,1065355,2026-02-23,2537,2124,114,1,2,13098.15
11146,1134967,2025-12-13,40903,2666,49,1,4,1698.46
11147,1034285,2025-09-02,45722,6,106,1,1,143702.24
11148,1102382,2025-12-29,22461,1744,69,1,2,29781.5
11149,1054930,2026-04-11,33099,2053,87,1,5,26062.7
11150,1168439,2025-04-19,49306,668,38,1,5,1261.78
11151,1017198,2026-01-16,34392,242,94,1,2,13380.41
11152,1029094,2026-03-15,37768,2586,72,1,1,10868.86
11153,1043424,2025-08-09,29006,2481,114,1,1,9125.89
11154,1194090,2026-04-10,27850,2430,99,1,4,3699.03
11155,1016384,2026-03-23,42543,718,118,1,4,233.31
11156,1173346,2026-03-16,45555,2333,108,1,4,2244.42
11157,1099642,2025-09-21,7239,927,95,1,4,11345.86
11158,1076955,2025-04-13,25356,2146,23,1,1,5339.06
11159,1011776,2025-06-07,26584,2445,43,1,5,240.96
11160,1135115,2025-12-03,44711,2208,113,1,1,187506.11
11161,1170379,2026-01-04,30648,2050,77,1,3,3591.41
11162,1165051,2026-01-08,36365,2596,40,1,5,4669.89
11163,1014547,2025-11-06,34036,177,14,1,1,9837.33
11164,1097744,2025-09-04,34562,2905,61,1,3,666.12
11165,1085015,2026-01-02,28857,1152,75,1,5,6504.55
11166,1167043,2025-08-13,25268,452,54,1,3,13267.32
11167,1159189,2026-03-06,24075,213,75,1,5,12908.54
11168,1113372,2026-03-20,39901,1119,69,1,5,10944.84
11169,1067689,2025-06-14,26495,2519,100,1,1,71.54
11170,1073138,2026-03-15,47956,1556,67,1,1,8072.96
11171,1033725,2025-12-09,38297,199,50,1,1,803.68
11172,1131110,2025-09-30,46587,2290,80,1,5,22464.23
11173,1178499,2025-07-29,23424,256,54,1,1,1565.72
11174,1092697,2025-05-13,41868,1941,90,1,2,3931.96
11175,1034706,2025-08-19,45114,863,68,1,5,825.51
11176,1189505,2026-03-24,14325,512,66,1,3,17743.99
11177,1033209,2025-12-25,13754,2670,16,1,4,51891.92
11178,1086181,2025-10-14,43213,814,5,1,5,842.82
11179,1173756,2025-11-05,29070,1240,41,1,5,596.07
11180,1126886,2025-11-27,46720,2396,51,1,5,5584.56
11181,1048837,2026-02-20,34037,141,4,1,2,141772.34
11182,1171899,2025-09-25,29649,829,68,1,3,2268.05
11183,1161250,2026-02-24,7643,1233,60,1,2,35878.0
11184,1075797,2026-01-26,21411,70,65,1,2,1033.86
11185,1054037,2026-01-27,42348,1516,8,1,2,648.86
11186,1144140,2026-04-09,19023,2019,82,1,5,44963.28
11187,1100942,2025-11-23,33777,1920,80,1,4,434.93
11188,1195147,2025-08-17,45215,838,55,1,1,1916.15
11189,1069973,2026-01-27,30794,2988,18,1,3,8144.64
11190,1145222,2025-11-30,37547,1550,6,1,3,33631.14
11191,1185417,2025-09-14,5867,949,10,1,1,1376.19
11192,1118543,2026-03-10,36903,150,67,1,2,5694.65
11193,1047563,2026-01-29,44041,2888,51,1,1,135535.86
11194,1037155,2025-08-15,49494,1666,13,1,4,44762.6
11195,1124175,2025-10-03,17980,290,85,1,4,4837.09
11196,1191033,2025-10-18,44841,866,34,1,2,774.06
11197,1087578,2025-10-08,40132,2466,34,1,1,3544.76
11198,1129060,2025-11-28,15987,1651,91,1,2,1049.46
11199,1172703,2025-12-28,19676,1956,47,1,4,229.46
11200,1087134,2025-12-12,1620,2126,113,1,3,574.79
11201,1099886,2026-02-04,8967,2685,33,1,5,6970.95
11202,1141856,2026-02-20,32201,83,28,1,3,41653.74
11203,1085968,2025-06-26,19474,2905,17,1,1,641.75
11204,1008367,2025-11-27,44234,2666,47,1,3,8893.91
11205,1095437,2025-09-16,33228,642,78,1,2,18131.88
11206,1107048,2025-06-20,4062,2255,112,1,4,1519.31
11207,1018014,2025-09-21,19149,1338,31,1,4,7398.13
11208,1037059,2025-10-23,39992,2363,79,1,5,69732.54
11209,1169795,2025-05-14,31041,2601,29,1,5,578.3
11210,1066177,2025-09-30,46042,2651,5,1,1,2210.49
11211,1170082,2025-05-04,17085,1994,67,1,3,4980.89
11212,1154564,2025-09-01,28792,2125,78,1,1,4664.36
11213,1109005,2025-09-27,24632,1330,60,1,2,4803.86
11214,1058965,2025-11-15,27615,1567,28,1,1,1042.15
11215,1050572,2025-12-01,24221,568,91,1,3,299.71
11216,1062582,2025-07-13,7753,1118,30,1,2,255.61
11217,1025692,2025-11-15,6688,133,7,1,4,9446.19
11218,1161555,2025-09-06,29190,915,3,1,1,36332.04
11219,1080554,2025-10-18,48219,12,6,1,1,7558.05
11220,1090925,2025-09-26,6935,649,109,1,4,13420.48
11221,1189497,2025-11-06,15266,1176,81,1,3,1356.15
11222,1011013,2025-09-28,12482,2859,115,1,3,90691.98
11223,1167804,2025-11-20,3073,2103,37,1,3,835.75
11224,1028221,2025-10-27,14764,864,85,1,4,42399.02
11225,1198851,2025-11-09,15716,1204,116,1,5,3442.38
11226,1152907,2025-09-01,30865,1487,6,1,3,16436.22
11227,1189696,2025-10-13,17545,1275,102,1,1,128.24
11228,1195268,2025-06-01,43252,2148,47,1,5,1245.59
11229,1027918,2025-10-02,14902,2320,70,1,1,10539.09
11230,1199434,2025-08-30,24885,2512,94,1,1,58534.15
11231,1079425,2025-05-25,11228,2825,17,1,4,9281.66
11232,1163482,2026-03-27,4824,856,22,1,5,133435.69
11233,1032092,2025-07-17,14916,1516,91,1,1,647.56
11234,1013665,2025-08-13,34494,2193,62,1,5,2653.85
11235,1018251,2026-04-23,32683,2361,65,1,5,417.54
11236,1180255,2026-01-15,21196,2615,53,1,5,120.27
11237,1072579,2025-04-17,4250,1800,12,1,5,13066.81
11238,1082301,2026-01-16,49936,1045,3,1,3,1106.53
11239,1006219,2025-05-19,5255,2652,28,1,4,61080.92
11240,1038961,2025-04-28,11249,1737,56,1,3,1040.77
11241,1129184,2026-04-07,31131,1120,82,1,4,1166.93
11242,1178373,2025-05-14,742,2656,55,1,3,409.91
11243,1034178,2025-09-21,7402,775,26,1,5,13184.06
11244,1120734,2025-07-04,45340,2779,15,1,1,2240.29
11245,1018753,2025-10-08,49755,1948,106,1,5,2200.89
11246,1102079,2025-08-14,802,815,116,1,4,328.27
11247,1082880,2026-03-04,41565,1840,51,1,4,2022.09
11248,1164603,2025-07-20,34941,2293,72,1,3,6764.52
11249,1037388,2025-07-02,31487,2090,17,1,4,5840.72
11250,1035680,2025-11-21,38646,2899,24,1,4,7284.81
11251,1104997,2025-11-08,29354,1686,119,1,3,677.28
11252,1162502,2026-03-09,37957,2092,57,1,2,892.77
11253,1144600,2025-11-16,31686,187,106,1,5,2753.08
11254,1097887,2025-11-20,19668,1409,90,1,5,11282.39
11255,1136232,2025-05-31,45369,2503,24,1,4,680.57
11256,1143311,2025-12-14,4110,2729,87,1,5,260.84
11257,1175356,2025-09-03,8718,2338,102,1,5,2677.36
11258,1097499,2025-08-01,21762,950,53,1,4,1412.02
11259,1051633,2025-04-21,37254,2709,119,1,5,835.47
11260,1067538,2025-06-26,45459,1830,80,1,2,2324.0
11261,1195323,2025-04-16,40533,2038,117,1,2,2953.8
11262,1077407,2025-12-03,21799,126,38,1,5,1078.44
11263,1111689,2025-06-28,25885,2220,21,1,1,2310.47
11264,1063926,2026-01-22,49640,1230,26,1,5,54215.26
11265,1070513,2025-08-12,28013,2941,37,1,5,10317.83
11266,1155645,2026-03-31,17566,580,98,1,5,1588.82
11267,1143017,2025-12-06,1495,2787,25,1,5,307077.31
11268,1106349,2026-04-01,7604,1064,87,1,4,7106.5
11269,1154137,2025-05-02,22195,2421,8,1,1,1717.62
11270,1110330,2025-04-22,45038,1106,92,1,4,68054.04
11271,1154311,2026-01-05,37880,219,61,1,4,13894.66
11272,1091023,2025-06-18,9070,2168,16,1,4,2384.45
11273,1026844,2026-03-08,38855,861,29,1,1,516.34
11274,1131790,2025-05-02,12063,1521,7,1,3,6059.3
11275,1113591,2025-09-15,23915,2859,14,1,5,224102.2
11276,1098219,2025-07-04,25491,2016,107,1,1,21287.11
11277,1077054,2025-08-03,6852,663,35,1,4,12747.89
11278,1057123,2025-08-20,29066,154,5,1,1,1382.98
11279,1192677,2026-03-11,41877,1862,53,1,1,493.15
11280,1022017,2025-12-07,20461,2390,34,1,1,586.72
11281,1182559,2025-06-10,29023,1514,82,1,3,478.97
11282,1157290,2025-08-24,5370,693,10,1,5,4352.93
11283,1136564,2026-03-07,48372,2419,62,1,2,699.04
11284,1026940,2025-06-20,13355,866,84,1,1,1657.21
11285,1112074,2025-12-05,19043,218,27,1,3,675.06
11286,1123972,2026-03-11,21609,1475,58,1,2,13943.07
11287,1084511,2025-11-23,21500,2897,108,1,1,190.76
11288,1108739,2026-03-04,13996,793,74,1,5,3857.73
11289,1168024,2025-11-02,564,1215,11,1,1,5731.13
11290,1123028,2025-11-15,49621,680,114,1,1,30947.34
11291,1053973,2025-10-01,48988,1948,47,1,2,3152.05
11292,1080237,2025-09-29,46420,1568,50,1,3,1755.01
11293,1162529,2026-02-12,10287,1331,20,1,3,1106.56
11294,1017181,2025-12-26,14163,495,67,1,3,30380.54
11295,1020946,2025-09-17,35203,2289,20,1,2,10274.87
11296,1181716,2025-05-23,15764,1664,63,1,1,1747.52
11297,1110480,2026-03-03,24402,483,33,1,1,705.31
11298,1091424,2025-11-27,46768,961,71,1,2,2500.09
11299,1077574,2025-10-19,6622,511,62,1,3,10045.36
11300,1055248,2026-03-29,49692,1691,50,1,4,544.05
11301,1018200,2026-01-08,3353,299,62,1,3,342903.83
11302,1196187,2025-08-25,16421,95,6,1,5,14866.65
11303,1011569,2025-11-03,21283,1907,18,1,2,89853.01
11304,1096882,2026-03-12,49039,133,68,1,2,3082.01
11305,1166609,2025-11-29,16367,912,93,1,2,62671.53
11306,1118172,2026-01-18,24665,1326,3,1,4,40360.44
11307,1084272,2025-09-17,22093,335,107,1,2,3234.72
11308,1196085,2026-04-02,908,2879,58,1,3,2343.34
11309,1049677,2026-04-19,3230,4,114,1,4,5187.0
11310,1135335,2026-03-22,37524,2931,39,1,2,24.23
11311,1065757,2026-04-21,31756,2128,39,1,4,80001.19
11312,1028210,2026-01-22,39628,1069,77,1,4,427.41
11313,1003369,2025-12-24,39209,2836,68,1,1,572.92
11314,1184548,2025-10-09,38371,1743,19,1,2,146.87
11315,1183933,2025-06-30,49279,2838,28,1,2,49166.79
11316,1157782,2026-02-23,9090,803,99,1,3,18915.25
11317,1068928,2025-10-24,4002,2686,47,1,4,58575.8
11318,1102699,2026-02-28,47636,770,95,1,2,33904.37
11319,1005469,2026-02-14,39477,2694,12,1,3,2207.75
11320,1020363,2025-10-22,14930,877,20,1,2,2067.33
11321,1105062,2026-03-07,39170,1185,89,1,4,35068.2
11322,1077001,2025-12-15,28729,2642,112,1,1,52557.68
11323,1071761,2025-11-22,23069,144,117,1,5,120298.19
11324,1057619,2025-11-27,1686,1783,24,1,2,7800.0
11325,1192657,2025-11-30,1652,2211,118,1,1,1226.22
11326,1069106,2025-11-27,18282,95,60,1,5,14843.62
11327,1151296,2026-01-26,33399,1530,92,1,1,1527.65
11328,1176963,2025-04-28,43419,1262,95,1,2,1020.64
11329,1046142,2026-03-05,20905,2710,47,1,1,20380.88
11330,1008188,2026-01-02,23169,1320,92,1,4,229856.17
11331,1196835,2025-06-01,37070,105,73,1,3,998.55
11332,1095761,2025-09-30,21697,252,16,1,3,8764.93
11333,1135571,2025-11-08,27499,2559,10,1,2,9864.55
11334,1083815,2026-04-01,38695,1512,21,1,5,40858.41
11335,1156599,2025-09-27,32429,1751,69,1,1,5994.92
11336,1145312,2025-12-11,30578,1994,68,1,5,9245.85
11337,1094856,2025-11-11,24859,2972,40,1,4,5264.02
11338,1041521,2025-04-29,2742,1803,29,1,2,5003.26
11339,1085384,2026-01-08,47676,954,43,1,3,1388.22
11340,1151998,2025-05-17,29641,2490,101,1,2,11996.5
11341,1125399,2025-10-17,9078,770,22,1,4,29649.66
11342,1171806,2025-10-10,39379,2781,16,1,1,9262.29
11343,1141304,2026-01-01,17001,254,24,1,4,9314.18
11344,1024010,2025-06-24,31850,2174,4,1,3,1326.65
11345,1064404,2025-11-15,38437,2285,54,1,5,1263.51
11346,1035044,2025-08-20,4868,2952,44,1,1,6796.45
11347,1154917,2025-05-01,28407,2257,55,1,2,480.45
11348,1073723,2025-07-01,45976,2339,90,1,3,3307.61
11349,1105266,2026-03-14,25257,1828,106,1,2,4885.98
11350,1043757,2025-05-16,21960,2362,7,1,1,7273.77
11351,1072738,2026-03-10,9278,1330,72,1,3,4914.61
11352,1006254,2025-11-21,43228,2100,58,1,4,10885.73
11353,1076148,2025-12-22,47222,2825,40,1,2,1887.19
11354,1070815,2026-01-09,39133,1512,104,1,2,37767.77
11355,1123308,2025-11-07,24005,70,44,1,2,990.78
11356,1047948,2025-05-31,5432,2205,111,1,2,43185.64
11357,1133665,2025-06-19,27598,348,69,1,3,3980.68
11358,1052165,2025-11-09,16253,2138,8,1,2,1147.95
11359,1172386,2025-07-13,26069,2338,63,1,1,1315.16
11360,1141298,2025-07-28,6724,1495,14,1,5,11174.6
11361,1196268,2026-01-04,21766,45,33,1,3,352180.1
11362,1028473,2026-01-27,15763,1273,47,1,3,465.46
11363,1174376,2026-02-20,44745,2230,38,1,4,1590.21
11364,1091975,2025-05-11,34718,1780,54,1,3,10563.75
11365,1173582,2025-12-18,20735,223,28,1,4,1947.64
11366,1095126,2025-09-21,35863,502,111,1,5,2192.12
11367,1164828,2025-08-07,43858,39,4,1,4,2773.96
11368,1062038,2026-03-02,43183,223,18,1,2,2053.61
11369,1087304,2025-11-05,30571,1629,68,1,3,1035.53
11370,1060402,2025-05-09,49833,810,62,1,5,2275.2
11371,1066828,2025-05-29,42913,884,35,1,1,10719.18
11372,1161608,2026-02-23,39716,960,85,1,3,5348.98
11373,1167777,2025-11-27,26258,2376,100,1,4,2806.69
11374,1111761,2026-01-01,16147,877,1,1,5,6017.46
11375,1104204,2026-04-05,1228,208,46,1,2,1692.76
11376,1124321,2025-10-01,36486,1929,54,1,4,19707.51
11377,1083863,2025-06-07,45732,1519,111,1,4,466.95
11378,1198262,2025-07-09,27288,2778,108,1,4,371.0
11379,1181593,2026-01-31,3992,422,76,1,4,9281.19
11380,1029174,2026-02-02,19785,877,21,1,4,2019.2
11381,1083028,2025-11-30,7149,224,71,1,1,1264.32
11382,1045201,2026-02-08,25033,2909,12,1,2,416.63
11383,1127172,2025-05-09,27062,2397,25,1,3,14826.48
11384,1148550,2026-03-30,18330,2624,21,1,1,91.79
11385,1162073,2026-03-21,19395,2038,109,1,4,2727.54
11386,1044335,2026-04-09,24741,593,64,1,2,6657.71
11387,1157968,2026-01-30,10699,1902,55,1,1,4816.28
11388,1076260,2025-12-23,45367,1213,68,1,3,230.69
11389,1144661,2026-01-04,22085,2874,61,1,2,14181.05
11390,1067202,2026-03-04,27984,29,22,1,3,3687.55
11391,1034063,2025-07-07,25497,322,3,1,4,592.6
11392,1068794,2025-08-18,48879,667,58,1,1,1401.2
11393,1107970,2026-03-19,32252,2692,43,1,1,22398.75
11394,1015122,2025-04-24,30666,784,18,1,5,4043.43
11395,1109256,2025-04-30,49618,2967,72,1,3,10721.37
11396,1141960,2025-06-20,24503,1897,49,1,2,121.31
11397,1088315,2026-03-28,48308,144,51,1,5,51758.43
11398,1126257,2025-12-19,21743,2344,53,1,3,673.65
11399,1029088,2025-12-31,24618,573,22,1,5,317.9
11400,1020740,2025-05-05,36026,2256,17,1,5,18499.04
11401,1051375,2026-03-15,40481,926,35,1,4,3626.73
11402,1156001,2025-11-26,46053,1175,18,1,5,50237.6
11403,1007777,2025-04-21,37207,2798,63,1,2,222.18
11404,1016706,2025-12-02,26091,2122,70,1,5,67327.71
11405,1064060,2025-09-19,27634,888,50,1,1,3259.45
11406,1006915,2025-06-28,15990,1586,64,1,5,530.86
11407,1078804,2026-01-11,48874,2877,22,1,2,520.28
11408,1153894,2026-01-17,27853,624,92,1,5,1205.51
11409,1032171,2026-01-10,6662,2647,7,1,5,2497.72
11410,1153641,2025-06-28,14869,1199,92,1,3,38778.65
11411,1110446,2026-03-09,36764,2075,96,1,5,8873.71
11412,1078489,2025-11-30,5302,2998,97,1,4,7615.89
11413,1029272,2025-07-26,31279,191,111,1,3,22667.25
11414,1080779,2025-07-22,7909,1650,78,1,1,38036.84
11415,1125448,2025-12-28,14583,2020,3,1,4,559.81
11416,1107016,2026-04-01,1818,1429,97,1,4,708.81
11417,1010880,2025-04-11,1354,2346,80,1,3,14735.31
11418,1170007,2025-09-14,7927,2360,57,1,2,6328.95
11419,1193194,2025-04-30,10570,780,1,1,4,581.95
11420,1161057,2025-05-30,33150,354,13,1,3,720.33
11421,1181166,2025-08-09,40271,1800,118,1,1,9001.75
11422,1063252,2025-10-11,28065,1218,49,1,1,1836.5
11423,1162092,2025-10-10,45333,805,63,1,3,9397.9
11424,1120558,2026-03-01,32720,1362,47,1,1,20119.57
11425,1185824,2026-03-21,21318,1104,46,1,3,215.02
11426,1166712,2025-12-06,4538,1824,15,1,3,36490.62
11427,1011656,2025-09-03,2307,1926,33,1,1,2043.45
11428,1110070,2025-07-17,20376,2333,1,1,2,7159.75
11429,1178021,2026-04-18,8220,915,30,1,1,38850.34
11430,1038435,2025-04-19,30908,2190,79,1,3,2454.45
11431,1133880,2025-06-20,33700,833,46,1,5,235226.19
11432,1046686,2025-06-16,31925,1173,96,1,2,2321.18
11433,1117075,2025-08-27,12553,387,114,1,3,1260.21
11434,1065236,2025-11-15,49341,306,85,1,5,721.44
11435,1142883,2026-03-24,13186,888,120,1,5,3418.71
11436,1062688,2025-09-12,46632,2484,20,1,4,19576.18
11437,1121338,2025-09-12,46452,1389,20,1,4,8992.79
11438,1182591,2025-11-09,27929,2163,86,1,5,4992.26
11439,1122754,2025-10-27,6775,739,108,1,1,5470.44
11440,1196048,2025-05-25,49586,2333,22,1,5,2272.79
11441,1194363,2025-10-13,38709,2257,23,1,5,1436.02
11442,1045843,2025-11-23,22454,1725,2,1,1,3667.05
11443,1195032,2026-04-13,30143,1811,116,1,4,395.31
11444,1048937,2025-05-04,602,1777,12,1,2,432.04
11445,1196179,2025-11-09,9558,615,96,1,2,2130.94
11446,1155100,2025-11-20,35780,2931,92,1,4,63.06
11447,1125681,2026-01-11,18526,1461,89,1,5,7834.2
11448,1195722,2025-10-22,14969,1550,105,1,5,34838.17
11449,1174827,2025-07-27,18935,1030,15,1,1,3348.37
11450,1119313,2026-03-30,25611,1749,110,1,3,1007.96
11451,1161289,2025-10-24,46477,1616,112,1,4,2218.73
11452,1182230,2026-01-28,852,1703,61,1,2,13805.16
11453,1106736,2025-11-23,5605,1569,111,1,5,30009.98
11454,1105821,2025-10-04,15156,2408,80,1,1,56087.79
11455,1168833,2025-08-05,34010,2243,87,1,1,5362.14
11456,1053778,2025-08-21,30768,2441,68,1,1,137500.47
11457,1109830,2025-12-04,31934,1863,97,1,4,7689.17
11458,1158658,2025-12-03,29888,2350,58,1,3,637.63
11459,1080927,2026-01-07,4550,242,22,1,3,12345.4
11460,1137141,2025-09-01,14375,1170,107,1,4,2136.95
11461,1052492,2025-10-08,33214,1530,104,1,4,1531.82
11462,1135351,2026-04-03,37145,2017,115,1,3,1152.09
11463,1004373,2025-10-02,4370,2159,78,1,4,3123.11
11464,1185762,2026-02-01,16491,1738,87,1,4,3302.31
11465,1019402,2025-06-09,48617,2245,106,1,5,44812.83
11466,1181713,2025-06-02,13914,1050,26,1,5,4227.42
11467,1080269,2026-01-09,19623,280,13,1,4,1775.3
11468,1140475,2025-07-26,25011,756,16,1,1,4281.75
11469,1121940,2025-07-17,30474,1277,5,1,3,15121.46
11470,1115732,2026-02-01,12116,2557,78,1,5,54266.2
11471,1019095,2025-12-27,7102,2068,58,1,4,3258.69
11472,1049226,2026-02-16,47235,439,73,1,3,571.46
11473,1190446,2025-08-20,17682,1213,39,1,5,235.23
11474,1118603,2025-11-19,3819,1024,20,1,5,123443.73
11475,1191008,2025-07-13,11049,1162,103,1,2,1287.53
11476,1080365,2026-02-26,20855,2787,26,1,4,230993.23
11477,1053147,2025-10-08,37377,1382,68,1,4,698.41
11478,1016160,2025-07-06,10924,457,115,1,5,2223.32
11479,1051582,2025-12-27,2087,1844,90,1,1,4956.24
11480,1019560,2025-09-05,49678,2735,111,1,3,11612.78
11481,1148511,2025-06-15,38234,1526,106,1,5,38453.88
11482,1121750,2025-06-12,18314,1381,13,1,1,3027.66
11483,1149840,2026-04-16,39294,1339,92,1,3,3855.33
11484,1081662,2026-03-25,9350,45,12,1,4,61266.87
11485,1149031,2025-08-22,19745,645,90,1,5,6133.91
11486,1061058,2025-08-31,10871,2223,16,1,2,329.32
11487,1115710,2026-01-15,24046,1809,69,1,2,5250.57
11488,1091200,2026-01-31,21263,2904,112,1,2,703.64
11489,1002578,2025-08-19,37454,2246,39,1,1,4700.79
11490,1065740,2026-02-21,44486,36,103,1,3,18947.0
11491,1185251,2025-08-30,26974,954,12,1,5,1409.51
11492,1153756,2026-04-16,24466,2725,41,1,1,12928.22
11493,1053137,2026-02-07,6515,1233,28,1,1,5689.03
11494,1168808,2026-02-27,26804,1400,115,1,3,89418.69
11495,1018816,2025-11-06,26463,2882,4,1,1,4164.45
11496,1174501,2025-08-27,13842,1502,108,1,2,205.27
11497,1116091,2025-11-19,7188,1676,21,1,2,2926.67
11498,1161188,2026-04-04,42563,1891,35,1,3,10314.54
11499,1197338,2026-03-21,44563,2418,102,1,2,2883.51
11500,1054787,2025-10-28,24118,1053,63,1,2,980.54
11501,1064115,2025-08-10,26236,1202,26,1,5,981.92
11502,1172346,2025-06-03,11303,1725,44,1,2,3573.67
11503,1037940,2025-12-30,11643,1947,57,1,5,2092.67
11504,1008257,2025-11-28,21148,2863,31,1,3,3078.74
11505,1177260,2025-06-27,38958,1037,37,1,3,83701.93
11506,1094664,2026-02-03,47952,2454,39,1,1,12930.13
11507,1145103,2025-06-19,32245,1719,56,1,4,1650.72
11508,1061392,2026-03-06,25281,2048,21,1,3,2275.19
11509,1136088,2025-10-03,31182,2864,11,1,3,11346.76
11510,1119187,2026-03-28,19663,660,29,1,2,12685.68
11511,1174102,2025-07-15,26598,2321,1,1,2,1626.85
11512,1084798,2025-10-03,35377,960,116,1,5,2671.93
11513,1136941,2026-03-28,44431,1184,11,1,3,11914.43
11514,1133336,2026-01-02,43209,2461,5,1,3,4204.78
11515,1076366,2025-07-17,39897,2137,56,1,1,8445.29
11516,1101166,2025-07-11,25646,2952,110,1,2,20621.02
11517,1122768,2026-04-17,42732,532,29,1,1,1616.4
11518,1010638,2025-10-24,44734,1873,20,1,2,14551.4
11519,1139371,2025-11-27,28673,2331,22,1,3,697.94
11520,1032588,2025-12-25,22253,25,37,1,4,2807.26
11521,1160104,2025-10-24,48561,2254,118,1,5,31647.61
11522,1192171,2025-08-01,337,409,82,1,4,1476.36
11523,1038659,2025-10-26,21124,2382,74,1,3,3667.36
11524,1038899,2025-12-14,42454,1219,19,1,5,30589.15
11525,1175259,2026-02-18,48350,1869,89,1,3,68554.63
11526,1000820,2025-09-17,6057,1107,92,1,4,307559.1
11527,1096253,2025-11-15,24814,2261,67,1,3,20758.27
11528,1039081,2025-08-09,36067,2397,37,1,2,7599.58
11529,1057086,2026-04-09,13962,1175,78,1,3,17640.72
11530,1062922,2025-11-27,22808,2046,95,1,3,903.61
11531,1022445,2026-02-17,6934,854,67,1,5,1246.9
11532,1066687,2025-08-29,11422,2224,55,1,2,18409.44
11533,1044018,2025-12-07,41769,1019,111,1,3,2939.88
11534,1076052,2026-02-28,43562,684,83,1,2,38321.94
11535,1022608,2025-05-19,37587,1829,61,1,3,2236.47
11536,1141620,2025-10-27,42358,1605,37,1,3,27194.25
11537,1185580,2026-04-24,13719,402,60,1,4,156.31
11538,1127155,2025-12-24,4725,2620,6,1,4,39355.94
11539,1020372,2025-12-22,44025,1737,80,1,4,525.33
11540,1159930,2026-03-04,38734,653,102,1,1,187669.46
11541,1049162,2025-12-19,20917,1707,27,1,1,30474.19
11542,1157464,2025-11-03,1610,1182,21,1,2,422.84
11543,1020768,2026-04-09,20583,214,51,1,3,6844.75
11544,1040781,2025-05-08,3246,1992,28,1,4,61.5
11545,1136760,2026-03-25,15180,523,113,1,1,6286.66
11546,1151278,2025-07-25,32367,440,51,1,1,2768.85
11547,1193361,2026-02-04,39966,2466,59,1,2,1161.17
11548,1054727,2025-11-11,3066,2257,86,1,1,2102.13
11549,1102789,2025-05-25,21616,1906,17,1,2,2722.48
11550,1089261,2025-10-03,4742,1795,91,1,5,227.59
11551,1188539,2025-06-15,43178,653,8,1,4,67083.83
11552,1109070,2025-11-04,8261,1634,66,1,1,1994.32
11553,1148853,2026-03-05,22880,1415,116,1,2,4316.05
11554,1194764,2026-01-24,3128,1105,1,1,3,137989.15
11555,1007120,2025-10-31,7191,1364,37,1,3,279.53
11556,1174221,2025-10-27,40707,2469,59,1,2,4652.74
11557,1174274,2025-07-31,22212,401,102,1,3,12734.91
11558,1138429,2026-02-17,20238,840,97,1,3,15670.68
11559,1009245,2025-08-13,32771,2247,36,1,4,216883.47
11560,1032221,2025-10-19,18672,2936,20,1,1,2151.27
11561,1199402,2026-01-01,7280,715,39,1,1,8337.45
11562,1044571,2025-10-22,43227,2880,67,1,5,1359.04
11563,1038579,2026-03-27,17160,1640,87,1,2,983.64
11564,1060836,2025-08-06,45131,1065,120,1,2,29740.81
11565,1039584,2025-10-16,33643,20,25,1,2,1080.4
11566,1088831,2025-08-16,11669,1252,109,1,3,2567.87
11567,1076935,2026-01-11,9057,1320,77,1,2,64368.71
11568,1024333,2025-06-22,544,2304,57,1,5,194.0
11569,1040144,2025-06-24,44540,791,61,1,1,113.57
11570,1197275,2026-02-28,9729,888,120,1,5,3403.61
11571,1034738,2025-05-27,28600,2924,43,1,5,68581.93
11572,1060047,2026-02-20,22786,2468,104,1,3,289.5
11573,1016341,2026-03-15,47167,2883,49,1,3,8555.63
11574,1115881,2026-02-10,12294,206,71,1,1,8222.46
11575,1073592,2026-03-01,9213,497,73,1,4,1413.89
11576,1150062,2026-02-10,36344,835,81,1,4,3430.9
11577,1081195,2026-02-07,9060,2779,102,1,1,8730.0
11578,1125322,2025-12-09,39741,1745,47,1,3,796.12
11579,1150857,2025-08-09,15516,552,13,1,5,8911.96
11580,1160520,2025-11-10,1211,1650,10,1,2,39632.14
11581,1107789,2026-03-29,46786,1023,23,1,4,2711.03
11582,1019959,2025-06-06,35283,1078,82,1,3,721.21
11583,1195412,2025-09-04,30330,965,16,1,2,2050.25
11584,1097233,2025-11-03,39447,2099,46,1,5,3772.86
11585,1014345,2026-01-06,18318,901,51,1,2,1207.01
11586,1199825,2025-12-01,29387,1176,86,1,4,3090.78
11587,1079150,2026-01-10,39534,1654,90,1,1,1543.12
11588,1005622,2025-11-13,27366,12,110,1,5,3566.12
11589,1080683,2026-04-08,20151,693,114,1,1,12726.89
11590,1033638,2025-08-23,49594,1046,84,1,5,871.41
11591,1080440,2025-06-27,11596,286,51,1,4,95454.84
11592,1116751,2026-01-24,29531,2654,102,1,4,1094.75
11593,1190469,2026-03-05,22407,1129,21,1,5,575.33
11594,1177473,2025-12-31,35805,2829,76,1,2,21084.41
11595,1101541,2026-01-28,36610,2124,32,1,3,6881.2
11596,1058651,2025-09-18,27130,260,45,1,4,10279.25
11597,1058779,2026-03-02,43413,797,49,1,3,80621.53
11598,1083844,2025-06-03,30920,2342,30,1,3,20815.43
11599,1006032,2026-01-13,1154,655,27,1,2,12073.3
11600,1105903,2026-02-09,8362,793,1,1,1,3952.72
11601,1159589,2026-02-27,22107,190,47,1,4,559.41
11602,1164244,2025-05-04,12561,2333,64,1,3,2474.22
11603,1163080,2026-02-24,20925,2103,43,1,2,297.83
11604,1144616,2025-06-30,1724,1193,11,1,4,134987.41
11605,1147469,2025-06-23,1879,1801,88,1,1,3711.2
11606,1160806,2025-11-26,12604,1049,5,1,1,5977.91
11607,1026533,2025-10-10,2720,499,87,1,3,4730.6
11608,1186267,2026-03-02,19438,2072,34,1,5,578.15
11609,1027761,2026-02-01,19086,1067,71,1,3,3909.65
11610,1107854,2026-04-09,3218,1103,64,1,1,1180.01
11611,1079922,2026-03-01,23619,261,76,1,3,2351.62
11612,1083797,2025-08-01,45367,786,118,1,1,4036.8
11613,1040468,2025-11-08,31456,2247,84,1,1,297353.21
11614,1196716,2025-06-11,34327,2450,55,1,5,311634.15
11615,1143648,2025-12-22,28797,2744,98,1,2,338.95
11616,1054715,2026-04-22,19382,1655,98,1,2,29587.95
11617,1015553,2026-04-05,9649,1281,26,1,2,5837.63
11618,1040862,2025-12-22,18442,427,93,1,1,14148.8
11619,1147896,2025-12-01,36848,1231,75,1,5,288.88
11620,1025693,2025-04-04,29300,663,118,1,5,42278.46
11621,1158220,2026-03-14,27923,2714,10,1,4,986.63
11622,1121840,2025-05-01,11265,1064,22,1,2,13056.17
11623,1170872,2025-07-16,18960,2711,51,1,4,2157.83
11624,1034723,2025-07-12,42611,2017,76,1,5,1188.87
11625,1050115,2026-03-08,16551,2995,96,1,1,18963.61
11626,1092850,2026-02-14,33596,2972,25,1,5,5905.32
11627,1076968,2025-12-08,15392,2124,28,1,4,6604.45
11628,1181896,2026-02-13,8851,2434,72,1,2,7139.5
11629,1078851,2025-07-20,15063,1286,13,1,2,173.62
11630,1016433,2026-04-01,48205,279,22,1,1,1095.89
11631,1118337,2025-07-09,45106,158,27,1,5,4773.5
11632,1134311,2026-02-04,1555,482,74,1,1,29219.28
11633,1039133,2026-02-12,20617,488,5,1,1,62679.61
11634,1163707,2025-11-24,41454,2437,65,1,3,189.83
11635,1179392,2025-11-27,14790,912,34,1,4,31413.98
11636,1051009,2026-03-01,35665,1741,49,1,5,6287.69
11637,1096804,2026-01-18,38749,2110,8,1,4,1174.26
11638,1123368,2026-03-07,14776,2451,5,1,1,1026.56
11639,1183749,2025-11-04,8729,2967,33,1,3,5593.62
11640,1101066,2025-06-02,2012,399,29,1,5,1188.21
11641,1177101,2025-12-02,23731,700,8,1,3,1292.85
11642,1022119,2025-08-21,25014,1058,1,1,2,240.88
11643,1165495,2025-05-23,18383,2678,90,1,2,2281.43
11644,1080369,2026-03-23,23082,2656,70,1,4,1269.99
11645,1191344,2026-01-02,37820,385,47,1,4,1345.19
11646,1001259,2025-10-19,514,2550,94,1,2,24456.18
11647,1023916,2025-05-09,1495,2491,68,1,5,1201.66
11648,1026382,2026-04-13,47033,2249,61,1,5,3010.11
11649,1180524,2025-12-24,14697,225,91,1,5,79422.2
11650,1008942,2025-09-27,44456,456,116,1,4,2243.34
11651,1137497,2025-10-21,3472,26,93,1,5,76212.85
11652,1150752,2025-06-13,23744,2797,9,1,2,463.15
11653,1042208,2026-02-08,10774,100,19,1,5,963.58
11654,1077547,2025-06-23,37511,113,62,1,4,12378.58
11655,1120474,2025-04-15,8689,146,79,1,2,13547.48
11656,1190434,2025-08-17,1197,1742,89,1,5,19081.15
11657,1020999,2026-01-16,10764,1711,116,1,5,2963.57
11658,1136075,2025-06-18,22342,228,16,1,1,14249.58
11659,1044254,2025-11-20,15491,964,84,1,5,1226.21
11660,1165088,2026-02-03,6522,873,46,1,2,90001.06
11661,1117786,2026-03-09,32891,2336,4,1,4,2877.42
11662,1028827,2025-05-19,46356,2315,88,1,1,3683.88
11663,1089001,2025-10-24,42995,1924,44,1,4,27475.31
11664,1044491,2026-04-01,42584,1561,32,1,2,1618.69
11665,1041641,2026-03-15,5278,910,65,1,4,6796.24
11666,1077639,2026-01-09,3182,332,22,1,1,17353.44
11667,1065589,2026-02-08,1754,1415,100,1,1,11344.83
11668,1175278,2025-12-06,37983,2101,76,1,4,206.38
11669,1088255,2025-08-10,13637,420,33,1,3,107141.61
11670,1086344,2025-09-10,39321,1387,68,1,2,9223.33
11671,1060941,2026-03-06,20562,2289,107,1,3,52635.61
11672,1075483,2025-09-12,18768,1762,31,1,1,31708.52
11673,1051415,2026-04-17,43585,2782,27,1,5,35181.37
11674,1016827,2025-12-18,6639,949,109,1,4,2412.24
11675,1080944,2025-07-29,17442,150,55,1,4,10559.4
11676,1074673,2025-08-11,34654,1935,42,1,5,47873.57
11677,1041744,2025-11-13,25931,2325,38,1,3,4180.87
11678,1012352,2025-07-05,23370,540,13,1,2,37564.77
11679,1135954,2026-03-26,18969,2653,9,1,4,653.75
11680,1167018,2025-06-23,18018,1164,50,1,5,88967.01
11681,1170619,2025-09-29,10994,2619,23,1,1,1261.67
11682,1116941,2025-06-16,43085,2454,17,1,2,4219.95
11683,1139889,2025-10-08,26096,1480,11,1,3,6878.73
11684,1180396,2025-04-26,30425,1775,98,1,2,13537.81
11685,1142843,2026-01-14,20222,2918,70,1,5,4080.57
11686,1165822,2025-11-28,23556,2421,37,1,3,759.59
11687,1195392,2025-07-17,5430,2675,82,1,4,4272.09
11688,1019602,2025-07-22,36291,2750,11,1,4,1343.37
11689,1040121,2026-02-25,38880,1293,81,1,3,16512.82
11690,1151864,2025-09-29,4919,1624,76,1,1,2818.29
11691,1173831,2025-08-03,27009,2683,42,1,3,3751.86
11692,1070841,2025-12-03,33110,1110,47,1,5,5307.53
11693,1108063,2026-02-21,33029,387,44,1,4,444.59
11694,1110153,2025-07-15,40830,618,78,1,4,85382.26
11695,1027854,2025-11-11,17777,1269,75,1,3,1960.12
11696,1001891,2025-06-17,24936,2837,34,1,4,144.01
11697,1023434,2025-09-30,6355,1038,28,1,1,467.0
11698,1129292,2026-04-12,24825,2854,23,1,1,2999.4
11699,1122554,2025-08-13,15085,2697,113,1,2,9379.83
11700,1008964,2025-12-06,35066,2749,66,1,5,115480.01
11701,1035994,2025-04-11,8282,1731,27,1,5,11002.69
11702,1138472,2026-04-15,26799,1608,39,1,2,45630.0
11703,1148049,2025-05-30,41597,2802,3,1,3,2707.11
11704,1022908,2025-08-20,4781,950,12,1,2,1415.06
11705,1198150,2025-08-26,31214,820,108,1,1,140826.03
11706,1154451,2026-01-13,16105,555,30,1,1,7988.11
11707,1041948,2025-12-06,47910,1799,76,1,4,5520.77
11708,1037732,2025-10-20,48992,1113,45,1,5,16654.11
11709,1102890,2026-04-03,34901,1569,90,1,5,23713.85
11710,1062388,2025-08-23,30224,2369,110,1,2,626.57
11711,1166363,2025-11-10,32027,2561,4,1,3,2324.69
11712,1065747,2026-04-11,43495,377,42,1,2,234361.61
11713,1111005,2025-10-18,13427,1604,101,1,5,921.25
11714,1140455,2025-08-30,16286,1423,72,1,1,2316.73
11715,1182704,2025-09-01,23064,1692,99,1,2,3076.49
11716,1144179,2026-03-14,44141,2558,56,1,5,69494.99
11717,1052257,2025-12-11,28985,333,101,1,2,1325.12
11718,1167368,2025-06-27,28602,206,20,1,2,8040.48
11719,1184977,2026-02-04,30779,681,85,1,2,219763.3
11720,1028574,2026-04-05,40055,1655,9,1,1,14841.46
11721,1131575,2025-05-07,44272,1921,1,1,3,5615.98
11722,1084603,2025-10-10,18981,1963,74,1,4,1184.81
11723,1069859,2025-08-30,44109,1689,38,1,5,889.42
11724,1054123,2025-12-21,8039,1942,113,1,1,20034.2
11725,1043824,2025-12-07,7010,1689,34,1,2,852.88
11726,1109157,2025-06-29,21647,670,66,1,1,15488.34
11727,1060149,2026-02-17,16353,2107,120,1,3,11085.76
11728,1024611,2025-11-03,28512,1944,40,1,2,786.32
11729,1121505,2025-11-17,25179,2832,50,1,5,1677.21
11730,1018637,2025-08-04,19537,1362,59,1,5,78385.45
11731,1166609,2025-05-03,47613,2247,118,1,1,518466.81
11732,1169611,2025-11-18,3663,2723,112,1,4,1015.65
11733,1068259,2025-04-13,27346,2675,83,1,2,6891.31
11734,1182310,2026-03-31,18235,2864,113,1,2,5233.37
11735,1170103,2025-05-15,48357,2358,97,1,4,5050.88
11736,1167036,2025-10-20,34847,2283,53,1,3,251.85
11737,1122279,2025-05-05,45646,1345,72,1,3,5831.23
11738,1074516,2025-06-01,4552,2741,111,1,5,6656.19
11739,1093807,2025-11-27,30908,2740,118,1,3,32688.13
11740,1143651,2025-10-08,23575,1785,108,1,4,39464.28
11741,1180590,2025-12-17,22340,2338,77,1,5,2665.88
11742,1002232,2025-08-07,32499,2403,75,1,4,30552.17
11743,1162295,2025-09-30,29746,407,24,1,4,89.89
11744,1060613,2025-10-21,40563,527,15,1,2,96106.58
11745,1088215,2026-02-12,155,456,105,1,1,9143.11
11746,1102268,2025-07-04,29391,2650,76,1,2,11878.91
11747,1116515,2025-06-17,27266,2776,16,1,3,3255.84
11748,1004434,2025-07-13,17812,601,28,1,3,2960.74
11749,1016995,2025-06-25,31580,2212,56,1,2,114.81
11750,1157888,2025-12-23,47910,2076,69,1,4,11453.09
11751,1163698,2025-09-27,47122,1998,111,1,4,13268.2
11752,1165029,2025-09-13,49566,1874,19,1,5,12618.41
11753,1126536,2025-10-26,24298,326,78,1,4,805.65
11754,1104659,2025-09-26,7191,2034,68,1,2,28198.07
11755,1175155,2025-07-30,34252,807,106,1,4,220.3
11756,1112607,2025-06-12,25963,2485,19,1,1,2079.28
11757,1018065,2026-03-11,39942,600,120,1,5,1156.8
11758,1044059,2025-08-16,23516,2002,84,1,5,9010.84
11759,1190395,2025-10-06,8647,2329,78,1,3,489.54
11760,1196073,2025-09-12,6941,1188,104,1,2,13198.37
11761,1023132,2026-01-19,3664,410,120,1,1,3336.44
11762,1058638,2025-06-16,16404,746,28,1,5,3423.83
11763,1149632,2025-08-01,3864,759,51,1,1,67552.39
11764,1190470,2026-01-05,1504,141,46,1,3,66827.63
11765,1112578,2025-11-25,46247,2756,54,1,4,783.21
11766,1162632,2025-08-27,30690,1023,115,1,4,6698.02
11767,1146316,2025-08-21,28280,2382,47,1,3,5056.45
11768,1089631,2026-02-26,4500,1629,8,1,4,958.11
11769,1110962,2025-06-25,6295,940,39,1,1,669.65
11770,1046615,2026-02-26,44516,123,15,1,2,115.38
11771,1128569,2026-03-24,36436,2411,115,1,5,3833.63
11772,1065844,2025-08-12,34255,1814,93,1,1,17613.14
11773,1013808,2025-12-09,5891,2410,84,1,2,1141.46
11774,1005521,2025-08-08,41419,2334,15,1,1,9671.79
11775,1042974,2025-06-16,29239,1551,91,1,1,613.9
11776,1121776,2026-04-23,47334,1343,11,1,1,3941.74
11777,1151350,2025-07-09,41745,1378,73,1,2,1131.21
11778,1024952,2025-10-01,9351,454,93,1,2,2078.97
11779,1069214,2026-03-08,28134,731,58,1,4,416.9
11780,1137153,2026-03-14,22423,1500,22,1,4,131027.84
11781,1083477,2025-06-12,15438,466,93,1,2,2386.07
11782,1049446,2026-03-23,14613,2064,90,1,2,2127.73
11783,1023053,2025-05-30,18145,1797,9,1,2,726.42
11784,1128302,2025-09-06,41189,1064,76,1,5,6492.86
11785,1163104,2025-07-14,42072,1432,104,1,5,473.7
11786,1079336,2025-12-18,16716,1061,80,1,5,425.96
11787,1030577,2026-01-26,20170,1293,23,1,3,8570.18
11788,1096581,2025-12-03,14307,1202,75,1,4,1931.08
11789,1092012,2025-07-16,24049,7,75,1,2,133.18
11790,1061500,2025-09-18,18632,2318,68,1,1,31184.3
11791,1030377,2025-09-12,38085,660,19,1,5,60080.15
11792,1114310,2025-05-16,5985,1126,98,1,4,2249.58
11793,1130258,2026-04-07,410,2125,101,1,1,9267.5
11794,1039681,2026-02-26,2351,2935,38,1,2,1309.63
11795,1191603,2025-11-22,10640,479,97,1,4,8934.34
11796,1166786,2026-03-09,41545,1177,23,1,5,367853.23
11797,1092595,2026-03-22,25115,505,115,1,5,2684.61
11798,1003376,2025-11-19,13254,1176,56,1,1,2896.24
11799,1058581,2025-11-29,33461,2048,73,1,3,4513.79
11800,1125062,2025-11-26,47573,2599,79,1,3,1715.61
11801,1139758,2025-08-08,24341,2437,114,1,2,408.51
11802,1162185,2025-11-28,16032,1085,42,1,1,71641.47
11803,1041466,2025-10-16,25555,2044,65,1,5,735.66
11804,1086871,2025-10-29,13855,2863,84,1,3,3419.33
11805,1027618,2025-07-26,39718,39,13,1,5,2862.04
11806,1118755,2025-11-13,11788,421,10,1,4,188.95
11807,1015366,2026-04-11,12746,2573,103,1,5,5084.9
11808,1075377,2025-09-12,19936,2976,114,1,1,5734.53
11809,1112899,2025-04-20,36776,600,97,1,5,2172.74
11810,1044660,2025-07-14,48722,214,13,1,2,24286.1
11811,1112097,2026-02-01,7948,2693,18,1,1,39947.62
11812,1032222,2025-12-24,49014,1715,99,1,4,17370.2
11813,1197779,2026-01-27,3107,285,101,1,4,224371.84
11814,1029397,2025-07-06,43799,2925,110,1,1,54237.68
11815,1105967,2025-12-04,5854,784,61,1,3,2198.48
11816,1012452,2025-05-15,11619,2482,51,1,3,145656.47
11817,1190084,2025-12-21,44888,984,60,1,5,6943.68
11818,1143323,2026-03-07,40818,2272,82,1,3,7104.49
11819,1069522,2025-10-23,12850,2444,19,1,3,3082.78
11820,1114679,2026-03-11,22041,306,34,1,1,1553.53
11821,1008158,2025-09-18,21666,976,106,1,4,4406.39
11822,1044488,2025-10-25,3480,441,119,1,3,14094.33
11823,1031305,2025-11-18,43119,437,120,1,3,3218.16
11824,1003126,2026-04-02,8175,964,94,1,4,614.7
11825,1054582,2025-06-25,3279,2288,8,1,4,2047.39
11826,1123768,2025-08-14,19598,1399,114,1,3,143699.85
11827,1072123,2025-11-04,7035,2045,29,1,1,4371.25
11828,1048670,2025-06-05,49821,2421,51,1,5,793.13
11829,1193916,2025-07-28,25528,2866,89,1,4,2108.43
11830,1033327,2025-11-07,37989,476,60,1,2,81242.73
11831,1131404,2025-06-16,42047,1001,28,1,5,124577.92
11832,1194038,2025-05-07,26421,949,33,1,4,1411.34
11833,1083720,2025-10-07,45288,58,23,1,2,4397.0
11834,1120654,2026-02-01,32705,2049,90,1,1,1437.2
11835,1087214,2025-07-16,25518,880,104,1,5,14184.74
11836,1042099,2025-11-18,36930,550,109,1,4,8960.91
11837,1020344,2026-01-22,27458,1399,77,1,5,207700.2
11838,1065200,2025-12-23,40595,2745,55,1,3,9285.09
11839,1019925,2025-07-18,30889,133,30,1,1,9122.25
11840,1023930,2026-03-02,42570,1971,27,1,5,43958.74
11841,1171958,2025-11-21,35628,2376,6,1,3,5750.67
11842,1172568,2026-03-16,13390,1178,75,1,4,12938.9
11843,1063863,2025-12-07,36153,282,87,1,2,1460.14
11844,1138792,2026-03-25,37937,1198,105,1,3,280207.61
11845,1152338,2025-12-24,34824,2412,10,1,4,6201.08
11846,1110229,2025-09-20,42354,2048,100,1,3,4427.37
11847,1144724,2026-01-28,38020,1202,1,1,2,999.59
11848,1005672,2025-05-04,1521,544,68,1,3,4365.51
11849,1089863,2026-03-10,40659,2427,27,1,4,685.31
11850,1188869,2025-10-21,10119,2536,41,1,2,1550.97
11851,1199647,2026-01-19,4415,2357,30,1,1,1438.34
11852,1093306,2025-11-16,28638,145,108,1,1,89391.89
11853,1103115,2025-04-03,26132,959,116,1,2,4005.61
11854,1054753,2025-07-20,7278,2484,71,1,3,47158.32
11855,1011052,2025-12-29,27829,2299,75,1,1,5692.34
11856,1008545,2026-01-06,6087,1180,41,1,3,3900.11
11857,1106983,2025-07-29,32004,574,55,1,1,4188.82
11858,1010549,2025-07-12,28991,1609,69,1,4,10927.15
11859,1104125,2026-01-06,49941,1465,33,1,1,660.97
11860,1059179,2026-01-08,18875,48,14,1,1,2724.95
11861,1197580,2026-03-03,9297,248,114,1,4,1396.22
11862,1090721,2025-09-08,37918,102,82,1,1,5998.53
11863,1149011,2026-02-24,4669,2477,81,1,5,36121.43
11864,1118626,2025-12-30,31169,1394,114,1,4,9244.82
11865,1025855,2025-09-13,39248,1444,78,1,2,787.47
11866,1067987,2025-11-04,4928,1748,15,1,5,923.63
11867,1191987,2025-12-06,6679,181,62,1,1,62914.2
11868,1032951,2025-06-16,47810,2650,82,1,5,2422.97
11869,1128788,2025-12-21,31557,1886,1,1,3,1773.82
11870,1147977,2025-07-24,11267,2489,11,1,2,431.3
11871,1054464,2026-01-08,18874,1344,12,1,4,6940.19
11872,1150690,2026-03-09,8941,2202,111,1,1,11694.88
11873,1105490,2026-02-18,14189,984,44,1,3,20525.09
11874,1131378,2025-06-15,5170,2597,6,1,3,209.06
11875,1115967,2026-04-20,26417,2394,21,1,5,196.11
11876,1132109,2026-02-09,46966,2107,79,1,1,11159.15
11877,1159941,2026-02-07,39782,2866,102,1,2,3488.15
11878,1162738,2025-12-04,20314,317,116,1,5,14693.02
11879,1078638,2025-06-18,26555,1142,18,1,3,45912.74
11880,1036772,2025-12-31,31198,731,114,1,3,119.97
11881,1116802,2025-08-09,36997,1278,114,1,5,1405.14
11882,1084416,2025-05-25,29507,40,32,1,1,3801.99
11883,1024110,2026-02-18,49328,2862,81,1,5,3430.35
11884,1090958,2026-01-16,33009,2287,2,1,3,480.0
11885,1134158,2025-06-30,44339,1875,96,1,3,2871.57
11886,1182057,2025-06-05,26603,2494,29,1,3,146138.52
11887,1176520,2025-10-02,10028,858,52,1,1,24484.83
11888,1001431,2026-02-22,47701,1537,119,1,3,6263.49
11889,1110271,2025-10-27,44887,2967,119,1,3,5146.61
11890,1136145,2025-09-14,21484,2787,55,1,3,120086.35
11891,1055562,2026-02-02,48684,2925,25,1,1,53831.15
11892,1043434,2025-09-14,18487,425,23,1,4,162.32
11893,1190056,2025-11-11,43503,2692,117,1,5,69717.09
11894,1020363,2025-12-23,46031,1502,97,1,3,197.09
11895,1043822,2025-07-26,1226,936,91,1,3,2218.78
11896,1164833,2025-10-12,35555,411,52,1,2,2130.81
11897,1141513,2025-09-21,20561,1090,22,1,1,2468.13
11898,1099960,2025-07-17,15833,201,110,1,4,35772.43
11899,1103333,2025-05-10,2437,715,63,1,2,9809.38
11900,1018410,2025-05-16,32998,1214,114,1,5,3413.59
11901,1068274,2025-05-17,20653,1285,82,1,2,2001.86
11902,1046625,2025-09-05,7751,345,46,1,5,3206.8
11903,1140380,2025-11-01,26643,2955,68,1,3,7902.14
11904,1016365,2025-12-19,49595,2049,74,1,1,2853.94
11905,1122514,2025-05-26,20100,2210,113,1,1,2265.39
11906,1018678,2025-11-06,2891,2149,33,1,5,95.25
11907,1104407,2025-11-15,39396,2897,36,1,5,171.48
11908,1031797,2025-12-18,31973,723,14,1,1,277.87
11909,1180244,2025-12-15,42635,1736,5,1,1,2256.14
11910,1158245,2025-07-25,26185,986,82,1,1,1979.86
11911,1144418,2025-12-30,17729,1954,114,1,5,17764.44
11912,1080225,2025-08-20,23402,2513,119,1,1,4882.88
11913,1027037,2025-10-10,29346,1534,7,1,2,1851.79
11914,1191060,2025-08-03,630,1113,81,1,5,7733.13
11915,1013263,2025-12-21,44950,183,52,1,4,9193.55
11916,1108714,2026-01-21,38786,1973,25,1,2,1972.16
11917,1121755,2025-07-30,9928,2995,99,1,3,9490.54
11918,1186352,2025-08-31,24232,1845,32,1,5,8831.58
11919,1011885,2025-12-08,10847,1741,54,1,3,10965.82
11920,1162996,2025-06-05,27577,2042,3,1,5,85329.21
11921,1181174,2025-10-12,34834,1711,30,1,4,1442.19
11922,1135100,2025-09-17,12881,1106,35,1,2,71773.39
11923,1058561,2025-08-25,28950,2609,6,1,1,9094.51
11924,1011379,2025-08-26,21715,147,50,1,3,13471.94
11925,1139356,2026-04-18,6845,357,87,1,2,8828.91
11926,1077705,2025-10-20,18048,951,64,1,5,41752.51
11927,1040825,2025-05-14,43228,2161,20,1,5,2870.38
11928,1157816,2025-11-03,43247,635,51,1,4,10700.87
11929,1182697,2025-11-30,30893,1218,18,1,3,984.11
11930,1141722,2025-06-14,26356,253,113,1,3,15337.52
11931,1147944,2026-02-18,43718,1945,99,1,4,23301.12
11932,1140956,2025-08-27,29402,112,12,1,2,24803.03
11933,1044405,2025-11-10,10825,1287,104,1,4,70948.47
11934,1166076,2025-07-04,28305,1555,86,1,3,15485.12
11935,1136727,2025-06-27,48958,515,76,1,1,9077.86
11936,1106672,2026-04-01,1766,2854,84,1,5,3241.39
11937,1022788,2025-11-09,23395,2785,34,1,2,9607.18
11938,1012105,2025-06-14,40817,736,4,1,3,1485.2
11939,1194992,2025-10-16,26553,2343,101,1,2,5290.32
11940,1105961,2025-05-04,40183,571,90,1,2,25890.24
11941,1028909,2025-05-29,27370,1454,89,1,5,2657.62
11942,1046908,2026-04-02,13550,1794,10,1,4,836.56
11943,1177058,2025-08-18,38058,283,7,1,5,3654.23
11944,1107453,2025-06-04,1408,2779,34,1,3,4567.41
11945,1151595,2025-04-26,28858,1225,91,1,3,6466.7
11946,1058491,2025-12-29,11813,1541,18,1,1,37282.34
11947,1191028,2025-10-16,2640,2158,44,1,2,5271.02
11948,1127705,2025-07-30,44828,268,2,1,3,5512.84
11949,1138452,2025-05-01,18599,748,34,1,4,9312.38
11950,1192399,2025-06-11,31139,2286,56,1,2,120.52
11951,1057828,2025-09-23,31658,2501,29,1,2,86687.97
11952,1136221,2025-04-13,7943,1346,16,1,2,36869.94
11953,1195082,2025-08-08,33654,2182,100,1,3,27195.87
11954,1191910,2025-10-17,21725,1387,21,1,2,5901.6
11955,1030996,2025-06-29,31655,840,44,1,3,33760.41
11956,1121512,2026-02-03,35932,1783,35,1,1,24106.01
11957,1012453,2025-08-20,36671,1784,107,1,3,14219.55
11958,1172453,2025-11-21,48099,1921,91,1,2,24153.67
11959,1069908,2026-01-15,32976,993,42,1,5,3779.2
11960,1113069,2025-11-09,29904,932,77,1,5,1927.02
11961,1045447,2025-12-30,24227,579,17,1,5,838.17
11962,1138134,2025-12-19,43492,45,51,1,3,215451.45
11963,1189985,2025-11-12,41328,2529,56,1,3,86.7
11964,1086116,2026-03-31,20802,2697,45,1,1,8573.43
11965,1002549,2025-05-14,49985,1452,107,1,2,440.58
11966,1109995,2026-04-14,11343,2851,93,1,1,224164.46
11967,1159170,2025-05-29,30732,234,99,1,5,3209.86
11968,1091239,2025-10-28,27404,255,40,1,4,49331.13
11969,1100564,2025-12-15,1687,2838,94,1,4,25902.85
11970,1121089,2025-06-14,35855,1356,98,1,1,110.51
11971,1145400,2025-06-30,40602,852,68,1,5,632.97
11972,1121403,2025-09-05,11195,345,83,1,5,1645.92
11973,1093811,2026-02-27,26871,2226,107,1,3,13473.36
11974,1197761,2025-07-17,40874,57,19,1,3,2199.76
11975,1131919,2025-08-06,23613,387,41,1,1,433.53
11976,1017763,2025-12-02,37998,2107,15,1,5,21133.04
11977,1183938,2025-04-12,1226,1654,45,1,3,2323.56
11978,1196952,2025-05-07,39658,713,106,1,4,42560.19
11979,1197159,2025-12-24,23375,2673,103,1,1,5525.22
11980,1191039,2025-12-10,19738,2099,35,1,2,7464.57
11981,1146515,2025-12-25,31207,1692,9,1,5,3005.67
11982,1025428,2026-02-08,6572,2497,109,1,3,34179.04
11983,1180956,2025-08-14,22696,2803,96,1,1,1577.47
11984,1158329,2025-11-28,27049,1509,55,1,2,2627.91
11985,1013111,2025-06-19,48032,2568,40,1,3,24867.73
11986,1121553,2025-06-26,12326,2893,103,1,5,7151.53
11987,1173157,2025-05-29,39456,2368,8,1,3,19241.59
11988,1122241,2025-09-19,23906,11,75,1,1,15273.06
11989,1168766,2026-01-11,8750,359,118,1,1,14733.11
11990,1151259,2025-06-08,11096,1513,111,1,5,1314.96
11991,1048494,2025-11-14,17966,405,93,1,3,13744.62
11992,1086404,2025-11-26,13298,1932,25,1,3,2891.83
11993,1053294,2026-03-18,27983,1047,73,1,1,3089.16
11994,1007020,2025-05-04,180,1660,62,1,3,2823.37
11995,1027744,2025-11-02,20634,1548,88,1,3,49190.42
11996,1024750,2026-01-05,34032,1835,47,1,5,614.8
11997,1156801,2025-08-19,14993,1676,35,1,3,5979.26
11998,1139620,2025-09-15,22141,1725,2,1,4,2433.92
11999,1109162,2026-04-05,28136,990,33,1,5,1457.77
12000,1094666,2026-01-20,23262,2460,19,1,5,1702.99
12001,1041981,2025-08-13,10830,114,65,1,3,3087.74
12002,1153205,2025-12-13,7827,2614,114,1,4,15882.41
12003,1106441,2025-09-01,26043,468,36,1,2,1113.9
12004,1186165,2026-01-05,40622,2054,116,1,2,1622.74
12005,1045358,2025-06-17,23736,1973,94,1,5,4191.96
12006,1108962,2026-02-01,1762,2781,23,1,1,18777.79
12007,1154603,2025-10-29,34126,648,30,1,5,21859.11
12008,1190872,2026-02-22,40825,2990,68,1,4,2471.12
12009,1173690,2026-02-19,43699,2863,46,1,3,3464.39
12010,1106928,2025-07-22,40097,331,81,1,1,338.51
12011,1139539,2025-05-27,3549,2088,114,1,1,656.04
12012,1037149,2025-06-11,39260,944,104,1,4,538.72
12013,1013933,2025-05-17,21080,2504,8,1,3,8072.76
12014,1059408,2026-01-10,11303,2452,105,1,4,8786.47
12015,1042533,2025-06-02,28916,1199,32,1,4,75900.61
12016,1066019,2025-10-01,32265,1123,36,1,5,13581.16
12017,1048473,2025-05-06,26202,1971,87,1,2,41020.62
12018,1123746,2025-07-30,42450,1975,103,1,3,5792.35
12019,1198371,2025-12-17,23287,2653,40,1,1,1763.09
12020,1090444,2025-07-25,1617,720,72,1,1,4206.04
12021,1064907,2026-03-15,22287,2278,12,1,5,4309.84
12022,1107495,2025-09-03,47196,2277,93,1,4,479.64
12023,1060585,2025-12-25,43293,637,39,1,5,1441.24
12024,1049680,2025-05-30,4533,2163,6,1,5,2652.52
12025,1080380,2025-11-15,25747,1443,107,1,2,431.52
12026,1006021,2025-07-05,36763,892,120,1,2,281174.29
12027,1037383,2025-05-02,30678,657,73,1,4,110.67
12028,1047986,2025-12-29,45203,843,98,1,4,180.4
12029,1004587,2025-08-12,6614,2447,30,1,4,7833.06
12030,1052006,2026-03-14,49660,2061,5,1,1,25096.62
12031,1030520,2025-09-17,48364,2983,6,1,1,467.1
12032,1194043,2025-10-01,44190,448,75,1,4,5333.26
12033,1131675,2025-11-12,41901,2541,63,1,5,2643.57
12034,1197226,2025-06-07,28611,2138,10,1,3,3313.72
12035,1176704,2026-01-28,28113,2865,41,1,5,5919.68
12036,1047772,2025-09-28,30246,2418,111,1,3,2855.48
12037,1181166,2026-03-30,18145,255,67,1,5,11394.2
12038,1174385,2026-01-19,18579,572,97,1,4,17053.92
12039,1016618,2025-04-04,6352,148,80,1,4,477.5
12040,1044637,2026-02-14,10608,2430,59,1,3,1835.52
12041,1026232,2026-02-28,28202,685,103,1,3,1804.27
12042,1124034,2025-11-04,24794,2819,69,1,5,5741.68
12043,1197432,2026-01-14,8686,2864,113,1,3,10763.93
12044,1012591,2025-11-29,48786,792,3,1,2,2701.64
12045,1195705,2026-02-11,45714,441,8,1,3,15013.61
12046,1065552,2025-04-20,2924,829,76,1,3,1224.82
12047,1059316,2025-08-19,12774,915,95,1,3,192670.3
12048,1142201,2025-08-20,141,2452,101,1,3,3303.85
12049,1041469,2025-10-15,46394,105,118,1,3,1474.45
12050,1195146,2026-04-02,1526,2910,55,1,3,23221.15
12051,1100108,2025-10-22,28315,2597,109,1,3,201.38
12052,1128674,2026-02-09,5939,2975,81,1,3,639.6
12053,1129625,2025-05-01,6354,1197,117,1,4,16991.35
12054,1039057,2025-04-05,10721,2891,89,1,1,7191.06
12055,1027390,2025-12-03,8378,2885,120,1,5,5666.73
12056,1105873,2025-07-17,17727,2497,99,1,2,15489.12
12057,1033047,2026-02-10,6162,2437,21,1,1,199.38
12058,1096677,2026-02-19,11102,1466,7,1,4,34956.31
12059,1005117,2025-11-23,32869,2416,87,1,3,11649.84
12060,1083260,2025-09-18,20092,1339,26,1,5,11485.31
12061,1148958,2025-04-27,47611,2742,56,1,4,25385.41
12062,1008488,2026-01-01,49901,1024,43,1,1,67576.67
12063,1063978,2025-06-18,8423,2540,30,1,4,1012.52
12064,1141783,2025-06-20,8564,3,41,1,4,54631.84
12065,1103657,2026-01-04,21604,2439,6,1,4,2573.33
12066,1145258,2025-05-26,43505,820,85,1,3,152011.31
12067,1144267,2025-09-08,23315,1128,24,1,1,1376.44
12068,1041974,2025-05-04,18375,1932,56,1,4,6484.88
12069,1085924,2025-07-13,45303,1629,62,1,4,2088.87
12070,1063355,2026-03-22,28595,989,95,1,5,851.22
12071,1131084,2025-08-19,35734,713,23,1,2,47548.92
12072,1152009,2025-11-21,3388,2180,86,1,1,8642.74
12073,1137232,2025-06-25,12779,719,9,1,1,43283.55
12074,1007212,2025-10-30,4494,1008,58,1,3,375.66
12075,1052077,2025-08-21,19459,1873,117,1,3,4581.24
12076,1154476,2025-07-29,23138,1280,14,1,5,3723.02
12077,1049470,2026-03-25,15949,1834,102,1,5,13133.16
12078,1135209,2025-10-31,45488,1812,100,1,2,5531.61
12079,1065016,2026-03-05,47890,1451,70,1,5,648.44
12080,1021652,2025-12-10,12021,2757,20,1,3,722.39
12081,1086798,2025-06-04,6354,1327,91,1,5,723.39
12082,1059028,2025-06-13,31361,714,19,1,3,802.92
12083,1163134,2025-05-28,22634,1577,105,1,1,6344.22
12084,1094948,2025-11-09,46795,2694,94,1,5,6026.91
12085,1118403,2025-08-21,44486,2550,104,1,5,25173.33
12086,1005822,2025-11-29,29696,489,110,1,2,9567.49
12087,1141630,2025-05-29,26700,2304,47,1,1,603.24
12088,1018699,2025-08-18,36184,2113,67,1,1,62890.38
12089,1171222,2025-08-31,3917,1982,73,1,3,823.06
12090,1005962,2026-01-18,11807,779,15,1,2,16465.08
12091,1145116,2025-07-02,24681,1517,37,1,3,10796.57
12092,1148040,2025-08-26,42552,1018,36,1,5,458.54
12093,1145655,2026-02-07,18480,578,6,1,5,1660.69
12094,1176682,2025-04-29,42111,277,28,1,5,1720.33
12095,1195055,2025-10-25,31078,2854,65,1,3,2978.8
12096,1125911,2025-11-22,45945,850,90,1,2,129893.81
12097,1025442,2025-11-20,19092,1579,66,1,1,134.3
12098,1190097,2025-10-09,21420,2170,104,1,2,1231.72
12099,1078834,2026-02-15,9656,1831,59,1,5,4062.75
12100,1120022,2025-07-02,1879,2740,92,1,1,32808.33
12101,1156274,2025-10-06,9928,56,49,1,5,1253.91
12102,1060743,2025-04-26,26252,1285,116,1,1,1931.45
12103,1172596,2025-12-21,21633,107,90,1,1,1272.66
12104,1175381,2025-07-14,45243,2378,74,1,3,1793.95
12105,1100095,2025-09-08,35235,2847,18,1,2,6388.31
12106,1182913,2026-02-01,8031,2122,95,1,1,71906.86
12107,1132616,2025-10-24,24971,1011,59,1,2,4854.76
12108,1197177,2025-11-15,18991,2993,12,1,4,524.5
12109,1187773,2025-05-24,13602,2880,29,1,5,2996.12
12110,1197313,2025-09-07,3560,838,79,1,4,1744.81
12111,1199066,2025-05-11,8669,107,12,1,5,2607.44
12112,1161859,2025-08-01,8328,1273,89,1,1,545.96
12113,1149285,2025-05-13,17587,1175,83,1,5,33793.85
12114,1146577,2025-11-10,25850,2316,99,1,1,31289.54
12115,1050140,2026-01-06,31921,1389,80,1,4,4469.37
12116,1009283,2026-02-14,23069,2435,24,1,1,52111.17
12117,1106821,2026-03-25,10164,2103,9,1,5,306.85
12118,1007348,2026-02-22,37157,534,38,1,1,5438.71
12119,1185708,2026-01-04,15796,236,108,1,4,526.77
12120,1155101,2026-03-15,4153,2509,95,1,1,31504.62
12121,1110080,2026-01-10,9609,864,115,1,2,42672.02
12122,1067806,2025-04-13,19760,2112,20,1,4,12880.27
12123,1175961,2025-08-10,17875,1598,99,1,5,251793.42
12124,1159495,2025-07-07,1644,175,84,1,4,20102.68
12125,1166463,2025-12-07,24651,2050,110,1,2,2631.25
12126,1095866,2025-11-10,22045,440,40,1,5,2538.91
12127,1112120,2025-07-08,25484,2984,117,1,1,88.88
12128,1096849,2025-06-20,12303,1183,115,1,4,15404.94
12129,1022515,2025-12-18,18131,2864,61,1,3,5457.07
12130,1186647,2025-09-17,18374,188,36,1,3,6232.65
12131,1033231,2025-12-10,12369,2457,42,1,2,1844.96
12132,1146871,2025-09-09,10458,217,8,1,5,3204.94
12133,1059242,2026-03-17,1790,803,59,1,1,17720.32
12134,1159428,2026-02-17,24504,2644,113,1,5,5800.19
12135,1007922,2025-10-29,12145,2435,5,1,1,50144.66
12136,1048016,2026-04-01,26931,2717,77,1,3,50832.61
12137,1086289,2025-06-08,47359,291,106,1,1,167550.81
12138,1031623,2026-02-27,34716,576,65,1,2,27671.65
12139,1165924,2026-01-30,33046,1694,108,1,1,84.22
12140,1156262,2025-06-19,39659,1514,108,1,1,933.27
12141,1121377,2025-12-11,21976,2585,106,1,5,2143.47
12142,1031017,2026-01-28,15343,2286,64,1,3,115.32
12143,1010321,2025-07-17,34342,1250,28,1,2,8086.23
12144,1005089,2025-11-20,8820,2483,52,1,3,117.37
12145,1017373,2025-12-20,3462,2406,67,1,3,1358.76
12146,1128974,2025-11-22,33015,2048,50,1,1,2053.71
12147,1189509,2026-03-30,25731,2232,79,1,3,269.79
12148,1069583,2025-05-10,15249,391,86,1,5,7421.04
12149,1117665,2025-12-18,24338,2244,73,1,5,1115.9
12150,1146911,2026-01-02,33241,60,1,1,1,11694.25
12151,1091998,2026-02-04,313,2857,98,1,2,262764.25
12152,1133357,2025-05-18,42652,1824,91,1,4,24497.11
12153,1018703,2025-09-15,39294,2884,12,1,1,1551.72
12154,1067013,2025-10-29,11004,1729,51,1,4,342.12
12155,1092000,2025-07-11,27402,1296,79,1,2,52905.83
12156,1051168,2025-06-28,39413,1864,47,1,1,1105.27
12157,1153176,2025-06-30,5841,1942,9,1,4,10508.74
12158,1110494,2025-10-09,23355,2474,93,1,5,1511.45
12159,1088852,2025-08-04,32955,2751,41,1,5,122325.15
12160,1149437,2025-05-02,28360,374,111,1,1,139.86
12161,1074788,2025-10-04,20045,2756,5,1,2,419.14
12162,1195604,2026-04-04,8652,1465,65,1,4,642.03
12163,1034939,2025-10-01,3851,253,106,1,2,35417.1
12164,1119019,2025-10-06,1856,2326,82,1,1,9784.69
12165,1067794,2025-11-25,20070,2075,20,1,4,5290.97
12166,1188146,2025-10-28,24482,1535,5,1,4,4448.26
12167,1173153,2026-01-31,39729,827,80,1,1,1069.76
12168,1097427,2025-10-12,3083,736,8,1,5,1515.82
12169,1087147,2025-12-29,10159,2708,79,1,3,739.89
12170,1142883,2025-11-11,35506,358,40,1,2,4103.35
12171,1169399,2025-09-11,31593,2408,41,1,3,239385.77
12172,1104244,2025-09-08,28955,562,56,1,4,686.22
12173,1106012,2025-09-22,27206,1842,17,1,5,1959.74
12174,1164649,2026-04-05,6084,2826,21,1,1,2221.93
12175,1195542,2026-01-09,407,974,44,1,1,50050.5
12176,1103297,2025-08-29,35566,2222,101,1,5,188613.94
12177,1052048,2025-10-20,40441,2587,115,1,4,26688.01
12178,1181308,2025-12-07,8034,1348,88,1,1,50525.91
12179,1007353,2026-02-03,11672,1411,63,1,4,27029.25
12180,1155469,2025-07-26,42631,104,92,1,5,36022.39
12181,1156871,2025-10-28,34059,800,69,1,1,2520.14
12182,1074309,2025-08-26,43880,2611,49,1,3,30950.19
12183,1198870,2026-04-04,23475,101,64,1,1,1511.7
12184,1013692,2025-05-04,46143,1004,33,1,2,1463.75
12185,1086404,2025-07-10,26718,2578,104,1,5,1728.67
12186,1046620,2025-11-09,17684,327,65,1,4,112639.22
12187,1106440,2026-01-12,7776,204,57,1,5,1891.16
12188,1008518,2025-08-10,45080,1563,93,1,3,457.38
12189,1147345,2025-10-04,13555,1836,41,1,4,177.53
12190,1036057,2025-12-30,45272,2669,87,1,3,2158.61
12191,1017820,2025-06-11,20291,1583,120,1,5,624.24
12192,1199745,2025-09-06,39884,2985,27,1,1,7081.25
12193,1049555,2025-12-07,34837,2886,74,1,1,15754.63
12194,1077532,2026-03-30,30733,50,98,1,5,71314.56
12195,1133479,2026-01-03,45168,1229,57,1,4,187.43
12196,1040459,2026-02-18,44074,1843,113,1,3,3649.62
12197,1005114,2025-06-10,37399,1330,19,1,4,5103.64
12198,1039860,2026-04-04,48558,1469,39,1,5,9164.44
12199,1081415,2025-05-12,6159,2406,65,1,3,4280.25
12200,1133891,2025-11-01,34817,1227,42,1,5,569.02
12201,1076674,2025-09-28,34598,476,72,1,1,125431.69
12202,1099774,2026-02-27,45928,119,87,1,5,33061.83
12203,1118625,2025-05-02,34226,1637,44,1,1,2093.99
12204,1133596,2025-11-13,2547,1691,40,1,3,513.21
12205,1101447,2025-12-26,44617,603,75,1,1,9250.76
12206,1032443,2025-05-13,41051,640,118,1,1,148.31
12207,1165119,2025-09-13,30056,2038,40,1,3,2778.4
12208,1097678,2026-01-26,42482,691,81,1,2,877.09
12209,1199441,2025-06-03,30680,624,93,1,3,1359.23
12210,1051239,2025-08-21,26796,2210,88,1,2,4367.75
12211,1048511,2025-11-14,8432,2791,109,1,4,2257.68
12212,1010438,2025-05-26,29083,2093,53,1,4,5977.01
12213,1071657,2025-07-10,11877,2785,75,1,3,3126.83
12214,1074555,2026-02-02,3887,2654,31,1,1,2303.27
12215,1129165,2026-03-30,24953,1230,2,1,5,154362.14
12216,1103992,2026-01-19,42588,2146,10,1,4,10309.94
12217,1167470,2026-02-23,12892,652,89,1,5,10013.85
12218,1159909,2025-08-24,34565,2902,36,1,3,31750.07
12219,1132104,2026-03-25,9186,1483,50,1,3,6497.51
12220,1091505,2025-12-07,23386,1148,45,1,2,542.32
12221,1043227,2025-12-13,16937,2544,17,1,3,6945.51
12222,1157572,2025-07-13,11739,2849,107,1,1,241.53
12223,1028286,2025-07-15,18629,2792,29,1,2,2948.56
12224,1062718,2025-10-17,43756,326,28,1,5,830.81
12225,1118210,2025-10-18,30884,1556,120,1,3,2080.46
12226,1075145,2025-08-06,37287,1585,5,1,2,14795.48
12227,1093343,2025-12-18,29921,14,12,1,1,1693.7
12228,1156859,2025-05-26,38717,2687,56,1,2,7004.4
12229,1145432,2025-12-25,1638,1170,13,1,1,1906.04
12230,1097082,2025-06-28,24183,2792,69,1,1,501.94
12231,1032897,2025-05-25,9421,998,44,1,3,873.43
12232,1110172,2025-10-12,21997,2071,72,1,1,3312.13
12233,1091164,2025-08-24,12049,1079,107,1,5,25850.01
12234,1034082,2026-01-07,37953,1914,49,1,2,225829.23
12235,1113354,2025-10-17,12203,1557,104,1,2,5104.07
12236,1000821,2025-10-03,12738,775,25,1,2,4042.47
12237,1111019,2025-04-30,43854,981,105,1,5,7210.43
12238,1181078,2025-08-24,16574,1479,86,1,4,3741.67
12239,1169372,2026-03-07,18008,2568,25,1,1,7675.04
12240,1142045,2026-04-02,11797,2751,30,1,3,234778.5
12241,1039305,2025-10-09,41989,2377,42,1,4,6165.19
12242,1078549,2026-02-14,16465,1347,74,1,4,56571.98
12243,1136361,2026-03-03,41824,1775,98,1,2,43976.09
12244,1183635,2025-07-09,45956,728,103,1,4,15063.17
12245,1115752,2025-05-08,659,2245,77,1,3,178112.57
12246,1177783,2026-01-16,15415,819,57,1,3,1860.14
12247,1073969,2025-09-12,16527,1892,32,1,3,12572.66
12248,1106244,2025-06-07,39698,1656,80,1,2,9515.15
12249,1022770,2025-12-07,3043,2154,61,1,2,80316.34
12250,1172633,2025-10-06,42177,1293,87,1,3,27857.06
12251,1051302,2025-11-14,36122,1379,78,1,4,22.9
12252,1150518,2025-12-07,48241,1585,46,1,5,12792.42
12253,1167623,2025-11-07,10211,53,109,1,1,7449.82
12254,1120078,2025-11-24,13799,2916,35,1,5,15855.47
12255,1113482,2025-05-18,49247,2938,98,1,2,9555.41
12256,1001121,2025-05-03,17584,1198,51,1,2,109099.48
12257,1126028,2026-02-20,30789,1242,113,1,5,6006.18
12258,1051256,2025-08-09,30866,1686,72,1,3,3382.21
12259,1014263,2026-02-04,3335,2929,76,1,3,10666.41
12260,1145752,2025-11-03,48766,716,33,1,4,1074.52
12261,1100737,2025-05-24,18676,1357,27,1,5,9158.49
12262,1153309,2026-01-18,36153,1500,113,1,5,43143.78
12263,1071151,2026-02-26,48170,46,35,1,3,22817.42
12264,1012333,2025-05-13,49802,1111,37,1,3,265.66
12265,1014463,2026-03-30,46466,2906,51,1,1,391.24
12266,1035080,2025-11-27,2529,340,43,1,3,4236.04
12267,1039305,2025-09-04,18700,1807,16,1,4,20412.62
12268,1044316,2025-12-27,33369,616,10,1,1,97.14
12269,1113835,2025-12-02,48438,89,20,1,5,249609.84
12270,1056459,2025-10-27,46548,2489,92,1,3,2380.02
12271,1086154,2025-05-29,10306,454,93,1,1,1027.89
12272,1191977,2026-03-17,3661,575,82,1,2,17997.03
12273,1083883,2025-11-27,18997,2907,71,1,3,3978.75
12274,1117587,2026-03-16,39827,2167,20,1,1,4194.86
12275,1138762,2025-12-15,22972,346,51,1,5,3270.5
12276,1195055,2026-01-27,40100,202,24,1,2,21148.05
12277,1122418,2025-12-19,17051,2541,34,1,5,2966.66
12278,1188073,2026-04-13,24259,768,13,1,3,12305.99
12279,1029586,2025-07-03,31818,2917,82,1,5,505.31
12280,1129324,2025-12-08,20219,128,79,1,2,899.84
12281,1162505,2025-11-23,39261,1387,32,1,4,2977.8
12282,1141594,2025-10-25,32922,2416,38,1,3,8692.73
12283,1018358,2025-06-16,47560,497,73,1,1,1478.28
12284,1083438,2026-04-11,9647,1444,20,1,4,1081.37
12285,1056113,2025-11-24,24517,1834,39,1,2,12963.41
12286,1132923,2025-10-05,9984,2533,31,1,3,2453.01
12287,1022753,2026-01-19,5718,2702,81,1,5,4699.77
12288,1068489,2026-04-10,20268,732,101,1,3,3235.45
12289,1143089,2026-03-22,25748,2349,48,1,5,6738.61
12290,1151767,2025-10-24,41708,2803,33,1,2,3006.37
12291,1065239,2025-07-27,29194,2616,11,1,2,755.64
12292,1177846,2025-11-01,26548,2116,109,1,5,945.8
12293,1066048,2025-12-19,29164,1941,59,1,5,1980.48
12294,1098675,2026-01-11,49832,2341,5,1,4,1872.74
12295,1156056,2025-12-15,35320,592,77,1,3,1318.96
12296,1032987,2025-05-20,17634,1240,51,1,3,1142.89
12297,1117800,2025-06-21,23632,1902,97,1,3,2458.08
12298,1122032,2025-08-21,32916,900,89,1,3,12358.06
12299,1166998,2025-11-19,49575,1055,85,1,1,16550.72
12300,1127171,2026-01-17,1306,2219,91,1,4,88969.28
12301,1014432,2025-11-10,28310,549,33,1,2,597.04
12302,1139363,2025-12-23,41103,79,80,1,5,19715.43
12303,1086710,2026-01-28,34174,904,58,1,5,24544.59
12304,1138874,2025-06-09,36188,635,116,1,3,19588.05
12305,1011079,2025-11-13,10220,2819,80,1,5,6015.99
12306,1180398,2026-03-24,38714,888,35,1,5,3290.59
12307,1032486,2026-01-20,39546,1501,92,1,2,8994.86
12308,1121170,2025-09-15,44922,1401,57,1,4,2770.7
12309,1001574,2025-06-19,25058,1708,96,1,3,11464.69
12310,1062465,2025-05-04,664,1831,55,1,5,2011.82
12311,1183886,2026-04-06,34673,1269,69,1,1,2125.37
12312,1082070,2026-01-31,7110,2965,53,1,3,1928.19
12313,1166837,2025-04-22,9981,2980,23,1,2,20415.92
12314,1048221,2026-01-02,37264,2022,85,1,1,3617.58
12315,1160333,2025-08-27,48231,1018,109,1,3,458.51
12316,1086128,2026-03-02,31165,113,36,1,1,11651.81
12317,1058776,2025-09-21,28123,136,119,1,3,186.25
12318,1194908,2026-02-27,47723,2093,95,1,4,3190.37
12319,1034042,2025-07-21,24333,2830,52,1,5,35279.76
12320,1095677,2026-01-01,32094,1302,51,1,1,8225.36
12321,1023821,2026-03-15,3960,2226,84,1,1,13316.23
12322,1004533,2026-02-12,37197,1589,5,1,2,85386.77
12323,1083233,2025-10-29,11463,204,79,1,5,973.24
12324,1037259,2026-03-21,49581,80,76,1,1,535.82
12325,1179297,2025-10-30,4022,1595,88,1,5,7511.39
12326,1096013,2025-07-01,21358,1526,15,1,3,59118.99
12327,1000060,2026-01-11,25231,1968,38,1,1,370.41
12328,1000979,2026-03-25,47821,1260,32,1,4,744.27
12329,1102609,2026-01-20,14527,1158,86,1,4,3088.62
12330,1184306,2025-11-04,2692,1107,107,1,2,152346.29
12331,1038982,2025-06-14,1705,2110,97,1,3,1132.99
12332,1008468,2025-08-28,36303,2907,59,1,1,11376.62
12333,1057452,2026-02-16,47997,2978,30,1,5,4917.88
12334,1054212,2026-04-15,33348,1012,20,1,2,8084.79
12335,1175235,2025-06-08,14634,2174,86,1,1,4181.46
12336,1109817,2026-04-07,11154,1738,18,1,3,3145.94
12337,1120429,2025-11-05,37836,1733,42,1,1,713.87
12338,1002488,2026-03-12,12658,1719,10,1,2,4444.21
12339,1167672,2025-05-17,48322,1676,14,1,3,6035.23
12340,1174757,2026-04-04,6842,2915,105,1,3,79328.98
12341,1158666,2025-07-15,10239,1653,11,1,2,324.73
12342,1189066,2025-12-15,35327,33,116,1,3,2269.33
12343,1186402,2026-04-06,6066,1859,12,1,2,53397.24
12344,1127745,2026-02-04,40646,1532,114,1,2,10813.59
12345,1046314,2026-01-02,6626,430,24,1,3,155727.6
12346,1038341,2025-11-01,49361,2538,53,1,1,376.17
12347,1061646,2026-01-24,858,2280,68,1,1,9401.19
12348,1094593,2025-09-10,16486,111,51,1,3,1186.67
12349,1182935,2025-11-08,9297,1371,18,1,5,45258.63
12350,1033949,2026-03-20,25064,1291,29,1,3,70.62
12351,1120623,2025-06-04,33646,1907,104,1,2,34218.45
12352,1130732,2025-04-28,22226,1069,73,1,4,845.74
12353,1032086,2026-04-03,32742,2202,80,1,2,11220.53
12354,1134148,2026-02-19,40770,1261,73,1,5,8313.77
12355,1012317,2025-06-10,25003,195,5,1,3,16615.59
12356,1061538,2026-01-18,24974,2865,81,1,1,5581.34
12357,1134675,2025-10-26,269,848,57,1,4,2907.92
12358,1054780,2025-09-27,46141,1784,52,1,3,7177.45
12359,1179400,2025-11-07,14148,957,14,1,4,820.56
12360,1098756,2026-03-13,20825,1936,79,1,4,751.34
12361,1191434,2026-03-29,29958,2903,7,1,4,141.37
12362,1042038,2025-09-24,7106,2487,100,1,1,145381.55
12363,1020028,2026-01-06,26626,1789,100,1,2,2505.59
12364,1143258,2025-12-24,31104,2296,18,1,4,2658.83
12365,1049121,2026-02-15,1606,1284,99,1,1,7579.18
12366,1010562,2026-04-03,34088,528,27,1,5,16050.77
12367,1154251,2025-09-16,33576,684,34,1,2,27317.21
12368,1015924,2025-07-18,9865,975,82,1,2,3138.36
12369,1162914,2026-01-10,38192,825,64,1,3,63485.46
12370,1128701,2025-07-20,46380,1629,57,1,4,950.42
12371,1153958,2025-11-09,19001,1663,53,1,4,3844.45
12372,1171874,2026-02-12,26127,1611,112,1,5,1494.56
12373,1007709,2026-01-24,43213,2847,50,1,2,38226.97
12374,1147708,2026-03-28,31942,64,18,1,4,5551.91
12375,1108196,2025-05-05,33848,2674,68,1,5,24133.0
12376,1084893,2025-11-25,30973,149,28,1,4,865.36
12377,1001323,2025-09-11,3097,2721,28,1,1,2114.64
12378,1190098,2025-07-02,27848,1931,80,1,5,11784.91
12379,1035823,2025-08-09,16247,160,103,1,5,381.01
12380,1117334,2025-08-19,7687,1807,45,1,2,21453.61
12381,1026179,2025-06-20,15860,2255,38,1,5,1397.74
12382,1051805,2025-10-01,7812,2767,80,1,5,1205.48
12383,1053113,2025-09-10,6656,523,53,1,5,2273.75
12384,1119349,2025-11-11,4232,1137,16,1,4,7290.17
12385,1183806,2025-06-19,36892,1772,100,1,1,171173.44
12386,1114497,2025-09-12,20963,42,90,1,1,6864.35
12387,1148047,2025-08-06,16617,2541,100,1,4,11473.58
12388,1105799,2025-10-26,16413,2840,10,1,1,21683.06
12389,1193988,2025-09-25,13570,1270,8,1,3,1825.86
12390,1055108,2025-06-04,32371,1287,29,1,2,69729.41
12391,1167821,2025-04-28,46639,2935,73,1,3,1271.3
12392,1010087,2026-01-05,16147,1244,20,1,2,18506.87
12393,1198644,2025-12-05,8853,1741,33,1,5,22217.16
12394,1073521,2026-02-26,10250,2012,29,1,2,5081.27
12395,1097817,2025-07-01,2571,479,25,1,1,8737.87
12396,1112562,2025-12-08,6835,1688,107,1,2,140.61
12397,1065724,2025-09-07,14394,283,104,1,4,6591.39
12398,1029540,2025-11-30,7814,2834,10,1,5,1443.47
12399,1171679,2026-01-07,49921,1772,68,1,3,56762.34
12400,1094179,2025-10-12,13277,387,103,1,1,412.26
12401,1114082,2026-01-10,28642,2222,47,1,1,29374.56
12402,1186773,2026-02-07,25032,2901,65,1,5,15696.18
12403,1063359,2025-12-28,13082,2767,62,1,1,2379.48
12404,1156577,2025-10-02,35190,380,9,1,5,3594.26
12405,1016741,2025-11-03,29349,1060,56,1,2,7099.82
12406,1069663,2025-10-31,35958,2490,113,1,2,17305.08
12407,1059247,2026-02-16,7656,1283,35,1,2,395.74
12408,1169110,2026-04-02,41554,2041,48,1,1,2775.63
12409,1178790,2025-12-08,44127,1732,69,1,2,10576.96
12410,1031001,2025-06-08,468,998,118,1,4,4306.27
12411,1133885,2025-12-03,21915,1981,29,1,3,47360.32
12412,1170519,2025-10-19,1682,1688,61,1,4,51.31
12413,1163445,2026-03-22,17497,1895,6,1,2,286.87
12414,1097781,2025-10-30,29154,703,75,1,2,3497.58
12415,1031178,2025-11-23,10573,1546,92,1,1,23116.48
12416,1064294,2025-04-22,3843,2949,8,1,1,608.08
12417,1186662,2025-07-06,34542,2020,31,1,3,3185.55
12418,1051794,2025-08-17,18337,2523,19,1,5,27363.59
12419,1195913,2025-06-25,12994,893,72,1,2,15978.35
12420,1151562,2025-04-25,1588,2601,88,1,4,1851.3
12421,1126100,2026-01-23,28965,1083,98,1,2,52235.93
12422,1015270,2025-08-14,36313,1423,46,1,1,4630.01
12423,1160482,2025-07-11,32435,1948,95,1,1,4095.18
12424,1026852,2026-01-20,10945,2967,108,1,5,15329.05
12425,1106415,2025-09-07,38912,1348,55,1,3,60576.78
12426,1093299,2025-12-26,48416,890,13,1,1,6487.24
12427,1083167,2025-09-10,8668,2106,46,1,5,133737.82
12428,1147919,2025-08-14,44076,1577,99,1,3,6376.75
12429,1112988,2025-07-27,15457,1725,86,1,3,1218.24
12430,1189865,2025-09-06,1279,722,95,1,4,32581.69
12431,1096343,2025-12-31,8018,1530,86,1,5,1535.46
12432,1063119,2026-01-28,35390,1517,104,1,5,19825.96
12433,1040088,2025-06-29,4711,1957,12,1,5,7772.95
12434,1137604,2026-03-18,10048,554,88,1,2,1614.31
12435,1037885,2025-10-09,32318,2079,69,1,3,2311.18
12436,1052972,2025-08-28,39248,1675,39,1,4,1920.58
12437,1027785,2025-12-13,32386,477,35,1,1,386.53
12438,1020541,2025-10-22,18450,533,105,1,2,703.22
12439,1190023,2025-08-17,46134,615,21,1,3,4536.08
12440,1015830,2026-04-01,24270,1560,61,1,1,2542.86
12441,1073573,2025-04-18,44949,2083,17,1,4,922.9
12442,1175871,2025-05-31,1,2315,21,1,1,1721.07
12443,1030645,2026-03-19,2967,2674,66,1,4,15801.85
12444,1066842,2026-02-22,43324,693,101,1,4,4688.19
12445,1174545,2025-08-26,34019,1959,70,1,5,3326.41
12446,1017088,2025-10-14,37422,2637,41,1,3,70572.28
12447,1103688,2025-11-05,45114,408,46,1,4,2396.94
12448,1169749,2025-06-22,46393,1343,22,1,2,8237.3
12449,1148083,2025-12-27,29698,2600,28,1,4,199.44
12450,1128638,2025-05-12,5976,2778,26,1,1,370.13
12451,1057868,2025-09-19,26391,2865,51,1,5,18417.36
12452,1009684,2025-05-03,12832,2670,99,1,3,114522.69
12453,1022465,2026-02-07,28489,1233,82,1,2,5476.07
12454,1116106,2025-06-24,11847,1436,18,1,5,90699.06
12455,1074674,2026-01-31,46086,2287,52,1,4,504.69
12456,1187818,2026-03-24,17914,488,105,1,2,129966.11
12457,1000048,2025-08-13,18755,739,2,1,3,12710.69
12458,1084280,2026-03-28,14519,842,44,1,5,3836.04
12459,1171989,2025-12-07,15617,1941,117,1,1,1902.72
12460,1066307,2025-08-10,27457,1714,95,1,4,18295.61
12461,1000598,2025-08-03,41167,1780,73,1,4,10745.84
12462,1099907,2025-12-11,31147,2710,110,1,4,20392.46
12463,1009711,2026-03-08,4185,316,6,1,3,4818.2
12464,1095415,2025-05-24,15858,1733,64,1,5,4312.34
12465,1032255,2025-09-20,35624,236,21,1,5,587.77
12466,1114190,2026-01-06,23264,2533,111,1,5,2348.37
12467,1065879,2025-09-25,24418,1415,113,1,2,11111.31
12468,1181083,2025-11-03,44360,2106,103,1,2,25406.41
12469,1075409,2025-04-24,20228,1843,31,1,2,3773.8
12470,1015959,2025-06-17,42931,2270,15,1,1,39.1
12471,1140847,2025-08-27,8298,1334,74,1,1,873.0
12472,1199187,2025-04-15,24265,1456,76,1,1,1998.99
12473,1024876,2025-12-28,32977,858,7,1,1,24996.36
12474,1076516,2025-11-28,26525,1672,31,1,3,9932.09
12475,1167906,2025-06-03,31462,477,40,1,2,379.82
12476,1107203,2025-06-01,40701,109,92,1,3,7013.48
12477,1078654,2025-07-18,36602,2164,15,1,3,2363.21
12478,1008296,2025-12-27,35590,959,63,1,4,2697.29
12479,1185085,2025-11-07,27219,1565,87,1,1,10838.76
12480,1181929,2025-07-01,6552,963,47,1,1,40333.42
12481,1055860,2025-06-08,28304,1351,75,1,5,125.8
12482,1019005,2026-02-25,37640,2331,14,1,4,801.29
12483,1031882,2025-08-17,39880,1356,47,1,3,329.31
12484,1149134,2026-03-22,36835,2797,74,1,4,444.26
12485,1017755,2026-01-05,1975,2050,9,1,2,771.46
12486,1014708,2025-04-20,17244,454,58,1,1,1045.29
12487,1003480,2025-08-16,11797,2009,99,1,1,56411.35
12488,1043808,2025-12-07,30698,2304,73,1,2,384.1
12489,1160078,2025-07-31,44934,2105,12,1,5,2400.41
12490,1102670,2025-09-15,22513,2306,39,1,1,23644.14
12491,1145396,2026-02-12,39796,1444,115,1,5,1090.14
12492,1175086,2025-08-31,28198,2967,47,1,5,10567.97
12493,1023749,2026-03-24,44127,1437,50,1,3,3636.35
12494,1153491,2025-07-18,48160,198,36,1,1,108336.21
12495,1115218,2025-09-24,28329,294,93,1,1,9393.01
12496,1146532,2025-10-19,39187,2587,5,1,3,18615.24
12497,1120737,2025-10-12,19044,197,80,1,4,343.28
12498,1080556,2025-11-22,47515,2696,18,1,2,31615.96
12499,1188557,2025-07-06,10551,1813,109,1,1,3857.8
12500,1030026,2025-09-25,19220,2023,82,1,5,1794.86
12501,1038786,2025-12-06,19096,224,32,1,3,2691.1
12502,1092945,2025-11-13,5892,937,10,1,3,733.23
12503,1141316,2025-05-24,25680,1651,47,1,4,3245.13
12504,1046498,2025-05-14,24562,1499,42,1,5,8991.58
12505,1016981,2025-06-09,31648,1116,111,1,2,6010.52
12506,1105456,2025-12-26,17424,246,77,1,4,15599.18
12507,1055689,2025-09-20,698,1654,27,1,2,1031.75
12508,1021397,2026-01-13,21937,2935,5,1,4,1301.13
12509,1001679,2025-06-10,9759,639,110,1,1,3445.34
12510,1039438,2026-04-03,22952,177,45,1,2,10064.36
12511,1180260,2025-09-07,32440,2291,14,1,1,76710.85
12512,1149385,2025-08-11,19996,2620,105,1,5,19016.44
12513,1168835,2025-09-02,35392,2128,11,1,4,26429.53
12514,1096337,2026-02-13,23943,1878,83,1,5,993.35
12515,1176425,2025-08-01,2477,2445,29,1,2,264.43
12516,1096557,2026-03-02,13775,2132,14,1,2,7929.06
12517,1073033,2025-12-16,8544,1670,89,1,3,1081.56
12518,1163674,2025-08-24,40156,45,54,1,5,64148.45
12519,1051203,2025-08-31,27665,1153,31,1,3,1345.06
12520,1037525,2025-05-18,1095,1552,94,1,4,2671.33
12521,1186650,2025-09-06,16221,1713,116,1,5,60264.33
12522,1060499,2025-10-29,42611,2223,106,1,5,316.57
12523,1151180,2025-08-07,5328,421,112,1,4,198.63
12524,1091951,2025-11-07,39565,2529,51,1,3,86.42
12525,1165195,2026-03-28,37902,2694,16,1,5,6004.27
12526,1061230,2026-04-12,35021,1490,55,1,1,76.5
12527,1192572,2025-06-18,40836,2349,19,1,3,16201.8
12528,1164161,2025-11-19,48422,1842,6,1,3,1200.13
12529,1034985,2025-06-16,18236,1670,77,1,2,1098.05
12530,1080557,2025-10-31,15840,1036,100,1,4,15352.41
12531,1028617,2025-07-12,43251,300,67,1,3,11248.87
12532,1175684,2025-10-10,17926,2936,109,1,4,7354.84
12533,1095742,2026-02-08,20046,1326,45,1,5,19941.7
12534,1128743,2025-08-23,12767,2635,83,1,1,44985.91
12535,1011489,2025-08-26,38821,61,8,1,1,443.4
12536,1157807,2025-05-13,21811,1874,111,1,5,12492.21
12537,1184226,2025-11-17,16144,2149,104,1,5,86.42
12538,1019744,2025-10-28,27814,2798,66,1,5,424.72
12539,1153376,2025-06-01,12208,259,88,1,2,10420.61
12540,1052898,2026-03-23,24067,1092,104,1,2,60406.72
12541,1010434,2025-06-03,19683,2194,55,1,2,70.13
12542,1097511,2025-12-07,23186,1002,33,1,2,88.65
12543,1006511,2025-09-17,17724,1107,13,1,4,47762.74
12544,1020315,2026-01-22,34459,1263,48,1,1,41.02
12545,1055560,2025-06-13,28986,596,89,1,4,874.56
12546,1072061,2026-01-10,36345,930,18,1,5,84506.84
12547,1168838,2026-01-23,32302,1553,120,1,5,7972.81
12548,1086624,2026-04-07,24365,1217,42,1,2,5540.08
12549,1181034,2025-05-09,47138,2644,46,1,5,16994.13
12550,1012486,2026-01-18,41652,1257,6,1,2,4627.36
12551,1149592,2025-11-23,37375,2550,115,1,2,24505.39
12552,1196151,2025-12-13,21640,1898,73,1,3,201.92
12553,1019591,2026-03-26,20437,397,120,1,5,20022.27
12554,1181003,2026-02-19,7492,117,53,1,1,4988.27
12555,1111548,2025-07-22,1553,2701,31,1,3,13145.12
12556,1069304,2025-10-27,31735,1283,58,1,1,387.65
12557,1006007,2026-02-01,20124,157,11,1,2,418.5
12558,1165091,2026-01-22,5429,1340,11,1,2,329.22
12559,1133744,2026-02-27,18430,1955,22,1,5,107397.19
12560,1117373,2025-08-04,39850,301,10,1,4,267.54
12561,1185602,2025-11-11,20033,2363,93,1,5,213355.2
12562,1122380,2025-07-10,32508,2424,35,1,3,2643.64
12563,1110432,2025-09-11,38810,71,27,1,1,4772.03
12564,1117179,2026-01-04,17356,381,60,1,4,2089.12
12565,1012312,2026-04-09,38190,1933,6,1,1,6746.15
12566,1004735,2025-11-06,10888,2678,119,1,3,3364.79
12567,1095636,2025-12-06,45071,264,92,1,4,1930.76
12568,1121327,2025-08-07,12700,2165,106,1,2,7912.71
12569,1193427,2025-07-04,23169,1346,87,1,2,11655.11
12570,1111268,2025-12-01,30358,1022,100,1,3,157.1
12571,1028969,2025-08-29,44794,1581,41,1,3,871.91
12572,1179720,2025-12-05,43407,2700,56,1,2,1356.0
12573,1131843,2025-06-05,3381,2764,91,1,2,4307.24
12574,1060170,2026-02-03,37264,1749,59,1,5,3060.23
12575,1066233,2025-12-13,30550,614,25,1,5,1866.03
12576,1079248,2026-01-07,35861,1461,91,1,3,2607.96
12577,1131307,2025-12-08,29274,1993,68,1,5,1232.52
12578,1071634,2025-05-27,49965,1394,93,1,1,6228.73
12579,1052045,2025-04-25,20019,2955,102,1,4,25757.83
12580,1176709,2025-10-16,35601,2797,107,1,2,416.84
12581,1167043,2025-07-03,36671,1414,32,1,2,2131.47
12582,1007062,2025-07-27,10636,2676,65,1,1,680.01
12583,1144183,2025-10-23,13064,169,107,1,1,27499.23
12584,1055720,2025-06-27,38273,2403,74,1,1,89235.97
12585,1128167,2025-12-15,11055,138,82,1,4,66.99
12586,1119680,2025-12-13,14069,827,75,1,5,1012.32
12587,1014615,2026-03-07,8920,32,73,1,3,11650.29
12588,1062155,2026-01-21,35914,217,83,1,3,1594.03
12589,1082577,2026-01-06,26271,2458,91,1,5,54870.41
12590,1149382,2026-03-08,4436,2851,31,1,5,223496.17
12591,1152436,2026-01-30,41131,766,5,1,2,95.01
12592,1154301,2025-05-16,7762,2104,96,1,1,1102.61
12593,1114368,2025-12-24,19985,2129,9,1,4,6561.09
12594,1154346,2026-02-21,47680,1701,92,1,3,2445.54
12595,1035378,2025-11-23,24270,806,62,1,5,36419.38
12596,1025190,2025-06-03,36527,1490,88,1,4,159.16
12597,1175168,2025-07-31,5622,2650,57,1,5,6830.71
12598,1076974,2025-07-31,33006,2646,57,1,5,2050.23
12599,1011005,2025-12-05,10827,1581,23,1,3,772.86
12600,1063147,2026-02-27,47122,1796,82,1,5,826.22
12601,1118315,2025-05-28,45604,2355,66,1,3,7231.68
12602,1126374,2025-12-03,20774,1741,41,1,2,10600.06
12603,1004895,2025-06-21,34514,181,105,1,2,17331.87
12604,1125292,2025-11-04,35431,2662,51,1,5,5393.88
12605,1186838,2026-03-29,22738,2950,67,1,2,2271.08
12606,1014412,2026-03-22,16973,109,102,1,4,3721.18
12607,1105453,2025-09-25,19251,1536,60,1,4,3709.73
12608,1026218,2025-07-04,47411,1813,101,1,1,904.58
12609,1013715,2026-01-01,35803,2781,65,1,4,8391.32
12610,1023837,2026-03-03,17508,222,59,1,2,12855.29
12611,1041289,2025-11-30,44025,1633,21,1,4,226.76
12612,1173970,2025-10-24,33820,1839,26,1,3,82036.5
12613,1146299,2025-08-02,29072,2707,118,1,4,1521.35
12614,1009223,2025-10-26,40917,2771,75,1,5,10793.1
12615,1115158,2025-08-05,19541,1319,33,1,2,615.26
12616,1075881,2025-10-04,20465,2708,104,1,2,1430.73
12617,1188816,2026-01-16,28116,762,114,1,4,66242.29
12618,1083089,2026-03-05,9945,2860,40,1,5,54319.47
12619,1145586,2026-03-02,22255,1004,11,1,4,1476.8
12620,1117583,2025-06-27,9017,828,99,1,3,651.8
12621,1160928,2026-04-07,30652,1481,93,1,3,28747.36
12622,1194064,2026-01-15,5533,1315,120,1,4,604.97
12623,1179671,2025-11-26,44982,1762,31,1,3,40049.26
12624,1127916,2026-01-06,43516,1725,106,1,2,2212.8
12625,1170784,2026-01-06,15111,1590,24,1,5,8771.82
12626,1141074,2025-08-12,20699,1652,81,1,5,7158.24
12627,1131195,2025-09-05,39215,1751,97,1,4,18466.1
12628,1136289,2025-07-03,6677,995,100,1,4,2012.17
12629,1156339,2025-12-18,37106,517,53,1,2,576.91
12630,1003044,2025-11-07,24106,934,63,1,4,3230.62
12631,1002106,2025-11-18,22148,1968,64,1,5,426.46
12632,1165576,2025-05-21,45562,1444,92,1,4,380.02
12633,1144696,2025-08-08,9219,6,17,1,2,144480.2
12634,1188179,2025-09-16,8273,1198,50,1,4,107208.81
12635,1060915,2025-08-04,39852,1906,40,1,4,5545.2
12636,1120461,2026-04-04,38762,819,41,1,2,714.64
12637,1130558,2026-04-08,1708,1946,21,1,4,91110.92
12638,1128511,2026-04-09,39866,814,1,1,5,833.58
12639,1068502,2025-05-28,42190,1818,43,1,4,6282.29
12640,1156524,2026-02-19,25765,1623,4,1,4,5465.42
12641,1078103,2025-07-05,12849,925,29,1,1,1210.68
12642,1133404,2025-04-25,42149,381,9,1,1,2251.77
12643,1099654,2025-09-22,3242,2677,116,1,5,15179.73
12644,1089447,2026-04-26,20859,2757,18,1,2,142.97
12645,1097262,2025-07-29,15926,206,23,1,3,25501.89
12646,1181935,2025-11-02,917,1922,107,1,4,20072.83
12647,1185457,2026-03-06,17381,1906,65,1,3,5418.97
12648,1077898,2025-06-04,39617,2325,59,1,2,4375.64
12649,1153364,2025-08-07,18585,907,39,1,3,1191.37
12650,1055616,2025-07-11,31158,212,61,1,5,8447.61
12651,1008495,2025-04-24,47655,2493,92,1,5,138.0
12652,1107190,2025-06-21,21765,2134,92,1,3,1433.89
12653,1174235,2025-10-23,6453,1965,119,1,1,296.82
12654,1174854,2026-01-13,45350,1687,116,1,4,8983.28
12655,1101995,2025-08-30,24352,125,14,1,4,15292.05
12656,1092350,2025-06-14,10617,366,51,1,3,1315.98
12657,1095580,2026-02-03,39946,569,94,1,1,442.3
12658,1196901,2026-04-07,18536,786,98,1,3,2255.8
12659,1061324,2025-07-06,6640,15,14,1,2,912.77
12660,1190915,2025-05-05,9069,2948,31,1,2,110582.27
12661,1106921,2025-12-22,18013,1339,112,1,1,18704.02
12662,1112234,2025-07-10,23826,1038,10,1,1,1800.41
12663,1095363,2025-11-03,22480,621,61,1,1,1713.54
12664,1175272,2026-02-02,12249,1647,4,1,3,21719.57
12665,1010852,2026-01-14,37642,1415,86,1,1,6461.69
12666,1125450,2025-12-17,37825,614,15,1,2,877.05
12667,1045212,2025-07-11,48521,2721,49,1,4,2292.17
12668,1020090,2025-07-14,48221,2217,62,1,2,2255.68
12669,1059473,2025-08-08,9514,1950,113,1,1,1052.7
12670,1179149,2026-01-25,48052,130,87,1,1,609.53
12671,1120011,2025-06-07,40320,77,20,1,2,963.04
12672,1134887,2025-09-03,33798,2725,95,1,5,13739.98
12673,1137289,2026-02-14,11419,1917,13,1,2,6179.28
12674,1138032,2026-02-14,40921,2412,117,1,1,6918.18
12675,1064208,2025-11-28,26578,2647,106,1,4,9807.95
12676,1101385,2025-04-20,12814,208,97,1,4,6089.78
12677,1189931,2025-09-15,17619,1177,55,1,2,130307.23
12678,1067665,2026-04-14,1671,1682,109,1,5,33745.1
12679,1199337,2025-05-17,2007,1931,52,1,1,51601.68
12680,1000649,2026-02-10,31024,2590,50,1,5,263495.94
12681,1050597,2026-04-12,49688,1138,109,1,1,5718.86
12682,1148219,2025-04-27,21043,1685,119,1,1,2789.4
12683,1046014,2025-12-03,45847,294,80,1,2,22155.14
12684,1197360,2026-04-12,384,376,33,1,3,4166.4
12685,1072315,2025-05-16,277,820,42,1,3,36834.97
12686,1078468,2025-10-12,30856,389,90,1,5,233234.91
12687,1193959,2025-06-13,3202,825,114,1,3,203778.22
12688,1107110,2025-05-21,39065,1717,38,1,5,4369.66
12689,1024766,2025-12-28,41159,514,113,1,2,1061.26
12690,1044976,2025-12-13,19796,2698,24,1,2,4974.7
12691,1139677,2026-01-18,26045,1807,78,1,3,10776.17
12692,1131398,2025-05-23,45187,316,68,1,3,1281.15
12693,1125855,2026-03-13,9232,1233,57,1,3,11214.54
12694,1031467,2025-10-26,19793,2724,54,1,1,37776.25
12695,1107696,2026-02-17,40631,136,50,1,2,183.68
12696,1019873,2026-02-22,35857,332,59,1,2,37477.33
12697,1053875,2025-05-24,48441,749,74,1,2,2695.18
12698,1150804,2026-03-22,34806,1436,111,1,2,90854.11
12699,1198121,2025-05-12,1066,198,8,1,1,106297.47
12700,1118700,2025-07-26,9976,1391,30,1,2,1951.87
12701,1177585,2025-10-10,33759,957,32,1,2,1618.68
12702,1029827,2025-06-18,26058,1655,23,1,2,26426.05
12703,1009871,2025-08-02,27777,940,92,1,3,360.35
12704,1120205,2025-08-29,49923,692,2,1,4,2610.67
12705,1140954,2025-11-10,15740,2304,53,1,1,539.89
12706,1055138,2025-12-22,33207,917,81,1,2,151688.74
12707,1007495,2025-07-02,36830,1482,18,1,3,1994.93
12708,1016709,2026-01-27,4277,1462,118,1,4,2142.86
12709,1178934,2025-10-02,22534,803,70,1,5,29369.73
12710,1076113,2026-04-10,8846,671,120,1,1,862.34
12711,1056358,2025-06-22,24584,1308,45,1,3,64879.27
12712,1041976,2025-05-29,30181,2236,29,1,5,46678.77
12713,1151932,2025-09-22,16165,259,67,1,3,20683.13
12714,1180942,2025-12-06,16952,454,19,1,3,2727.57
12715,1011791,2025-05-22,43701,1703,95,1,3,14180.34
12716,1110440,2025-08-31,26573,874,53,1,3,2126.17
12717,1188322,2025-06-18,48225,2196,105,1,2,4845.45
12718,1109757,2026-01-23,28320,2972,97,1,4,5366.76
12719,1012975,2025-08-24,6887,710,98,1,4,218782.23
12720,1049042,2025-08-14,17232,2155,12,1,3,8926.6
12721,1036276,2025-06-07,33242,563,43,1,1,3157.18
12722,1024697,2026-04-03,14298,905,108,1,5,7114.3
12723,1008616,2026-02-09,26130,2725,110,1,4,6826.35
12724,1184457,2025-07-14,3215,344,119,1,2,2876.4
12725,1093194,2026-01-05,8514,2992,53,1,4,10790.76
12726,1006719,2025-12-14,17534,2550,77,1,5,46029.56
12727,1071991,2026-01-22,40503,1113,12,1,3,16458.74
12728,1020472,2025-11-29,8311,2369,56,1,2,667.92
12729,1084367,2025-11-10,19710,2317,84,1,2,66426.07
12730,1073830,2025-11-09,31059,808,36,1,1,6192.41
12731,1175296,2026-02-09,27537,2847,9,1,5,6361.61
12732,1069041,2025-08-17,44012,2649,86,1,2,2117.82
12733,1091810,2025-12-14,12915,1266,111,1,3,1019.75
12734,1197934,2025-06-19,3663,168,29,1,2,2304.3
12735,1031456,2025-12-06,38735,385,5,1,2,437.5
12736,1021908,2025-06-15,36394,1664,113,1,1,1884.66
12737,1074009,2025-05-28,28322,880,112,1,5,21645.78
12738,1051791,2025-06-29,22771,534,119,1,5,1446.42
12739,1184831,2025-12-07,47098,2019,113,1,1,14635.31
12740,1054123,2026-01-09,42242,1583,86,1,5,332.49
12741,1069967,2025-05-19,18461,832,35,1,3,8206.28
12742,1071906,2025-06-11,3241,79,21,1,1,10043.42
12743,1033567,2026-03-01,7021,1367,51,1,1,10132.85
12744,1169738,2026-04-08,33871,1090,5,1,4,9339.21
12745,1194521,2026-04-03,20791,2083,34,1,3,2990.47
12746,1085493,2025-05-30,17830,2970,70,1,1,113.83
12747,1137763,2025-06-07,17598,736,30,1,2,3963.54
12748,1191660,2026-03-13,3600,468,3,1,3,2202.87
12749,1115421,2026-03-24,37217,580,64,1,4,4717.8
12750,1045180,2025-04-15,33196,2377,94,1,3,1489.32
12751,1010600,2026-03-30,1516,1110,104,1,3,5418.34
12752,1063484,2025-12-15,21926,882,114,1,4,12424.42
12753,1046498,2025-12-26,45445,2017,82,1,5,1094.82
12754,1098552,2025-06-25,29313,2239,91,1,5,22365.63
12755,1020859,2025-10-05,24391,1393,75,1,3,5951.9
12756,1048063,2026-04-02,44344,1254,110,1,4,4234.93
12757,1058912,2026-01-01,10084,1749,25,1,2,961.97
12758,1137005,2025-06-10,48629,2994,73,1,4,2347.08
12759,1100194,2025-11-07,48778,2997,49,1,2,6475.39
12760,1068754,2026-01-08,34460,652,29,1,2,8807.79
12761,1034337,2026-01-16,47442,177,62,1,4,4649.71
12762,1071304,2026-03-02,10753,2885,120,1,3,5814.41
12763,1054329,2025-11-14,33373,2819,5,1,1,5976.41
12764,1077326,2025-06-14,8884,1017,89,1,2,421.91
12765,1033203,2026-03-04,13317,1823,61,1,5,209831.38
12766,1048586,2025-07-23,25252,894,110,1,2,4853.42
12767,1165375,2025-11-12,10761,1491,39,1,4,3489.56
12768,1077866,2025-08-02,16112,2075,115,1,2,18472.46
12769,1055899,2025-07-29,32870,891,91,1,1,826.6
12770,1142895,2025-07-09,22887,1139,88,1,1,1230.84
12771,1128495,2026-02-27,22766,1829,105,1,5,2275.87
12772,1139797,2026-03-19,24944,2089,67,1,2,13667.09
12773,1128938,2025-12-29,9273,253,27,1,1,7498.03
12774,1117241,2026-01-23,812,2389,72,1,3,3082.78
12775,1007175,2025-10-26,32483,221,53,1,2,6079.02
12776,1069589,2026-02-19,12373,2098,115,1,1,206252.06
12777,1165577,2026-02-09,39111,751,96,1,5,542.98
12778,1061070,2026-01-24,6191,87,103,1,5,95785.77
12779,1161755,2025-06-18,35717,974,118,1,1,198818.73
12780,1007124,2025-10-12,32834,1073,107,1,1,2328.86
12781,1019230,2026-01-11,34703,379,115,1,1,1186.05
12782,1192950,2025-12-21,36376,2995,79,1,4,28194.82
12783,1056998,2025-09-17,11147,2068,59,1,2,1190.07
12784,1010968,2026-02-23,49777,2044,115,1,3,350.06
12785,1065386,2025-09-06,19997,501,44,1,2,21320.7
12786,1099518,2025-10-12,1927,332,18,1,3,9053.34
12787,1125118,2025-08-08,20993,1751,35,1,5,6246.82
12788,1075199,2026-03-17,24164,1707,104,1,1,11313.01
12789,1154970,2026-03-01,2333,328,95,1,4,4584.68
12790,1105350,2025-12-11,31338,2941,61,1,5,6934.83
12791,1039996,2025-08-04,23357,2467,5,1,5,7291.42
12792,1078679,2025-04-21,19919,2741,43,1,2,7989.47
12793,1153642,2026-03-27,19163,2971,104,1,1,38520.51
12794,1055664,2025-09-12,5576,2950,12,1,3,2353.36
12795,1019723,2025-11-26,47960,2592,86,1,2,39469.54
12796,1173048,2025-07-10,46101,2392,33,1,2,1429.2
12797,1117656,2025-10-27,18376,202,87,1,1,100649.94
12798,1041366,2025-12-08,26100,1538,10,1,5,18410.53
12799,1123990,2025-10-18,22726,2908,56,1,4,212018.43
12800,1075304,2025-12-16,30977,1018,31,1,3,418.82
12801,1143024,2026-02-22,10226,2934,84,1,4,3828.04
12802,1015853,2025-06-11,24507,2892,98,1,2,25444.48
12803,1046113,2025-07-05,7733,403,115,1,3,1592.28
12804,1151248,2025-08-27,41924,991,114,1,3,15152.68
12805,1159424,2025-09-18,2634,1295,7,1,1,1578.63
12806,1009357,2025-08-21,5891,2687,1,1,5,13548.57
12807,1117241,2026-02-06,26098,1273,119,1,2,1190.27
12808,1137165,2026-04-04,30479,2512,33,1,4,28386.57
12809,1060727,2026-04-02,36546,2327,83,1,5,14535.54
12810,1049153,2025-09-15,3190,155,50,1,1,418.43
12811,1174152,2025-12-18,10724,628,111,1,3,3106.71
12812,1032319,2025-09-29,21867,1801,106,1,4,6742.54
12813,1072040,2026-03-18,43509,2987,9,1,1,12356.31
12814,1170505,2025-11-23,24931,2767,89,1,4,1059.88
12815,1059098,2025-09-01,20303,2392,114,1,2,479.41
12816,1153405,2026-01-14,45662,1430,93,1,1,17533.52
12817,1139810,2026-02-25,3704,532,64,1,1,567.68
12818,1076358,2026-02-18,11699,2527,13,1,4,4118.58
12819,1166111,2025-07-20,31078,2387,106,1,2,1839.43
12820,1168167,2025-07-08,24940,2630,116,1,4,342.69
12821,1019568,2025-10-10,18009,2268,14,1,5,725.67
12822,1001622,2025-11-11,34900,2050,98,1,2,1372.1
12823,1149302,2026-03-30,24797,2548,65,1,2,952.33
12824,1096622,2025-06-15,6278,2429,101,1,4,78120.39
12825,1004682,2025-05-11,28332,2556,104,1,1,1078.41
12826,1154450,2025-04-16,30998,2506,37,1,4,1068.23
12827,1089286,2026-03-21,7780,2511,103,1,1,2159.79
12828,1015818,2026-01-09,39427,1207,62,1,5,1175.39
12829,1184223,2025-12-14,19189,1762,1,1,4,63183.26
12830,1105998,2025-04-11,1621,2248,74,1,4,2583.09
12831,1069540,2025-10-22,28936,355,68,1,5,5455.78
12832,1135812,2025-10-11,5287,75,31,1,2,2118.88
12833,1155291,2025-12-25,19348,2797,97,1,4,2042.66
12834,1166989,2025-05-20,28115,716,63,1,3,1124.07
12835,1124082,2025-10-07,11027,2867,12,1,3,976.33
12836,1039861,2025-10-21,23963,1003,101,1,3,2762.57
12837,1156943,2025-06-30,24459,295,101,1,5,12195.3
12838,1063262,2025-09-11,42760,2608,3,1,1,4695.33
12839,1002886,2025-04-16,32927,851,111,1,1,2683.55
12840,1066696,2025-10-15,16370,1837,115,1,5,18753.63
12841,1103223,2026-03-28,41037,271,74,1,2,74783.9
12842,1159395,2026-02-15,4821,2217,94,1,3,2298.29
12843,1144426,2025-08-08,16714,2456,15,1,2,147.5
12844,1189800,2025-07-23,30343,2188,65,1,2,5461.87
12845,1140990,2026-03-24,28369,154,55,1,1,1246.31
12846,1174266,2026-02-08,22942,1388,103,1,3,478.97
12847,1101641,2025-12-02,18197,2133,98,1,3,2335.27
12848,1100172,2026-03-26,6526,113,7,1,4,12273.23
12849,1028710,2025-08-23,22243,1671,82,1,3,19923.19
12850,1030288,2025-06-07,24709,2614,74,1,2,34609.01
12851,1007274,2025-09-30,13110,1014,100,1,5,10274.62
12852,1099923,2025-06-01,2147,951,117,1,1,13086.8
12853,1090058,2025-05-29,22417,1980,90,1,5,1896.36
12854,1078285,2025-07-12,46546,787,103,1,1,1421.96
12855,1015522,2025-11-11,16879,2505,117,1,3,7929.66
12856,1024661,2025-08-11,26478,532,114,1,1,547.88
12857,1165085,2026-01-17,145,284,102,1,5,673.86
12858,1077838,2026-02-08,21863,446,73,1,4,5759.78
12859,1001197,2026-02-10,13185,1087,112,1,3,16201.62
12860,1163033,2025-04-17,21486,1776,84,1,5,2477.17
12861,1170119,2025-06-08,43790,2544,114,1,2,3560.51
12862,1027971,2025-08-24,27784,2916,22,1,4,5968.67
12863,1077653,2025-06-02,47670,2532,13,1,5,10333.65
12864,1004836,2025-11-30,35094,926,114,1,4,1593.45
12865,1059490,2025-10-07,11062,2210,6,1,4,2342.24
12866,1095695,2026-04-05,47270,2164,43,1,1,1147.65
12867,1092014,2026-02-28,25877,733,86,1,4,118.67
12868,1101388,2026-03-20,4840,105,96,1,5,240.98
12869,1171576,2025-06-22,47381,797,108,1,2,90185.82
12870,1051740,2025-11-22,26639,2736,76,1,5,398.67
12871,1019047,2026-04-25,47354,87,104,1,2,92685.87
12872,1130102,2026-02-21,28316,2908,7,1,2,144732.63
12873,1024729,2025-09-14,7406,2108,35,1,5,9118.52
12874,1091634,2025-10-16,28431,642,56,1,5,71731.9
12875,1144878,2026-02-06,18329,2263,45,1,3,5037.88
12876,1123924,2025-10-16,21506,644,32,1,1,11113.83
12877,1079180,2025-11-02,4790,1007,87,1,4,1128.93
12878,1074009,2025-09-21,9339,655,119,1,1,4668.73
12879,1126552,2025-09-19,43223,1664,25,1,3,882.56
12880,1052035,2026-01-29,43594,2893,37,1,2,6964.71
12881,1077910,2025-06-19,23585,2225,72,1,1,36464.62
12882,1176480,2026-04-09,48268,2527,70,1,4,4096.86
12883,1024934,2025-11-02,27402,1323,66,1,2,3670.51
12884,1019959,2025-12-29,31763,1842,110,1,5,691.14
12885,1104128,2025-12-31,11988,773,48,1,1,298.05
12886,1040063,2025-07-01,38913,1793,81,1,2,558.06
12887,1007468,2025-07-18,49428,186,58,1,3,1006.25
12888,1132062,2025-09-19,5644,1732,68,1,4,5387.55
12889,1188987,2025-07-12,17674,2648,62,1,3,120.64
12890,1055793,2026-02-18,7091,848,45,1,2,2808.63
12891,1164894,2025-06-10,3988,1244,27,1,5,6492.73
12892,1050560,2025-06-02,3564,577,3,1,3,12441.09
12893,1127434,2025-08-03,41665,1078,69,1,4,601.49
12894,1112133,2025-12-09,4792,2290,95,1,1,10982.24
12895,1042243,2025-05-08,32905,620,5,1,5,9925.32
12896,1038164,2025-07-20,12618,1290,52,1,4,1631.85
12897,1032016,2025-04-29,13425,1978,10,1,5,5618.39
12898,1105447,2025-07-04,13483,1593,98,1,5,1821.53
12899,1157554,2026-02-14,41891,1315,4,1,3,1128.22
12900,1015174,2025-11-05,18943,114,65,1,3,4113.15
12901,1118914,2025-07-01,29455,2683,79,1,3,11258.9
12902,1167441,2025-12-13,15967,1870,118,1,5,155.09
12903,1173223,2026-03-17,34351,1305,93,1,4,17594.09
12904,1083375,2026-02-15,43161,2155,4,1,1,4563.7
12905,1077176,2025-10-15,9659,2062,22,1,1,485.74
12906,1034701,2026-02-11,15196,1310,87,1,1,1919.42
12907,1021580,2025-05-13,18418,2653,76,1,4,647.98
12908,1105776,2025-06-20,20954,1360,46,1,3,1096.73
12909,1013090,2025-10-31,1555,1396,96,1,1,24754.84
12910,1052466,2025-07-28,37466,184,105,1,1,6331.0
12911,1058249,2025-09-24,44468,2511,115,1,4,12200.47
12912,1182693,2026-04-21,17247,2986,76,1,5,11287.61
12913,1199111,2026-02-16,41447,1924,38,1,5,28659.86
12914,1057751,2025-06-18,30500,2008,73,1,3,294.22
12915,1050543,2025-07-27,30343,1150,30,1,5,17684.56
12916,1175837,2026-02-03,13801,996,46,1,4,99101.28
12917,1176638,2025-07-02,10293,1238,79,1,2,16670.99
12918,1079349,2025-10-31,1907,394,103,1,3,10199.84
12919,1057574,2026-01-24,1084,2683,64,1,1,3630.51
12920,1070414,2025-10-26,37692,2382,91,1,3,1367.71
12921,1034896,2025-11-30,46607,177,63,1,1,5121.65
12922,1188103,2025-07-14,28229,1250,119,1,3,24497.6
12923,1084703,2025-09-02,23314,2754,34,1,2,676.91
12924,1150985,2025-07-02,19655,2362,42,1,2,15394.46
12925,1137363,2025-07-01,19043,1807,43,1,1,20309.9
12926,1102767,2026-04-02,38256,1733,1,1,3,2730.13
12927,1021070,2025-06-06,46746,1057,76,1,1,27212.1
12928,1104614,2025-05-23,1040,432,43,1,5,205.95
12929,1006478,2025-10-28,27401,2243,43,1,2,4884.55
12930,1084015,2025-06-13,11808,1671,76,1,5,3257.07
12931,1142145,2025-07-31,43047,2071,86,1,4,938.39
12932,1038217,2026-03-21,27722,2374,85,1,4,3815.25
12933,1015431,2026-02-07,42154,167,3,1,4,10737.26
12934,1134651,2025-10-05,20385,2638,6,1,4,12201.42
12935,1122344,2026-03-15,10213,2535,47,1,5,13798.96
12936,1166628,2025-09-16,16508,2151,44,1,5,11827.86
12937,1009839,2025-12-29,5090,1134,39,1,1,3701.04
12938,1082202,2026-03-07,43095,1506,43,1,2,21893.91
12939,1022862,2026-02-13,21525,594,57,1,4,7838.03
12940,1020756,2025-10-09,1335,100,39,1,3,1314.58
12941,1040483,2025-12-04,1021,2478,30,1,1,6774.07
12942,1183792,2026-04-12,18566,761,113,1,1,139107.1
12943,1155847,2025-08-09,34552,1850,86,1,1,1657.36
12944,1068990,2026-03-02,10749,2947,64,1,1,12784.14
12945,1006517,2025-08-10,23282,946,75,1,5,17059.65
12946,1040912,2025-07-27,3331,2562,96,1,3,461.25
12947,1101787,2026-01-18,43294,1917,18,1,4,4710.03
12948,1045286,2025-06-29,15922,546,111,1,3,13709.61
12949,1040988,2026-03-25,391,614,70,1,1,3645.8
12950,1087096,2025-12-05,4125,669,75,1,1,3836.59
12951,1047620,2025-05-22,44040,2142,108,1,2,11202.3
12952,1075504,2025-09-24,29599,1873,110,1,1,4974.48
12953,1155599,2025-06-06,44083,2524,84,1,3,3623.25
12954,1088359,2025-10-12,28555,2384,115,1,2,8914.32
12955,1110590,2025-12-13,28136,2647,89,1,1,2512.57
12956,1149296,2025-10-18,36763,1509,16,1,4,5021.35
12957,1008727,2026-03-11,23086,389,109,1,4,208147.9
12958,1097255,2025-04-25,34833,2703,10,1,1,16376.32
12959,1164625,2025-11-15,33550,2242,74,1,2,12777.22
12960,1178221,2026-04-01,15455,1985,118,1,1,8879.82
12961,1002902,2025-11-26,13051,522,68,1,3,18171.19
12962,1051774,2025-12-16,40499,786,119,1,3,2098.39
12963,1091139,2025-05-18,45845,2704,102,1,2,119258.98
12964,1094060,2026-01-16,43037,1634,23,1,2,1061.44
12965,1080796,2025-06-04,44744,1375,26,1,4,49009.91
12966,1175303,2025-04-20,12271,2494,113,1,5,131901.31
12967,1009320,2025-06-19,17087,59,98,1,4,13991.13
12968,1082382,2025-11-19,26802,876,5,1,2,3193.72
12969,1128159,2025-05-06,16974,2224,109,1,1,9441.63
12970,1051890,2025-12-17,24417,2890,56,1,3,62531.5
12971,1105301,2026-01-31,10043,2404,86,1,3,366.0
12972,1086031,2025-07-18,49804,495,49,1,1,67187.82
12973,1048110,2025-12-06,22146,2810,19,1,2,1851.48
12974,1069854,2025-10-11,2959,337,69,1,4,109538.0
12975,1067539,2025-09-09,15765,2957,112,1,4,2059.52
12976,1059005,2025-11-26,35834,984,29,1,1,6867.15
12977,1173793,2025-10-02,26818,2982,21,1,3,14056.13
12978,1166072,2026-04-17,43442,384,38,1,3,27583.65
12979,1064272,2025-08-04,40377,280,17,1,3,9410.1
12980,1055100,2025-05-31,29221,919,28,1,3,5763.15
12981,1089999,2025-07-24,40092,2498,91,1,5,415.22
12982,1099200,2025-07-29,17375,2583,86,1,5,459.82
12983,1092236,2025-07-26,39879,1759,31,1,5,940.56
12984,1120169,2025-08-11,32329,820,28,1,1,152521.0
12985,1171541,2025-11-24,30741,2858,43,1,3,945.24
12986,1001516,2026-03-05,12480,2009,62,1,4,34404.92
12987,1041749,2026-03-28,1001,366,29,1,3,3901.46
12988,1187434,2025-08-02,1631,2357,24,1,4,1392.64
12989,1169734,2026-01-29,37691,2427,25,1,2,686.46
12990,1004697,2026-01-12,25851,1061,23,1,4,469.87
12991,1055374,2026-03-31,32368,2037,51,1,1,10717.36
12992,1058090,2025-08-06,25511,2552,16,1,3,19274.43
12993,1033549,2025-05-24,11332,549,6,1,3,1250.05
12994,1056960,2025-10-16,14309,490,57,1,1,2654.9
12995,1162656,2025-05-03,18761,1199,115,1,5,142121.15
12996,1014161,2026-01-26,48701,1127,28,1,1,135283.15
12997,1130955,2026-01-21,633,35,97,1,5,4238.77
12998,1024862,2025-06-02,8061,1282,69,1,4,13922.37
12999,1012711,2026-04-25,40160,1916,37,1,2,7143.62
13000,1076939,2025-05-13,45753,996,21,1,2,34495.42
13001,1180329,2025-05-01,16124,2723,10,1,5,1479.66
13002,1022524,2025-06-22,3256,1764,106,1,4,3794.25
13003,1088997,2025-12-09,2690,2310,68,1,4,2988.59
13004,1146803,2026-01-04,48829,1032,66,1,4,873.09
13005,1180677,2026-03-29,38214,2699,56,1,3,9760.83
13006,1193013,2025-07-08,22347,2424,89,1,5,806.75
13007,1196649,2025-11-23,198,941,95,1,2,155991.38
13008,1004165,2025-05-07,32146,938,25,1,4,70533.85
13009,1025646,2025-05-28,37666,2810,50,1,4,2888.96
13010,1169388,2025-05-28,43226,829,4,1,3,2310.65
13011,1111770,2025-10-03,13455,1429,43,1,1,1132.29
13012,1106030,2025-08-26,15682,2037,22,1,2,10021.86
13013,1058537,2025-05-05,32068,2859,88,1,4,44363.52
13014,1153122,2025-11-10,48377,2637,104,1,4,129089.88
13015,1007904,2025-11-12,13477,2806,17,1,2,53308.39
13016,1127935,2026-03-09,23066,2398,39,1,5,12262.0
13017,1163416,2026-02-05,6624,2250,34,1,3,2766.75
13018,1045670,2025-12-09,35758,2484,84,1,3,8819.41
13019,1189830,2025-06-13,42017,909,75,1,2,4768.01
13020,1092541,2025-05-28,9521,2137,103,1,2,16788.08
13021,1153136,2025-11-11,25020,787,29,1,3,1311.03
13022,1182209,2026-02-18,15470,2831,29,1,3,2386.93
13023,1005486,2025-12-02,37502,2354,24,1,2,4511.61
13024,1150819,2026-04-20,26017,60,19,1,4,5677.03
13025,1093668,2025-05-12,4004,1775,20,1,2,7387.55
13026,1107811,2025-12-12,2956,2390,5,1,3,186.59
13027,1131658,2025-12-31,18876,889,102,1,3,3536.76
13028,1071672,2025-10-07,26902,2870,29,1,2,988.5
13029,1167214,2026-02-23,10949,2636,13,1,2,13473.06
13030,1195114,2025-05-29,21328,1283,52,1,4,413.54
13031,1015067,2025-09-04,9554,1983,1,1,3,395.67
13032,1011099,2026-04-12,20653,1140,8,1,2,686.93
13033,1047103,2025-05-11,35923,2672,100,1,1,2342.31
13034,1129074,2026-01-07,22258,667,105,1,2,1453.08
13035,1015579,2025-08-29,277,2233,31,1,2,6327.91
13036,1042417,2025-11-09,14556,411,70,1,1,1336.64
13037,1155674,2025-11-23,39447,783,38,1,1,127114.02
13038,1088097,2025-11-03,25359,144,87,1,3,24569.38
13039,1137847,2026-03-21,2143,2956,117,1,3,5946.05
13040,1051868,2025-05-01,19547,2288,108,1,2,4066.1
13041,1115658,2025-12-15,4988,2047,10,1,3,48144.4
13042,1127369,2025-08-28,22663,2783,104,1,1,2437.21
13043,1152042,2025-10-25,30544,2783,39,1,4,1226.43
13044,1170691,2026-04-06,22631,846,108,1,2,3709.4
13045,1100923,2025-08-27,37852,2847,103,1,4,6918.85
13046,1113832,2025-05-20,45914,2847,66,1,2,6724.75
13047,1124035,2025-05-17,34231,1391,41,1,3,4055.97
13048,1046018,2025-08-09,46750,1331,1,1,1,602.4
13049,1043484,2026-01-05,15022,1717,47,1,3,2960.48
13050,1052816,2025-10-02,317,2297,70,1,3,2072.12
13051,1192990,2026-03-05,40758,2999,18,1,5,418.06
13052,1020393,2025-10-27,30758,2089,68,1,3,3566.55
13053,1086081,2025-11-15,30388,2830,78,1,5,33909.17
13054,1092212,2026-04-07,42991,335,94,1,5,1516.6
13055,1129248,2025-10-28,5398,627,20,1,5,15775.15
13056,1198715,2026-04-19,2903,976,71,1,2,8871.48
13057,1143693,2025-11-10,43977,193,61,1,2,10716.96
13058,1142246,2025-05-11,22838,2085,64,1,2,3494.67
13059,1079303,2025-06-12,3284,662,95,1,1,2651.84
13060,1140055,2025-11-13,11689,2751,105,1,2,112900.77
13061,1064004,2026-01-10,43693,1004,18,1,4,1291.23
13062,1116614,2026-03-31,31173,1465,104,1,3,665.78
13063,1158246,2025-09-12,3705,2391,8,1,5,3210.85
13064,1124005,2025-08-16,7643,41,34,1,5,373.53
13065,1043675,2025-11-23,15256,899,52,1,5,201.68
13066,1041971,2025-08-21,48249,131,39,1,2,2889.27
13067,1183448,2025-04-05,39194,150,80,1,5,2960.87
13068,1004121,2025-10-31,5162,1178,89,1,5,3142.25
13069,1179097,2026-01-19,21466,1348,102,1,1,217514.48
13070,1069813,2026-03-17,25358,1459,92,1,1,442.29
13071,1036809,2025-08-03,44550,1731,2,1,2,20393.0
13072,1158440,2025-10-11,14225,12,44,1,2,3839.0
13073,1019901,2025-10-30,6674,103,9,1,2,1662.63
13074,1024252,2026-03-13,48479,941,111,1,4,55803.69
13075,1136501,2025-09-01,46117,2352,61,1,5,13094.58
13076,1004991,2025-06-16,14399,63,1,1,1,907.36
13077,1086423,2026-01-14,49012,2866,86,1,1,655.14
13078,1066106,2025-05-04,17946,418,14,1,3,316.67
13079,1091959,2025-11-17,2815,795,83,1,1,3589.49
13080,1011069,2025-10-21,15470,2259,8,1,1,32329.95
13081,1033668,2026-02-26,7808,869,17,1,5,859.28
13082,1158119,2025-11-14,35551,1376,68,1,1,14619.34
13083,1033420,2025-12-18,6457,2310,113,1,2,8732.87
13084,1053445,2026-02-15,36444,228,44,1,3,7247.3
13085,1019520,2025-12-12,25128,1128,99,1,3,729.99
13086,1199411,2025-09-06,14566,58,60,1,5,2223.33
13087,1166806,2025-05-31,6665,1343,14,1,4,3955.44
13088,1157020,2025-10-29,2705,1639,37,1,2,3156.52
13089,1100609,2025-10-14,34015,728,98,1,1,4627.95
13090,1121539,2026-03-17,30618,2519,4,1,1,114.72
13091,1121513,2025-09-05,12789,2358,89,1,1,15579.87
13092,1080757,2025-12-10,24439,3000,65,1,1,957.51
13093,1190538,2025-09-17,17280,437,100,1,2,6676.49
13094,1021316,2025-08-06,48245,2321,65,1,2,4900.84
13095,1195688,2025-06-19,41767,2972,59,1,1,33380.87
13096,1077033,2026-01-20,3095,1994,7,1,1,2514.92
13097,1148635,2025-04-13,2237,867,73,1,1,4180.92
13098,1155715,2025-08-03,2566,2408,70,1,5,111763.04
13099,1025653,2025-12-13,39361,2679,103,1,3,557.21
13100,1170245,2025-11-27,9956,1396,45,1,3,34363.77
13101,1168018,2026-03-23,446,629,11,1,4,14962.65
13102,1166364,2026-03-16,1207,998,63,1,1,846.16
13103,1143660,2026-01-23,714,756,30,1,2,4106.08
13104,1025921,2026-02-25,875,873,90,1,4,56753.38
13105,1128798,2025-05-14,34149,1100,95,1,1,51287.63
13106,1198060,2025-12-13,34017,76,22,1,5,98644.59
13107,1173998,2025-10-07,5309,1062,94,1,3,550.42
13108,1186805,2025-08-07,30994,2987,17,1,2,6049.26
13109,1168580,2026-02-02,14920,1269,74,1,3,4163.59
13110,1108352,2026-04-09,7566,473,115,1,1,342.07
13111,1097588,2025-11-08,10764,1846,38,1,1,53508.12
13112,1011731,2025-07-13,7827,2902,22,1,3,31899.87
13113,1103878,2025-12-26,17958,1343,94,1,5,3685.01
13114,1028569,2025-07-08,41291,244,89,1,2,772.03
13115,1134453,2025-10-07,47347,1439,65,1,1,1595.68
13116,1141705,2025-11-03,19176,1008,62,1,3,2116.36
13117,1068364,2025-11-22,32803,929,26,1,3,849.3
13118,1015693,2025-08-26,24385,268,20,1,4,4557.7
13119,1003033,2026-02-13,12134,655,60,1,5,9001.01
13120,1151240,2025-08-23,15070,1356,83,1,4,217.01
13121,1107418,2026-01-15,46638,1114,56,1,3,2741.57
13122,1181687,2025-09-17,37761,1286,109,1,4,182.83
13123,1038665,2025-06-05,12152,1153,109,1,4,647.99
13124,1163439,2025-11-18,11027,886,25,1,2,55793.56
13125,1175100,2025-08-18,7649,984,102,1,5,7224.09
13126,1194594,2025-10-29,3270,2299,65,1,2,4097.99
13127,1148277,2025-06-24,45753,1207,53,1,1,609.47
13128,1155402,2025-09-08,26001,1931,11,1,5,23941.52
13129,1107988,2025-07-27,41117,2340,66,1,1,6471.82
13130,1065473,2025-07-07,11957,166,75,1,4,6867.74
13131,1117867,2025-06-21,14414,478,73,1,4,7360.3
13132,1006545,2025-12-05,22420,1683,49,1,1,452.74
13133,1035085,2025-05-13,6166,2261,87,1,2,12262.47
13134,1017857,2025-12-08,45987,77,28,1,5,935.39
13135,1068826,2026-02-23,20016,1582,33,1,5,13511.94
13136,1051229,2026-01-03,26327,1563,45,1,2,487.05
13137,1010718,2025-11-30,11176,2355,14,1,5,7629.67
13138,1177741,2025-05-25,1407,2548,42,1,4,996.08
13139,1080234,2026-01-14,42485,2488,40,1,3,2998.57
13140,1176480,2025-07-04,6083,2663,33,1,3,2649.23
13141,1113316,2025-12-17,21734,2973,82,1,4,1429.83
13142,1085662,2026-02-09,46290,315,85,1,5,4886.98
13143,1148096,2025-12-02,12208,1469,90,1,2,2068.55
13144,1166837,2025-08-27,12836,2084,92,1,4,1371.84
13145,1115645,2025-10-24,44457,2448,90,1,3,5996.65
13146,1024123,2026-01-01,47325,904,41,1,1,67632.1
13147,1100061,2025-12-06,42749,483,50,1,5,1179.2
13148,1015724,2025-12-11,5143,2252,81,1,3,4365.21
13149,1054314,2025-05-17,717,715,60,1,3,38968.79
13150,1045633,2025-12-14,40407,1333,96,1,4,194.32
13151,1142480,2025-10-05,23384,526,41,1,1,3687.75
13152,1125671,2025-11-28,17458,587,90,1,4,3399.13
13153,1097239,2026-01-27,16341,1190,75,1,2,669.58
13154,1056466,2025-08-18,34254,304,48,1,2,5622.37
13155,1155121,2026-03-26,17047,1179,45,1,3,365.66
13156,1082797,2025-11-22,14716,2468,120,1,2,607.05
13157,1061584,2025-07-22,31354,2305,4,1,3,73953.62
13158,1085105,2025-11-07,35575,2367,56,1,5,28149.2
13159,1149634,2025-12-07,39268,1149,90,1,5,26460.45
13160,1124559,2025-06-01,6057,283,69,1,1,3237.22
13161,1093343,2026-03-13,5964,526,37,1,1,3425.42
13162,1153376,2025-07-02,7260,2681,13,1,4,292.98
13163,1086489,2025-06-03,37440,1839,92,1,1,21851.74
13164,1011071,2025-06-21,40506,2172,119,1,4,9288.66
13165,1087451,2025-08-17,22185,1438,19,1,3,4809.56
13166,1000341,2026-01-25,17943,1610,32,1,4,891.92
13167,1193181,2025-07-08,33708,2080,114,1,4,3411.15
13168,1120907,2025-07-03,39539,641,81,1,5,39680.69
13169,1192522,2025-08-06,15138,810,52,1,3,9600.09
13170,1051391,2025-06-01,25740,1692,87,1,5,3261.5
13171,1064135,2026-02-17,48942,2831,2,1,4,1127.68
13172,1152605,2025-06-21,29081,1260,58,1,3,395.07
13173,1078453,2025-11-07,34963,627,17,1,1,7353.86
13174,1121153,2025-09-12,8695,2162,116,1,1,198937.35
13175,1067262,2025-08-26,37147,301,51,1,2,286.22
13176,1053411,2025-06-05,30965,1834,84,1,3,3183.28
13177,1054896,2026-04-14,1500,588,15,1,1,4445.54
13178,1105112,2026-01-11,3517,1509,29,1,4,1336.49
13179,1111991,2026-03-18,11900,135,70,1,3,41595.83
13180,1139553,2025-11-10,19103,1943,88,1,3,203.27
13181,1158046,2025-07-23,5575,2593,15,1,4,7332.67
13182,1013487,2025-04-16,14613,264,25,1,3,521.69
13183,1101413,2026-04-02,3505,1161,10,1,5,21961.39
13184,1028890,2025-07-18,31570,1109,100,1,2,3325.06
13185,1176984,2026-01-21,10790,849,115,1,3,11081.71
13186,1018314,2025-09-10,38485,2949,110,1,2,895.23
13187,1077986,2025-11-12,33183,354,117,1,1,353.07
13188,1169190,2025-10-07,7170,1868,36,1,4,11013.1
13189,1185950,2025-12-06,3470,924,63,1,5,33886.93
13190,1068449,2026-01-26,7459,2443,87,1,1,792.09
13191,1136579,2025-05-09,3803,142,22,1,2,289.77
13192,1106628,2025-12-03,38654,2904,3,1,1,1857.91
13193,1176901,2025-09-25,22601,1902,93,1,3,3519.16
13194,1040886,2025-05-29,34734,2919,56,1,1,101896.69
13195,1033110,2025-10-20,14523,454,90,1,3,1046.42
13196,1119079,2025-05-23,38352,246,39,1,3,8132.9
13197,1099457,2025-08-06,16563,425,39,1,1,493.39
13198,1112694,2025-07-08,19717,2664,83,1,3,6529.59
13199,1191775,2025-05-01,33609,1173,83,1,2,2306.47
13200,1068757,2025-05-24,33598,2399,90,1,1,580.08
13201,1194579,2026-02-15,31268,1667,65,1,5,11448.96
13202,1031056,2026-02-04,39421,1966,54,1,2,135.99
13203,1198255,2025-07-30,11376,675,40,1,1,155.29
13204,1175177,2025-08-21,31850,1085,43,1,5,39670.41
13205,1033525,2026-01-06,36559,867,61,1,1,4270.22
13206,1014581,2025-04-21,29147,332,54,1,4,17800.78
13207,1002349,2025-08-06,40276,1615,77,1,2,556.3
13208,1035424,2026-01-14,48888,1799,38,1,4,5607.44
13209,1060135,2025-06-07,26458,1102,86,1,2,84735.47
13210,1086743,2025-10-21,33114,2327,16,1,3,43989.36
13211,1160579,2025-10-11,16964,2544,55,1,4,3468.15
13212,1009074,2026-03-03,2650,1019,105,1,5,2870.77
13213,1114529,2025-07-19,39577,1772,107,1,2,117224.79
13214,1055393,2025-10-11,3508,584,93,1,1,599.37
13215,1053353,2025-06-30,10988,336,63,1,5,2612.05
13216,1109802,2025-11-10,21842,1637,59,1,4,971.93
13217,1160953,2025-11-22,557,2440,27,1,2,59738.65
13218,1002471,2025-12-03,29290,2481,27,1,5,4421.93
13219,1132445,2025-09-18,3583,2345,93,1,1,4311.99
13220,1034331,2025-09-07,7263,614,68,1,3,4102.04
13221,1196799,2025-09-22,40240,379,88,1,2,599.87
13222,1119884,2025-11-24,7932,1749,63,1,4,2894.46
13223,1168868,2025-12-05,43792,1321,39,1,3,2041.86
13224,1159745,2025-08-29,4200,2101,65,1,2,467.37
13225,1105452,2025-10-30,8001,748,98,1,2,2119.79
13226,1051977,2025-11-21,27992,1049,75,1,3,12931.69
13227,1071060,2025-07-16,19313,2188,67,1,3,1884.21
13228,1176203,2025-08-16,20927,1401,92,1,2,10861.5
13229,1116343,2026-01-03,43714,50,84,1,2,23503.51
13230,1172568,2025-12-04,45405,1283,86,1,5,1806.91
13231,1083670,2025-08-27,28956,2788,39,1,5,136433.79
13232,1005877,2025-07-16,18482,359,42,1,1,15699.15
13233,1021523,2026-01-18,44340,1234,98,1,1,15404.0
13234,1073474,2026-03-17,22185,1877,51,1,1,98345.47
13235,1197908,2025-05-11,10609,1246,79,1,2,153087.85
13236,1090900,2025-09-26,41503,1900,20,1,4,4868.14
13237,1191882,2025-06-27,19428,1213,103,1,3,231.88
13238,1147532,2025-08-17,27482,1433,98,1,1,2109.6
13239,1117900,2025-07-07,2062,1116,68,1,5,6247.02
13240,1131396,2025-11-24,568,554,96,1,1,2869.25
13241,1029960,2025-11-09,12882,1647,20,1,3,19772.19
13242,1119978,2025-04-28,11248,1842,82,1,5,369.7
13243,1006752,2025-09-24,29759,1996,23,1,4,1139.24
13244,1134059,2025-07-18,2440,1305,46,1,5,10713.25
13245,1175639,2025-12-29,18043,403,40,1,3,2772.73
13246,1114393,2025-12-06,29955,118,16,1,3,7957.41
13247,1159982,2026-02-09,36190,2653,85,1,3,1911.18
13248,1129122,2025-11-03,33031,1614,85,1,2,10601.6
13249,1028947,2025-06-24,4586,2237,82,1,2,269.91
13250,1105793,2026-01-24,32653,967,65,1,4,1837.02
13251,1052016,2025-08-16,26318,1917,1,1,2,1621.56
13252,1092897,2025-07-09,45149,274,16,1,3,252.86
13253,1002523,2025-09-09,13067,2775,106,1,4,1432.21
13254,1147271,2026-01-14,6541,2063,19,1,4,3661.73
13255,1054543,2025-11-25,34994,1065,107,1,3,22115.3
13256,1150341,2025-10-14,11071,1670,78,1,3,366.35
13257,1110205,2026-01-19,37341,523,49,1,1,6306.13
13258,1180931,2026-02-02,1110,443,9,1,5,723.74
13259,1002451,2026-04-01,45327,2268,50,1,4,4019.86
13260,1151063,2025-09-06,22813,2162,101,1,2,192317.04
13261,1002824,2026-04-20,41739,30,9,1,2,1020.08
13262,1078426,2025-06-02,6589,1355,80,1,4,1229.27
13263,1071140,2025-05-22,29208,154,54,1,3,1266.91
13264,1180041,2025-05-13,30925,552,48,1,3,4057.45
13265,1198899,2025-08-11,26200,1046,25,1,2,1828.8
13266,1119220,2025-05-04,13601,522,59,1,1,6184.41
13267,1168205,2025-07-12,36983,2452,32,1,5,3296.56
13268,1197194,2025-10-28,11188,1058,2,1,2,231.25
13269,1010986,2025-08-23,11937,686,11,1,1,3079.3
13270,1069500,2025-09-13,49455,88,63,1,5,9227.03
13271,1037938,2026-01-19,33405,1403,40,1,1,2948.98
13272,1048007,2026-01-18,24461,61,54,1,1,806.94
13273,1060068,2026-01-25,41828,1073,70,1,4,1263.63
13274,1061761,2026-01-12,6570,2489,88,1,1,404.89
13275,1052164,2025-07-11,49289,1694,8,1,4,171.24
13276,1078720,2025-10-12,37975,2356,88,1,3,28763.22
13277,1065925,2025-08-23,35359,1998,37,1,3,9757.92
13278,1159878,2026-03-09,22734,1375,39,1,2,209747.6
13279,1105908,2025-12-01,30648,1907,50,1,1,135626.12
13280,1000182,2025-06-11,48242,904,74,1,1,26327.96
13281,1017317,2026-01-30,40592,1485,71,1,3,48961.01
13282,1077635,2026-02-24,13865,83,79,1,2,13819.97
13283,1135052,2025-06-13,36903,2638,51,1,1,12866.54
13284,1009301,2025-07-10,46731,90,90,1,5,69.21
13285,1051026,2025-05-23,31812,1179,87,1,1,377.53
13286,1062151,2025-10-14,428,147,91,1,4,26949.56
13287,1003079,2025-12-11,48664,2130,101,1,1,6866.53
13288,1089080,2025-10-05,33340,902,58,1,1,76813.97
13289,1036764,2026-03-11,22599,1440,28,1,4,686.32
13290,1015109,2025-11-16,26736,2658,53,1,3,4705.63
13291,1032194,2025-10-19,591,2650,67,1,3,2384.18
13292,1097028,2025-05-02,39998,2721,10,1,5,4461.99
13293,1095285,2026-02-21,19124,1487,73,1,2,16237.53
13294,1024172,2025-12-20,29463,1425,73,1,2,153.51
13295,1158186,2026-03-12,48515,1095,82,1,1,111490.45
13296,1105909,2025-12-19,46805,2505,47,1,3,7975.09
13297,1195998,2025-05-06,3437,632,13,1,5,1730.38
13298,1167465,2026-03-28,47349,2378,76,1,3,837.14
13299,1032359,2026-03-20,18234,2317,12,1,2,26608.69
13300,1100119,2025-12-23,23353,2503,17,1,5,985.24
13301,1165728,2026-04-14,49759,58,44,1,5,1130.13
13302,1139327,2025-08-15,37563,2468,10,1,5,1467.6
13303,1050536,2026-03-15,28605,733,18,1,1,248.18
13304,1001512,2025-08-21,9071,877,88,1,1,2154.89
13305,1006144,2025-05-02,4758,2325,38,1,1,4140.41
13306,1184695,2026-03-09,15099,560,31,1,2,1102.47
13307,1018371,2025-05-12,15677,1181,26,1,3,8580.4
13308,1108794,2025-10-19,27318,1748,94,1,3,1733.68
13309,1043135,2025-12-12,44067,448,46,1,4,4943.99
13310,1001028,2025-10-02,31161,2370,34,1,3,10136.85
13311,1152461,2025-08-25,41972,87,45,1,3,22054.97
13312,1178005,2026-02-01,358,618,69,1,2,171267.61
13313,1130218,2026-01-01,31822,947,112,1,5,7896.35
13314,1071399,2025-08-16,24175,1897,97,1,3,90.98
13315,1190405,2025-11-09,36712,1494,13,1,1,768.13
13316,1023732,2025-11-03,4674,2058,5,1,2,116.18
13317,1145470,2025-08-12,46941,1586,118,1,1,549.85
13318,1183745,2026-01-15,33372,2811,82,1,5,434.61
13319,1085987,2025-11-29,26283,1829,29,1,5,3348.37
13320,1112245,2025-10-13,25760,768,112,1,3,4146.22
13321,1080090,2025-06-27,42206,2975,14,1,1,1311.17
13322,1055483,2025-10-23,20123,1732,77,1,2,11287.17
13323,1014705,2025-08-08,19031,633,39,1,2,145.82
13324,1101636,2026-02-19,49390,965,70,1,2,10093.33
13325,1119472,2025-07-19,11417,2466,4,1,3,1286.52
13326,1148527,2025-10-16,9660,868,72,1,5,20.96
13327,1053380,2025-11-19,11557,2391,105,1,2,2863.45
13328,1128689,2025-08-09,18173,908,58,1,5,3521.04
13329,1162303,2025-11-02,46447,1544,50,1,2,16970.79
13330,1175200,2026-03-22,44154,1088,24,1,5,14198.91
13331,1140402,2025-07-31,13856,1202,116,1,3,3809.49
13332,1141940,2025-05-27,27757,1283,55,1,2,1228.92
13333,1049054,2025-09-22,38545,548,90,1,3,851.72
13334,1063433,2025-10-25,10475,2316,3,1,1,32650.66
13335,1064371,2025-07-25,1661,639,111,1,2,1558.01
13336,1028990,2025-08-27,27762,1030,103,1,4,7974.57
13337,1175596,2025-09-05,31830,926,87,1,3,3419.47
13338,1123234,2025-06-18,48355,1804,114,1,5,29186.42
13339,1122482,2025-07-30,38293,1024,59,1,2,327510.57
13340,1011759,2025-07-02,35603,2525,21,1,5,69176.0
13341,1179827,2026-01-13,8564,687,110,1,2,8039.04
13342,1118123,2026-02-03,40555,2785,104,1,5,6302.67
13343,1090587,2026-04-14,17985,1189,6,1,4,500.0
13344,1103510,2025-09-29,47956,2928,60,1,2,1535.0
13345,1025391,2025-04-24,39094,1726,49,1,3,3468.03
13346,1061513,2025-07-15,43354,810,75,1,1,2494.96
13347,1097725,2026-02-08,34712,2585,41,1,2,2283.1
13348,1175089,2025-07-30,43247,2451,17,1,3,509.21
13349,1120725,2026-02-25,29550,74,54,1,3,1255.98
13350,1052990,2025-07-13,37825,241,36,1,5,3255.17
13351,1105577,2025-12-22,38438,563,72,1,5,588.79
13352,1034510,2025-11-25,47482,418,84,1,4,588.52
13353,1186764,2025-09-11,4664,1964,118,1,3,345.57
13354,1005841,2025-12-17,28429,1764,115,1,1,7582.09
13355,1021103,2025-05-02,7828,2511,76,1,4,4176.26
13356,1071972,2025-11-30,24068,2260,41,1,3,86308.58
13357,1071308,2025-12-19,44757,1841,40,1,3,26075.34
13358,1170831,2025-11-13,25864,2838,51,1,1,26028.27
13359,1060405,2025-04-21,33764,1426,104,1,1,105687.35
13360,1055987,2026-04-09,1750,1225,114,1,4,13914.8
13361,1161954,2025-12-20,45209,2485,11,1,3,1064.66
13362,1064253,2026-04-06,40780,2235,111,1,2,82031.45
13363,1122154,2025-06-13,38018,1151,68,1,2,4644.67
13364,1194721,2026-01-28,8242,825,58,1,3,131886.56
13365,1192375,2025-10-31,30101,1269,60,1,2,6698.26
13366,1180616,2025-06-09,2159,1609,89,1,4,60842.45
13367,1046929,2025-10-08,40349,1970,65,1,4,1761.27
13368,1014499,2026-03-20,39684,1335,117,1,5,1560.22
13369,1148924,2026-02-07,15072,849,103,1,5,8149.18
13370,1149066,2025-12-18,8178,1007,68,1,3,1174.89
13371,1182609,2025-11-04,6205,1033,33,1,2,679.39
13372,1070635,2025-10-19,15093,2099,79,1,2,1261.2
13373,1141567,2025-10-17,37625,1512,70,1,4,72217.73
13374,1022237,2025-10-07,26002,2742,118,1,3,110171.1
13375,1173708,2026-04-22,27581,2984,59,1,3,91.07
13376,1016089,2025-12-13,16069,2342,119,1,4,10724.42
13377,1103902,2025-08-06,10994,582,43,1,1,2407.55
13378,1143948,2025-09-15,19817,3000,47,1,1,2379.13
13379,1105911,2026-02-04,929,2348,75,1,1,1815.48
13380,1182860,2025-04-25,41065,730,34,1,4,661.36
13381,1118067,2026-01-21,49653,2251,91,1,4,11281.21
13382,1086021,2025-04-11,43051,1640,9,1,4,1069.19
13383,1144948,2026-03-27,34346,576,53,1,5,7312.15
13384,1047385,2025-05-26,27293,236,36,1,5,2238.29
13385,1165143,2026-02-12,23493,995,63,1,3,1931.87
13386,1055517,2026-02-03,14034,652,28,1,4,4953.98
13387,1089439,2025-10-15,20255,2557,93,1,2,276938.09
13388,1155164,2025-12-10,4322,1345,119,1,3,17693.05
13389,1162585,2025-09-01,7738,2567,16,1,3,1193.23
13390,1154870,2025-05-15,8519,2490,50,1,5,12166.19
13391,1012149,2026-03-12,27354,34,9,1,1,357.21
13392,1076846,2025-09-13,8007,430,22,1,1,233554.63
13393,1006980,2026-02-15,24237,424,86,1,2,2360.83
13394,1113375,2025-09-05,3506,1475,119,1,3,20198.27
13395,1118911,2026-03-14,33498,2684,40,1,4,90.27
13396,1172421,2025-06-15,35479,1343,55,1,5,7973.48
13397,1099812,2025-11-20,25633,2669,62,1,3,8325.35
13398,1109041,2025-11-21,18016,2893,46,1,2,6631.57
13399,1062966,2025-11-22,42337,2854,47,1,4,2992.56
13400,1166937,2026-01-19,28628,2238,8,1,1,1262.58
13401,1086857,2025-07-06,7319,1933,44,1,2,6128.72
13402,1015598,2025-07-09,5182,574,88,1,4,4051.85
13403,1057530,2025-05-11,1212,2235,3,1,4,41454.08
13404,1181337,2025-04-21,48749,1943,21,1,1,644.02
13405,1168982,2025-10-18,45839,1266,70,1,1,878.29
13406,1198555,2026-01-01,45696,1348,95,1,4,157040.28
13407,1112332,2025-05-20,43198,2976,4,1,1,11895.33
13408,1024344,2025-09-04,12859,1437,33,1,3,5721.64
13409,1077087,2025-08-13,47831,2876,113,1,3,3419.27
13410,1055416,2025-12-22,19359,1746,65,1,5,62938.1
13411,1012532,2025-07-01,3071,2874,51,1,2,50384.6
13412,1140974,2025-11-17,23716,732,9,1,5,6860.66
13413,1121598,2025-12-25,26672,2168,91,1,3,2316.6
13414,1186626,2025-11-11,28826,553,7,1,1,12096.25
13415,1036753,2025-07-26,39784,1423,45,1,4,2414.64
13416,1021000,2025-06-13,19321,1970,1,1,4,1163.26
13417,1077029,2026-02-15,49491,2553,30,1,2,263.46
13418,1068465,2025-06-11,20969,2319,16,1,4,84.31
13419,1002926,2025-04-14,6414,1402,88,1,5,40772.93
13420,1108693,2026-02-26,36259,1551,115,1,2,212.48
13421,1094709,2025-12-17,8435,27,17,1,3,253467.6
13422,1176086,2025-09-23,28390,1854,119,1,2,35749.62
13423,1046508,2026-01-29,37068,38,82,1,3,2046.0
13424,1051460,2026-04-07,13890,2956,93,1,1,1345.65
13425,1120997,2025-07-15,49168,2351,12,1,1,866.79
13426,1071639,2025-04-23,10682,814,34,1,3,853.06
13427,1026456,2026-02-20,18251,479,84,1,3,27187.8
13428,1071670,2026-01-26,42376,712,32,1,2,1234.87
13429,1119598,2025-11-23,29849,2876,93,1,1,1280.32
13430,1071239,2026-03-23,47050,455,35,1,4,299.75
13431,1051743,2025-06-18,48270,2106,42,1,2,53138.79
13432,1147151,2025-12-02,36516,384,111,1,1,24900.51
13433,1045873,2025-11-01,47762,667,112,1,4,1280.46
13434,1043882,2025-09-02,10030,1138,118,1,3,2696.54
13435,1097181,2025-11-20,45360,1822,89,1,2,421.25
13436,1042043,2025-05-01,27325,2237,100,1,4,512.06
13437,1083551,2025-09-30,45493,1420,119,1,1,363.27
13438,1030507,2025-05-18,48127,1277,91,1,4,30830.75
13439,1078937,2025-10-06,7830,1547,43,1,1,2109.32
13440,1063602,2026-03-31,27049,2593,96,1,3,14905.17
13441,1098935,2025-10-18,29860,1539,66,1,3,13805.1
13442,1136458,2025-10-28,30072,2112,68,1,3,11996.58
13443,1011416,2026-01-25,18197,576,31,1,3,19019.84
13444,1086027,2026-04-05,31725,2238,9,1,3,1333.93
13445,1059657,2025-05-15,5752,736,45,1,3,722.61
13446,1037369,2026-03-17,26962,1980,32,1,5,2944.03
13447,1102754,2025-07-18,21555,1834,12,1,1,10064.45
13448,1015984,2025-11-23,43253,1629,38,1,1,2691.73
13449,1090186,2025-11-04,46293,1018,18,1,5,2183.32
13450,1163732,2025-10-25,35596,1798,104,1,1,73179.07
13451,1087784,2025-10-25,34556,304,97,1,3,10518.47
13452,1002333,2025-07-01,1627,591,33,1,5,669.62
13453,1134640,2025-05-05,48699,2611,13,1,1,143168.16
13454,1125666,2025-12-18,19386,1512,107,1,4,40758.26
13455,1179700,2026-03-17,5577,684,29,1,4,14042.75
13456,1080841,2025-06-25,38782,2133,115,1,4,8042.09
13457,1078293,2025-08-05,30846,396,3,1,2,22164.52
13458,1087630,2025-12-24,15658,240,115,1,1,21340.94
13459,1124593,2025-08-28,23191,2895,80,1,1,4901.32
13460,1175838,2026-02-08,24349,437,69,1,5,3267.55
13461,1153662,2025-12-10,17359,1523,47,1,5,3154.95
13462,1089443,2025-04-27,14144,1955,15,1,2,209489.39
13463,1020156,2025-05-27,15685,1749,79,1,5,1082.96
13464,1051758,2026-04-18,29211,264,18,1,5,1038.55
13465,1080131,2025-07-07,2784,1530,41,1,3,813.98
13466,1160954,2026-03-08,3155,2981,90,1,1,7287.54
13467,1171539,2026-01-18,11525,1262,46,1,5,1076.08
13468,1126193,2026-03-22,14728,2864,120,1,5,5759.69
13469,1097206,2026-01-12,3601,2637,101,1,2,137114.32
13470,1095724,2025-10-29,29659,2935,119,1,5,1289.09
13471,1095055,2026-04-09,42599,1184,110,1,5,32739.95
13472,1162848,2026-01-24,14746,120,103,1,2,2682.24
13473,1047731,2026-02-25,16565,1117,75,1,1,104047.42
13474,1102874,2025-08-24,43055,1894,104,1,3,22658.37
13475,1041920,2025-11-30,45975,1628,115,1,1,5477.88
13476,1159206,2026-01-12,25161,1003,28,1,1,2974.67
13477,1041573,2025-07-05,43710,354,102,1,1,384.54
13478,1089138,2025-12-22,30551,2922,61,1,3,4316.43
13479,1150809,2025-06-13,34896,574,8,1,1,6443.78
13480,1193554,2025-04-29,2997,2103,72,1,5,913.1
13481,1072348,2026-04-14,14406,354,119,1,2,369.21
13482,1042001,2025-08-10,15175,2170,51,1,1,666.57
13483,1143600,2026-03-12,44608,1416,104,1,5,5792.26
13484,1070195,2025-11-02,29396,1960,45,1,1,79749.28
13485,1091371,2026-01-23,44273,1567,110,1,4,1567.3
13486,1174390,2025-10-05,35858,737,96,1,4,2147.77
13487,1083631,2025-05-07,46750,1307,54,1,3,8258.14
13488,1129092,2025-11-23,34404,9,88,1,2,13942.93
13489,1019225,2025-11-21,27105,2470,63,1,4,8931.01
13490,1081846,2025-12-15,9968,2775,62,1,1,1373.18
13491,1092470,2026-02-14,17079,913,70,1,1,3296.62
13492,1074842,2026-03-15,41346,1034,93,1,2,886.82
13493,1039365,2025-08-24,47166,2741,120,1,4,3241.06
13494,1008202,2026-03-07,40665,1915,80,1,1,77.35
13495,1141148,2026-04-06,7075,1072,116,1,2,311.59
13496,1089603,2025-05-03,33425,2695,21,1,2,118898.11
13497,1055125,2025-06-29,24810,2585,81,1,5,2204.07
13498,1186228,2026-03-23,22592,1071,54,1,5,2818.15
13499,1089844,2025-11-28,8371,966,5,1,3,1104.33
13500,1039769,2025-06-20,10873,1017,4,1,2,380.35
13501,1039471,2025-12-12,49471,1264,18,1,3,3848.68
13502,1183738,2025-10-28,27399,256,24,1,2,703.55
13503,1043693,2026-01-09,2923,1371,1,1,2,127521.57
13504,1191134,2025-05-22,9762,1666,19,1,5,21620.49
13505,1055301,2026-03-27,1139,2338,60,1,3,2583.33
13506,1091919,2025-09-12,24551,2661,68,1,1,21085.59
13507,1140334,2025-10-02,36700,724,120,1,3,47.88
13508,1186722,2025-12-12,29618,2787,53,1,4,302217.53
13509,1079044,2026-01-26,13291,1776,72,1,4,1368.78
13510,1027370,2025-10-24,18201,322,106,1,4,584.49
13511,1095927,2026-03-26,17313,2739,12,1,5,959.26
13512,1130169,2026-01-13,24419,2683,108,1,2,15194.0
13513,1190466,2025-07-31,1044,1309,59,1,2,4721.58
13514,1180322,2025-10-20,27711,1089,104,1,3,78626.4
13515,1159236,2026-02-19,9095,1603,49,1,2,15680.88
13516,1156957,2025-12-07,9799,789,91,1,5,9275.17
13517,1131465,2026-01-18,49424,1536,113,1,2,3372.48
13518,1090481,2025-11-28,13603,1561,83,1,2,882.62
13519,1122070,2026-04-20,18195,1976,96,1,4,771.52
13520,1055634,2025-06-26,42836,304,15,1,5,12511.42
13521,1119317,2026-04-04,1699,1568,32,1,1,3671.3
13522,1176015,2025-09-04,24213,2087,95,1,1,4312.09
13523,1141549,2025-05-01,12808,1654,52,1,1,495.55
13524,1067835,2026-03-21,31043,1694,40,1,3,186.17
13525,1128390,2025-08-07,46635,593,47,1,3,20463.91
13526,1035701,2025-06-19,12113,1120,8,1,2,388.1
13527,1074847,2025-12-22,6102,960,96,1,5,2583.51
13528,1110780,2026-02-16,29199,2650,57,1,5,4628.43
13529,1069839,2025-05-01,32613,143,42,1,3,16866.68
13530,1002911,2025-08-11,48100,2796,96,1,1,47360.67
13531,1164625,2025-11-01,42301,539,69,1,4,353.87
13532,1026893,2026-03-06,48354,2737,104,1,2,6369.83
13533,1152086,2025-12-04,16979,606,110,1,1,1399.8
13534,1059945,2026-01-09,231,69,44,1,2,131.68
13535,1052212,2025-08-11,30959,640,35,1,5,71.31
13536,1023396,2025-11-03,11807,209,99,1,5,329.59
13537,1100541,2025-07-16,10663,2918,70,1,2,1531.37
13538,1150948,2025-12-25,42801,2389,99,1,1,5734.64
13539,1090831,2025-06-03,1609,2446,83,1,5,91.82
13540,1116361,2025-11-29,3219,1402,62,1,1,44609.66
13541,1004475,2025-06-03,36290,1168,24,1,3,1502.06
13542,1117704,2025-12-08,32251,1088,46,1,4,23620.66
13543,1088104,2025-06-02,38311,454,82,1,2,1022.82
13544,1197653,2025-07-22,49368,429,27,1,4,21326.2
13545,1167066,2025-11-03,3745,380,31,1,1,3920.82
13546,1093705,2025-05-10,29949,2122,87,1,3,33641.93
13547,1106564,2025-08-23,31771,15,59,1,3,821.19
13548,1115776,2025-04-23,31913,15,33,1,4,831.33
13549,1037902,2025-09-12,49975,213,92,1,3,12917.99
13550,1060853,2026-01-22,19635,66,23,1,1,14429.87
13551,1115330,2025-05-13,9526,1849,109,1,1,30.1
13552,1009653,2025-08-20,43712,1440,21,1,2,1019.14
13553,1117867,2026-04-14,49194,895,69,1,5,1410.29
13554,1027002,2026-04-02,12900,331,46,1,5,361.49
13555,1147172,2025-11-12,27438,38,34,1,1,917.03
13556,1157413,2025-11-22,18944,1542,57,1,3,1708.54
13557,1046169,2026-02-03,44707,2446,81,1,2,28.94
13558,1092168,2025-11-30,46555,2374,114,1,5,7147.35
13559,1003884,2026-02-14,43432,1270,77,1,4,9318.63
13560,1046987,2026-03-31,31062,2001,62,1,5,641.75
13561,1092198,2025-09-29,567,1752,41,1,4,3912.33
13562,1081377,2025-07-28,12192,687,92,1,2,2059.8
13563,1129765,2025-07-10,20369,223,45,1,4,9685.86
13564,1075223,2025-10-22,25212,1168,19,1,3,1420.85
13565,1127612,2025-09-17,8253,443,80,1,4,4448.52
13566,1197730,2025-05-12,4427,2694,63,1,4,2092.97
13567,1196933,2025-10-13,30873,1448,99,1,1,192.76
13568,1044061,2025-12-14,29981,2387,33,1,2,6947.69
13569,1010871,2025-12-09,32433,2239,58,1,3,12879.27
13570,1190556,2025-04-18,22970,1004,24,1,1,3034.95
13571,1172563,2026-02-25,21646,1821,17,1,4,921.71
13572,1114580,2025-12-02,175,2635,99,1,3,11645.58
13573,1187560,2026-04-19,10724,1682,25,1,4,8936.22
13574,1013323,2026-04-09,6996,1901,77,1,4,2881.92
13575,1141576,2025-07-29,41873,2535,86,1,3,13006.45
13576,1145273,2026-02-02,7585,1954,117,1,1,16230.92
13577,1155918,2025-10-03,6688,1738,93,1,3,3447.64
13578,1071626,2025-09-08,5729,2201,11,1,3,5089.74
13579,1098504,2026-03-12,6475,2055,94,1,1,1784.61
13580,1136618,2026-02-20,27202,1375,82,1,5,48498.25
13581,1140106,2025-11-18,43332,946,105,1,5,34612.01
13582,1090780,2025-11-05,30210,605,91,1,4,360.22
13583,1020084,2026-03-06,8923,953,18,1,2,1462.12
13584,1060976,2026-04-13,27218,747,90,1,3,1444.83
13585,1090711,2025-08-02,34697,2724,62,1,1,39677.45
13586,1077398,2025-08-18,36379,1563,40,1,4,905.87
13587,1012885,2026-02-10,26452,2271,35,1,1,929.56
13588,1191609,2025-11-22,5967,150,98,1,5,8279.53
13589,1068289,2025-09-28,8624,1282,60,1,2,37871.77
13590,1075742,2025-12-01,2930,2829,114,1,4,20621.02
13591,1111224,2025-12-04,891,226,120,1,5,5924.28
13592,1058417,2025-12-26,7291,1418,20,1,5,14469.96
13593,1005050,2025-12-03,30267,2887,13,1,1,51444.55
13594,1019128,2026-03-09,49607,546,91,1,1,9154.61
13595,1163760,2025-12-15,41721,829,85,1,3,1101.79
13596,1005367,2025-08-03,1181,2719,27,1,4,35028.11
13597,1102494,2025-06-01,31531,2954,47,1,1,26889.69
13598,1176779,2025-10-25,3218,12,92,1,3,3951.42
13599,1061588,2025-10-21,5805,2040,35,1,3,7019.22
13600,1164715,2025-10-01,6141,2148,97,1,1,560.37
13601,1176920,2025-11-27,14406,2185,8,1,2,3134.89
13602,1003207,2026-01-28,49618,903,50,1,1,26628.67
13603,1177542,2025-10-24,41424,2901,107,1,5,13935.9
13604,1079471,2025-08-16,20065,316,117,1,5,2277.52
13605,1198650,2025-07-27,15423,1500,74,1,3,43921.87
13606,1047620,2025-06-09,7493,2699,74,1,3,3156.16
13607,1012539,2025-12-02,3824,1047,48,1,1,1022.61
13608,1185820,2025-07-10,29211,2474,11,1,5,777.58
13609,1062967,2026-02-14,8497,2426,67,1,4,3668.29
13610,1120678,2025-12-28,43427,2416,35,1,4,6044.83
13611,1108744,2026-03-06,38153,11,77,1,5,7941.46
13612,1093270,2025-11-10,10341,1529,91,1,4,33629.63
13613,1119628,2026-02-26,41381,284,105,1,1,708.84
13614,1020374,2025-06-18,35520,1357,28,1,2,4731.23
13615,1109101,2025-11-01,35542,418,51,1,4,295.54
13616,1176733,2025-10-21,3979,387,46,1,4,421.38
13617,1186027,2025-05-19,2730,466,44,1,2,834.44
13618,1018630,2025-09-21,3968,2395,77,1,5,112.08
13619,1049819,2025-12-13,33991,2831,66,1,5,1035.26
13620,1075112,2025-12-15,9136,1390,46,1,5,28860.05
13621,1056327,2026-03-02,33419,1976,48,1,2,371.87
13622,1171604,2025-05-06,15541,549,81,1,1,590.09
13623,1169730,2025-08-28,2610,2193,54,1,2,8291.95
13624,1125666,2025-10-24,22561,68,91,1,1,8116.47
13625,1075585,2025-11-19,43034,905,11,1,1,3503.1
13626,1034271,2026-02-12,5515,312,100,1,2,440091.02
13627,1096774,2025-10-03,22057,2675,41,1,4,8620.0
13628,1123040,2025-09-11,38381,1350,49,1,5,3468.12
13629,1192560,2025-11-19,40273,1309,115,1,4,8996.09
13630,1089555,2025-10-22,15065,280,49,1,5,1982.37
13631,1172941,2025-11-26,808,1946,106,1,5,23710.25
13632,1157950,2025-08-16,25142,2887,12,1,1,122686.09
13633,1109409,2025-10-31,18627,2014,27,1,3,5928.13
13634,1133552,2025-09-12,43047,381,76,1,1,2277.34
13635,1122104,2025-05-26,28444,2241,59,1,3,88.82
13636,1077651,2025-08-16,35713,943,9,1,5,1118.82
13637,1171944,2025-11-12,24904,1833,1,1,3,928.27
13638,1109818,2025-10-13,27409,280,23,1,4,1934.05
13639,1036001,2026-02-16,30510,312,103,1,1,410835.23
13640,1045703,2026-01-16,22300,2291,10,1,1,19052.53
13641,1194987,2026-01-31,49369,2528,19,1,1,990.29
13642,1095502,2025-10-22,3269,2923,103,1,4,804.23
13643,1092466,2025-10-03,34782,88,16,1,3,9427.13
13644,1105638,2026-04-16,31662,2247,18,1,1,317795.31
13645,1161957,2025-04-22,44674,985,117,1,5,724.28
13646,1199591,2025-06-28,23396,779,90,1,2,4350.83
13647,1038398,2025-10-31,1556,479,111,1,1,8032.88
13648,1049934,2025-10-16,9466,2408,28,1,5,206207.21
13649,1071730,2025-07-16,14223,1267,66,1,1,12655.72
13650,1107007,2025-11-03,31471,944,92,1,1,489.06
13651,1090803,2025-12-09,17425,1496,37,1,3,6771.57
13652,1145876,2025-07-01,11394,1270,67,1,4,10430.47
13653,1173562,2025-11-04,32674,452,10,1,5,3182.21
13654,1088884,2025-06-02,32719,2917,23,1,2,530.72
13655,1081268,2026-02-18,39009,364,27,1,1,931.99
13656,1018817,2025-05-09,32957,2851,3,1,5,223068.3
13657,1176093,2026-02-19,27697,2357,16,1,3,7420.21
13658,1195747,2025-10-20,35161,458,30,1,2,24232.1
13659,1104041,2025-08-27,23873,1026,26,1,1,342.86
13660,1075163,2025-11-23,12055,82,85,1,1,538.79
13661,1081584,2026-01-18,26111,775,29,1,5,8126.27
13662,1127154,2025-11-12,38498,2508,79,1,2,34.43
13663,1073374,2025-06-17,16583,943,7,1,4,555.2
13664,1187287,2025-11-27,21736,842,108,1,5,3800.44
13665,1158749,2026-03-21,6812,1099,72,1,4,272.38
13666,1145179,2025-10-21,13663,1613,19,1,5,2532.39
13667,1120135,2025-12-18,12035,243,104,1,1,454396.43
13668,1183121,2025-12-28,34579,255,92,1,3,11987.77
13669,1134048,2025-05-10,30037,2452,100,1,5,9559.81
13670,1002465,2025-12-27,23526,447,55,1,2,2538.61
13671,1158960,2026-02-23,48226,1181,25,1,5,8211.19
13672,1076892,2025-05-08,29755,401,2,1,3,12448.4
13673,1045472,2025-10-18,23122,2115,95,1,1,1581.94
13674,1057941,2026-02-28,1890,2683,3,1,2,3575.99
13675,1003607,2025-12-16,26215,1939,90,1,1,5291.41
13676,1154089,2025-12-21,15974,1092,108,1,1,112219.73
13677,1177550,2026-04-06,35848,2305,41,1,1,35914.71
13678,1036432,2026-03-09,4857,446,86,1,1,6190.55
13679,1102182,2026-01-23,33342,778,26,1,1,3812.15
13680,1034242,2025-12-27,31308,1466,12,1,4,68738.18
13681,1047137,2026-04-11,48546,546,101,1,5,5043.42
13682,1049202,2025-08-26,30421,976,7,1,5,4270.86
13683,1159314,2025-04-22,42964,1720,65,1,5,835.22
13684,1171772,2025-08-31,4359,1656,100,1,2,3037.25
13685,1145215,2026-03-02,26756,302,116,1,4,201.59
13686,1062609,2025-06-19,15768,1518,93,1,3,423.99
13687,1004466,2025-07-20,13587,293,59,1,5,117193.37
13688,1125105,2026-03-31,24512,1583,106,1,3,1596.73
13689,1099219,2026-04-02,49669,2901,20,1,2,16048.9
13690,1123667,2026-02-12,39706,77,18,1,4,1848.64
13691,1048938,2026-02-17,37938,445,98,1,2,42162.97
13692,1108089,2025-04-13,9928,2969,105,1,2,152.35
13693,1046962,2025-12-25,18583,299,9,1,3,202785.49
13694,1124143,2026-02-01,15995,1008,57,1,1,422.51
13695,1001351,2025-08-12,46954,826,34,1,4,1884.84
13696,1006551,2025-05-12,44848,2770,92,1,4,4704.99
13697,1009775,2026-02-14,44864,2685,37,1,5,7546.43
13698,1089077,2025-12-04,25075,1085,40,1,1,152225.79
13699,1109782,2025-07-07,33063,1036,60,1,4,8040.12
13700,1001124,2025-09-01,25499,2271,100,1,2,2607.27
13701,1074400,2025-11-30,48276,383,63,1,4,4808.09
13702,1079841,2025-05-30,13424,2307,43,1,2,448.45
13703,1078183,2026-02-27,5317,2077,111,1,1,2669.51
13704,1088354,2025-12-06,30758,1495,59,1,2,4930.28
13705,1169981,2026-03-24,3938,1478,24,1,3,23522.09
13706,1153816,2025-09-22,43056,2308,18,1,2,4011.22
13707,1080150,2025-07-12,49950,2392,84,1,1,1011.2
13708,1104566,2026-01-02,33178,697,109,1,2,192131.91
13709,1084040,2025-05-13,4738,2126,71,1,5,1298.46
13710,1106319,2025-08-25,49717,2061,57,1,2,5583.86
13711,1034996,2026-04-02,47428,2699,107,1,4,3124.43
13712,1082501,2025-12-01,34605,2344,59,1,1,2150.81
13713,1141882,2025-05-20,31481,2150,75,1,4,17618.47
13714,1058746,2026-02-27,36520,181,4,1,2,16721.94
13715,1162844,2025-05-20,45808,1396,25,1,5,8247.72
13716,1129589,2025-05-16,10123,713,9,1,5,188431.61
13717,1191447,2026-01-15,14098,2397,108,1,5,6950.22
13718,1181610,2026-03-24,33920,47,114,1,4,253.4
13719,1015327,2026-02-16,41802,1731,13,1,3,10264.3
13720,1003232,2026-02-27,46116,2679,96,1,5,281.78
13721,1051034,2026-01-13,33233,1386,91,1,2,994.03
13722,1080768,2025-05-13,9206,613,40,1,3,236.41
13723,1017997,2025-07-31,29773,1266,101,1,2,350.93
13724,1103321,2026-02-01,27901,293,30,1,4,55325.81
13725,1144066,2026-03-08,24825,2981,85,1,1,22252.49
13726,1083926,2026-04-08,21445,1374,68,1,1,3500.65
13727,1162321,2025-08-12,21179,784,56,1,5,762.18
13728,1056822,2025-06-10,1308,1703,54,1,3,26928.7
13729,1158723,2025-10-20,22301,1225,92,1,2,20575.45
13730,1160239,2025-10-29,29243,2923,97,1,3,739.99
13731,1187846,2025-09-13,17346,673,51,1,2,9374.2
13732,1177398,2025-10-16,12094,170,44,1,2,741.05
13733,1127205,2025-05-16,36254,864,75,1,3,19437.6
13734,1042566,2026-03-17,9124,1308,7,1,2,410245.01
13735,1087030,2025-05-19,29282,397,120,1,2,3549.45
13736,1013556,2026-02-13,5342,1932,44,1,1,9550.05
13737,1108423,2025-11-05,17471,2813,47,1,3,807.43
13738,1027195,2025-07-14,28082,287,107,1,1,1537.76
13739,1156696,2026-02-24,3328,2324,58,1,4,16138.96
13740,1181973,2025-04-12,29825,2161,12,1,4,8796.3
13741,1138848,2025-07-13,47957,2327,50,1,4,14513.36
13742,1010043,2025-06-13,35209,810,24,1,2,4911.23
13743,1088070,2025-12-13,15501,2369,21,1,3,637.1
13744,1161737,2025-05-08,21669,609,26,1,1,4418.79
13745,1131628,2025-04-27,15877,2652,75,1,4,121736.42
13746,1153268,2026-01-11,14471,2990,17,1,3,2463.66
13747,1120411,2025-09-30,19646,71,25,1,1,7915.64
13748,1013180,2026-01-03,45175,507,98,1,3,74979.78
13749,1019127,2025-06-30,31584,2948,10,1,4,33986.99
13750,1077581,2025-08-11,20451,596,16,1,3,851.01
13751,1106768,2025-12-20,43002,2952,61,1,2,6449.52
13752,1002169,2025-12-08,13317,1477,74,1,5,6859.33
13753,1037514,2025-05-02,27128,387,15,1,2,396.06
13754,1155506,2025-12-22,31846,1593,14,1,1,3723.39
13755,1132507,2025-07-18,47249,1004,20,1,1,2926.05
13756,1120750,2025-04-26,35173,99,55,1,4,626.16
13757,1075905,2026-01-03,35899,977,24,1,5,392.3
13758,1035357,2025-10-28,4240,1498,13,1,1,2844.67
13759,1030981,2025-11-18,40055,1733,103,1,3,680.05
13760,1009042,2025-06-20,19103,722,29,1,3,130777.69
13761,1128317,2025-06-22,13458,1791,89,1,1,4537.82
13762,1017543,2025-07-26,45377,2138,59,1,3,2406.05
13763,1055650,2025-12-25,14978,902,75,1,5,280318.45
13764,1062587,2025-08-07,21936,2234,53,1,3,5675.71
13765,1150281,2025-09-05,44482,1181,36,1,3,8248.6
13766,1035799,2025-07-31,18858,2363,69,1,5,72503.21
13767,1076830,2025-10-31,43612,368,7,1,4,951.27
13768,1176186,2025-07-08,10030,2093,94,1,5,6526.89
13769,1089139,2025-06-07,31737,1078,104,1,2,310.94
13770,1163642,2025-10-03,23551,2791,4,1,2,4673.67
13771,1065022,2026-03-20,46041,74,18,1,4,638.99
13772,1154498,2025-11-02,32743,637,120,1,3,714.45
13773,1117851,2025-12-19,919,1702,85,1,3,1808.23
13774,1011203,2026-01-01,5535,749,49,1,4,2660.08
13775,1051076,2025-04-10,27917,2105,40,1,5,2492.76
13776,1122483,2026-04-06,19720,2001,1,1,2,686.71
13777,1065415,2025-12-03,24804,2763,2,1,2,55626.43
13778,1188421,2025-09-04,34923,1997,47,1,4,6671.81
13779,1070831,2025-11-01,10398,2333,43,1,1,2251.86
13780,1032143,2025-05-19,33570,2914,64,1,3,307.29
13781,1080126,2025-11-29,27931,2434,11,1,1,6856.49
13782,1071572,2026-04-09,486,2384,30,1,4,8696.74
13783,1122664,2025-12-22,31119,45,34,1,2,61705.69
13784,1115257,2026-04-06,10435,2224,85,1,4,9396.51
13785,1002925,2026-03-17,2138,828,21,1,2,311.22
13786,1190556,2026-01-20,14521,2635,111,1,5,20899.15
13787,1110976,2026-03-04,3719,860,72,1,5,2206.97
13788,1044878,2026-01-12,19571,2143,44,1,1,7163.67
13789,1164549,2025-07-31,23865,214,20,1,5,13170.75
13790,1008800,2025-10-24,21601,2001,47,1,4,1221.58
13791,1195558,2025-12-03,36673,856,33,1,1,56825.06
13792,1012623,2025-05-04,13856,1482,97,1,4,1883.78
13793,1187421,2025-06-05,44874,888,56,1,2,3229.22
13794,1062459,2025-11-05,10220,552,31,1,2,8227.72
13795,1173638,2026-04-07,12473,2992,78,1,3,5132.5
13796,1039063,2025-10-29,44900,56,84,1,1,1611.28
13797,1055435,2025-11-05,49688,103,78,1,5,959.83
13798,1038274,2025-06-18,37899,2862,18,1,4,4963.28
13799,1046833,2025-04-16,29179,2602,57,1,2,5602.16
13800,1142728,2025-11-20,47926,2134,46,1,5,913.78
13801,1016302,2025-05-07,39047,2490,88,1,3,13242.76
13802,1166874,2025-06-05,33287,1955,112,1,4,102536.17
13803,1025305,2025-08-31,29796,2098,88,1,1,36161.56
13804,1024086,2025-09-17,35232,471,94,1,4,15269.25
13805,1189859,2026-02-08,31811,1652,53,1,5,3441.02
13806,1131679,2025-11-13,16223,1102,31,1,2,151018.71
13807,1191914,2026-03-14,27990,1871,45,1,2,7224.64
13808,1016668,2026-01-06,22588,662,99,1,3,2398.59
13809,1028039,2026-03-03,27847,2301,24,1,3,1268.37
13810,1148325,2025-07-05,32256,89,5,1,4,480007.51
13811,1147740,2025-07-20,39513,1040,75,1,4,9540.45
13812,1001795,2025-10-19,46932,2044,50,1,1,679.87
13813,1026901,2025-05-01,25580,2946,3,1,4,5182.86
13814,1010416,2025-09-10,23323,1784,7,1,2,14233.14
13815,1090399,2025-12-11,34809,2161,100,1,5,1377.91
13816,1172320,2026-02-15,39030,2611,71,1,1,29936.26
13817,1074154,2026-02-02,14032,84,107,1,3,2085.82
13818,1077598,2025-09-09,13700,1064,1,1,1,21282.0
13819,1197750,2025-09-20,11396,1686,89,1,1,678.93
13820,1062275,2025-12-23,39350,315,36,1,1,12733.63
13821,1078950,2025-05-09,6556,82,54,1,4,538.68
13822,1102640,2025-09-06,38944,1093,3,1,3,2533.51
13823,1175847,2025-04-29,26630,1186,35,1,1,879.42
13824,1181138,2025-08-12,6647,1387,21,1,5,6151.31
13825,1185536,2025-07-22,46768,96,8,1,4,1238.96
13826,1127889,2025-06-01,41369,954,23,1,1,2803.13
13827,1141360,2025-12-23,17814,2107,108,1,1,32511.03
13828,1146542,2026-01-12,6723,1551,96,1,1,193.64
13829,1177281,2025-05-01,5450,1186,14,1,2,848.36
13830,1143917,2025-10-10,45138,1690,79,1,4,1948.65
13831,1154779,2025-06-20,27811,1784,74,1,3,7108.83
13832,1111111,2025-08-03,20727,1487,90,1,1,15545.18
13833,1153968,2025-08-25,22205,1952,45,1,3,37137.98
13834,1025937,2025-07-22,44972,172,70,1,3,5653.82
13835,1133057,2026-02-18,31216,2653,63,1,3,2372.68
13836,1121704,2025-04-15,42615,1542,103,1,3,3241.46
13837,1164014,2025-11-16,41240,2008,90,1,2,300.18
13838,1057061,2025-10-19,30189,326,6,1,3,785.87
13839,1078949,2025-12-12,28117,1674,48,1,5,10798.89
13840,1199573,2025-11-30,26625,813,3,1,5,576.45
13841,1197754,2025-06-03,37982,1319,115,1,4,576.08
13842,1113353,2026-02-28,5421,2905,36,1,1,2096.2
13843,1150328,2025-10-05,20167,2524,10,1,3,3899.72
13844,1119851,2025-10-04,48019,2287,38,1,2,518.38
13845,1018159,2025-10-12,47987,2300,103,1,2,107477.31
13846,1052352,2026-01-07,41152,1088,15,1,5,13161.74
13847,1158512,2025-04-21,11011,1472,22,1,3,539.44
13848,1034375,2025-10-04,48835,242,34,1,2,13571.26
13849,1159727,2025-11-09,2371,1293,106,1,2,23215.06
13850,1041122,2025-06-14,43086,1977,9,1,3,1156.41
13851,1020816,2025-12-15,25895,2597,21,1,5,583.44
13852,1078100,2025-07-02,49154,804,80,1,3,3522.83
13853,1092311,2026-03-26,33518,2749,31,1,4,199929.73
13854,1025592,2025-09-20,40114,470,62,1,5,958.46
13855,1052230,2025-12-14,33940,2050,117,1,1,695.65
13856,1181411,2025-04-19,26583,1546,86,1,4,25246.1
13857,1188102,2026-01-23,43198,900,35,1,2,23066.3
13858,1121178,2025-04-27,8851,2613,113,1,1,19441.71
13859,1196146,2025-12-01,39710,2838,51,1,3,11366.66
13860,1174613,2026-03-01,3504,1025,40,1,5,4556.96
13861,1117877,2026-02-28,27138,1024,60,1,2,67802.58
13862,1029909,2025-04-26,38278,785,36,1,1,11236.83
13863,1197559,2025-04-18,3432,244,79,1,5,837.22
13864,1113473,2026-02-27,9532,173,78,1,3,8415.13
13865,1151241,2025-05-23,16147,929,15,1,1,305.78
13866,1003845,2025-11-13,47595,2485,1,1,3,4097.91
13867,1029263,2025-10-10,44268,1120,114,1,1,379.35
13868,1152195,2026-01-11,22247,2955,26,1,4,8717.79
13869,1039758,2026-03-06,16781,24,54,1,5,3543.98
13870,1002009,2025-12-29,1929,226,46,1,4,5772.11
13871,1019096,2025-04-29,37766,1257,26,1,3,1613.95
13872,1100219,2025-08-19,18018,919,93,1,1,3604.05
13873,1119826,2026-03-02,40588,875,31,1,2,94128.37
13874,1081079,2025-08-21,9942,2941,84,1,5,7457.07
13875,1015035,2025-10-20,48087,2794,101,1,1,14799.57
13876,1029888,2025-06-25,3149,2079,62,1,5,2326.78
13877,1092829,2026-03-10,10681,615,2,1,4,10744.38
13878,1056946,2025-10-01,35494,991,31,1,2,6893.46
13879,1142239,2025-05-23,35962,803,19,1,4,11551.86
13880,1040250,2026-01-25,40172,2541,43,1,5,6041.55
13881,1083129,2026-01-14,340,910,101,1,4,8572.56
13882,1147922,2025-05-15,25649,1631,89,1,4,23979.1
13883,1059711,2026-01-04,27001,1675,35,1,5,3674.27
13884,1147648,2025-08-02,16727,1451,73,1,4,2494.43
13885,1096387,2025-09-19,46112,980,65,1,3,297.0
13886,1141419,2025-05-03,34731,2840,9,1,3,8215.11
13887,1070792,2025-05-28,21285,2950,53,1,5,2316.4
13888,1169378,2026-02-28,44292,2893,111,1,4,14712.16
13889,1138478,2026-01-20,11386,637,110,1,2,768.57
13890,1159829,2025-10-10,37748,522,5,1,5,6414.88
13891,1156964,2025-11-03,46703,1527,43,1,4,579.87
13892,1168139,2025-08-10,4408,2952,83,1,3,20623.74
13893,1004493,2025-09-02,17155,1299,37,1,3,5401.1
13894,1149679,2025-12-17,31360,2116,48,1,3,1029.82
13895,1071455,2025-11-12,18358,2511,89,1,4,3696.88
13896,1117451,2025-11-24,2674,1218,54,1,1,919.09
13897,1189952,2025-07-19,2948,1510,7,1,3,2343.51
13898,1135214,2026-04-06,25486,977,26,1,2,391.53
13899,1037655,2026-02-27,17570,1256,44,1,2,24203.68
13900,1161387,2025-12-27,12819,248,78,1,5,4487.58
13901,1146607,2025-12-13,17302,2572,65,1,4,6804.1
13902,1077897,2025-11-02,37812,1465,56,1,2,909.71
13903,1146995,2026-02-19,18721,1632,23,1,5,148754.58
13904,1046705,2026-04-04,29668,2427,10,1,4,635.04
13905,1107584,2025-09-18,9158,380,2,1,5,7701.79
13906,1049014,2025-10-31,8409,1146,36,1,4,1127.46
13907,1114679,2025-11-29,21861,234,105,1,5,1356.86
13908,1112988,2026-01-20,30941,2258,91,1,3,7755.73
13909,1090814,2025-12-15,8901,2855,43,1,5,713.27
13910,1043847,2025-06-10,18097,2661,71,1,5,31319.3
13911,1136446,2025-10-12,9629,354,55,1,4,350.23
13912,1099355,2025-06-26,24894,697,110,1,5,49148.5
13913,1074838,2025-06-14,35266,681,68,1,5,40792.36
13914,1061295,2025-12-25,37873,1197,87,1,5,16874.4
13915,1183531,2025-11-22,1671,2754,78,1,5,959.78
13916,1129886,2026-02-17,25547,931,15,1,3,9787.47
13917,1181376,2026-04-10,35515,1405,18,1,2,18877.25
13918,1084903,2025-10-13,27192,2942,1,1,3,166.6
13919,1133415,2026-02-15,28657,1582,113,1,4,7235.28
13920,1093091,2025-12-20,3610,1046,57,1,4,1709.16
13921,1053807,2026-01-23,19630,448,87,1,5,10291.54
13922,1079164,2025-12-08,27735,541,39,1,5,2163.34
13923,1099189,2025-11-24,32105,1070,50,1,4,94.07
13924,1086143,2025-10-22,12540,2781,39,1,3,18413.45
13925,1000116,2025-06-06,4450,2448,89,1,4,6030.77
13926,1041192,2025-10-18,11561,1157,32,1,2,26644.4
13927,1068491,2025-08-04,29479,2239,4,1,3,13867.66
13928,1161623,2025-07-18,44245,1529,18,1,4,21311.65
13929,1003483,2025-08-21,45791,2273,110,1,3,40478.11
13930,1096940,2026-03-19,3783,2606,40,1,1,25885.11
13931,1023003,2025-04-28,42421,2948,20,1,5,35771.31
13932,1110028,2025-05-27,37482,2020,21,1,4,607.17
13933,1023840,2026-04-20,23529,2356,89,1,4,56745.11
13934,1024876,2025-10-02,29564,2769,86,1,5,4569.37
13935,1049608,2025-12-02,40895,2631,105,1,5,378.15
13936,1113920,2025-12-05,43661,2256,69,1,1,51984.76
13937,1131619,2025-11-17,31597,324,61,1,2,54.08
13938,1010801,2025-08-28,4879,111,75,1,1,1198.62
13939,1190433,2025-12-06,46787,97,112,1,2,65274.06
13940,1088157,2026-01-23,8767,92,64,1,2,41131.75
13941,1070352,2025-10-28,6743,262,48,1,1,23.17
13942,1139845,2025-09-10,11353,1595,76,1,3,15665.11
13943,1008135,2026-02-24,39879,2043,78,1,5,642.39
13944,1128313,2025-09-14,4827,1252,72,1,5,1247.71
13945,1109711,2026-01-06,4643,2922,38,1,2,6801.51
13946,1108894,2025-08-19,9937,1305,77,1,5,23502.26
13947,1189903,2025-10-18,37998,2091,20,1,1,1071.72
13948,1055999,2025-07-18,8051,479,103,1,3,18410.62
13949,1084338,2026-03-24,37383,378,102,1,2,89075.13
13950,1012659,2025-08-23,657,592,59,1,3,879.79
13951,1180365,2025-08-02,11668,2246,79,1,1,6720.39
13952,1047447,2025-09-14,2835,2571,109,1,2,7424.05
13953,1164001,2025-10-01,42187,2972,23,1,2,10748.12
13954,1015106,2026-01-01,24296,2825,67,1,1,1724.58
13955,1163851,2025-06-23,28247,2578,120,1,1,1671.93
13956,1180040,2025-11-10,9921,2153,72,1,2,82377.57
13957,1116797,2025-09-21,14499,56,88,1,1,1164.09
13958,1174571,2025-09-14,3035,2838,102,1,3,54863.6
13959,1035095,2025-06-18,15963,1874,60,1,2,12374.81
13960,1042216,2026-03-06,16452,1518,28,1,2,424.18
13961,1024559,2025-09-17,33298,2984,74,1,2,89.09
13962,1041560,2025-12-08,9448,2749,53,1,3,124879.7
13963,1027142,2025-08-12,8172,1957,70,1,4,21893.25
13964,1184577,2026-04-01,21602,598,44,1,2,432.08
13965,1107485,2025-12-09,6901,1047,19,1,3,2102.59
13966,1129880,2025-06-20,10341,1044,76,1,2,37500.85
13967,1162398,2026-03-15,39397,2029,48,1,3,422.91
13968,1124310,2026-02-26,44511,489,95,1,5,10295.07
13969,1181413,2026-03-05,14979,2010,46,1,1,8864.19
13970,1094878,2025-09-13,41298,312,8,1,3,103563.29
13971,1151553,2025-07-03,28180,1097,37,1,1,10858.09
13972,1131667,2025-05-14,13814,1202,29,1,1,959.82
13973,1192313,2026-04-03,10750,693,93,1,1,2371.89
13974,1131037,2025-11-10,47638,818,81,1,4,1185.11
13975,1142791,2025-10-17,45447,1960,102,1,4,15237.98
13976,1194448,2026-01-09,20812,2843,25,1,1,1126.53
13977,1024004,2026-03-12,35306,279,75,1,5,2122.23
13978,1018566,2025-09-26,14866,1657,24,1,1,186.68
13979,1096209,2025-08-16,11840,1545,43,1,2,701.54
13980,1125873,2026-01-18,41962,1543,10,1,4,3224.86
13981,1080795,2025-09-22,47686,1402,41,1,1,81792.2
13982,1110801,2025-05-31,9765,1670,39,1,4,708.39
13983,1013416,2025-07-29,22249,1842,1,1,3,1123.29
13984,1124836,2026-01-15,10809,299,73,1,4,130242.94
13985,1050379,2026-04-05,32008,1924,27,1,4,14096.19
13986,1131434,2025-10-31,49591,1148,7,1,4,530.74
13987,1161219,2026-04-07,28748,2978,94,1,1,7289.11
13988,1053743,2025-12-05,24622,2281,17,1,2,187.51
13989,1191360,2025-07-15,28115,1472,43,1,1,1101.37
13990,1048502,2025-12-18,19977,1969,73,1,2,576.45
13991,1017123,2025-12-22,13694,2727,67,1,3,65247.76
13992,1134294,2026-03-13,30304,2128,52,1,4,27840.05
13993,1012231,2026-03-17,35080,2650,74,1,3,2255.38
13994,1137463,2025-09-29,46791,1580,38,1,2,13672.1
13995,1175291,2025-06-24,29593,2793,76,1,2,7448.99
13996,1188167,2025-08-08,10819,2819,17,1,4,12423.44
13997,1020527,2026-01-12,41866,371,83,1,3,822.48
13998,1186205,2026-02-13,25933,15,17,1,5,897.93
13999,1096831,2025-11-07,32555,437,110,1,5,6296.35
14000,1133420,2026-02-05,28264,2532,41,1,1,10103.86
14001,1076491,2025-11-14,1716,2727,95,1,2,18627.77
14002,1127457,2026-03-18,24512,2,85,1,2,360.35
14003,1052774,2025-05-24,6489,237,103,1,1,23893.48
14004,1029403,2026-03-17,32602,2963,98,1,5,21388.02
14005,1164064,2025-11-02,25196,2647,42,1,2,4957.66
14006,1140318,2026-03-01,43574,1290,17,1,1,1721.17
14007,1049841,2025-06-08,11553,454,2,1,4,2139.75
14008,1044961,2026-04-14,20124,2,46,1,4,93.64
14009,1126204,2026-01-08,18567,2091,57,1,2,1126.83
14010,1187417,2025-06-05,49036,2455,88,1,4,69233.58
14011,1034285,2025-12-01,31416,2844,58,1,4,3706.12
14012,1030197,2025-07-18,38928,555,78,1,3,26217.39
14013,1185497,2025-05-09,25933,624,93,1,1,1904.96
14014,1180619,2025-06-18,32141,2348,84,1,5,7320.95
14015,1191905,2025-05-11,15674,2187,87,1,2,6056.38
14016,1103846,2025-04-17,6586,1786,94,1,5,159957.69
14017,1095475,2025-05-29,28634,1471,87,1,4,13194.54
14018,1182370,2026-02-18,45569,1791,1,1,5,4344.46
14019,1071678,2026-03-21,29988,2467,9,1,4,14917.68
14020,1141189,2025-09-23,26789,376,48,1,1,4049.33
14021,1046817,2025-05-16,34980,582,63,1,1,15529.57
14022,1070730,2025-10-20,13609,2070,36,1,1,2585.3
14023,1082281,2025-08-25,37261,2630,52,1,2,316.86
14024,1171780,2025-10-29,30140,752,94,1,5,3409.54
14025,1070941,2026-01-20,35964,72,27,1,4,1126.28
14026,1058890,2025-10-23,41504,2358,49,1,4,9959.6
14027,1174986,2026-03-02,31504,1096,4,1,4,6125.92
14028,1178508,2025-05-12,38645,2987,46,1,3,12173.81
14029,1052926,2025-06-23,14772,1645,115,1,4,545.48
14030,1013328,2025-05-30,49849,2010,68,1,1,8713.66
14031,1147096,2026-02-23,17762,1054,22,1,3,123340.33
14032,1101619,2025-10-20,6620,2541,15,1,1,2613.68
14033,1151262,2025-09-26,8926,627,120,1,5,24092.24
14034,1013093,2025-06-02,16507,1445,45,1,1,10159.92
14035,1058489,2025-12-15,28298,2132,118,1,3,7483.3
14036,1159438,2025-12-06,36534,417,56,1,5,225.4
14037,1181758,2025-07-13,24388,2382,13,1,1,2566.51
14038,1132696,2025-12-28,10721,283,44,1,1,10481.22
14039,1191233,2026-02-10,4229,918,105,1,4,813.31
14040,1014794,2025-10-28,27979,1318,116,1,3,14717.72
14041,1176019,2025-12-11,8606,1894,46,1,3,11082.8
14042,1075907,2026-03-25,24075,718,79,1,4,218.18
14043,1163844,2025-06-14,14130,451,36,1,5,4912.85
14044,1051045,2025-07-09,19427,1583,17,1,5,347.91
14045,1181037,2026-01-20,25438,2443,87,1,2,736.87
14046,1140665,2025-06-05,16806,513,20,1,4,528.58
14047,1172439,2025-09-19,40267,795,103,1,5,1869.95
14048,1155523,2025-11-06,4238,1422,47,1,4,2720.12
14049,1040579,2025-08-19,36115,1298,69,1,1,53606.54
14050,1068755,2025-08-05,35802,935,70,1,1,1045.12
14051,1089492,2025-12-08,26518,2846,107,1,5,4105.05
14052,1021204,2025-07-19,28346,1553,101,1,2,20895.54
14053,1158405,2025-05-12,20949,1843,16,1,2,11215.62
14054,1033628,2025-05-11,42888,761,18,1,3,63950.36
14055,1048271,2025-09-06,46872,1484,53,1,3,620.49
14056,1080892,2025-06-30,20194,484,46,1,5,80565.89
14057,1199279,2025-08-02,12652,164,105,1,2,913.51
14058,1056074,2025-11-18,29369,1800,50,1,1,8489.66
14059,1187962,2025-11-28,15283,2424,18,1,3,1543.26
14060,1126358,2026-04-12,39128,1492,25,1,4,107.3
14061,1004567,2025-10-13,9350,2734,113,1,5,6339.13
14062,1030237,2025-11-14,10446,1618,21,1,4,1452.69
14063,1081478,2025-08-14,26740,2273,22,1,4,165426.47
14064,1022311,2025-07-12,22826,109,98,1,5,1787.28
14065,1126533,2025-10-01,38567,2558,53,1,4,64960.82
14066,1137350,2025-07-28,33610,2609,82,1,1,1534.02
14067,1167794,2026-02-12,42583,1820,100,1,2,3097.02
14068,1092446,2026-03-22,42300,2834,86,1,4,2442.81
14069,1140140,2025-12-21,18751,866,36,1,1,2580.27
14070,1109301,2025-07-11,24630,2020,115,1,1,1218.47
14071,1103119,2025-10-07,1,878,82,1,3,436.57
14072,1010918,2026-01-06,18080,2870,13,1,3,999.38
14073,1050718,2025-08-12,35714,976,80,1,4,3941.17
14074,1122551,2026-03-08,40103,2745,89,1,2,28561.91
14075,1042939,2025-11-20,8056,2485,12,1,1,1107.53
14076,1068253,2025-12-22,9447,1741,11,1,5,6195.95
14077,1094488,2025-07-02,15032,161,59,1,5,477.47
14078,1036066,2025-04-13,338,2501,71,1,1,30541.69
14079,1022773,2025-12-15,30262,482,58,1,3,28367.25
14080,1070348,2025-05-29,24914,2276,77,1,1,2255.65
14081,1045967,2026-04-12,21503,323,108,1,1,716.16
14082,1108830,2025-12-23,34564,2210,15,1,1,2227.6
14083,1137122,2025-07-25,30016,2002,71,1,5,29225.36
14084,1068839,2025-08-18,46050,1229,7,1,3,793.21
14085,1106317,2026-02-01,650,2238,3,1,5,4741.21
14086,1031037,2025-11-18,15288,541,12,1,5,8387.76
14087,1046794,2025-06-20,2112,441,41,1,3,8354.58
14088,1085962,2025-12-05,7775,135,82,1,1,218410.27
14089,1092072,2025-11-26,13771,949,30,1,3,631.23
14090,1135611,2025-05-02,19872,2971,12,1,4,36440.56
14091,1007788,2025-12-02,23024,812,104,1,5,1890.73
14092,1131226,2025-12-31,16266,1596,11,1,3,399.81
14093,1013688,2025-06-15,48516,2767,34,1,4,3380.54
14094,1005511,2025-04-26,28638,2273,14,1,2,81548.72
14095,1154035,2025-08-11,19035,2417,74,1,2,897.64
14096,1066686,2025-06-29,11383,1256,2,1,5,73134.38
14097,1108152,2026-04-18,1075,2287,3,1,4,1389.89
14098,1064365,2025-10-06,14740,1501,119,1,4,2981.59
14099,1084085,2025-05-24,27075,1512,10,1,5,13660.21
14100,1033176,2025-11-24,19771,2243,72,1,2,2684.55
14101,1158756,2025-12-17,44283,635,117,1,4,29377.32
14102,1029474,2026-01-02,11643,1053,8,1,5,980.64
14103,1001252,2026-01-10,1659,99,49,1,2,291.14
14104,1027829,2025-06-20,47256,2358,73,1,2,15040.48
14105,1057507,2025-05-21,11887,1261,99,1,3,17722.53
14106,1014258,2025-12-15,14860,1461,49,1,3,7420.57
14107,1026481,2025-06-16,46948,756,33,1,5,2080.21
14108,1112121,2025-06-30,5389,2484,60,1,1,30751.27
14109,1011680,2025-09-10,25922,1188,85,1,1,41296.82
14110,1039696,2025-07-28,33771,2000,35,1,5,34711.9
14111,1058450,2026-02-16,4281,2066,6,1,2,25883.7
14112,1132532,2025-05-31,4038,1745,87,1,3,1894.69
14113,1162556,2025-11-14,43559,1505,53,1,2,6339.4
14114,1133388,2025-11-25,17225,595,13,1,3,31.06
14115,1058662,2025-07-05,39114,1717,77,1,1,7046.04
14116,1009984,2025-10-24,35861,2927,85,1,5,34601.86
14117,1195836,2025-09-23,31938,2092,10,1,4,907.08
14118,1079938,2025-11-13,8929,2707,70,1,2,3684.1
14119,1196428,2025-11-20,10962,402,113,1,1,483.0
14120,1127542,2025-12-05,42230,894,112,1,4,13330.46
14121,1025495,2026-01-22,8147,597,106,1,1,7434.28
14122,1161247,2026-01-19,9674,1111,86,1,2,269.59
14123,1059247,2025-06-16,47632,1270,18,1,2,7194.64
14124,1042434,2026-03-15,7179,763,56,1,1,5919.26
14125,1125119,2026-03-09,47346,870,32,1,5,113.23
14126,1066108,2025-04-18,24761,2083,92,1,5,987.99
14127,1091890,2025-09-27,46631,192,54,1,4,1110.34
14128,1152845,2025-11-24,22251,2656,10,1,3,374.51
14129,1132311,2025-09-25,15984,737,97,1,5,4257.22
14130,1099597,2025-07-31,3120,627,50,1,3,7573.24
14131,1111045,2025-12-16,7214,2858,34,1,1,884.77
14132,1199029,2025-08-14,29952,2428,19,1,3,27405.99
14133,1125291,2026-02-07,35317,779,60,1,3,4329.78
14134,1111810,2026-02-15,35761,2352,14,1,4,12855.05
14135,1034172,2026-01-22,12946,2537,105,1,4,267.16
14136,1134672,2025-09-09,22378,1488,41,1,5,5128.25
14137,1097561,2026-01-20,74,2872,106,1,2,5624.67
14138,1088611,2025-08-21,42026,348,46,1,1,7844.98
14139,1097452,2026-03-10,13714,1709,3,1,4,299.36
14140,1156447,2025-09-26,40834,2152,49,1,4,763.32
14141,1076153,2026-02-15,16592,1893,18,1,2,8372.34
14142,1071986,2025-12-03,36335,1894,69,1,5,21436.29
14143,1080000,2025-10-16,44927,2192,82,1,5,2071.83
14144,1104557,2025-12-04,43814,1320,28,1,1,143744.57
14145,1108849,2026-03-25,41503,1359,60,1,5,7917.61
14146,1029635,2025-07-31,15734,113,37,1,4,11961.58
14147,1036722,2026-02-14,531,1373,50,1,5,1024.02
14148,1066825,2025-08-17,48865,1444,107,1,4,1145.92
14149,1138279,2025-12-25,26604,957,85,1,4,1628.54
14150,1065837,2026-01-03,48797,244,62,1,5,2433.02
14151,1032689,2025-07-29,16636,2186,105,1,2,3839.62
14152,1090791,2025-05-24,28640,1591,108,1,3,428630.07
14153,1069668,2026-03-01,26167,1029,24,1,4,54.89
14154,1083103,2025-11-11,1027,1634,25,1,5,1946.06
14155,1105849,2025-12-20,39112,1991,1,1,4,409.4
14156,1133816,2025-11-15,46472,649,51,1,1,9098.79
14157,1005830,2026-02-15,14747,2393,29,1,4,17045.41
14158,1120904,2025-10-24,35304,2794,76,1,5,23161.1
14159,1111573,2026-01-10,42896,2055,91,1,2,4069.47
14160,1051427,2025-08-31,21779,2400,73,1,4,417.03
14161,1026726,2025-11-06,207,2180,74,1,2,16819.08
14162,1051701,2025-12-23,14783,1843,76,1,5,3449.47
14163,1181034,2025-04-21,15466,1394,2,1,2,3006.95
14164,1100319,2026-03-18,28453,1557,6,1,2,24145.5
14165,1122687,2025-12-14,39139,1904,116,1,4,13194.92
14166,1006949,2025-10-26,40948,165,37,1,4,4314.98
14167,1172479,2025-07-30,48505,2990,48,1,2,7216.56
14168,1033630,2025-06-14,28587,2289,42,1,1,33126.46
14169,1131510,2025-10-20,31325,68,9,1,4,14295.67
14170,1142368,2026-04-02,14408,926,10,1,1,1837.26
14171,1085422,2025-06-22,1939,333,60,1,3,744.56
14172,1056668,2025-05-27,25660,1255,50,1,1,31188.45
14173,1187835,2025-07-05,24695,1261,10,1,4,4088.2
14174,1122971,2025-11-25,6713,23,91,1,5,217.64
14175,1026145,2026-03-31,41314,732,54,1,3,3534.7
14176,1131418,2025-11-19,22436,2666,91,1,2,1781.3
14177,1122798,2026-01-22,25308,1824,44,1,3,12810.21
14178,1054261,2026-02-14,26106,1783,74,1,5,15194.68
14179,1086461,2026-04-28,16880,1579,40,1,3,133.15
14180,1127345,2025-10-31,45663,1814,79,1,3,11200.46
14181,1149830,2025-08-30,16180,1631,84,1,4,25528.51
14182,1112633,2025-08-01,37177,300,77,1,4,11353.47
14183,1045087,2026-03-29,22188,803,43,1,4,6414.32
14184,1052969,2026-04-11,23913,362,5,1,5,12662.67
14185,1060172,2026-03-29,6394,432,85,1,1,212.89
14186,1047781,2026-03-18,31515,1008,58,1,4,797.79
14187,1059037,2025-07-16,28727,236,8,1,5,1092.53
14188,1159273,2025-06-15,13600,2310,102,1,2,14694.13
14189,1127027,2025-12-13,19133,2718,35,1,5,459.08
14190,1193695,2025-07-15,18915,2698,108,1,2,3349.76
14191,1172597,2026-03-26,36868,672,71,1,1,6614.77
14192,1092233,2026-04-15,11693,2172,26,1,2,6679.88
14193,1060835,2025-08-25,12412,1711,77,1,5,1493.67
14194,1108790,2025-09-30,19280,1945,30,1,3,63224.19
14195,1022508,2025-09-08,21860,805,13,1,3,2344.04
14196,1172227,2025-07-22,4174,212,18,1,5,8784.66
14197,1176898,2026-03-12,23803,1840,37,1,1,3341.26
14198,1135941,2026-03-23,28435,1366,86,1,2,11997.99
14199,1057588,2025-06-26,26083,86,91,1,1,123.91
14200,1040299,2026-01-27,938,2369,45,1,1,3960.08
14201,1172388,2026-02-02,40838,2274,31,1,4,87.39
14202,1180854,2025-10-30,37594,378,30,1,1,83489.27
14203,1154155,2025-09-08,943,1732,55,1,1,22750.48
14204,1049488,2025-11-27,23300,704,41,1,2,8015.64
14205,1002896,2025-08-15,5295,2088,88,1,2,1959.62
14206,1044926,2025-07-20,46185,28,115,1,3,1166.77
14207,1034875,2026-03-18,45811,1655,49,1,5,13302.11
14208,1055863,2025-11-02,33081,1714,56,1,3,17481.37
14209,1044563,2026-01-13,47481,1841,39,1,2,51666.98
14210,1141156,2025-09-11,3192,893,67,1,1,14495.54
14211,1116772,2025-11-18,30072,476,59,1,4,40046.0
14212,1087140,2026-01-29,36088,1094,86,1,3,931.93
14213,1157933,2025-05-27,1349,212,116,1,3,15836.18
14214,1096511,2025-07-22,28006,417,5,1,1,122.02
14215,1136429,2025-05-28,48025,637,34,1,2,803.26
14216,1058698,2026-04-10,44152,2391,76,1,3,6487.98
14217,1080207,2025-08-09,18836,2259,23,1,2,33060.47
14218,1028621,2025-09-30,38571,2956,57,1,2,2840.5
14219,1169130,2025-10-26,41420,71,56,1,1,5108.82
14220,1174961,2025-12-17,15440,2423,91,1,1,3994.57
14221,1002031,2025-04-18,29591,2757,59,1,4,153.56
14222,1116891,2026-03-01,28561,137,113,1,2,775.55
14223,1045455,2025-11-27,36842,1975,7,1,1,2500.42
14224,1016127,2025-11-01,46824,2316,61,1,3,32877.95
14225,1134179,2025-08-06,20883,503,31,1,3,296.48
14226,1009675,2025-10-31,42541,2361,107,1,1,738.96
14227,1162734,2025-06-05,21544,279,93,1,3,1084.34
14228,1058507,2025-04-28,43652,2737,75,1,2,24622.39
14229,1162066,2025-06-25,33620,1771,8,1,5,1930.24
14230,1002559,2025-11-23,32685,949,4,1,5,672.43
14231,1040563,2026-01-22,764,607,28,1,5,4960.85
14232,1166527,2025-11-18,40124,221,120,1,1,6487.76
14233,1100976,2025-05-07,49578,1247,108,1,4,48228.94
14234,1136494,2025-06-15,49257,2103,93,1,4,956.22
14235,1072673,2026-01-18,43290,2893,91,1,2,14499.6
14236,1057383,2026-03-17,2181,1162,44,1,1,690.11
14237,1130011,2025-04-20,21517,1330,103,1,1,14797.49
14238,1173288,2025-10-24,245,221,28,1,4,6130.69
14239,1005892,2025-07-02,15743,2026,81,1,1,1212.78
14240,1039332,2025-09-27,38514,680,59,1,2,43719.28
14241,1072792,2026-01-04,30310,1613,88,1,3,6797.7
14242,1169354,2025-12-02,45129,2654,85,1,4,2223.37
14243,1119323,2026-03-24,36294,1315,14,1,3,634.28
14244,1114220,2025-10-31,31796,2934,96,1,5,3386.1
14245,1103130,2025-10-29,3262,808,1,1,4,13553.13
14246,1103835,2025-05-06,21108,261,26,1,5,2515.26
14247,1101811,2025-11-11,31263,2952,15,1,4,6739.44
14248,1160272,2026-02-25,3341,760,66,1,2,9503.05
14249,1044181,2025-05-05,2403,2990,40,1,1,2416.26
14250,1187393,2025-10-27,41680,2983,83,1,2,974.39
14251,1145210,2026-02-03,10484,1409,82,1,2,11272.87
14252,1191208,2025-12-13,47752,1727,82,1,1,141670.14
14253,1167514,2025-11-30,4909,1979,88,1,3,2096.08
14254,1154401,2026-03-15,7971,1569,112,1,2,10896.68
14255,1026277,2025-06-21,28527,2326,99,1,3,10190.73
14256,1083743,2026-03-15,31375,38,115,1,5,3959.29
14257,1100451,2025-05-17,31673,2892,100,1,4,25537.32
14258,1080139,2026-03-29,1301,1799,6,1,4,6387.98
14259,1151808,2026-02-27,5125,224,48,1,4,1472.65
14260,1124723,2026-04-07,49166,1931,94,1,1,12596.46
14261,1103954,2026-04-20,29734,2650,84,1,5,2257.8
14262,1139337,2026-03-05,38754,1049,59,1,2,6823.34
14263,1082641,2025-08-28,28922,554,78,1,5,2961.17
14264,1056180,2026-01-31,44835,2152,31,1,1,2152.97
14265,1100830,2026-02-21,44875,2653,16,1,2,639.34
14266,1008466,2026-03-10,19685,198,72,1,2,215303.85
14267,1151683,2025-05-23,45415,1424,23,1,5,10148.82
14268,1197775,2025-10-18,46548,2710,72,1,5,11002.45
14269,1130813,2025-07-11,2686,1394,69,1,4,3023.89
14270,1073547,2026-03-18,16951,818,61,1,4,1424.3
14271,1055813,2025-11-18,38931,976,3,1,2,8277.95
14272,1012498,2025-12-31,17249,2506,67,1,1,938.66
14273,1015357,2026-03-02,14051,1029,20,1,4,85.38
14274,1173634,2025-11-11,25103,2332,44,1,4,169044.31
14275,1171505,2025-11-27,47700,2409,61,1,4,2699.17
14276,1093907,2025-07-15,19449,320,80,1,2,14150.48
14277,1057208,2025-12-09,42736,2668,69,1,2,688.12
14278,1149183,2025-04-20,40511,14,118,1,5,1635.14
14279,1026813,2026-03-15,21683,1240,36,1,1,1715.46
14280,1019571,2025-08-13,7497,2671,65,1,2,36809.21
14281,1163561,2025-10-25,17380,1074,34,1,4,3158.99
14282,1103789,2025-07-24,25794,1999,99,1,3,3843.5
14283,1047356,2026-02-10,43527,2783,64,1,3,2511.1
14284,1141717,2025-11-02,33626,1371,32,1,1,21677.45
14285,1014556,2025-09-27,24694,1223,119,1,5,809.05
14286,1029110,2025-05-24,11827,1821,10,1,4,4473.13
14287,1175096,2025-09-10,1405,1789,64,1,1,1623.38
14288,1122116,2026-01-29,17441,482,107,1,4,58216.0
14289,1127468,2025-12-30,39532,131,110,1,3,5254.79
14290,1018314,2025-09-29,34785,2641,106,1,1,19700.51
14291,1165235,2025-11-26,17653,1673,29,1,1,62184.76
14292,1062525,2025-12-14,16154,1633,98,1,4,671.17
14293,1106486,2025-12-14,3428,205,45,1,3,2798.85
14294,1072994,2026-02-24,27490,2341,17,1,4,876.11
14295,1148780,2025-12-07,18983,1178,60,1,4,2959.9
14296,1075186,2026-02-21,36622,1817,21,1,2,176.66
14297,1015027,2025-05-09,29547,400,70,1,4,10274.04
14298,1188384,2026-02-19,11788,1752,28,1,4,3288.1
14299,1158952,2026-01-15,5749,216,60,1,3,981.11
14300,1184986,2026-01-14,32042,50,2,1,3,24973.03
14301,1006636,2025-11-06,1821,931,90,1,3,2353.76
14302,1018338,2025-11-10,13191,2094,60,1,1,12194.06
14303,1010481,2025-05-11,356,227,10,1,3,5256.35
14304,1113652,2025-06-24,18422,612,111,1,1,22566.22
14305,1067455,2025-12-20,9273,248,102,1,4,1467.51
14306,1133815,2025-12-07,18243,2590,41,1,5,93909.77
14307,1025381,2025-11-23,28224,774,6,1,5,219233.04
14308,1036178,2026-04-10,23104,2682,15,1,2,17246.58
14309,1007398,2026-04-07,41796,2812,116,1,4,11643.71
14310,1091417,2026-01-22,11570,866,72,1,1,1708.67
14311,1198051,2026-04-05,3519,2567,22,1,4,1603.99
14312,1051532,2025-07-16,20982,694,36,1,2,40104.35
14313,1059451,2025-05-10,30865,2352,10,1,5,6909.21
14314,1021190,2026-02-19,21774,20,112,1,3,1069.23
14315,1154934,2026-04-04,47722,2973,97,1,3,1477.04
14316,1014148,2025-06-07,27779,2348,114,1,1,1705.02
14317,1025099,2026-02-21,24096,2203,90,1,1,8339.7
14318,1086467,2025-08-15,13248,2851,19,1,4,230694.11
14319,1063977,2026-04-12,47458,22,92,1,2,2215.53
14320,1017029,2025-09-07,39217,2512,9,1,5,29207.88
14321,1139123,2025-07-11,41730,1245,99,1,1,762.25
14322,1064881,2026-04-19,31624,1772,113,1,1,55914.83
14323,1090674,2026-04-09,22992,2961,36,1,3,1948.7
14324,1112613,2025-05-01,13814,1021,71,1,1,160.92
14325,1023142,2025-07-10,11047,1100,23,1,3,23652.59
14326,1158411,2026-04-21,37574,1330,88,1,5,4841.09
14327,1051470,2025-10-21,9021,702,65,1,2,7378.92
14328,1083533,2025-09-09,10093,2043,112,1,3,2084.3
14329,1187722,2025-08-15,20979,2341,108,1,3,1948.6
14330,1083831,2025-11-21,43838,245,8,1,1,955.54
14331,1108245,2025-05-17,18411,1028,100,1,2,48434.13
14332,1109782,2025-11-07,38947,2638,3,1,5,11462.88
14333,1180871,2026-02-16,3619,550,77,1,5,18375.47
14334,1140375,2025-10-02,24298,1833,74,1,4,2831.61
14335,1083782,2025-09-23,17347,2968,96,1,4,671.57
14336,1161145,2025-06-29,44271,2425,74,1,4,56359.33
14337,1127990,2025-09-06,41539,338,72,1,4,6965.13
14338,1157794,2026-01-02,11294,2656,85,1,3,365.21
14339,1056016,2025-06-15,16706,321,45,1,1,891.67
14340,1007049,2025-06-07,17658,259,101,1,5,40910.76
14341,1141849,2025-12-17,40343,1367,16,1,2,8966.67
14342,1178961,2025-07-03,19287,661,99,1,2,1197.36
14343,1156421,2025-09-30,14332,152,100,1,5,3332.01
14344,1048313,2025-11-21,9496,77,90,1,5,1422.35
14345,1065903,2026-01-20,32605,2826,44,1,1,4284.55
14346,1149165,2025-12-25,23625,41,8,1,1,360.52
14347,1120890,2025-12-14,4914,2723,45,1,3,620.94
14348,1149815,2025-05-04,915,1078,108,1,5,152.86
14349,1065133,2026-02-28,37347,2966,50,1,4,6461.61
14350,1016632,2026-03-15,43103,1724,82,1,1,8413.44
14351,1032363,2025-06-08,15465,1290,44,1,5,5279.53
14352,1109088,2025-09-03,45051,320,25,1,4,14365.51
14353,1120450,2025-12-26,37102,40,26,1,4,18216.9
14354,1009077,2025-04-17,6218,94,76,1,3,251.88
14355,1191709,2025-12-15,8974,2331,20,1,5,2021.26
14356,1103066,2026-03-11,29510,1178,18,1,3,3263.63
14357,1085773,2025-07-08,9574,1476,70,1,3,4266.92
14358,1031943,2025-12-11,1668,674,25,1,4,1351.38
14359,1012057,2025-04-18,47708,1875,55,1,2,2726.91
14360,1010256,2026-01-29,29713,2312,77,1,1,92127.76
14361,1182042,2026-01-04,43242,875,50,1,5,255625.21
14362,1065961,2025-05-19,5167,2077,90,1,4,891.49
14363,1196610,2025-04-06,23607,980,73,1,3,574.91
14364,1152607,2025-10-07,37910,1731,108,1,1,11153.3
14365,1110254,2026-02-17,7473,255,71,1,3,12318.79
14366,1079648,2025-08-01,10405,1701,18,1,4,1625.57
14367,1010039,2025-12-25,26948,695,11,1,2,1015.93
14368,1086166,2025-06-02,31321,1933,89,1,2,3186.05
14369,1138425,2025-05-22,38941,936,93,1,2,8097.0
14370,1069916,2026-03-04,16423,1180,13,1,5,8417.12
14371,1140133,2026-02-03,6644,2951,66,1,4,655.63
14372,1086376,2026-02-04,24632,2074,38,1,2,31.79
14373,1166703,2025-12-30,48068,636,87,1,5,483.52
14374,1060138,2025-09-22,21297,410,111,1,4,1753.79
14375,1143412,2025-08-08,35882,293,3,1,3,54164.27
14376,1086617,2025-11-07,40708,144,39,1,3,69885.59
14377,1092256,2025-05-06,13573,861,40,1,1,169.85
14378,1072648,2026-04-03,44512,1933,92,1,4,3228.64
14379,1103847,2026-02-28,11653,1181,56,1,5,32041.07
14380,1008756,2025-07-12,12732,1334,81,1,4,1853.18
14381,1193258,2025-11-14,30738,1162,81,1,3,1399.11
14382,1036285,2025-08-07,4996,930,108,1,2,81374.3
14383,1125690,2025-09-03,11977,2916,101,1,5,5753.11
14384,1196602,2026-03-03,5148,1673,78,1,2,267247.42
14385,1045177,2025-12-10,46190,882,21,1,2,53037.69
14386,1026102,2026-01-03,28506,2719,46,1,2,8839.86
14387,1081767,2026-01-26,44742,1119,46,1,5,5486.68
14388,1010826,2026-01-26,7383,436,110,1,1,4069.69
14389,1049754,2025-11-02,34147,494,100,1,5,190451.98
14390,1189423,2025-07-27,32416,2946,26,1,5,5440.66
14391,1044130,2025-06-08,46358,2468,7,1,2,576.52
14392,1019978,2025-11-03,7335,824,5,1,3,204.04
14393,1123421,2025-10-25,29406,474,74,1,5,2320.88
14394,1089031,2025-06-03,36149,2353,109,1,3,24901.85
14395,1012879,2025-06-08,15539,307,71,1,3,3330.48
14396,1013947,2026-02-02,28271,7,54,1,5,371.41
14397,1118152,2025-12-12,22132,226,96,1,5,11237.98
14398,1160881,2025-10-25,49679,1953,55,1,4,1230.06
14399,1126046,2025-10-11,33308,2010,95,1,4,28593.26
14400,1001120,2025-10-23,22115,2068,39,1,1,1192.45
14401,1121701,2025-07-26,10487,1330,24,1,3,13687.2
14402,1142985,2025-11-27,23074,601,64,1,2,1302.22
14403,1158040,2025-10-27,27376,1146,86,1,4,2397.03
14404,1098299,2025-12-02,47605,2791,71,1,4,4387.55
14405,1100612,2025-07-14,5567,663,84,1,3,26658.07
14406,1076349,2025-11-26,31073,2841,93,1,5,33.28
14407,1026209,2025-05-17,39113,2468,48,1,3,306.13
14408,1129937,2025-05-19,29897,2649,93,1,3,1125.75
14409,1017770,2025-09-04,5876,2447,26,1,3,2578.18
14410,1098287,2026-01-15,27021,2680,90,1,5,4315.88
14411,1075933,2025-06-14,105,2879,62,1,3,2154.98
14412,1044470,2025-07-07,38007,2311,47,1,4,404.79
14413,1077569,2026-02-10,5962,1866,74,1,3,359.9
14414,1080695,2025-06-04,10825,1878,55,1,2,5959.05
14415,1174097,2025-06-06,25725,2719,39,1,3,16935.92
14416,1058065,2025-10-28,37755,317,84,1,4,13939.29
14417,1059502,2026-02-21,44548,1405,25,1,1,9807.32
14418,1165753,2025-09-15,32650,2975,97,1,5,1254.76
14419,1018456,2025-11-18,49975,774,51,1,2,247383.58
14420,1163808,2025-05-24,40968,2077,91,1,1,851.34
14421,1111542,2026-03-20,37302,882,29,1,3,14509.62
14422,1002476,2026-04-14,24222,423,30,1,2,4257.67
14423,1026315,2025-10-23,27736,122,43,1,3,132655.04
14424,1089981,2025-08-02,17244,1579,19,1,4,674.8
14425,1116192,2026-02-02,2828,1873,62,1,1,4540.09
14426,1140333,2026-03-19,20567,2252,74,1,1,4318.25
14427,1075691,2025-09-07,15401,283,110,1,4,3258.38
14428,1020395,2025-11-03,36757,1056,110,1,4,13406.81
14429,1007537,2025-12-16,46647,1066,8,1,2,6710.66
14430,1192433,2025-06-25,20906,2086,109,1,5,598.72
14431,1176193,2026-02-27,34059,209,88,1,4,671.26
14432,1117791,2025-05-06,23831,1714,46,1,5,37592.48
14433,1168391,2025-11-01,2803,496,68,1,4,40.27
14434,1156113,2025-04-30,36110,1803,95,1,5,4725.27
14435,1177125,2026-01-21,10721,1304,7,1,4,12020.85
14436,1064306,2025-07-21,24978,1313,74,1,1,2333.26
14437,1053568,2025-07-18,47216,624,22,1,4,1237.97
14438,1094278,2025-07-29,35752,2922,86,1,2,4545.21
14439,1075062,2026-03-19,21220,623,61,1,1,4231.85
14440,1039178,2026-02-05,38843,1227,1,1,4,192.41
14441,1074760,2025-11-15,372,1508,24,1,2,9708.02
14442,1088358,2025-07-15,9945,895,16,1,5,624.12
14443,1173495,2026-03-08,13829,1001,47,1,5,243619.65
14444,1048199,2025-06-07,33329,89,68,1,4,247470.11
14445,1015307,2026-02-28,32153,1350,24,1,1,7125.06
14446,1022316,2025-05-22,3489,80,23,1,1,2275.01
14447,1163946,2025-10-02,8936,2892,51,1,4,11794.47
14448,1173224,2025-08-27,13580,2348,113,1,2,1703.64
14449,1182433,2026-01-24,26108,1924,71,1,4,13698.36
14450,1170238,2025-11-02,19123,280,70,1,5,3595.39
14451,1067019,2025-09-05,12925,1156,16,1,4,692.98
14452,1178412,2025-05-24,17887,1294,91,1,5,19097.41
14453,1134598,2026-02-07,46169,724,1,1,4,137.18
14454,1086615,2025-07-01,30111,772,117,1,3,2361.54
14455,1120835,2025-12-02,30324,2358,96,1,3,5006.08
14456,1154523,2025-04-25,17611,1196,68,1,1,14115.72
14457,1014084,2025-07-03,6469,368,39,1,4,2129.94
14458,1143240,2026-04-07,2086,1954,74,1,5,11181.3
14459,1184259,2025-05-29,1840,634,57,1,1,47952.49
14460,1016547,2025-09-21,9856,195,22,1,2,8843.12
14461,1182152,2026-02-18,8706,2431,13,1,3,2618.3
14462,1195783,2025-08-12,1034,237,2,1,4,12835.38
14463,1141167,2026-04-20,49692,1879,95,1,3,2488.03
14464,1038140,2025-07-16,31819,1198,78,1,4,113834.22
14465,1129373,2025-06-23,13433,888,75,1,2,3315.9
14466,1071072,2025-09-06,8978,695,64,1,3,1081.44
14467,1139867,2026-01-06,42575,2579,106,1,4,106.8
14468,1140270,2025-12-24,27260,1168,72,1,4,1405.23
14469,1124718,2025-06-06,18900,15,89,1,2,843.91
14470,1190592,2025-08-26,39410,2953,46,1,4,20673.7
14471,1059677,2025-09-13,19446,2123,104,1,1,2475.63
14472,1026494,2026-04-05,49431,1777,27,1,3,841.21
14473,1066033,2025-05-29,10330,208,56,1,3,1683.92
14474,1111293,2026-04-07,13180,2051,107,1,3,57956.52
14475,1105560,2026-01-04,9161,2524,66,1,3,3571.12
14476,1172022,2025-12-30,42642,725,35,1,2,18665.19
14477,1053034,2025-05-23,6660,2494,62,1,3,70494.9
14478,1087470,2026-01-25,4731,2494,42,1,2,70722.91
14479,1102323,2026-01-04,39906,1752,52,1,4,2001.58
14480,1190308,2026-03-06,40259,299,120,1,1,130043.21
14481,1029365,2026-03-23,49981,859,7,1,4,703.02
14482,1029301,2025-12-08,22703,251,54,1,5,5282.96
14483,1062309,2026-04-07,46234,1903,117,1,3,9381.34
14484,1072574,2025-09-23,11008,1315,33,1,1,586.43
14485,1174425,2026-01-27,34202,1295,117,1,4,4539.68
14486,1114943,2025-08-23,37455,2170,109,1,1,329.63
14487,1112567,2025-09-10,49084,1391,75,1,3,2077.63
14488,1055312,2025-10-06,33077,2236,68,1,5,94623.17
14489,1041749,2025-05-10,1050,1439,12,1,3,2561.19
14490,1168710,2025-07-27,34786,2816,9,1,3,412.5
14491,1133197,2026-02-25,43473,2178,69,1,3,3437.76
14492,1093871,2025-06-23,36087,1800,120,1,1,8498.56
14493,1053079,2025-12-25,9671,2818,105,1,3,14850.53
14494,1176731,2026-02-24,18615,1689,103,1,1,910.87
14495,1150279,2025-12-01,5032,1858,26,1,5,137120.53
14496,1139894,2026-02-10,13751,1305,98,1,1,5407.84
14497,1058545,2025-07-31,4997,926,12,1,5,3525.44
14498,1186463,2026-04-06,24113,1579,101,1,2,289.69
14499,1105561,2025-12-02,32682,2462,113,1,2,13702.89
14500,1194637,2025-07-04,16691,1240,82,1,3,1254.48
14501,1075533,2025-12-26,37174,729,3,1,2,5984.44
14502,1129362,2026-01-14,20129,2126,34,1,2,1801.21
14503,1016536,2025-08-18,47572,215,46,1,2,2412.64
14504,1152103,2026-01-21,42332,1453,101,1,1,406.57
14505,1129375,2025-10-17,42833,840,16,1,4,16430.46
14506,1127871,2025-12-07,35637,2851,32,1,5,224741.3
14507,1137100,2025-06-10,49902,1955,15,1,5,99305.9
14508,1045648,2025-12-24,40599,1581,10,1,4,1527.4
14509,1106432,2026-01-27,44466,898,101,1,3,16303.39
14510,1038883,2025-05-21,12380,2374,82,1,3,3720.18
14511,1116397,2025-07-12,38699,1563,43,1,4,477.43
14512,1109879,2025-10-19,2526,463,75,1,5,32813.0
14513,1047787,2025-09-22,956,2415,60,1,4,1786.21
14514,1008232,2026-03-08,240,2320,48,1,2,2376.69
14515,1178442,2026-03-14,40435,2437,120,1,4,841.51
14516,1159452,2026-01-12,41623,1537,115,1,4,13176.61
14517,1104107,2025-10-08,18916,2433,36,1,2,22734.44
14518,1134118,2025-12-26,25352,1347,47,1,5,28145.29
14519,1132547,2025-07-15,33638,2149,33,1,1,90.59
14520,1003433,2026-01-08,2355,835,48,1,1,6734.34
14521,1131648,2025-10-10,43203,2784,113,1,2,4310.19
14522,1150973,2026-01-07,9553,2686,115,1,4,61080.38
14523,1101315,2026-02-06,34311,694,64,1,4,77908.6
14524,1153525,2025-04-26,4133,1906,98,1,4,5243.36
14525,1108813,2026-03-23,4803,2112,70,1,2,13333.58
14526,1114801,2025-09-04,699,2765,55,1,5,296.05
14527,1103850,2025-10-03,17832,554,77,1,5,1610.03
14528,1011758,2025-06-15,44393,2819,62,1,1,5712.22
14529,1107882,2026-01-09,45552,2302,33,1,1,1577.0
14530,1153282,2025-09-12,34514,1276,86,1,4,14750.19
14531,1044947,2025-10-04,11514,2428,23,1,2,25553.24
14532,1174490,2025-06-30,35170,2476,19,1,1,12955.3
14533,1068289,2025-08-04,2006,582,97,1,4,2498.6
14534,1141749,2025-05-16,14376,1478,1,1,2,7875.18
14535,1036758,2025-06-17,4363,1181,30,1,4,17739.02
14536,1065745,2025-12-17,19057,2373,82,1,1,40356.05
14537,1110826,2025-11-24,12371,409,53,1,5,1295.64
14538,1051159,2025-11-09,37199,2422,59,1,2,86307.08
14539,1136023,2025-06-30,10408,2443,9,1,3,1208.01
14540,1086710,2026-03-18,22214,1113,2,1,4,40145.2
14541,1156265,2025-06-09,5163,396,90,1,2,14516.66
14542,1028008,2025-07-07,22541,236,33,1,5,580.33
14543,1016256,2025-08-24,10611,2498,20,1,5,419.06
14544,1123022,2026-01-16,23663,2741,48,1,1,1490.5
14545,1130217,2026-02-16,40829,227,27,1,1,2555.59
14546,1165320,2025-10-19,32009,851,112,1,4,5453.39
14547,1186230,2025-04-23,14183,1327,31,1,4,2326.81
14548,1061990,2025-08-09,41683,2329,104,1,4,2205.65
14549,1079161,2025-12-19,24635,1116,86,1,2,5515.42
14550,1024026,2026-01-01,354,1333,33,1,4,209.96
14551,1190533,2025-04-18,18089,2086,31,1,5,626.18
14552,1127325,2025-12-24,1169,129,64,1,3,630.22
14553,1188345,2025-10-03,41703,66,101,1,5,7300.67
14554,1176245,2025-08-31,48777,280,64,1,3,6087.48
14555,1063031,2026-03-07,43700,2687,56,1,2,10058.24
14556,1170267,2025-10-26,34159,1889,25,1,4,5374.91
14557,1042396,2025-04-24,33826,827,91,1,1,1100.5
14558,1049281,2026-04-04,43831,1969,15,1,4,648.46
14559,1113681,2025-06-05,39277,227,59,1,1,3847.1
14560,1143912,2025-10-25,15779,406,72,1,2,116.33
14561,1131965,2026-03-17,3622,2218,80,1,4,1181.12
14562,1048597,2025-06-16,43459,1731,6,1,1,20562.87
14563,1026200,2025-07-02,27906,1273,96,1,4,571.49
14564,1051012,2025-10-05,29980,1624,28,1,3,2744.76
14565,1018461,2026-02-16,31706,1042,67,1,5,4828.03
14566,1037280,2025-12-08,6240,2338,39,1,4,2540.14
14567,1195887,2025-11-26,927,1154,9,1,2,781.77
14568,1101117,2025-07-10,35467,1130,86,1,3,4963.21
14569,1115943,2025-06-10,37338,1318,22,1,4,16399.65
14570,1094120,2026-02-09,49301,864,89,1,4,19070.84
14571,1159363,2025-09-02,22395,1220,45,1,1,792.25
14572,1040412,2025-10-17,15062,1346,97,1,4,5917.85
14573,1137734,2025-08-03,34220,2115,73,1,1,1512.98
14574,1133231,2025-08-28,18016,70,75,1,3,3234.23
14575,1184061,2026-02-03,16614,1426,47,1,2,50052.04
14576,1111437,2025-08-06,42165,1738,54,1,5,3192.42
14577,1105844,2025-07-23,23725,1870,65,1,5,176.09
14578,1017881,2025-08-02,8330,583,96,1,3,149293.0
14579,1152196,2026-03-18,48592,1725,110,1,1,1182.39
14580,1002290,2025-06-20,3010,1567,46,1,4,534.02
14581,1021654,2026-01-18,1819,2144,20,1,3,988.53
14582,1018216,2025-10-16,30822,1522,35,1,2,27507.71
14583,1005533,2026-03-01,17595,2148,51,1,1,582.56
14584,1182593,2025-12-22,10818,580,33,1,4,1525.53
14585,1126457,2025-05-06,16008,1394,99,1,4,9467.95
14586,1030954,2025-05-16,48474,2481,65,1,5,4553.2
14587,1048208,2026-02-17,45682,1539,43,1,2,22343.7
14588,1045652,2025-06-19,39104,2775,34,1,3,2883.41
14589,1052644,2025-08-29,24098,830,27,1,3,4640.77
14590,1191265,2026-01-02,48618,1107,102,1,3,130610.18
14591,1046330,2025-11-05,1049,157,98,1,4,193.82
14592,1061770,2025-04-30,18612,1711,17,1,4,2969.88
14593,1175276,2025-10-11,35118,642,112,1,1,18009.68
14594,1149445,2026-03-16,40877,2883,82,1,1,23349.65
14595,1102441,2026-03-21,38873,1054,75,1,1,66636.75
14596,1196962,2026-03-15,41560,1137,54,1,3,4085.49
14597,1122571,2025-07-13,22252,1542,70,1,5,1697.52
14598,1005543,2025-07-14,13256,585,108,1,2,44228.16
14599,1145245,2026-04-30,18033,356,22,1,2,23641.3
14600,1185976,2025-05-26,37212,1304,59,1,3,25945.71
14601,1109234,2025-12-31,28691,1907,22,1,1,59607.05
14602,1160400,2025-10-30,27036,988,105,1,4,3240.42
14603,1112511,2025-09-08,17258,809,80,1,4,1020.6
14604,1064404,2026-03-03,37874,34,45,1,2,362.55
14605,1011502,2025-05-30,7646,793,2,1,1,7383.6
14606,1107019,2025-09-19,27471,2416,17,1,4,8594.05
14607,1152615,2025-12-18,9683,529,17,1,4,1409.08
14608,1191328,2025-04-14,9700,2628,85,1,4,103144.07
14609,1075117,2025-04-23,24508,2467,88,1,2,14955.25
14610,1080609,2026-01-03,28933,944,33,1,3,2556.63
14611,1119715,2025-08-28,1182,2097,41,1,4,268.89
14612,1156578,2025-06-16,16415,1478,66,1,4,14405.17
14613,1061759,2025-05-26,2035,484,85,1,4,112184.71
14614,1144665,2026-01-08,21049,2692,114,1,3,65208.74
14615,1191729,2026-02-10,3807,620,15,1,3,20397.59
14616,1123178,2025-12-14,36909,2429,49,1,4,240826.84
14617,1138927,2026-01-13,28216,21,6,1,5,1043.16
14618,1099252,2025-09-26,38347,120,88,1,5,1457.82
14619,1028531,2025-12-24,23200,1442,103,1,1,26142.88
14620,1041914,2025-08-11,35370,1021,57,1,3,343.73
14621,1170808,2026-04-13,20233,989,20,1,4,1647.95
14622,1174411,2026-01-20,5595,1199,6,1,3,71694.35
14623,1115649,2025-06-12,20299,43,108,1,2,1556.41
14624,1140321,2025-10-19,27189,851,92,1,4,2694.17
14625,1076259,2026-03-07,14240,1151,95,1,2,4787.75
14626,1011805,2026-02-02,43580,449,61,1,1,4643.53
14627,1076525,2025-11-30,19289,2874,105,1,5,14242.63
14628,1137348,2026-02-14,48123,205,69,1,3,3157.48
14629,1171282,2025-06-08,11893,1057,8,1,1,9399.52
14630,1158257,2025-10-24,5192,1985,92,1,5,23459.7
14631,1064183,2025-11-16,46564,2736,18,1,4,354.64
14632,1190252,2025-11-10,39437,1041,23,1,4,12356.7
14633,1074000,2026-01-15,7547,2179,42,1,4,47344.0
14634,1040980,2025-11-27,20536,1596,62,1,2,1966.67
14635,1152486,2025-11-12,43188,2500,88,1,5,9013.15
14636,1018875,2025-12-13,16924,501,103,1,4,21341.82
14637,1152066,2025-09-20,49682,1297,16,1,3,64.84
14638,1194653,2026-03-26,6641,280,14,1,2,1857.92
14639,1052656,2025-10-25,13216,2628,12,1,3,110500.15
14640,1050754,2025-12-20,16067,1869,109,1,2,59806.29
14641,1159548,2025-06-25,44858,2756,67,1,3,465.73
14642,1119798,2026-02-10,24152,511,113,1,4,10014.16
14643,1194811,2025-10-17,33461,618,113,1,3,251622.72
14644,1020788,2025-11-10,23957,1542,46,1,2,1590.93
14645,1132738,2025-11-29,11759,703,109,1,2,3298.95
14646,1008378,2025-10-29,36544,2064,62,1,1,2190.43
14647,1090997,2025-11-10,23571,685,13,1,4,867.18
14648,1119340,2025-10-27,39296,236,67,1,5,525.71
14649,1104623,2025-05-07,43020,2094,47,1,2,14095.61
14650,1042056,2025-11-02,44221,2271,77,1,1,2581.2
14651,1178631,2025-07-21,23296,11,55,1,4,7425.93
14652,1106527,2025-09-28,15610,2644,25,1,2,16833.91
14653,1060342,2026-03-09,10036,2182,66,1,4,28517.86
14654,1031981,2025-08-22,36809,1149,47,1,3,41434.22
14655,1192917,2025-04-29,30589,863,57,1,1,855.83
14656,1039884,2025-09-02,48624,1374,67,1,5,12973.73
14657,1018706,2026-01-17,9995,2937,76,1,2,159120.88
14658,1024207,2026-01-29,25490,2370,43,1,3,2409.06
14659,1191980,2025-11-25,36503,550,104,1,2,25961.03
14660,1147252,2025-07-17,5161,15,55,1,3,838.93
14661,1069948,2025-05-18,20038,2542,34,1,3,272.08
14662,1182857,2025-12-30,11289,2823,91,1,2,37968.45
14663,1176515,2025-12-05,3025,225,107,1,2,37191.19
14664,1164063,2025-08-07,46007,1573,108,1,1,5541.07
14665,1172596,2026-03-23,1464,264,33,1,3,528.01
14666,1148418,2025-10-28,42787,552,62,1,2,3763.23
14667,1054467,2026-02-02,30772,2335,1,1,5,13583.54
14668,1032169,2026-04-02,11022,2796,39,1,1,48727.87
14669,1168045,2026-01-16,12127,2562,74,1,3,468.46
14670,1086846,2025-12-08,35357,2170,117,1,3,323.48
14671,1180507,2026-03-20,33956,1121,118,1,1,1133.22
14672,1047640,2026-03-09,33480,2147,110,1,3,2921.83
14673,1025439,2025-04-19,19271,784,68,1,4,2941.76
14674,1193486,2026-03-07,49409,763,10,1,1,24294.62
14675,1061962,2025-12-06,34516,950,36,1,2,1438.97
14676,1166883,2025-05-01,26365,1793,38,1,3,618.41
14677,1015257,2025-08-19,4348,2148,63,1,1,606.99
14678,1177408,2025-09-21,46529,135,100,1,4,42939.01
14679,1127565,2025-06-20,45047,2667,90,1,5,16706.52
14680,1154205,2025-10-14,4397,785,113,1,1,4638.73
14681,1099432,2025-12-21,18971,1430,104,1,1,11676.78
14682,1097697,2025-07-07,39609,310,87,1,2,2224.4
14683,1127534,2025-09-08,144,1357,83,1,2,4434.04
14684,1026943,2025-08-22,36291,1587,101,1,3,591.64
14685,1148671,2025-11-09,24418,1162,69,1,3,1930.9
14686,1004363,2026-02-05,48461,984,51,1,2,7088.19
14687,1108633,2025-08-11,26056,308,96,1,5,6855.11
14688,1133171,2025-12-20,45787,1710,55,1,1,26.56
14689,1029969,2025-11-24,8274,1711,110,1,5,2616.61
14690,1187703,2026-02-25,34481,376,13,1,1,7881.07
14691,1116013,2025-06-27,10588,2720,74,1,1,387898.94
14692,1022898,2026-01-21,29673,284,36,1,5,1426.8
14693,1155401,2026-03-27,40056,2096,61,1,1,2326.61
14694,1045093,2026-02-16,1177,356,101,1,5,8166.9
14695,1112953,2025-07-04,19156,1234,5,1,3,28593.97
14696,1148623,2025-07-11,24262,2564,113,1,5,99.91
14697,1084703,2025-06-05,19613,1944,118,1,4,825.11
14698,1009457,2026-03-15,36992,1901,93,1,5,1483.24
14699,1122329,2025-06-21,5805,2609,94,1,5,5768.47
14700,1181546,2025-11-11,27967,102,92,1,4,6061.0
14701,1060089,2025-07-09,20984,2243,105,1,4,2777.76
14702,1083744,2025-11-16,31089,805,119,1,5,6188.75
14703,1114442,2025-08-11,19507,943,9,1,1,2168.23
14704,1110500,2025-10-09,15055,2782,87,1,4,18211.85
14705,1137673,2025-07-06,39573,1186,89,1,1,877.78
14706,1002785,2025-10-22,40555,2649,90,1,4,1059.4
14707,1174424,2025-09-11,39672,398,72,1,4,923.09
14708,1032621,2026-03-21,17174,2765,84,1,1,150.92
14709,1162036,2025-10-16,2095,473,111,1,5,628.68
14710,1007189,2026-03-26,29222,2717,86,1,1,16557.72
14711,1169832,2025-06-16,28687,813,98,1,4,196.02
14712,1062980,2026-03-26,49120,2018,114,1,4,800.97
14713,1002967,2025-08-17,26928,2107,4,1,1,21866.78
14714,1039636,2025-08-31,34535,430,99,1,1,161572.4
14715,1049444,2025-12-31,32564,2383,5,1,4,8822.35
14716,1149673,2025-09-03,34758,1014,114,1,1,20849.81
14717,1192171,2025-06-05,49782,1964,15,1,4,437.16
14718,1068290,2025-05-29,46960,2176,57,1,4,1372.62
14719,1003248,2025-11-22,23107,578,98,1,1,2719.13
14720,1154664,2025-10-11,46647,1534,115,1,4,580.19
14721,1146181,2025-11-01,36379,2223,34,1,4,322.38
14722,1006919,2025-08-11,24622,2184,81,1,2,33314.12
14723,1161241,2025-08-06,14514,1926,120,1,1,3926.66
14724,1098675,2025-04-26,21401,2981,15,1,1,7444.05
14725,1057405,2026-03-19,47766,1397,53,1,5,1449.68
14726,1016811,2025-06-08,40565,2351,78,1,5,1667.81
14727,1137424,2026-02-09,9228,2092,61,1,4,962.68
14728,1180241,2026-01-06,13155,808,119,1,2,3280.2
14729,1017237,2026-02-25,46224,2137,20,1,4,46263.39
14730,1138299,2026-02-24,13383,1253,42,1,1,4435.81
14731,1115855,2025-12-03,16357,584,22,1,1,592.34
14732,1047644,2026-01-13,22897,1686,32,1,3,650.42
14733,1172941,2026-03-14,37912,1234,91,1,3,15779.58
14734,1069755,2025-09-23,40362,1395,88,1,4,4051.34
14735,1094299,2026-01-17,15837,141,6,1,4,67620.26
14736,1172980,2026-03-09,32772,27,94,1,1,103312.21
14737,1092435,2026-01-13,49294,768,108,1,3,8047.49
14738,1079360,2025-12-17,31622,1425,23,1,2,171.19
14739,1085721,2025-09-08,16525,1699,41,1,3,1401.85
14740,1074397,2026-03-23,43803,201,79,1,5,36172.13
14741,1060913,2025-11-08,14013,2766,113,1,2,962.89
14742,1157734,2025-06-14,45536,2295,42,1,3,510.3
14743,1181083,2025-11-29,9196,204,100,1,5,875.85
14744,1091400,2025-10-11,22619,2179,34,1,2,143064.51
14745,1079845,2025-05-19,38357,1712,99,1,2,8052.53
14746,1076397,2025-09-18,5306,1623,47,1,2,5372.85
14747,1065144,2025-08-01,33143,922,43,1,5,51.81
14748,1120116,2025-04-26,1613,2764,54,1,4,4110.85
14749,1008100,2025-07-22,48545,2676,20,1,5,1074.46
14750,1194155,2025-12-10,46445,632,118,1,5,1594.85
14751,1165363,2025-07-19,9283,1517,37,1,5,10946.09
14752,1106614,2026-02-12,28966,1681,102,1,1,5313.58
14753,1032152,2025-09-28,9830,1736,46,1,2,9101.94
14754,1037159,2025-09-17,28678,2934,105,1,4,1706.02
14755,1196560,2026-04-10,32460,2194,50,1,4,65.35
14756,1096158,2025-11-30,5683,1632,2,1,1,27144.01
14757,1115317,2025-07-19,27532,673,104,1,1,9388.91
14758,1001770,2025-09-24,7456,946,81,1,4,56055.82
14759,1172777,2025-06-04,28560,1680,79,1,4,3554.7
14760,1198252,2025-08-01,29893,908,59,1,5,2498.06
14761,1174795,2025-12-29,25156,959,107,1,1,1332.21
14762,1019373,2025-04-28,11866,1945,103,1,2,44924.98
14763,1105243,2025-10-24,16061,734,24,1,3,3328.9
14764,1070567,2025-12-12,4748,834,85,1,2,243588.1
14765,1114012,2026-01-14,4657,970,29,1,1,225.46
14766,1186279,2026-02-07,25690,143,28,1,2,16640.99
14767,1189493,2025-07-15,23144,1825,34,1,4,15206.08
14768,1019736,2025-05-20,38763,1506,81,1,4,32981.75
14769,1173811,2025-12-24,23992,2190,50,1,2,2446.18
14770,1106224,2025-10-31,30655,2278,60,1,1,4417.02
14771,1100182,2026-01-10,16099,2631,115,1,3,613.44
14772,1046170,2025-12-05,2613,2877,7,1,4,265.88
14773,1045681,2025-08-28,22549,1267,15,1,4,6520.72
14774,1108715,2025-12-16,16160,2221,86,1,3,55468.66
14775,1196899,2025-09-22,43200,987,38,1,4,1806.39
14776,1067253,2025-06-15,23207,2099,87,1,3,6841.81
14777,1186118,2025-11-18,980,694,45,1,5,18672.6
14778,1119725,2025-08-17,24469,1541,11,1,4,25523.93
14779,1078897,2026-03-26,3006,1748,82,1,3,872.08
14780,1199336,2025-11-13,44543,298,56,1,2,13641.63
14781,1155683,2025-06-04,28161,1232,81,1,4,228607.5
14782,1099487,2025-11-02,29767,2896,68,1,4,1343.5
14783,1128929,2025-10-27,19616,2383,32,1,1,16957.26
14784,1097282,2025-10-10,2659,1500,18,1,2,44436.62
14785,1024768,2026-03-11,35122,2317,62,1,3,39744.89
14786,1186513,2026-02-14,36704,1631,71,1,1,30266.13
14787,1155115,2025-04-24,6723,1644,94,1,4,633.34
14788,1027909,2025-06-14,48783,1917,43,1,2,3112.74
14789,1129282,2025-12-23,48852,2632,117,1,3,10722.72
14790,1022552,2026-03-15,27843,1269,43,1,2,4121.95
14791,1198533,2026-01-24,29188,1554,105,1,3,18172.81
14792,1099807,2025-11-05,3931,2845,106,1,5,1560.82
14793,1015920,2025-10-08,7427,76,87,1,3,593004.34
14794,1007566,2026-02-13,47962,2947,72,1,5,12436.1
14795,1099341,2025-05-02,30422,1823,83,1,3,43998.93
14796,1039920,2026-01-20,43851,454,89,1,1,935.53
14797,1036510,2025-05-03,8839,960,32,1,2,2902.11
14798,1167926,2026-02-06,17299,1318,35,1,1,32224.02
14799,1063213,2025-11-18,28282,1088,11,1,2,12891.23
14800,1010366,2025-11-23,45320,725,13,1,2,8373.82
14801,1089753,2026-01-22,3533,2583,6,1,1,442.54
14802,1101037,2025-09-29,33459,1321,80,1,5,780.57
14803,1006816,2025-12-02,29833,946,62,1,2,46663.49
14804,1060510,2026-02-05,24159,147,105,1,1,12989.36
14805,1083467,2025-08-28,19066,2691,51,1,5,116.67
14806,1138811,2025-06-12,31162,2447,1,1,1,2580.8
14807,1020795,2026-01-12,9607,2428,73,1,2,98035.33
14808,1137992,2025-08-10,46011,1063,35,1,3,7940.27
14809,1015533,2025-06-16,9263,2524,9,1,1,7538.85
14810,1027770,2025-10-02,43084,1222,64,1,1,6395.09
14811,1050874,2025-08-02,46062,1400,91,1,1,29642.14
14812,1126646,2026-04-06,10457,2486,61,1,5,3285.19
14813,1196497,2025-11-15,33190,2411,21,1,3,3544.08
14814,1132503,2025-08-18,1947,452,36,1,4,6367.11
14815,1153341,2025-09-05,35371,2511,21,1,4,2123.04
14816,1193439,2025-06-13,6069,307,42,1,1,3252.5
14817,1079525,2025-08-13,7669,1191,99,1,1,1836.67
14818,1068194,2025-09-03,10679,931,87,1,4,11486.92
14819,1058285,2025-07-02,98,152,101,1,1,1698.1
14820,1012420,2026-02-07,24064,1167,98,1,5,7578.9
14821,1173613,2025-12-21,173,975,25,1,1,2890.48
14822,1092236,2025-05-08,39934,1137,120,1,4,4236.8
14823,1114972,2026-03-26,47906,2472,60,1,3,917.19
14824,1043626,2026-01-08,13982,2676,12,1,2,699.4
14825,1051725,2025-06-29,9949,1781,21,1,3,236291.23
14826,1035478,2025-09-11,4173,464,65,1,2,20349.0
14827,1187399,2026-01-29,23311,1772,40,1,2,60915.79
14828,1047868,2026-01-01,14307,1704,109,1,2,835.29
14829,1158123,2025-11-28,35401,2900,53,1,5,1874.47
14830,1175686,2025-12-09,2864,1314,114,1,2,24596.76
14831,1010482,2025-10-04,28389,670,80,1,1,8400.0
14832,1068107,2025-11-24,18327,1938,65,1,4,4977.06
14833,1187396,2025-11-26,46319,1083,79,1,3,20843.63
14834,1028122,2025-07-22,5669,2915,87,1,2,40269.55
14835,1057272,2025-11-20,47093,2915,41,1,3,81351.1
14836,1089135,2025-09-29,35856,17,119,1,1,2143.39
14837,1131025,2025-08-16,7994,2502,105,1,3,10265.44
14838,1166568,2025-10-26,21117,2785,86,1,1,8725.99
14839,1168233,2025-09-20,48782,1294,63,1,5,40109.12
14840,1060390,2026-02-09,34055,1076,22,1,1,2374.2
14841,1077127,2025-09-11,47672,1005,93,1,5,458.06
14842,1078122,2025-12-26,5361,2641,26,1,4,39759.37
14843,1008331,2025-11-29,25744,2226,53,1,2,12801.01
14844,1181705,2025-11-10,4003,765,99,1,1,591.38
14845,1138037,2025-06-22,28120,635,115,1,1,29318.27
14846,1122515,2025-10-05,34396,2602,39,1,2,1445.96
14847,1090083,2026-01-08,30590,1495,5,1,1,7453.48
14848,1002613,2025-07-25,35553,1284,55,1,2,7330.87
14849,1091980,2025-10-21,17733,1845,8,1,5,3931.03
14850,1154333,2025-07-16,30512,489,86,1,2,5090.33
14851,1008879,2026-03-08,22059,1461,82,1,4,9890.84
14852,1176001,2025-12-16,44951,2347,75,1,3,10108.81
14853,1088010,2026-03-23,19142,818,36,1,2,1431.31
14854,1038097,2025-11-21,35375,314,71,1,2,1671.59
14855,1155662,2025-09-08,8094,183,96,1,2,18747.41
14856,1022464,2025-07-14,46484,2430,21,1,1,1881.06
14857,1127469,2025-05-06,35067,1215,68,1,3,2309.68
14858,1131479,2026-02-21,7937,2371,91,1,5,566.98
14859,1179542,2025-08-07,9720,965,3,1,3,11491.4
14860,1048840,2025-11-16,41026,620,68,1,5,8720.4
14861,1056686,2026-04-03,41944,1550,110,1,4,194855.4
14862,1174983,2025-09-17,3060,1616,30,1,2,2447.98
14863,1196742,2026-01-26,25825,1452,97,1,3,1013.12
14864,1191269,2025-12-15,24651,2499,87,1,3,436.93
14865,1097478,2026-02-02,26718,1657,69,1,5,371.6
14866,1071987,2025-07-12,13307,1170,60,1,1,4108.92
14867,1058159,2025-10-13,41816,183,113,1,1,9002.49
14868,1059677,2025-09-19,37013,2720,24,1,1,249259.65
14869,1049818,2025-08-05,31300,1539,90,1,1,7191.75
14870,1086183,2025-10-24,23203,2406,14,1,4,1459.35
14871,1154188,2025-05-12,21908,796,12,1,5,29937.45
14872,1155047,2025-12-01,18662,1873,85,1,3,4726.68
14873,1191197,2025-11-17,18816,371,48,1,3,3329.41
14874,1144736,2025-07-25,41906,1067,117,1,5,10673.41
14875,1156611,2025-12-06,17511,2619,83,1,4,1276.83
14876,1186097,2025-06-08,15832,296,39,1,2,64.46
14877,1141520,2025-06-27,38333,1009,29,1,3,217.91
14878,1086157,2026-01-09,3041,2638,113,1,2,50404.44
14879,1174009,2025-07-03,27309,2993,46,1,5,262.49
14880,1166758,2025-07-21,8361,1957,1,1,2,7620.98
14881,1108633,2025-05-24,34631,2189,79,1,3,585.21
14882,1079745,2026-01-23,40216,2664,70,1,3,6256.71
14883,1166583,2025-06-11,31576,2412,80,1,5,13743.42
14884,1048289,2025-07-19,41350,66,111,1,3,19485.59
14885,1160740,2026-03-25,22981,1207,73,1,4,1169.45
14886,1123611,2025-08-26,14164,2461,69,1,4,14350.71
14887,1032297,2025-09-22,47643,2089,69,1,2,6998.89
14888,1108874,2025-12-25,17798,2336,53,1,2,3933.84
14889,1061432,2025-07-26,38447,1216,54,1,2,26143.69
14890,1199242,2025-07-04,5939,2916,46,1,2,5651.54
14891,1097662,2026-01-28,30706,77,119,1,3,953.8
14892,1028852,2025-05-26,13084,107,81,1,3,623.41
14893,1031825,2025-12-29,24109,711,55,1,1,401.9
14894,1170976,2025-10-16,5190,2238,97,1,4,2420.51
14895,1085476,2026-01-29,35601,505,80,1,1,3760.13
14896,1084942,2025-11-15,30535,1841,29,1,2,23936.66
14897,1181260,2025-04-29,44401,51,47,1,3,460.64
14898,1179678,2025-11-05,45001,2380,56,1,1,5982.4
14899,1102050,2025-12-13,43965,1436,100,1,1,165596.76
14900,1155392,2025-08-15,12005,2778,97,1,4,285.72
14901,1105963,2025-10-14,10801,754,49,1,3,12060.98
14902,1098183,2026-01-16,31200,1247,1,1,4,29171.57
14903,1004732,2026-01-06,24623,429,61,1,2,13367.12
14904,1175772,2025-07-03,35570,340,108,1,4,4264.68
14905,1133865,2025-11-22,42193,2189,10,1,4,540.0
14906,1156082,2025-09-10,23675,252,113,1,5,8411.36
14907,1195043,2025-08-28,5972,1393,71,1,5,11669.42
14908,1139626,2025-12-06,2984,2775,92,1,3,2637.83
14909,1076518,2025-09-10,45338,625,41,1,5,254.86
14910,1110758,2025-07-22,22824,1673,46,1,3,135097.03
14911,1148414,2025-08-30,12587,2280,99,1,1,9304.28
14912,1083523,2025-05-26,46829,1982,14,1,1,884.66
14913,1117261,2026-01-20,44623,2334,28,1,5,8574.2
14914,1038272,2025-11-03,47408,684,11,1,1,35845.46
14915,1186790,2026-02-07,49469,1434,69,1,4,3430.71
14916,1095125,2025-08-12,7037,2253,10,1,1,843.29
14917,1102550,2025-06-14,41593,1175,7,1,3,17607.73
14918,1007061,2026-01-28,44922,1481,88,1,5,12926.93
14919,1168438,2025-07-27,24811,1539,72,1,2,15041.62
14920,1169469,2025-07-21,6131,1521,16,1,4,6421.33
14921,1055282,2025-05-14,6396,1078,29,1,4,279.52
14922,1052101,2025-09-15,23019,812,4,1,3,1060.79
14923,1186261,2026-01-29,25332,561,116,1,4,765.43
14924,1060151,2025-12-19,35708,1210,104,1,3,19248.65
14925,1074174,2025-05-29,7217,2715,115,1,5,852.84
14926,1118016,2025-11-18,48099,750,40,1,5,2801.15
14927,1105833,2026-03-02,19679,1328,42,1,4,53407.03
14928,1043873,2025-07-20,13608,2194,22,1,3,64.39
14929,1129526,2026-02-15,33171,897,30,1,2,21104.29
14930,1025653,2026-03-21,38734,2324,90,1,3,5560.12
14931,1199170,2026-01-14,48981,2289,70,1,2,20252.09
14932,1187290,2026-02-22,1001,1891,109,1,3,31321.61
14933,1107091,2025-08-07,30982,443,89,1,4,1324.25
14934,1152655,2025-08-01,1328,393,51,1,2,55.75
14935,1127250,2025-08-07,30459,2870,95,1,4,2095.37
14936,1195801,2025-05-11,6944,250,84,1,5,6691.2
14937,1040901,2025-12-22,4964,1344,100,1,5,3204.51
14938,1054729,2025-10-27,30007,1251,9,1,4,4618.37
14939,1086236,2025-12-08,49586,1539,51,1,4,20520.87
14940,1032487,2026-02-03,13514,2904,83,1,1,1900.73
14941,1185084,2025-12-18,24879,2310,6,1,5,17330.69
14942,1193179,2025-10-01,6353,2659,23,1,5,1313.35
14943,1110139,2025-10-15,2962,1176,77,1,1,2854.51
14944,1032621,2026-03-22,4977,2303,100,1,4,1999.36
14945,1096274,2025-07-26,24784,894,48,1,3,7414.51
14946,1106836,2025-12-10,12116,2940,42,1,2,96.32
14947,1001392,2026-03-08,38774,906,69,1,5,5619.9
14948,1046638,2025-12-27,43788,1267,41,1,1,6320.23
14949,1019716,2025-06-27,26729,979,10,1,3,3794.4
14950,1147187,2025-08-13,39204,2115,96,1,3,4400.81
14951,1167729,2025-12-08,388,354,1,1,3,668.03
14952,1142653,2026-03-30,12239,1691,30,1,2,1161.27
14953,1139609,2026-02-05,29808,2256,120,1,5,36438.85
14954,1161787,2025-04-20,12967,2427,57,1,5,331.23
14955,1089940,2025-09-29,12747,2494,2,1,3,133599.56
14956,1094856,2025-11-01,20415,2833,89,1,4,76.09
14957,1139890,2025-12-07,21075,2260,52,1,3,77867.96
14958,1025068,2025-07-15,49557,580,85,1,5,1560.3
14959,1193152,2026-03-29,49567,1462,71,1,3,2129.43
14960,1040094,2025-12-17,26789,224,30,1,2,5183.85
14961,1114023,2025-09-28,11661,2331,86,1,2,1605.64
14962,1040825,2026-03-17,29434,2637,87,1,5,70674.99
14963,1162415,2025-12-31,11553,746,19,1,5,3653.01
14964,1027255,2025-10-27,17614,108,9,1,1,94.85
14965,1111679,2025-09-10,25464,366,84,1,4,3993.34
14966,1042972,2026-03-05,49560,234,84,1,5,3208.22
14967,1037871,2025-10-05,18778,582,101,1,1,9507.11
14968,1057783,2025-08-26,82,163,12,1,5,5633.19
14969,1052810,2025-09-24,13793,1065,52,1,5,7038.9
14970,1039920,2025-08-20,10133,875,14,1,4,99120.73
14971,1062570,2025-11-20,17289,30,100,1,5,1908.54
14972,1114400,2026-03-16,48519,1806,65,1,5,3315.57
14973,1122594,2025-10-13,10923,2178,4,1,3,3484.65
14974,1146865,2025-08-28,16582,907,36,1,5,6250.22
14975,1100524,2025-12-30,21939,451,48,1,4,908.18
14976,1146326,2025-12-20,3544,438,55,1,2,8097.44
14977,1041284,2025-11-26,46110,208,118,1,5,1558.64
14978,1175192,2025-07-04,425,2398,112,1,5,11456.16
14979,1030475,2026-01-16,12554,221,4,1,4,3060.52
14980,1009187,2025-06-11,15192,182,18,1,4,351.68
14981,1033572,2025-08-07,28319,2862,44,1,5,1670.16
14982,1038307,2026-04-09,11077,2221,42,1,2,27248.29
14983,1145003,2025-10-20,47902,1586,72,1,1,525.96
14984,1027156,2025-11-13,44351,228,115,1,3,7207.63
14985,1029635,2025-06-21,42536,552,75,1,3,8644.28
14986,1056205,2025-08-06,12336,2613,79,1,5,6109.03
14987,1108825,2025-07-28,16353,2206,87,1,2,42435.55
14988,1103826,2025-07-01,38969,1758,24,1,2,637.21
14989,1170202,2026-01-08,39850,649,106,1,1,3567.78
14990,1111618,2025-05-16,9352,829,107,1,2,3523.14
14991,1094503,2026-01-07,8972,1772,93,1,5,223779.68
14992,1067892,2025-10-14,37836,1761,46,1,1,378.48
14993,1080081,2026-01-17,14213,2981,21,1,1,28283.05
14994,1103270,2026-01-11,49895,2142,90,1,5,10377.36
14995,1187385,2025-05-22,2340,208,15,1,3,1695.39
14996,1043251,2025-11-28,43753,881,55,1,3,13311.72
14997,1173053,2025-06-03,29220,2229,65,1,4,153.16
14998,1113683,2026-02-14,18929,1488,76,1,4,4909.59
14999,1105599,2025-05-11,46059,1600,68,1,1,97.61
15000,1023314,2026-04-28,40961,2358,16,1,1,4961.45
15001,1009142,2025-06-18,39429,402,14,1,4,163.18
15002,1104128,2025-08-14,13263,614,105,1,5,3691.78
15003,1170755,2026-02-04,29917,539,54,1,1,328.32
15004,1040033,2025-04-20,25112,2849,106,1,5,109.56
15005,1117867,2025-11-28,7125,1458,31,1,5,2165.51
15006,1191888,2025-08-02,5185,2107,83,1,1,30073.37
15007,1024694,2026-04-06,16672,205,7,1,4,3130.14
15008,1049090,2025-09-11,2257,48,37,1,5,2695.69
15009,1075701,2025-06-27,14827,2703,80,1,4,7799.74
15010,1168622,2026-04-15,45496,1702,85,1,5,1857.66
15011,1081360,2025-09-03,32523,1529,63,1,2,23241.94
15012,1109195,2026-03-17,8202,194,81,1,5,454.6
15013,1108575,2025-11-22,5477,1512,102,1,5,12903.45
15014,1128327,2025-12-04,47120,2417,74,1,3,815.29
15015,1117594,2025-07-31,2964,1377,76,1,1,585.62
15016,1194148,2026-04-04,23403,1850,55,1,2,1691.22
15017,1049772,2025-07-12,42230,714,71,1,1,1176.96
15018,1118545,2025-10-24,18991,1215,8,1,5,5596.43
15019,1179560,2025-11-30,27694,818,3,1,4,1314.07
15020,1191785,2026-01-29,35730,1754,67,1,5,2223.14
15021,1127700,2025-12-30,10509,883,84,1,4,895.24
15022,1051918,2025-10-01,3013,2423,86,1,2,7665.01
15023,1199733,2025-12-25,18787,2470,66,1,4,20012.38
15024,1127233,2025-10-09,42176,2872,81,1,1,21356.16
15025,1111548,2025-12-14,17987,683,116,1,1,4256.62
15026,1113832,2025-11-17,36255,1960,48,1,3,26989.97
15027,1034867,2026-04-02,21225,2767,9,1,1,1112.96
15028,1189434,2026-03-01,35802,755,35,1,5,1197.28
15029,1086956,2025-07-17,49938,2092,44,1,4,961.23
15030,1140246,2026-02-08,35945,827,61,1,1,1988.45
15031,1068480,2025-11-18,305,2893,26,1,1,6687.01
15032,1087386,2025-12-24,26306,1720,73,1,1,718.3
15033,1106384,2026-01-26,32355,1457,49,1,1,3211.85
15034,1120347,2025-11-25,31064,421,26,1,4,199.44
15035,1145323,2025-11-21,19249,2349,87,1,1,3058.34
15036,1176173,2025-09-10,28416,1320,66,1,3,150870.71
15037,1199611,2025-06-13,6692,727,79,1,2,6188.4
15038,1006360,2025-07-03,46982,1389,42,1,1,2357.83
15039,1161621,2026-03-28,7014,2971,12,1,2,36822.32
15040,1108532,2026-03-03,36613,2749,111,1,1,68323.72
15041,1179857,2026-03-11,15941,939,13,1,1,248624.32
15042,1038764,2025-11-02,40925,2468,51,1,2,275.52
15043,1154188,2025-11-15,24836,771,67,1,5,16366.66
15044,1135197,2025-05-30,39593,2398,16,1,3,23398.61
15045,1020214,2025-06-24,47162,760,87,1,3,3362.26
15046,1026115,2025-05-17,45235,623,104,1,3,9025.53
15047,1074299,2026-02-09,45039,2252,78,1,5,23032.57
15048,1063777,2026-01-17,33047,1707,41,1,4,9993.03
15049,1047003,2025-12-03,5477,523,70,1,4,5667.84
15050,1119365,2025-08-13,4190,2380,5,1,1,11517.28
15051,1094974,2025-09-07,13424,2398,20,1,2,22199.04
15052,1195168,2025-11-03,43462,2224,32,1,3,17818.11
15053,1137074,2026-02-07,14185,2866,42,1,4,1519.02
15054,1134178,2026-03-30,39302,902,99,1,3,76412.37
15055,1092592,2025-11-06,24367,2481,109,1,3,4077.33
15056,1012045,2025-05-15,26381,1217,34,1,5,1967.67
15057,1148511,2025-05-29,16948,2310,81,1,3,5638.6
15058,1145076,2026-01-14,44974,2767,42,1,1,2226.39
15059,1195800,2025-05-26,30356,236,116,1,5,1724.83
15060,1146904,2025-08-15,9741,1180,104,1,5,4157.61
15061,1096155,2025-08-16,32951,1344,83,1,3,6993.48
15062,1076072,2025-09-03,11007,2829,107,1,4,23349.23
15063,1135882,2026-02-02,34448,638,3,1,4,247.9
15064,1057103,2026-03-16,35000,2918,38,1,2,1510.91
15065,1150661,2025-06-25,25775,1603,3,1,5,3104.24
15066,1040224,2025-08-06,17181,2347,45,1,2,10349.04
15067,1024113,2025-07-31,47623,2286,106,1,3,368.44
15068,1134307,2025-06-03,33310,2819,38,1,1,6360.0
15069,1023653,2025-12-24,5391,230,109,1,2,541.17
15070,1071586,2025-08-15,10108,196,104,1,1,28883.41
15071,1177711,2025-06-26,11406,682,76,1,2,2541.78
15072,1017437,2025-07-08,3581,1531,66,1,1,57843.85
15073,1195283,2025-12-06,42623,423,29,1,2,3980.35
15074,1058796,2025-12-20,45988,342,57,1,1,219.5
15075,1065927,2025-07-21,31945,2753,88,1,4,42870.17
15076,1051237,2025-11-02,344,2223,90,1,4,607.44
15077,1007122,2025-09-07,47601,486,99,1,2,308.36
15078,1118537,2025-12-24,6604,1178,44,1,4,3174.81
15079,1017716,2026-03-04,47326,1437,58,1,5,1945.12
15080,1002126,2026-04-08,21518,142,118,1,1,583.64
15081,1040810,2025-05-25,5348,1172,76,1,5,4340.7
15082,1113538,2025-04-28,20094,1256,60,1,3,47603.48
15083,1002087,2025-07-09,13577,693,68,1,5,2311.84
15084,1179496,2025-07-01,38718,2152,118,1,1,773.09
15085,1031710,2025-11-23,7610,1178,79,1,2,3062.31
15086,1001118,2025-08-27,23142,2411,68,1,5,7280.58
15087,1089162,2025-11-25,8567,2402,12,1,2,3930.18
15088,1025607,2025-12-22,48577,584,26,1,5,605.82
15089,1143151,2025-09-12,48023,1574,61,1,1,1221.19
15090,1078500,2025-10-15,4901,993,8,1,5,1880.03
15091,1134063,2026-02-17,40264,2220,27,1,1,2173.54
15092,1192157,2025-09-02,11175,719,95,1,1,22076.5
15093,1089059,2025-05-18,37855,2494,110,1,5,71532.46
15094,1188730,2026-02-22,1402,1338,105,1,5,16179.33
15095,1182627,2025-07-01,40487,772,111,1,1,2233.89
15096,1084199,2026-01-24,27226,220,88,1,4,2743.19
15097,1155765,2025-06-01,32789,2356,40,1,5,81097.86
15098,1111579,2025-09-02,1250,2383,72,1,3,17583.24
15099,1143468,2026-03-25,45554,2525,100,1,1,101194.82
15100,1018316,2025-08-11,13878,1900,75,1,2,1054.34
15101,1153467,2026-01-18,46573,1399,98,1,3,48368.86
15102,1175979,2025-07-07,21423,1884,1,1,4,224.21
15103,1007823,2025-09-30,25602,1912,63,1,4,9569.52
15104,1151490,2025-11-10,40145,1877,107,1,5,98944.08
15105,1040942,2025-10-12,34034,840,114,1,4,8407.81
15106,1078562,2025-12-27,44131,2045,119,1,3,2666.21
15107,1028127,2026-01-06,30910,262,88,1,1,49.99
15108,1158956,2025-08-15,30010,977,117,1,3,1620.15
15109,1067764,2025-12-06,44272,345,31,1,2,1562.53
15110,1183160,2026-01-20,15017,2906,2,1,3,407.06
15111,1193274,2026-02-15,12755,883,88,1,5,1830.95
15112,1144815,2026-01-11,27984,2551,62,1,2,637.61
15113,1082942,2025-10-10,42522,2779,61,1,1,12691.07
15114,1143897,2025-12-23,12673,2251,20,1,3,10289.26
15115,1160042,2025-09-14,21103,1629,108,1,5,2980.15
15116,1059836,2025-09-22,9104,575,74,1,3,9205.75
15117,1141164,2025-11-28,22905,397,114,1,3,3065.31
15118,1025302,2025-08-23,550,1660,69,1,2,2842.37
15119,1069777,2025-10-07,8049,2884,42,1,2,1619.32
15120,1175188,2026-01-11,25932,2272,57,1,3,6271.26
15121,1129789,2026-03-10,49359,328,100,1,5,2321.24
15122,1161120,2025-11-05,15924,2132,96,1,5,15448.05
15123,1183526,2026-03-02,21564,250,119,1,1,9917.8
15124,1145595,2025-06-02,25640,2661,33,1,1,11392.41
15125,1083275,2025-07-06,32356,1886,104,1,3,5768.91
15126,1172541,2026-04-22,41787,1681,39,1,1,1821.01
15127,1094357,2025-05-31,25189,2902,84,1,1,63427.44
15128,1155106,2026-02-18,44747,2810,89,1,2,1999.81
15129,1088627,2025-11-11,21224,2724,41,1,5,21169.51
15130,1116146,2025-11-15,37959,1064,92,1,3,6101.99
15131,1183071,2025-12-26,18684,67,74,1,5,1678.45
15132,1144563,2025-09-24,7880,2734,120,1,3,12207.53
15133,1121458,2025-08-04,19062,1486,14,1,4,58.13
15134,1079549,2025-12-21,36516,296,98,1,1,296.38
15135,1142974,2025-12-18,48156,2729,31,1,1,557.37
15136,1087967,2025-09-22,37424,923,72,1,3,252.01
15137,1191533,2025-07-01,45846,2867,106,1,2,992.48
15138,1028971,2025-10-12,22298,2894,9,1,2,137823.63
15139,1031115,2026-03-04,31088,621,83,1,1,1626.89
15140,1168083,2025-08-20,47433,214,62,1,5,25210.65
15141,1039721,2025-12-04,16383,2797,74,1,1,395.39
15142,1046534,2025-07-03,39112,2789,47,1,1,7660.38
15143,1148146,2026-03-22,39091,2586,4,1,5,22852.65
15144,1144567,2026-01-12,38410,1617,18,1,1,327.57
15145,1057309,2025-06-14,40096,95,114,1,2,14031.04
15146,1007206,2025-05-13,16210,2452,63,1,2,3083.56
15147,1081091,2025-08-07,1184,2509,115,1,4,31145.52
15148,1078795,2025-06-12,46335,1344,102,1,1,3451.26
15149,1130563,2026-04-05,38711,1424,107,1,2,9394.45
15150,1012907,2025-09-05,19550,95,78,1,1,14204.75
15151,1127172,2025-09-17,31968,2010,40,1,1,8833.04
15152,1140513,2025-07-15,33608,195,14,1,4,8540.76
15153,1149943,2025-05-08,40310,2797,104,1,3,417.0
15154,1113253,2025-09-27,34401,2271,22,1,1,931.54
15155,1136873,2025-06-02,45217,1333,10,1,5,604.61
15156,1147300,2025-07-03,7644,250,9,1,2,2297.57
15157,1092078,2025-06-30,41655,1345,52,1,4,6157.03
15158,1054414,2025-07-17,17753,2845,111,1,1,3691.54
15159,1195968,2025-09-23,43493,1732,43,1,5,5605.92
15160,1120215,2026-03-26,23441,2201,42,1,5,6595.04
15161,1042435,2025-10-23,43586,1304,118,1,3,25367.35
15162,1029622,2025-12-25,41335,1013,81,1,5,3471.91
15163,1184326,2026-03-15,44707,882,44,1,1,13124.33
15164,1098308,2026-02-06,20781,418,91,1,4,1375.33
15165,1022559,2025-05-02,12313,129,112,1,4,663.74
15166,1060981,2026-03-10,26169,2536,70,1,1,2226.45
15167,1029829,2026-04-25,2888,2192,14,1,1,1081.51
15168,1021699,2026-04-13,8866,1070,78,1,3,97.61
15169,1075535,2026-03-25,14203,1327,37,1,3,778.21
15170,1124113,2025-08-11,38703,103,93,1,1,986.22
15171,1039824,2025-10-03,39014,1847,9,1,1,4737.56
15172,1194647,2025-07-03,38222,1932,102,1,1,3191.91
15173,1030362,2026-02-21,29415,1818,69,1,2,6256.83
15174,1013714,2025-09-22,46589,2927,20,1,4,17603.91
15175,1066964,2026-02-20,24814,458,72,1,2,6584.76
15176,1029423,2025-11-02,26422,2144,118,1,4,3509.27
15177,1111125,2025-10-20,18548,1047,68,1,2,1017.42
15178,1066598,2025-08-18,21839,1016,9,1,4,21793.89
15179,1055735,2025-06-24,45503,2617,44,1,3,305.29
15180,1027422,2025-05-08,36636,1084,74,1,1,31347.19
15181,1152654,2025-05-13,36744,140,26,1,5,464.36
15182,1070596,2026-04-10,27592,1004,96,1,4,1413.83
15183,1119455,2025-10-01,3794,2315,29,1,4,1772.21
15184,1102404,2025-10-01,33002,2300,88,1,2,32906.09
15185,1173166,2025-11-30,24839,1434,111,1,1,3348.23
15186,1052157,2026-02-13,14661,2430,1,1,1,858.38
15187,1042245,2025-05-19,29042,464,25,1,2,3160.62
15188,1193503,2026-01-18,10250,2887,50,1,1,57991.68
15189,1026836,2026-04-05,8048,1302,115,1,3,51451.89
15190,1144210,2025-10-14,42280,2017,117,1,1,1283.02
15191,1198911,2025-04-27,22222,838,100,1,5,1797.02
15192,1158623,2025-09-08,25876,332,56,1,5,9665.88
15193,1117335,2025-06-17,26853,2488,35,1,2,2870.48
15194,1028970,2025-11-15,20873,2139,91,1,2,7979.59
15195,1107375,2025-08-01,18048,1549,8,1,5,82075.34
15196,1009301,2026-03-22,30697,2382,84,1,3,5140.55
15197,1193073,2025-09-05,35110,976,28,1,2,8507.19
15198,1127236,2025-05-12,82,2882,118,1,2,2440.94
15199,1162454,2025-11-06,21224,2511,49,1,2,8214.02
15200,1124797,2025-10-09,15039,623,27,1,3,4738.14
15201,1022301,2025-06-14,22241,2925,68,1,4,105909.69
15202,1085887,2026-02-14,47788,62,24,1,3,16635.92
15203,1007960,2025-07-24,6194,328,44,1,2,2455.66
15204,1077680,2025-12-17,15553,1557,65,1,2,10224.03
15205,1041077,2025-12-05,12751,1757,35,1,4,5621.33
15206,1001549,2025-09-23,45608,910,52,1,2,4429.41
15207,1074756,2026-03-26,12254,1632,69,1,1,58205.39
15208,1149042,2025-11-06,42785,793,101,1,1,1891.39
15209,1006256,2025-11-16,18060,533,75,1,5,1489.81
15210,1028729,2026-01-17,17530,2037,29,1,3,11160.54
15211,1154246,2025-08-18,13397,2797,66,1,4,438.46
15212,1114122,2025-12-21,37202,310,94,1,2,4531.08
15213,1058304,2026-03-06,5219,1681,93,1,1,5299.41
15214,1099023,2026-01-02,1664,446,76,1,5,11401.19
15215,1059906,2026-03-29,45674,792,1,1,5,5803.33
15216,1100822,2026-04-09,39605,1509,110,1,2,1280.13
15217,1124162,2025-07-25,13416,1181,41,1,3,17429.96
15218,1095016,2025-12-01,8695,578,6,1,4,1584.68
15219,1063344,2026-01-23,144,1745,85,1,2,911.77
15220,1056418,2025-07-30,35475,399,45,1,3,364.23
15221,1131934,2025-07-20,22194,877,70,1,2,2000.23
15222,1053656,2025-08-23,14284,873,35,1,2,29647.78
15223,1100261,2026-01-11,26113,2870,21,1,3,2108.54
15224,1094294,2025-05-20,45157,2301,106,1,4,2424.79
15225,1057972,2025-09-17,32257,2986,48,1,3,5414.16
15226,1162559,2025-04-15,47747,1357,29,1,1,4402.02
15227,1146792,2025-08-16,45551,2029,66,1,2,851.92
15228,1079897,2025-06-02,29353,614,91,1,1,929.97
15229,1138861,2025-08-20,507,1018,109,1,4,475.24
15230,1125456,2026-01-25,27158,808,32,1,1,6430.57
15231,1168553,2025-08-17,19197,360,57,1,2,4716.97
15232,1045611,2025-12-27,26839,2024,118,1,3,3450.3
15233,1113012,2026-02-05,36874,1917,24,1,5,4575.89
15234,1045039,2026-02-24,8330,937,103,1,5,1766.89
15235,1020027,2025-09-25,2172,2448,95,1,1,1526.04
15236,1143086,2026-02-10,17865,2451,13,1,2,1012.6
15237,1132075,2025-10-18,42741,718,5,1,2,217.11
15238,1177408,2025-06-12,3201,2304,47,1,5,203.98
15239,1067311,2025-08-11,40194,671,45,1,4,1628.15
15240,1058670,2025-07-03,43825,43,11,1,5,1556.57
15241,1047966,2025-10-20,37337,2133,103,1,5,4813.12
15242,1017103,2025-08-14,35635,422,104,1,4,4796.13
15243,1059412,2026-03-22,2443,742,116,1,3,4161.39
15244,1085592,2025-10-22,38591,930,54,1,2,89225.69
15245,1017174,2025-05-14,47938,1504,114,1,1,715.38
15246,1052371,2026-01-28,22847,2522,79,1,5,10276.35
15247,1043028,2025-10-06,37206,1232,118,1,3,116127.69
15248,1161968,2025-06-06,22866,786,57,1,5,6078.59
15249,1078173,2025-09-30,10503,1630,28,1,1,53175.59
15250,1176909,2025-10-03,11415,1440,93,1,2,1265.53
15251,1006621,2026-01-10,36007,1500,87,1,2,45680.82
15252,1098351,2025-10-04,14411,2083,5,1,4,2860.57
15253,1152038,2025-05-01,47540,2900,96,1,1,919.66
15254,1168923,2026-02-01,37340,2253,103,1,2,3271.35
15255,1009230,2026-02-21,361,2290,23,1,3,23332.9
15256,1046444,2025-12-10,40279,2037,110,1,3,4953.21
15257,1047283,2025-07-13,28267,2334,86,1,2,9468.04
15258,1136475,2025-05-24,3108,2349,33,1,2,6477.75
15259,1178948,2025-06-11,40929,1229,62,1,1,423.3
15260,1008613,2025-11-10,39408,304,95,1,3,5596.96
15261,1176973,2025-04-20,37345,1554,59,1,1,17777.03
15262,1056135,2026-02-15,24986,1038,4,1,1,437.97
15263,1068416,2026-01-24,46819,2402,118,1,3,4054.15
15264,1119614,2025-11-01,13738,2101,30,1,3,923.19
15265,1128551,2026-02-02,23220,684,12,1,4,40434.86
15266,1131053,2025-11-28,8704,2818,22,1,2,28729.74
15267,1075944,2025-11-05,11729,196,17,1,2,26732.54
15268,1074257,2025-10-30,13029,750,36,1,4,5170.89
15269,1179754,2026-01-10,47043,2420,25,1,3,6533.73
15270,1028201,2026-03-11,21118,2854,33,1,4,9431.59
15271,1080150,2025-04-09,3997,363,52,1,3,1494.33
15272,1052234,2026-03-18,11983,2995,59,1,1,10108.7
15273,1160454,2026-04-09,43801,1846,97,1,1,58324.85
15274,1153524,2025-12-16,42246,267,19,1,3,520.53
15275,1184770,2026-02-22,22439,1259,33,1,3,6748.65
15276,1094809,2026-03-10,46571,543,48,1,3,14040.72
15277,1005018,2025-05-17,33798,1964,52,1,3,234.69
15278,1190500,2026-03-23,15372,283,12,1,4,6502.98
15279,1045995,2025-08-28,11400,927,8,1,1,17022.85
15280,1188888,2025-11-10,49698,1229,74,1,3,184.94
15281,1153191,2026-03-22,43597,2864,55,1,5,17199.97
15282,1075332,2025-10-28,44827,1012,77,1,1,11009.58
15283,1067652,2025-10-01,48151,891,68,1,3,1771.53
15284,1182521,2025-12-22,1541,1265,69,1,2,9934.15
15285,1095804,2026-03-27,8510,2892,44,1,2,12641.44
15286,1173936,2025-09-18,28067,337,68,1,1,232620.55
15287,1187116,2025-11-19,26013,1056,21,1,1,30221.26
15288,1077119,2025-12-17,45259,1656,63,1,5,3126.72
15289,1114654,2026-04-12,35067,388,74,1,5,100992.16
15290,1133965,2025-06-15,36409,2279,101,1,4,16036.16
15291,1000332,2025-11-27,11160,1139,16,1,4,1132.9
15292,1090200,2025-10-27,10660,658,41,1,4,3120.39
15293,1192547,2025-09-14,27440,72,36,1,3,557.04
15294,1062361,2025-06-11,49177,461,106,1,3,38731.78
15295,1055225,2025-12-16,33337,623,39,1,2,4330.44
15296,1083629,2026-04-15,43530,458,9,1,3,6489.7
15297,1189215,2025-06-24,44964,1357,6,1,2,9584.35
15298,1166466,2025-08-15,13967,2425,30,1,5,54017.87
15299,1113501,2025-09-13,49241,2458,45,1,1,54192.17
15300,1194617,2025-06-01,37285,2471,81,1,4,215.22
15301,1163747,2025-08-24,38643,1438,113,1,5,9690.07
15302,1049535,2026-04-10,28943,2281,80,1,1,799.98
15303,1161778,2025-12-13,22968,1714,57,1,4,53512.25
15304,1180375,2026-03-05,23590,2282,9,1,1,1577.9
15305,1053599,2025-10-26,31591,1691,6,1,5,1008.14
15306,1009923,2025-09-08,37813,2154,1,1,5,56986.05
15307,1004639,2025-08-16,47006,1220,58,1,4,779.03
15308,1186392,2026-02-17,27340,577,92,1,5,5934.46
15309,1186960,2025-07-18,48477,1626,37,1,5,3580.46
15310,1077035,2025-06-14,3285,1019,94,1,1,12538.41
15311,1062705,2025-06-20,7000,2057,61,1,5,5697.73
15312,1044924,2026-04-06,28793,217,117,1,2,5244.79
15313,1010578,2025-08-06,4782,321,113,1,3,279.57
15314,1147651,2025-08-27,36379,251,41,1,2,1906.06
15315,1136849,2025-10-05,20309,1497,50,1,1,532.3
15316,1197235,2025-05-04,10243,2433,3,1,3,109856.09
15317,1123738,2025-05-26,49570,774,11,1,4,254884.13
15318,1109117,2025-12-20,43618,1881,15,1,1,1004.39
15319,1048943,2025-10-22,21383,1793,81,1,2,557.84
15320,1077289,2026-03-04,15059,2602,68,1,1,1447.25
15321,1157941,2025-11-22,4602,41,50,1,4,1471.0
15322,1083682,2025-12-09,49913,1210,35,1,5,17883.04
15323,1078698,2026-01-06,36923,726,47,1,1,187.77
15324,1100681,2026-01-11,20324,1434,47,1,2,2981.82
15325,1086643,2025-05-31,14953,547,66,1,4,1108.75
15326,1186830,2025-06-11,3606,509,9,1,1,55995.36
15327,1143349,2025-09-08,10836,1651,2,1,1,1060.41
15328,1121948,2025-09-30,27587,2489,101,1,4,424.64
15329,1197185,2025-06-06,29007,1304,38,1,4,38452.83
15330,1094569,2025-05-30,44761,1049,106,1,1,6483.24
15331,1072050,2025-10-20,1484,495,23,1,2,15859.09
15332,1140757,2026-03-16,16615,961,97,1,4,2783.38
15333,1157519,2025-07-10,25913,373,86,1,4,1381.55
15334,1099977,2025-05-12,5845,2826,9,1,2,6722.93
15335,1066175,2025-04-20,49296,450,43,1,3,8120.43
15336,1106200,2025-06-16,45003,10,28,1,3,278.06
15337,1040200,2025-12-20,3563,860,69,1,5,1394.38
15338,1098835,2026-03-18,10132,430,106,1,2,81110.1
15339,1023675,2026-03-17,22127,998,120,1,3,887.61
15340,1032985,2025-12-04,8750,223,110,1,1,6149.65
15341,1016110,2026-03-07,22527,385,109,1,2,448.1
15342,1004976,2025-12-28,30681,1859,84,1,1,101345.15
15343,1187168,2026-02-28,15781,899,87,1,3,210.06
15344,1019336,2026-01-18,39467,15,101,1,5,3328.18
15345,1044259,2025-04-25,33100,627,78,1,2,7568.8
15346,1086286,2025-06-08,2021,998,100,1,2,802.22
15347,1100677,2025-10-04,24701,774,19,1,1,242090.72
15348,1094747,2026-03-10,2524,1438,16,1,1,4763.49
15349,1099462,2025-06-16,19715,813,46,1,3,365.53
15350,1165816,2025-10-20,43835,2791,18,1,3,2101.37
15351,1128594,2025-08-18,5451,2879,70,1,3,4371.72
15352,1093334,2026-03-29,18102,2334,31,1,4,5070.37
15353,1187443,2025-10-15,32700,299,119,1,1,72467.56
15354,1091035,2025-11-20,24344,1424,53,1,1,4560.25
15355,1111827,2025-08-22,3789,1036,90,1,2,7139.54
15356,1118417,2025-12-18,14062,268,56,1,5,2041.74
15357,1032112,2025-11-18,844,345,97,1,1,1706.29
15358,1122607,2025-05-13,8332,762,67,1,3,54516.65
15359,1096912,2025-11-22,15696,594,61,1,4,4750.96
15360,1134950,2026-01-10,4054,1799,56,1,5,6166.74
15361,1006839,2026-02-27,2621,1545,6,1,1,453.27
15362,1027976,2025-09-17,19457,1087,38,1,3,8407.55
15363,1181503,2026-02-13,20623,495,89,1,5,33381.11
15364,1121266,2025-10-11,34069,2321,67,1,2,1640.87
15365,1157647,2026-01-13,25035,2498,43,1,3,894.22
15366,1183511,2025-12-23,27829,2964,42,1,2,13768.73
15367,1008547,2026-01-29,18996,1414,103,1,5,1077.23
15368,1048621,2025-10-10,16003,2451,36,1,1,1081.16
15369,1181834,2025-06-20,6069,1679,51,1,3,147.71
15370,1157264,2025-07-29,7889,1346,25,1,4,6207.86
15371,1004116,2025-07-06,2716,456,62,1,3,4239.93
15372,1005447,2025-07-16,8556,1403,110,1,1,1425.16
15373,1117161,2025-04-26,18964,350,56,1,2,475.61
15374,1147911,2025-12-31,4826,505,7,1,2,868.33
15375,1096313,2025-09-21,48183,2249,22,1,4,2970.74
15376,1168668,2025-11-13,27027,78,38,1,3,4087.93
15377,1125932,2025-08-17,49435,317,56,1,5,16531.32
15378,1175032,2025-12-28,5453,1340,106,1,2,1328.75
15379,1074298,2025-07-21,9668,1761,10,1,4,405.17
15380,1195681,2025-11-23,9930,2391,3,1,4,6598.83
15381,1197275,2025-11-18,713,2312,51,1,5,85030.47
15382,1190432,2025-10-17,6489,2310,110,1,5,2998.0
15383,1177059,2025-12-04,23990,2494,99,1,3,410116.57
15384,1150187,2025-06-14,7273,812,105,1,1,1142.5
15385,1053618,2026-01-21,18581,1437,23,1,3,1807.17
15386,1166346,2025-11-29,37004,881,15,1,5,24480.53
15387,1061575,2026-02-28,48036,1671,23,1,1,3176.85
15388,1021351,2025-05-05,28455,460,51,1,2,220724.69
15389,1065344,2025-11-01,3653,491,79,1,5,115201.99
15390,1083023,2026-03-31,40462,1470,79,1,3,858.31
15391,1150877,2025-12-06,3846,453,34,1,2,21.1
15392,1022283,2025-08-05,30668,1797,18,1,1,728.8
15393,1059695,2025-10-04,421,1155,105,1,1,884.96
15394,1011105,2025-12-29,18707,1251,120,1,1,4875.27
15395,1060142,2025-11-09,48429,1512,40,1,3,13733.55
15396,1022792,2025-05-02,19847,1706,71,1,5,133050.7
15397,1134268,2025-08-16,20260,2299,97,1,4,1502.36
15398,1012681,2025-07-04,37313,1904,111,1,2,15368.05
15399,1186577,2026-03-11,522,39,49,1,4,3139.54
15400,1159771,2025-11-22,6152,2060,25,1,1,15143.56
15401,1102043,2025-08-23,44407,167,37,1,1,9726.11
15402,1176941,2025-12-03,18762,463,42,1,2,8991.64
15403,1150794,2025-05-15,35314,1015,33,1,4,4872.82
15404,1049634,2025-07-28,19423,2866,6,1,4,773.42
15405,1040295,2025-08-02,31884,1081,46,1,1,232.98
15406,1194212,2025-06-10,32915,612,80,1,2,7124.15
15407,1020382,2026-01-31,7991,851,84,1,2,7900.95
15408,1023466,2025-12-06,4816,2704,118,1,4,120648.28
15409,1049641,2025-11-21,17491,1784,30,1,3,6798.3
15410,1173321,2026-01-27,20791,1290,27,1,1,6565.5
15411,1182858,2025-12-20,37763,2145,110,1,3,16622.36
15412,1199264,2025-08-11,34559,1692,25,1,5,6504.14
15413,1041445,2026-03-10,10962,840,82,1,3,7846.15
15414,1043307,2025-07-29,26626,1116,96,1,3,6333.61
15415,1031389,2026-03-12,11579,2504,27,1,1,8031.59
15416,1096810,2026-04-22,24255,1969,49,1,3,2669.36
15417,1157131,2025-11-29,38870,1958,82,1,4,2083.67
15418,1189640,2026-02-21,22685,1706,52,1,2,181690.91
15419,1149088,2025-12-24,45620,1439,17,1,4,2247.8
15420,1151030,2025-09-25,35426,866,84,1,4,872.6
15421,1042432,2025-09-09,29387,2170,102,1,4,632.2
15422,1169957,2025-10-05,22751,1590,9,1,5,5661.22
15423,1104729,2026-01-15,8531,2205,83,1,3,39877.87
15424,1062258,2026-01-30,15390,1335,79,1,4,392.03
15425,1048314,2026-03-07,43434,1534,39,1,3,588.08
15426,1126734,2025-12-09,43782,1009,87,1,5,405.65
15427,1017055,2025-09-09,16760,1097,36,1,5,3655.75
15428,1007587,2025-10-09,3750,1030,84,1,5,6307.53
15429,1097583,2025-12-11,20708,803,2,1,2,6212.32
15430,1015190,2025-10-16,37069,476,46,1,2,87295.83
15431,1106666,2025-10-13,20429,365,49,1,2,505.2
15432,1195218,2025-06-01,39219,2271,55,1,5,865.04
15433,1090693,2025-08-13,15015,2224,18,1,5,29728.93
15434,1148128,2025-12-06,1600,2523,78,1,2,47643.58
15435,1190779,2025-10-27,40307,1456,98,1,4,1928.35
15436,1101629,2025-05-13,25388,2905,56,1,1,655.19
15437,1000682,2025-05-02,38518,2740,26,1,5,67746.78
15438,1184811,2025-10-17,15506,2876,83,1,4,561.74
15439,1100177,2025-06-09,40371,2206,2,1,3,19640.47
15440,1048302,2026-01-13,21683,249,99,1,3,15953.14
15441,1155888,2025-07-29,32919,2067,36,1,1,33677.27
15442,1038706,2025-10-05,3022,631,96,1,1,202.44
15443,1043298,2025-05-02,15105,1835,45,1,5,1278.58
15444,1146840,2026-03-12,496,2818,18,1,2,16380.62
15445,1063724,2025-09-24,36576,81,25,1,2,16773.39
15446,1014410,2025-11-21,33790,2923,66,1,3,1663.28
15447,1030322,2025-07-28,2246,1432,12,1,4,477.86
15448,1034541,2025-06-10,8818,2594,105,1,2,2520.48
15449,1033318,2026-01-17,42833,1471,115,1,5,11146.7
15450,1030908,2025-08-26,29585,353,115,1,1,2916.28
15451,1093279,2025-12-30,26957,224,104,1,2,2704.61
15452,1047406,2025-12-10,25388,1558,105,1,2,2790.05
15453,1078526,2026-02-07,5052,505,69,1,2,946.82
15454,1087504,2025-11-02,38627,405,2,1,2,39138.91
15455,1139742,2026-03-27,6038,2248,99,1,5,2512.55
15456,1156550,2025-07-11,17894,1042,37,1,4,4626.27
15457,1088378,2026-03-30,2859,1555,32,1,5,2480.26
15458,1189813,2025-04-13,7002,15,67,1,3,869.49
15459,1115702,2025-09-27,38661,2705,64,1,2,196.13
15460,1013932,2025-11-22,579,2384,37,1,3,8021.77
15461,1193405,2025-11-19,43088,1359,103,1,5,7831.25
15462,1023734,2025-10-10,42955,1784,90,1,5,7274.36
15463,1125095,2026-01-19,31450,306,115,1,2,2359.44
15464,1099319,2025-07-19,38918,522,13,1,1,13751.44
15465,1193355,2026-02-17,42534,2258,107,1,2,7655.72
15466,1194173,2025-07-08,17827,1018,62,1,4,464.47
15467,1182255,2026-02-22,1924,2019,25,1,3,37583.72
15468,1143730,2026-02-06,10292,2874,118,1,1,22568.79
15469,1194196,2025-06-28,44574,2754,30,1,1,364.73
15470,1034689,2025-11-28,15840,381,73,1,1,2023.5
15471,1198747,2025-11-09,20810,2916,64,1,1,6119.32
15472,1182079,2026-03-06,22807,1938,15,1,1,5411.63
15473,1028238,2025-09-20,14181,1414,22,1,1,1143.15
15474,1048611,2025-12-17,13161,967,107,1,4,3378.24
15475,1096124,2025-06-22,30581,1458,16,1,5,595.28
15476,1122898,2025-11-29,12386,30,99,1,3,979.71
15477,1185731,2026-04-05,45521,2391,38,1,3,3146.03
15478,1117279,2026-01-24,11193,504,102,1,3,8265.85
15479,1036231,2025-04-14,6984,1476,33,1,2,2116.65
15480,1192821,2025-12-22,28838,1314,17,1,5,47657.16
15481,1060958,2026-01-09,17861,1613,4,1,1,2680.89
15482,1051641,2026-04-11,24846,1793,77,1,2,585.92
15483,1116246,2025-06-08,37741,996,20,1,4,173160.62
15484,1095206,2025-11-10,45685,12,17,1,5,3924.77
15485,1177947,2025-05-17,43315,1273,61,1,2,583.19
15486,1045050,2025-04-26,41954,737,117,1,2,3105.85
15487,1091117,2025-07-08,41265,95,113,1,5,14731.81
15488,1039492,2025-08-04,27499,2079,61,1,2,1222.07
15489,1141448,2025-05-01,26634,2342,76,1,3,10368.14
15490,1183980,2025-08-20,4568,120,11,1,2,1377.29
15491,1176592,2026-01-26,10388,1171,19,1,3,30716.14
15492,1030757,2025-06-13,32859,2102,119,1,5,2038.73
15493,1172592,2025-10-23,36045,1928,41,1,4,701.67
15494,1057594,2025-04-28,32192,295,2,1,1,12843.19
15495,1066723,2026-04-14,48907,577,42,1,1,11256.82
15496,1050958,2026-01-03,6208,788,58,1,3,20549.15
15497,1001706,2025-08-22,14860,1672,32,1,4,2625.49
15498,1010682,2025-12-16,20691,363,14,1,5,792.58
15499,1155652,2025-10-05,29676,391,46,1,2,7227.06
15500,1073543,2025-12-15,25014,78,98,1,5,3777.07
15501,1188763,2025-12-20,41815,2189,33,1,4,576.52
15502,1084705,2025-07-16,50,43,52,1,2,1598.82
15503,1082142,2025-12-25,27378,2432,29,1,5,85.1
15504,1074137,2025-08-06,5769,1138,116,1,4,12963.38
15505,1113717,2026-04-10,41647,1591,16,1,3,212424.28
15506,1053930,2026-04-26,27007,790,37,1,1,6960.97
15507,1093491,2025-09-22,12761,1692,39,1,4,3137.76
15508,1005795,2025-12-06,18572,2258,64,1,3,35589.93
15509,1181293,2026-03-05,49476,2738,86,1,3,2593.36
15510,1049741,2025-11-12,37322,1926,68,1,3,897.03
15511,1088000,2025-12-01,1965,113,39,1,5,21924.73
15512,1046081,2026-04-07,17217,515,19,1,5,13627.8
15513,1005532,2025-10-19,30778,504,53,1,1,1696.34
15514,1027112,2026-03-10,44595,2258,105,1,1,41548.65
15515,1004636,2025-04-25,46156,2732,28,1,4,499.12
15516,1063566,2025-07-28,10699,248,20,1,4,1436.93
15517,1171663,2025-08-20,16559,381,42,1,5,1147.97
15518,1026309,2025-07-28,43001,2683,39,1,2,3848.82
15519,1148314,2025-09-19,23627,2087,13,1,4,2321.06
15520,1171198,2025-11-29,19498,653,8,1,4,63930.04
15521,1007206,2026-03-17,43230,439,34,1,2,1652.55
15522,1089869,2025-08-16,21755,417,112,1,2,358.53
15523,1151221,2025-08-29,39221,437,30,1,1,19296.36
15524,1129164,2025-10-25,5770,422,114,1,4,4538.78
15525,1016665,2025-10-25,49714,1307,102,1,3,49470.46
15526,1050725,2025-05-17,26896,2480,78,1,5,12137.09
15527,1001266,2026-02-27,939,1029,17,1,5,27.42
15528,1193952,2025-10-10,16101,1444,43,1,5,769.8
15529,1073206,2026-02-24,30603,653,35,1,2,124300.05
15530,1199964,2025-06-09,22878,2319,42,1,5,162.74
15531,1196652,2025-12-01,44859,2187,48,1,1,3213.66
15532,1173441,2025-11-20,25579,2187,38,1,4,6439.98
15533,1058831,2025-08-25,28943,2123,89,1,2,5140.74
15534,1026568,2025-09-27,9977,2713,81,1,1,186.92
15535,1159244,2025-06-09,47540,1349,4,1,2,3946.37
15536,1125990,2026-01-29,32372,2870,15,1,4,960.96
15537,1099948,2025-10-04,3878,601,14,1,3,1459.23
15538,1086647,2025-07-29,10919,1631,16,1,5,23031.6
15539,1091565,2025-05-10,9803,608,25,1,4,334.65
15540,1048801,2025-12-01,39185,747,54,1,4,438.88
15541,1023079,2025-12-05,46794,1590,78,1,5,2879.4
15542,1120425,2025-12-15,25194,144,88,1,2,49610.05
15543,1110129,2025-12-08,15488,2365,92,1,1,16490.51
15544,1084926,2026-04-16,15896,1092,85,1,1,164545.3
15545,1100115,2025-09-05,6112,72,79,1,3,569.25
15546,1028619,2025-11-11,4928,786,54,1,4,4330.86
15547,1002929,2025-05-08,11152,1067,67,1,5,3939.82
15548,1113187,2025-07-03,29592,1063,92,1,4,7789.42
15549,1155948,2025-11-01,39603,1305,53,1,5,5023.16
15550,1154512,2026-02-19,5106,748,52,1,5,2226.41
15551,1157527,2026-01-09,48702,547,48,1,5,2934.1
15552,1058936,2025-12-26,21305,2213,98,1,5,6226.28
15553,1096379,2026-03-20,20039,2469,44,1,4,3198.96
15554,1199655,2025-11-27,49813,1199,1,1,5,172958.63
15555,1071876,2026-03-14,22776,310,44,1,2,4801.28
15556,1179640,2025-05-12,19537,175,95,1,3,36655.21
15557,1071770,2026-03-17,5596,1949,114,1,2,2996.69
15558,1057554,2025-10-19,41061,624,115,1,5,1233.03
15559,1127198,2025-05-26,34299,1788,118,1,2,8061.29
15560,1183748,2026-04-13,16881,1565,32,1,2,7665.19
15561,1055686,2025-10-14,20196,520,111,1,3,787.5
15562,1057534,2025-11-13,13744,542,7,1,1,11394.61
15563,1038206,2026-01-17,11178,1185,75,1,3,7564.61
15564,1174777,2025-12-30,37190,2243,109,1,2,2426.04
15565,1144406,2025-08-29,3152,2138,77,1,3,3362.7
15566,1013286,2025-10-30,24395,2745,30,1,4,9757.16
15567,1122433,2025-09-14,6832,943,70,1,4,1522.67
15568,1192535,2026-04-04,22321,2680,52,1,5,4730.94
15569,1171336,2025-11-24,40282,2152,73,1,5,701.07
15570,1071655,2025-09-17,35227,391,12,1,3,21879.99
15571,1109610,2025-12-24,30966,1373,68,1,3,326.02
15572,1033781,2025-12-05,26367,582,45,1,5,2285.6
15573,1117255,2025-11-13,4023,2416,65,1,3,2601.71
15574,1110038,2026-04-22,29526,85,42,1,5,1874.42
15575,1168846,2025-08-02,37444,2515,25,1,2,275.86
15576,1043480,2025-06-22,48762,1816,88,1,4,207.4
15577,1029744,2026-01-21,38434,2341,74,1,1,908.31
15578,1121775,2026-03-05,49217,1772,27,1,1,59440.38
15579,1051864,2025-08-30,21860,787,27,1,1,1454.6
15580,1116560,2025-11-08,11655,201,60,1,1,69212.65
15581,1191718,2025-11-05,6788,2271,76,1,1,919.03
15582,1016922,2025-11-16,28302,694,90,1,2,18607.98
15583,1181919,2026-03-09,4393,1364,84,1,1,878.1
15584,1056026,2025-08-11,30262,5,94,1,5,63918.58
15585,1024815,2026-03-27,2954,460,77,1,5,98954.12
15586,1114857,2025-06-19,38,157,26,1,1,623.91
15587,1129242,2025-12-11,45867,1967,16,1,1,2799.94
15588,1150666,2025-12-07,48736,2618,28,1,2,39930.47
15589,1006766,2026-04-08,12355,2880,20,1,3,9028.76
15590,1113141,2026-01-05,49418,2825,79,1,1,3731.13
15591,1050107,2025-12-03,20559,1645,120,1,1,518.04
15592,1087617,2025-08-14,28527,1039,113,1,1,2822.33
15593,1073704,2025-11-13,2761,643,22,1,2,5295.75
15594,1148619,2026-01-30,44592,461,74,1,4,39854.49
15595,1064972,2025-11-10,13964,400,94,1,3,9265.98
15596,1151511,2026-03-18,25616,1526,99,1,2,18784.51
15597,1032292,2026-04-10,10488,1448,56,1,1,196.28
15598,1109383,2025-07-24,26885,1521,81,1,2,12306.65
15599,1142461,2025-06-16,7216,375,9,1,2,10246.52
15600,1194800,2025-07-24,29869,1994,56,1,2,4962.52
15601,1077150,2025-08-31,29153,2100,6,1,3,11008.3
15602,1169469,2025-09-30,19010,1702,50,1,4,3582.59
15603,1121564,2025-08-06,46664,523,107,1,5,8075.23
15604,1138847,2026-01-07,15059,565,24,1,4,866.26
15605,1184730,2026-04-07,27709,2132,64,1,4,7630.85
15606,1109991,2025-06-07,13252,2453,104,1,1,5995.4
15607,1071201,2025-06-25,25719,716,16,1,2,1121.51
15608,1060840,2025-05-12,27195,1301,115,1,2,1375.4
15609,1198642,2025-07-13,35187,831,75,1,4,4310.83
15610,1198315,2026-02-14,16729,2873,105,1,1,267.79
15611,1039920,2026-03-26,43087,2851,107,1,2,107593.13
15612,1162735,2026-01-20,24074,2218,62,1,3,2164.09
15613,1108090,2026-02-25,11601,612,8,1,5,6900.27
15614,1131154,2025-11-06,35152,438,46,1,4,1992.51
15615,1155409,2026-03-19,5671,2436,21,1,1,48144.78
15616,1163743,2025-11-08,36521,1458,16,1,5,594.5
15617,1028237,2025-09-18,24070,2466,41,1,4,1165.46
15618,1183748,2025-12-30,21714,1492,75,1,2,396.15
15619,1115879,2025-09-24,34276,819,19,1,2,720.37
15620,1087885,2025-06-20,22148,2678,28,1,4,7257.35
15621,1068606,2025-06-14,43433,2137,5,1,2,17187.63
15622,1008374,2025-10-03,23283,2734,2,1,2,32585.97
15623,1117916,2026-03-03,10609,464,101,1,2,3339.7
15624,1139931,2025-10-30,29362,2371,118,1,5,1177.15
15625,1134712,2026-02-15,4852,2767,70,1,5,4499.58
15626,1021573,2025-10-29,25656,2593,24,1,2,7797.02
15627,1126694,2025-07-25,36079,370,99,1,5,2090.39
15628,1012771,2026-02-10,29112,2666,86,1,3,1922.86
15629,1028119,2025-10-16,18312,2816,120,1,1,427.88
15630,1006875,2025-12-25,41986,1822,95,1,2,1317.89
15631,1137986,2025-11-25,6828,2259,43,1,1,30505.76
15632,1110814,2025-05-19,48014,787,1,1,4,1383.5
15633,1196149,2026-03-25,4293,2500,9,1,4,17008.53
15634,1179380,2025-08-10,2041,1802,120,1,4,1981.0
15635,1048345,2025-06-20,39465,850,103,1,3,212972.39
15636,1173503,2025-06-06,37832,981,109,1,2,34904.61
15637,1095908,2025-11-14,33535,1469,28,1,5,2307.41
15638,1158301,2025-10-14,34380,2334,75,1,5,2906.62
15639,1077490,2026-04-03,24509,111,73,1,3,1221.03
15640,1027532,2025-08-25,30430,607,28,1,3,4821.59
15641,1177771,2025-08-19,43021,1046,21,1,5,1957.36
15642,1065446,2026-02-22,31776,1721,74,1,3,681.31
15643,1179058,2026-04-03,5780,2231,61,1,4,729.51
15644,1149397,2026-03-24,38364,1426,104,1,1,96907.23
15645,1115278,2026-01-02,13527,2266,75,1,2,20208.16
15646,1037992,2025-10-08,33598,1240,25,1,4,1118.37
15647,1191814,2025-11-29,47767,285,87,1,5,399744.09
15648,1049833,2026-03-07,21417,2042,72,1,5,28386.04
15649,1045899,2026-02-21,21692,1403,100,1,2,5817.57
15650,1144957,2025-11-15,8573,1446,19,1,3,377.35
15651,1167706,2026-02-04,27259,1756,41,1,4,123032.03
15652,1032799,2026-01-16,39658,2506,36,1,2,486.7
15653,1125642,2025-08-02,42169,2321,91,1,4,3297.4
15654,1079631,2025-12-11,29816,299,16,1,5,130173.38
15655,1081399,2025-09-04,31930,2935,6,1,3,3865.72
15656,1014272,2025-09-17,21558,401,54,1,1,11912.66
15657,1062656,2025-08-15,11037,1839,68,1,5,21616.99
15658,1178710,2025-05-11,23164,1967,95,1,4,708.87
15659,1104317,2025-06-18,4532,1404,63,1,4,1122.3
15660,1147719,2025-09-27,31504,1720,59,1,1,1559.28
15661,1026070,2025-06-02,35840,1422,75,1,1,6067.97
15662,1181748,2025-07-10,16817,2228,88,1,4,3068.46
15663,1144686,2025-10-14,32139,905,58,1,1,3285.59
15664,1022592,2025-11-15,47247,2285,43,1,4,1216.6
15665,1188887,2026-02-13,31440,1792,106,1,5,633.92
15666,1176073,2025-11-25,12496,23,68,1,2,230.49
15667,1008431,2026-01-30,35764,2302,100,1,1,1157.4
15668,1169535,2025-09-28,36830,2414,65,1,2,1707.84
15669,1158626,2026-03-26,4332,1907,71,1,4,138125.4
15670,1128312,2025-11-04,24163,2179,61,1,4,97718.74
15671,1055054,2025-04-26,10856,1147,26,1,4,36.03
15672,1027280,2025-07-20,680,2612,57,1,2,36219.44
15673,1149784,2025-10-14,42592,1598,117,1,1,409336.69
15674,1146534,2025-06-04,38323,2123,91,1,2,2445.59
15675,1039156,2025-10-23,3251,536,3,1,2,455.3
15676,1160441,2025-10-05,9326,1438,40,1,5,10708.96
15677,1026194,2025-10-20,1685,1478,24,1,4,13564.62
15678,1159954,2025-06-06,43127,2138,62,1,4,3536.93
15679,1082472,2026-04-01,34792,295,71,1,3,50557.42
15680,1061283,2025-07-09,15706,406,57,1,1,121.87
15681,1078554,2025-07-08,34565,486,39,1,4,414.32
15682,1006944,2025-05-28,44397,1008,103,1,2,408.49
15683,1028789,2025-07-13,49098,2912,100,1,2,11484.76
15684,1010126,2025-12-15,44120,86,42,1,4,226.86
15685,1166515,2026-01-10,20419,2742,55,1,3,26000.39
15686,1084217,2025-06-12,47984,998,45,1,2,890.45
15687,1138816,2025-10-03,39113,1160,91,1,5,1312.89
15688,1016039,2026-01-03,8900,2595,47,1,2,65587.21
15689,1185588,2025-08-16,32804,864,37,1,4,19888.72
15690,1093072,2025-11-28,42324,2164,12,1,5,1173.71
15691,1016210,2025-09-20,9452,1807,10,1,4,33814.49
15692,1018276,2025-09-03,13554,1771,19,1,1,1816.0
15693,1082699,2025-09-23,13797,621,26,1,5,6547.87
15694,1138310,2026-03-07,47152,1215,25,1,4,6909.25
15695,1029328,2025-08-09,11674,2610,36,1,3,8680.13
15696,1035869,2025-11-20,20390,330,81,1,2,4164.81
15697,1011015,2026-01-27,6753,255,89,1,4,12752.04
15698,1041323,2025-07-13,3265,431,23,1,2,406828.01
15699,1002762,2026-04-18,40019,3,51,1,1,26749.57
15700,1026072,2025-11-28,44102,1470,5,1,5,389.92
15701,1014849,2025-09-05,25712,2558,13,1,3,98416.53
15702,1054245,2025-07-11,8442,1171,2,1,2,15357.62
15703,1104948,2025-09-06,41502,932,109,1,3,5253.21
15704,1036978,2025-09-13,29537,1644,29,1,4,1590.91
15705,1133620,2025-07-02,38971,1197,97,1,4,17527.57
15706,1170401,2025-06-25,27758,632,51,1,1,5053.83
15707,1082123,2025-11-18,6956,2247,26,1,3,102920.6
15708,1017481,2025-12-14,9171,128,21,1,4,826.13
15709,1069269,2025-08-10,42607,677,81,1,1,6810.49
15710,1044467,2025-06-21,9314,1245,62,1,4,805.05
15711,1063718,2025-12-10,16445,1772,110,1,1,59442.75
15712,1083087,2026-02-01,12453,4,38,1,2,1319.99
15713,1004031,2026-01-12,48147,1812,115,1,4,27247.52
15714,1075792,2025-05-05,16761,2636,25,1,2,12959.92
15715,1031753,2025-11-29,11831,1307,55,1,4,7260.96
15716,1056585,2025-12-25,43842,2737,1,1,4,5739.21
15717,1039785,2025-08-12,704,1313,61,1,1,2272.75
15718,1084722,2026-03-30,27795,998,27,1,1,1665.88
15719,1035270,2025-08-09,41706,141,56,1,2,133874.15
15720,1174903,2026-02-06,2389,583,49,1,2,151682.76
15721,1159912,2026-04-12,24744,1609,82,1,1,10971.52
15722,1196537,2025-12-12,8015,931,104,1,4,2420.83
15723,1183086,2025-09-13,36955,2882,12,1,4,4495.78
15724,1011703,2026-04-06,32328,670,55,1,4,4368.43
15725,1106629,2025-05-31,49446,194,67,1,1,2236.16
15726,1033421,2025-10-17,39279,1033,28,1,2,360.28
15727,1093709,2026-01-27,26391,2185,36,1,5,2901.26
15728,1141979,2025-08-02,20580,1359,86,1,5,15208.4
15729,1039536,2026-04-08,24843,1405,75,1,5,6193.77
15730,1111580,2025-11-10,2546,2138,64,1,1,2213.88
15731,1136530,2026-02-22,45699,1868,49,1,1,11914.02
15732,1070778,2025-05-12,25015,2854,114,1,2,3087.7
15733,1158639,2025-09-22,6218,609,86,1,5,2095.51
15734,1036172,2025-11-20,1142,2324,21,1,2,10940.91
15735,1160986,2025-05-09,35829,1299,69,1,3,5984.54
15736,1187562,2025-05-21,19614,2801,58,1,5,358.35
15737,1110626,2025-07-31,13583,149,28,1,3,810.26
15738,1140143,2025-06-01,22878,926,97,1,3,1787.41
15739,1067044,2025-12-28,19570,1146,103,1,2,2199.12
15740,1015042,2025-09-30,48832,620,52,1,5,18546.37
15741,1038889,2025-05-20,43364,1467,55,1,4,72.35
15742,1095990,2025-10-18,40439,2579,50,1,1,25.3
15743,1177434,2026-02-27,7020,357,22,1,3,2790.08
15744,1185946,2025-04-17,25914,647,40,1,3,5055.42
15745,1094627,2026-04-23,42817,615,19,1,2,2327.2
15746,1186569,2025-07-24,28940,1809,77,1,1,1343.03
15747,1073580,2025-08-17,22784,442,104,1,5,16360.9
15748,1129795,2025-11-18,38247,2184,24,1,2,31928.79
15749,1087648,2026-03-08,1094,1731,117,1,2,10331.07
15750,1130769,2025-04-24,26881,825,85,1,5,380077.55
15751,1135997,2025-12-08,23654,1289,87,1,5,2190.85
15752,1162269,2026-03-02,6818,2854,32,1,2,3250.95
15753,1056701,2026-02-18,39566,2467,54,1,5,22992.76
15754,1076489,2025-06-09,10057,1119,107,1,2,8835.77
15755,1121110,2026-01-29,8844,1232,11,1,4,55642.05
15756,1132019,2026-03-01,45734,2070,114,1,2,3349.16
15757,1092719,2026-02-09,2285,2703,53,1,3,41631.56
15758,1080985,2026-01-27,25216,623,115,1,1,14392.87
15759,1105985,2025-05-20,8156,1760,79,1,5,1202.65
15760,1102119,2025-05-27,13645,194,2,1,5,1276.16
15761,1012403,2025-05-13,27716,634,23,1,5,36627.87
15762,1190707,2025-09-18,18355,2688,26,1,5,538.75
15763,1108141,2025-07-01,9045,185,59,1,4,13874.04
15764,1065088,2025-05-19,47669,1780,88,1,4,10178.7
15765,1140790,2025-07-27,21787,2919,111,1,1,54809.08
15766,1148597,2026-02-04,30582,2371,97,1,4,1662.88
15767,1158621,2025-10-01,5411,2708,119,1,5,781.3
15768,1083109,2025-12-03,17509,1203,6,1,4,15129.53
15769,1065737,2025-06-05,31548,2294,87,1,5,4194.55
15770,1016825,2026-01-08,29517,2264,28,1,1,221.68
15771,1183873,2025-04-24,12576,2338,57,1,1,2608.91
15772,1077306,2026-04-12,25250,846,51,1,2,11166.78
15773,1122917,2025-07-20,18016,109,31,1,2,1864.05
15774,1178129,2026-03-22,7829,2078,35,1,5,58.67
15775,1172893,2025-05-24,9045,1205,14,1,4,43369.65
15776,1197048,2025-07-14,26782,2036,95,1,5,2373.65
15777,1147581,2025-05-29,3849,541,105,1,4,2196.29
15778,1067007,2025-12-07,26773,293,115,1,4,113230.13
15779,1056242,2025-07-09,18420,2884,77,1,5,3372.2
15780,1160419,2025-09-11,40585,2629,56,1,1,1169.37
15781,1109567,2026-04-04,11617,2580,99,1,2,21597.71
15782,1197991,2025-12-21,11870,1331,114,1,1,254.9
15783,1165731,2026-02-26,24186,2587,109,1,2,8635.36
15784,1164926,2025-07-22,13339,2185,104,1,3,1631.12
15785,1178785,2025-06-28,5253,2726,73,1,4,14359.57
15786,1117945,2025-08-02,35128,149,97,1,5,2538.94
15787,1078786,2025-08-16,30415,684,105,1,1,39839.01
15788,1119714,2026-03-26,37499,2470,111,1,1,19834.91
15789,1132270,2025-05-15,41437,37,93,1,5,262.23
15790,1133030,2025-09-05,28222,723,101,1,3,326.67
15791,1172703,2025-08-29,27789,1020,45,1,2,1625.36
15792,1110987,2026-03-13,42227,816,56,1,5,11253.74
15793,1102390,2025-12-07,14576,1395,25,1,2,7654.89
15794,1175545,2025-11-06,8183,131,28,1,4,2433.86
15795,1010063,2025-10-01,45498,1744,18,1,3,32378.22
15796,1142854,2026-02-26,33561,2084,46,1,3,1320.82
15797,1197623,2026-02-04,25907,927,17,1,2,5736.5
15798,1057428,2026-01-06,12692,29,77,1,1,14798.14
15799,1088620,2025-12-06,1039,397,15,1,5,3149.65
15800,1111024,2025-07-27,27832,1222,84,1,1,6295.97
15801,1080922,2025-05-09,25904,2226,28,1,1,28575.35
15802,1026942,2025-11-30,24989,1899,102,1,2,17996.44
15803,1155236,2025-09-13,40259,652,22,1,5,4620.41
15804,1086650,2025-06-08,10208,1576,69,1,1,6228.32
15805,1033125,2026-01-28,48488,2139,64,1,2,2065.92
15806,1051989,2025-11-07,41236,2696,71,1,3,51563.62
15807,1011711,2025-06-13,34736,1829,90,1,4,1122.07
15808,1109648,2025-08-20,990,280,90,1,4,1877.43
15809,1108654,2025-12-06,17738,1351,26,1,2,242.29
15810,1066384,2026-03-13,20444,391,104,1,3,14076.97
15811,1094432,2025-12-23,17637,2194,89,1,2,342.51
15812,1163667,2026-01-12,39468,2796,108,1,2,241180.96
15813,1044725,2025-10-02,2251,614,23,1,5,935.27
15814,1070849,2025-04-24,22601,1307,118,1,3,39289.43
15815,1175718,2025-07-04,37896,161,57,1,5,443.3
15816,1184141,2026-03-27,12834,2264,86,1,1,738.67
15817,1169633,2025-06-16,2019,2253,63,1,4,863.51
15818,1163923,2025-06-10,10641,1146,97,1,5,1312.01
15819,1172277,2025-11-12,45370,1505,78,1,2,2146.25
15820,1169181,2026-03-07,13490,404,93,1,1,1278.51
15821,1010537,2025-09-29,45099,1395,3,1,1,10968.43
15822,1109407,2025-04-26,38384,2567,35,1,2,321.0
15823,1196959,2025-12-14,27805,1054,63,1,2,63150.61
15824,1175706,2025-07-31,43519,496,52,1,3,85.23
15825,1050656,2025-05-09,17841,497,114,1,4,1496.35
15826,1150193,2025-04-29,33346,2329,39,1,3,2592.32
15827,1000411,2026-04-02,20395,360,17,1,5,3092.17
15828,1129284,2025-09-01,12194,986,47,1,3,2093.77
15829,1166083,2025-10-14,3710,686,64,1,3,2943.78
15830,1082875,2025-04-25,15862,2073,67,1,3,145924.73
15831,1121005,2025-10-05,35326,2178,1,1,4,7007.91
15832,1022935,2026-02-14,42511,2580,32,1,4,20183.39
15833,1082061,2026-01-31,44949,998,66,1,5,891.03
15834,1045403,2026-01-05,26287,2268,104,1,3,1507.49
15835,1005561,2025-09-25,24295,2662,74,1,2,1950.09
15836,1120846,2025-04-19,27937,2934,51,1,5,3677.01
15837,1176764,2025-09-16,41550,884,111,1,1,11830.73
15838,1033894,2025-05-11,4872,2774,58,1,3,282226.91
15839,1159150,2026-03-29,49866,1325,110,1,4,2476.55
15840,1088704,2026-02-01,2629,148,96,1,4,2393.53
15841,1136334,2026-04-03,16280,912,18,1,3,32291.97
15842,1000065,2025-07-18,15592,2980,108,1,5,6409.26
15843,1098744,2025-11-01,8533,1790,38,1,4,104.51
15844,1056643,2025-09-12,34356,954,46,1,5,1409.44
15845,1081855,2025-11-09,7998,2050,29,1,2,2346.46
15846,1197226,2025-10-21,34023,48,2,1,4,2891.3
15847,1048938,2025-12-08,32098,2338,108,1,4,1181.28
15848,1091320,2026-03-22,44038,2201,23,1,1,7072.94
15849,1172774,2025-07-16,37350,293,100,1,4,215420.45
15850,1091030,2025-09-10,44008,2278,41,1,2,4750.39
15851,1157438,2025-05-17,36932,2725,28,1,2,6735.58
15852,1013574,2025-07-24,35665,2582,113,1,1,40427.7
15853,1133632,2025-05-21,19581,537,46,1,1,139028.6
15854,1114788,2025-05-15,22671,1075,72,1,5,1168.02
15855,1003954,2025-11-10,31561,940,11,1,1,628.86
15856,1188550,2026-03-07,27031,661,38,1,2,1160.86
15857,1181848,2025-10-24,31976,2389,67,1,1,3045.73
15858,1037627,2026-01-25,10587,2360,86,1,1,6022.42
15859,1103397,2025-11-05,19564,1191,82,1,1,1749.94
15860,1031914,2025-10-11,31403,448,100,1,1,5467.14
15861,1170908,2025-12-16,9647,2229,68,1,1,43.25
15862,1115142,2025-12-21,44356,95,34,1,2,55266.38
15863,1017679,2026-01-26,36785,2854,115,1,4,6476.02
15864,1028350,2026-02-06,23969,2730,3,1,4,19053.85
15865,1036453,2025-10-24,12712,2184,48,1,3,32945.58
15866,1042959,2025-10-25,33012,809,69,1,5,606.29
15867,1167374,2025-11-07,2244,1624,104,1,4,5275.91
15868,1180215,2025-11-02,24417,1528,118,1,2,410.33
15869,1135682,2026-02-06,12228,1823,28,1,4,42138.15
15870,1158888,2025-12-09,12456,1218,72,1,1,973.2
15871,1076393,2025-10-12,35617,2185,5,1,3,1479.13
15872,1189141,2025-08-29,11111,1838,105,1,5,485.21
15873,1150119,2025-08-18,45993,2394,42,1,3,429.14
15874,1189691,2025-05-15,40695,476,20,1,5,83328.46
15875,1100792,2026-02-21,29532,1146,12,1,3,2643.49
15876,1031153,2025-09-13,36883,1757,23,1,4,12420.34
15877,1160264,2025-05-26,49238,2461,29,1,2,4900.06
15878,1094471,2025-04-29,37921,1395,19,1,5,3722.48
15879,1110131,2025-10-22,5406,1875,5,1,1,2484.12
15880,1041565,2026-01-08,24580,1124,92,1,3,22420.25
15881,1048514,2025-07-03,21604,2598,120,1,4,2555.24
15882,1070722,2025-07-01,35218,733,43,1,1,125.75
15883,1086092,2026-01-15,38582,613,54,1,3,219.02
15884,1044313,2025-04-24,37147,135,68,1,4,80473.81
15885,1132107,2025-05-12,39430,1302,112,1,2,17179.0
15886,1080906,2025-09-08,17829,989,42,1,3,3388.26
15887,1198788,2025-10-19,23849,2034,41,1,2,26496.41
15888,1124725,2025-08-02,31877,36,104,1,4,6461.43
15889,1096605,2025-12-27,30453,2006,84,1,4,8273.28
15890,1036665,2025-07-25,34567,1062,78,1,2,250.07
15891,1116668,2025-04-22,45571,74,13,1,2,614.23
15892,1000925,2026-01-01,28423,1790,119,1,1,24.89
15893,1020719,2026-03-13,6772,2204,65,1,3,7098.4
15894,1006727,2025-11-05,12410,2593,86,1,2,7113.94
15895,1105817,2025-06-27,45738,2164,95,1,5,1243.83
15896,1126115,2025-11-25,9733,604,7,1,3,1898.19
15897,1030089,2025-12-16,40561,2830,90,1,4,60784.87
15898,1082376,2025-10-27,41207,2428,37,1,5,47266.52
15899,1135194,2026-04-16,4370,2069,55,1,3,3460.67
15900,1061884,2025-12-02,1789,903,16,1,3,8820.62
15901,1118699,2025-09-23,47389,1655,96,1,4,26201.61
15902,1168789,2025-06-06,47858,1259,46,1,5,3163.35
15903,1000150,2025-08-15,15923,880,89,1,1,7163.57
15904,1069016,2025-11-02,48459,205,40,1,2,5691.33
15905,1145496,2025-05-05,42453,296,20,1,2,131.73
15906,1072025,2025-10-15,29209,2334,42,1,3,3277.97
15907,1136665,2025-06-24,36672,2659,112,1,1,1266.93
15908,1068709,2026-01-29,24402,119,48,1,2,17490.57
15909,1104330,2025-05-27,491,1224,89,1,4,3458.14
15910,1038938,2026-01-02,31420,2404,46,1,5,957.72
15911,1193036,2026-01-23,30702,1352,93,1,3,1557.71
15912,1107680,2026-04-03,25359,1902,67,1,2,2341.12
15913,1066056,2026-01-15,8374,1907,26,1,5,33204.65
15914,1123175,2025-08-17,23882,360,2,1,3,3070.13
15915,1173459,2025-08-13,44583,2404,34,1,2,714.82
15916,1054575,2025-11-16,32724,1924,12,1,1,13141.33
15917,1106563,2025-07-10,30642,1656,88,1,2,3340.72
15918,1119735,2025-11-04,42117,1469,100,1,4,4411.63
15919,1196746,2025-07-15,4202,1894,29,1,2,10904.11
15920,1128967,2025-12-12,42718,643,6,1,4,29339.39
15921,1037094,2025-08-16,35945,1771,101,1,1,7075.93
15922,1142979,2025-10-15,25917,2279,80,1,5,3577.36
15923,1196237,2026-01-19,27979,1116,115,1,4,5794.75
15924,1025043,2025-10-08,6004,995,42,1,5,1823.0
15925,1067606,2025-04-16,23317,2240,26,1,4,74.75
15926,1162320,2026-02-07,390,1235,73,1,4,795.4
15927,1039364,2026-04-08,39589,1643,108,1,3,650.67
15928,1024473,2026-01-29,25099,1589,78,1,5,87399.33
15929,1058937,2025-11-11,16816,1667,94,1,4,8905.58
15930,1095476,2025-06-20,14838,914,81,1,5,9039.12
15931,1116506,2025-08-04,45815,534,14,1,1,1475.51
15932,1194636,2025-05-04,20099,616,28,1,1,219.24
15933,1051450,2026-03-27,39017,1280,58,1,5,7753.45
15934,1163849,2025-11-28,40222,1376,80,1,4,5197.33
15935,1002381,2026-02-19,37580,2008,54,1,3,566.32
15936,1197746,2025-12-12,31882,150,99,1,5,2556.64
15937,1012201,2026-02-07,4656,1019,52,1,5,6184.27
15938,1159805,2025-12-10,42364,1395,113,1,2,3897.75
15939,1086074,2025-06-16,17356,1241,106,1,3,1948.76
15940,1111678,2026-04-26,12057,673,116,1,1,9546.58
15941,1075629,2025-07-22,5644,249,27,1,5,7442.37
15942,1018145,2025-11-29,49541,2156,41,1,1,8453.54
15943,1154642,2025-04-25,28935,1039,120,1,3,2658.54
15944,1049758,2025-08-05,12419,646,50,1,1,10963.56
15945,1099784,2025-05-11,6052,2809,23,1,4,8002.28
15946,1100189,2025-05-08,48003,777,8,1,4,1010.64
15947,1041570,2025-10-23,9274,35,81,1,1,6528.82
15948,1067324,2026-04-02,4376,634,94,1,3,11490.8
15949,1174773,2025-06-20,22798,1922,57,1,1,44764.2
15950,1180540,2026-02-21,4069,2474,87,1,4,748.69
15951,1165434,2025-11-16,28571,13,66,1,4,1887.7
15952,1082582,2025-06-16,16199,2711,17,1,1,1031.86
15953,1139599,2026-01-23,46104,550,40,1,4,9125.26
15954,1014274,2026-03-12,21151,2001,50,1,1,1374.79
15955,1180433,2025-10-20,23636,1012,36,1,1,11274.67
15956,1143513,2026-01-03,9518,2434,109,1,1,7389.73
15957,1183472,2026-03-07,30697,1653,85,1,1,323.51
15958,1126465,2025-12-24,37867,1708,120,1,3,5723.96
15959,1085769,2026-04-07,10556,1316,70,1,1,457.27
15960,1006670,2025-12-24,45959,820,49,1,3,69708.87
15961,1118407,2025-11-03,41422,1102,42,1,5,74089.24
15962,1006593,2025-07-30,7147,1133,96,1,2,12230.74
15963,1123254,2025-08-03,48500,898,71,1,2,8890.98
15964,1188940,2025-12-23,20672,760,37,1,5,12428.96
15965,1155750,2025-11-29,30468,2949,67,1,3,563.87
15966,1086606,2025-08-15,17556,392,28,1,3,5194.32
15967,1178062,2025-09-12,30725,1151,111,1,1,9384.66
15968,1056082,2025-10-06,8608,1307,15,1,5,16695.74
15969,1042865,2026-03-12,1887,2874,69,1,4,15339.4
15970,1037746,2026-01-22,23199,429,15,1,3,20680.71
15971,1085781,2025-12-09,14691,2484,74,1,2,39871.77
15972,1058625,2026-01-05,525,2319,68,1,4,79.26
15973,1134575,2025-11-08,41045,1206,118,1,2,1959.4
15974,1118555,2026-01-09,46328,2208,39,1,4,60814.41
15975,1106923,2026-03-11,35204,574,36,1,4,4072.07
15976,1170071,2025-09-20,9535,2882,41,1,5,4491.23
15977,1115549,2026-02-15,35640,80,107,1,3,1151.67
15978,1134145,2025-09-07,31503,384,85,1,1,55332.64
15979,1126948,2025-10-21,7785,2552,66,1,1,20456.21
15980,1196998,2026-03-02,28913,558,84,1,4,382.13
15981,1121642,2026-01-24,3631,1308,73,1,4,64202.28
15982,1126449,2025-12-12,33019,2910,40,1,4,21934.51
15983,1189880,2025-12-05,42607,1753,52,1,2,778.38
15984,1023149,2025-09-14,49110,635,68,1,2,10070.6
15985,1043686,2025-08-23,3438,2070,108,1,1,859.24
15986,1164983,2025-11-23,47968,877,104,1,1,10157.45
15987,1169221,2026-02-08,40037,2246,90,1,3,7351.97
15988,1088111,2025-07-31,38335,2583,81,1,4,915.3
15989,1038790,2026-03-06,5195,1960,49,1,1,29052.41
15990,1105660,2025-11-14,25641,1764,79,1,1,7595.4
15991,1068707,2025-09-26,39565,512,20,1,3,17179.08
15992,1102952,2026-03-22,9437,2106,106,1,2,25984.31
15993,1147545,2025-11-27,17860,484,111,1,4,37243.44
15994,1008658,2025-10-26,25766,1534,9,1,2,1181.75
15995,1139708,2026-02-27,45062,1395,103,1,5,7513.94
15996,1098347,2026-02-04,40497,1087,64,1,5,7707.01
15997,1119869,2025-11-06,15957,2124,80,1,2,13392.22
15998,1013952,2026-02-26,43523,1165,70,1,1,436.8
15999,1121199,2026-01-03,47924,1809,70,1,5,2506.37
16000,1063551,2025-07-06,1232,2299,103,1,2,4722.69
16001,1008119,2025-12-24,46242,2238,23,1,3,1286.99
16002,1048309,2025-07-30,42029,2066,96,1,3,23975.2
16003,1135168,2025-06-14,16098,760,114,1,3,3048.71
16004,1122962,2025-05-14,44192,2473,108,1,3,687.6
16005,1084488,2025-07-03,9948,824,46,1,5,413.47
16006,1086319,2025-11-10,36248,1136,114,1,3,2918.54
16007,1154110,2025-09-26,5418,869,11,1,4,866.46
16008,1113701,2025-08-19,16992,792,85,1,1,2993.35
16009,1114693,2025-12-02,32006,1968,50,1,5,784.7
16010,1140992,2026-02-18,63,550,71,1,2,8717.83
16011,1121444,2026-02-27,13622,2402,99,1,4,22784.54
16012,1107321,2025-08-18,38741,1333,91,1,4,218.51
16013,1016129,2025-09-05,46074,802,10,1,5,740.05
16014,1025492,2025-12-19,42811,1084,35,1,2,9305.24
16015,1023945,2025-12-21,34409,2237,68,1,1,244.71
16016,1087892,2025-07-22,1702,247,6,1,1,330.34
16017,1019737,2025-10-23,39228,750,79,1,5,2758.9
16018,1139759,2025-05-26,38736,2606,69,1,1,81219.11
16019,1180099,2025-06-11,49009,2765,61,1,2,147.98
16020,1052055,2025-05-05,17915,1367,66,1,4,28200.07
16021,1127517,2026-03-10,27332,117,37,1,4,3372.97
16022,1074953,2025-04-14,44916,736,54,1,2,720.25
16023,1010297,2025-12-20,35687,1623,66,1,1,4824.81
16024,1175075,2025-11-12,26950,2611,73,1,3,30078.91
16025,1063794,2025-10-04,45117,2497,15,1,3,17231.9
16026,1176295,2025-10-12,23835,1645,106,1,3,254.65
16027,1134573,2025-11-02,23605,1776,92,1,2,7715.37
16028,1185554,2025-12-12,28287,1247,90,1,2,9189.58
16029,1035230,2026-04-02,47608,1349,104,1,2,8458.93
16030,1117091,2025-11-29,29204,1506,75,1,1,11139.14
16031,1113637,2025-09-28,9886,823,64,1,5,634.68
16032,1032287,2025-11-03,28518,2620,72,1,4,17851.55
16033,1065892,2025-12-26,37556,2867,111,1,1,876.0
16034,1088239,2025-08-27,33386,2836,60,1,2,284.32
16035,1189135,2025-08-30,15024,1522,9,1,1,27270.35
16036,1171739,2026-02-09,30017,1404,40,1,4,1120.75
16037,1060227,2026-01-25,42690,1396,69,1,1,25277.65
16038,1120556,2025-08-10,7095,2690,80,1,5,4030.15
16039,1152417,2025-05-15,34159,804,20,1,1,4791.22
16040,1153370,2025-12-27,21932,369,106,1,2,233.91
16041,1055337,2026-02-19,16047,2039,86,1,1,33011.08
16042,1070271,2026-03-14,22690,143,25,1,1,16421.95
16043,1178095,2025-09-24,34658,442,58,1,4,17134.48
16044,1119381,2025-06-20,37534,78,1,1,3,4097.33
16045,1171426,2025-10-03,40696,775,59,1,4,13132.18
16046,1135537,2025-10-24,31138,2653,118,1,5,1854.08
16047,1107415,2025-12-18,14729,1385,113,1,5,87207.74
16048,1005634,2025-05-23,18369,2810,108,1,5,1058.49
16049,1117880,2025-11-23,33288,748,106,1,4,4285.02
16050,1158816,2026-03-29,24014,2285,109,1,4,1300.78
16051,1172527,2025-05-11,8624,990,99,1,4,2845.21
16052,1168755,2026-03-05,39953,1244,106,1,4,12896.73
16053,1188964,2025-04-29,48362,1998,83,1,4,6649.82
16054,1115577,2025-06-10,23733,1878,49,1,4,1011.95
16055,1154127,2025-05-18,30271,2856,11,1,1,184.34
16056,1088088,2025-04-15,29879,2324,2,1,2,20832.89
16057,1067837,2025-12-10,45183,1842,114,1,2,1872.75
16058,1010258,2026-01-18,21313,332,12,1,2,9158.06
16059,1078591,2026-03-22,24275,2999,63,1,3,892.24
16060,1109321,2025-12-20,23341,2576,37,1,2,2436.47
16061,1111473,2025-11-17,23609,671,98,1,5,3338.27
16062,1121484,2025-10-25,18618,2998,57,1,4,3767.88
16063,1196336,2026-03-19,13787,2081,23,1,4,892.19
16064,1054894,2025-10-29,32414,1821,12,1,1,2484.71
16065,1098510,2025-06-21,1630,2602,115,1,2,2717.54
16066,1177582,2025-04-28,12956,355,29,1,3,5447.36
16067,1060410,2026-04-16,49147,675,42,1,2,155.75
16068,1108554,2025-12-05,199,1166,32,1,3,2700.76
16069,1095317,2025-05-14,37160,1980,91,1,1,565.57
16070,1002843,2025-08-22,35982,687,2,1,5,11578.27
16071,1144442,2026-03-18,16983,2366,120,1,4,1297.38
16072,1150774,2025-11-06,39882,1791,118,1,5,2173.34
16073,1171332,2026-02-09,11170,1848,75,1,4,14682.85
16074,1095203,2025-08-08,41223,1797,94,1,3,716.6
16075,1046442,2025-07-31,42719,800,21,1,5,7015.88
16076,1002055,2025-12-25,45753,1537,94,1,2,11455.63
16077,1081457,2025-12-14,1041,955,29,1,3,858.09
16078,1126946,2025-12-16,16355,188,32,1,3,23233.44
16079,1054283,2025-05-07,1167,2609,29,1,1,3065.05
16080,1083809,2025-07-15,117,125,73,1,3,44725.44
16081,1147365,2026-01-13,19887,446,67,1,1,17364.66
16082,1047081,2026-04-25,15370,253,117,1,2,14272.51
16083,1105032,2025-05-21,25048,828,27,1,5,615.88
16084,1027263,2025-12-13,38204,1296,39,1,5,28128.67
16085,1020457,2025-09-06,40744,2996,81,1,3,48620.16
16086,1084124,2025-07-08,23710,2268,37,1,3,829.37
16087,1087168,2025-05-30,21180,2946,91,1,1,15024.31
16088,1072185,2026-03-21,45575,986,100,1,2,7592.63
16089,1039367,2025-05-02,20422,1862,20,1,2,488.45
16090,1187537,2026-01-01,1328,1594,102,1,2,42608.66
16091,1152727,2025-10-14,6629,1943,14,1,4,417.36
16092,1149551,2025-09-25,44325,1460,59,1,2,682.73
16093,1025403,2025-10-12,28119,169,108,1,4,7142.8
16094,1004511,2025-12-29,16415,2699,82,1,1,5688.17
16095,1181475,2025-08-07,5269,2935,103,1,1,2735.02
16096,1092641,2025-04-18,22196,2787,83,1,3,234444.18
16097,1055226,2026-03-26,40183,2754,83,1,3,684.34
16098,1030805,2025-05-31,9415,1518,52,1,1,640.68
16099,1057946,2025-07-20,22108,2204,60,1,1,14956.58
16100,1173093,2026-02-16,37947,591,55,1,2,664.38
16101,1095664,2025-10-02,46106,1259,24,1,5,6349.53
16102,1042312,2026-02-14,8369,1712,106,1,5,7216.59
16103,1147377,2026-01-17,40802,221,32,1,5,3246.11
16104,1173100,2025-05-12,45668,379,18,1,1,2187.38
16105,1121708,2025-09-29,41695,1258,71,1,3,1183.0
16106,1123271,2025-07-26,9144,119,49,1,4,52532.59
16107,1066619,2026-04-18,12639,1614,83,1,5,2747.34
16108,1185030,2025-12-30,43173,772,98,1,3,2393.98
16109,1140383,2025-09-07,15411,749,46,1,2,5659.8
16110,1141965,2025-08-29,1162,14,115,1,4,3312.64
16111,1086217,2025-05-15,25055,2725,34,1,4,33121.09
16112,1051912,2025-11-11,37036,712,82,1,4,5159.77
16113,1131781,2025-08-28,24989,798,99,1,2,748.44
16114,1022033,2025-08-15,45726,1459,89,1,5,447.04
16115,1122828,2026-03-08,13912,1429,10,1,3,362.67
16116,1096286,2025-09-15,46903,1057,91,1,1,20024.75
16117,1032776,2025-06-06,48502,1850,4,1,1,1636.73
16118,1009486,2026-01-26,46598,15,120,1,5,872.27
16119,1049596,2025-09-06,8606,971,91,1,4,1368.86
16120,1124461,2025-11-29,38987,783,3,1,1,27381.6
16121,1034055,2026-01-14,5108,2978,87,1,4,2491.21
16122,1141101,2025-07-02,20592,2251,66,1,3,10905.67
16123,1061939,2025-10-31,42645,321,70,1,3,264.16
16124,1003447,2025-09-16,13832,185,104,1,3,14105.44
16125,1060043,2025-12-11,19947,2083,59,1,1,1683.77
16126,1135806,2026-02-16,1394,1947,33,1,3,2253.08
16127,1021338,2026-02-16,20304,893,101,1,3,7244.22
16128,1068544,2025-10-03,16320,1878,66,1,2,3109.81
16129,1089243,2025-09-16,41306,218,8,1,5,3484.44
16130,1184540,2025-11-04,22063,2999,65,1,3,385.05
16131,1005069,2025-11-14,11897,1827,95,1,1,32580.8
16132,1056473,2025-09-28,22064,496,18,1,4,92.24
16133,1101432,2026-04-13,45962,169,108,1,1,7353.0
16134,1116784,2025-10-26,29362,2591,96,1,1,16209.47
16135,1076399,2025-09-01,48606,2075,79,1,5,2806.65
16136,1164762,2026-04-12,144,281,70,1,2,129273.93
16137,1108105,2025-06-04,13841,2491,111,1,3,1798.47
16138,1055448,2025-05-12,37541,1961,67,1,3,306339.59
16139,1050300,2025-08-05,21040,2522,108,1,5,10213.12
16140,1192412,2025-04-30,2038,1909,10,1,4,8050.46
16141,1080181,2025-05-25,21886,1168,26,1,5,3017.01
16142,1146123,2026-01-06,15889,612,111,1,2,7071.1
16143,1180550,2025-12-09,6545,258,104,1,5,6147.43
16144,1177577,2025-09-13,2389,2893,75,1,1,20366.67
16145,1145596,2025-12-02,18143,1960,58,1,3,13058.27
16146,1081087,2026-01-22,37799,1898,103,1,4,419.61
16147,1053085,2026-03-21,8928,2409,29,1,1,8054.69
16148,1155609,2026-01-13,39285,2742,113,1,5,52529.15
16149,1036547,2025-11-07,10021,261,24,1,1,9363.65
16150,1035947,2025-08-27,19358,354,17,1,4,1846.99
16151,1032919,2026-01-16,17088,2462,52,1,4,13529.52
16152,1193979,2025-10-22,38666,1593,30,1,1,3637.46
16153,1195223,2025-08-24,47293,1464,49,1,4,362.54
16154,1099885,2025-04-30,32181,228,106,1,5,27685.37
16155,1023381,2026-02-18,26237,572,102,1,4,5755.32
16156,1149895,2026-01-26,32104,144,69,1,3,98123.76
16157,1002238,2026-01-21,6136,1743,97,1,3,141.94
16158,1169939,2025-09-12,37011,1104,106,1,4,210.8
16159,1135276,2025-10-26,40574,638,105,1,4,641.2
16160,1060543,2025-05-07,19220,1218,5,1,5,2087.51
16161,1105839,2025-07-31,23867,854,23,1,3,637.97
16162,1189673,2025-06-18,6258,2605,107,1,5,5035.51
16163,1086807,2025-11-08,46932,2152,32,1,1,2319.08
16164,1103333,2026-01-05,20615,1757,93,1,4,11377.63
16165,1068725,2025-07-07,17871,2798,112,1,4,859.25
16166,1094389,2025-08-13,34760,2652,65,1,2,67395.95
16167,1045998,2025-06-06,38305,787,111,1,2,1406.43
16168,1049199,2026-03-16,40205,1316,48,1,4,859.06
16169,1195475,2025-07-17,23681,1129,61,1,4,524.29
16170,1084692,2025-12-01,38660,655,81,1,2,4162.94
16171,1185390,2025-09-14,13675,274,16,1,4,119.25
16172,1024228,2025-06-05,33475,2590,83,1,2,182167.6
16173,1070403,2025-06-15,43508,509,81,1,2,114569.63
16174,1130886,2025-10-01,31424,2461,85,1,4,4964.12
16175,1192306,2025-06-08,9314,2328,84,1,3,12567.23
16176,1100650,2026-02-20,18893,2609,118,1,4,1478.38
16177,1042210,2025-05-03,43262,930,10,1,1,502005.19
16178,1043932,2025-11-01,1388,726,65,1,2,660.48
16179,1083096,2026-02-26,28946,1364,85,1,2,295.53
16180,1052081,2025-08-20,23321,2545,111,1,1,10521.72
16181,1054449,2025-07-24,6561,48,35,1,5,2751.67
16182,1082955,2025-10-08,3305,840,108,1,4,16716.99
16183,1056218,2025-10-05,1661,809,15,1,3,354.31
16184,1123506,2025-10-18,10932,2,85,1,2,271.16
16185,1166129,2026-01-16,42146,1262,89,1,4,1519.08
16186,1131016,2025-06-03,27575,2635,23,1,3,10638.61
16187,1019348,2025-10-09,34838,2847,61,1,3,6624.58
16188,1172583,2025-06-14,44801,2861,79,1,4,862.45
16189,1139822,2025-04-22,25059,954,69,1,5,4633.27
16190,1132397,2025-04-25,41729,364,50,1,3,172.7
16191,1066999,2025-09-29,31160,2780,31,1,3,364.88
16192,1037255,2025-09-10,26674,2893,64,1,5,6761.05
16193,1081339,2025-12-19,13316,2883,12,1,5,3926.12
16194,1052393,2026-02-13,17418,1868,91,1,4,68669.07
16195,1127885,2025-11-17,13965,621,37,1,4,6139.14
16196,1116968,2025-04-16,41523,1531,38,1,5,15961.72
16197,1059386,2025-08-22,25236,2255,102,1,1,1550.25
16198,1014554,2025-07-10,43841,1906,69,1,3,1468.93
16199,1194590,2025-08-19,12564,502,61,1,5,4274.09
16200,1061423,2025-12-03,25241,1674,76,1,4,9611.9
16201,1151146,2025-12-10,29945,1742,11,1,5,3476.78
16202,1050878,2025-10-09,11498,1618,52,1,2,1463.22
16203,1167458,2025-05-22,21120,2587,97,1,1,28075.41
16204,1135031,2025-07-02,35019,2002,11,1,3,9561.82
16205,1085261,2025-07-05,24990,1842,49,1,4,1576.26
16206,1168908,2026-04-18,10640,268,93,1,5,2344.51
16207,1000423,2025-07-19,12212,1394,24,1,1,17329.89
16208,1035377,2025-11-17,14712,2218,8,1,3,1067.46
16209,1199999,2025-08-28,3407,131,3,1,2,2611.98
16210,1046116,2026-01-17,24923,267,22,1,2,484.74
16211,1039637,2025-10-29,18042,2249,90,1,1,3045.83
16212,1116431,2025-10-26,24419,731,20,1,5,256.37
16213,1106551,2025-09-12,10852,954,25,1,3,4375.3
16214,1118696,2025-12-02,47939,204,33,1,3,445.87
16215,1074683,2025-12-11,11515,2546,93,1,2,3506.85
16216,1050352,2025-08-16,8682,378,55,1,3,75150.46
16217,1113760,2025-11-21,9102,1732,58,1,1,5726.08
16218,1198985,2026-03-14,28282,2324,55,1,4,10710.1
16219,1021983,2025-09-20,17012,686,3,1,4,2996.12
16220,1004906,2025-11-27,10254,2638,7,1,5,11937.4
16221,1167628,2026-03-04,16162,608,75,1,3,1017.73
16222,1170610,2025-09-22,4907,1030,47,1,2,3423.88
16223,1125908,2026-03-15,10089,398,77,1,3,942.77
16224,1100728,2025-11-04,5727,1901,60,1,2,1331.25
16225,1114995,2025-08-28,37871,2630,22,1,2,1304.15
16226,1159356,2026-01-25,30071,474,73,1,1,7049.28
16227,1198662,2026-02-15,8054,2600,56,1,4,383.46
16228,1001552,2025-08-05,4847,986,87,1,5,3989.15
16229,1177148,2025-09-01,32852,1731,44,1,4,11142.68
16230,1178402,2025-06-27,1098,1050,27,1,2,4057.74
16231,1139008,2025-08-06,19248,833,103,1,1,211369.85
16232,1164142,2025-10-28,48430,938,43,1,2,98495.02
16233,1101892,2026-02-13,12698,1752,77,1,4,1075.1
16234,1159636,2025-08-18,31924,1315,84,1,1,1157.34
16235,1056648,2025-08-25,39134,1476,29,1,5,2087.75
16236,1032345,2026-03-29,30952,2381,92,1,3,572.13
16237,1099199,2025-07-11,16152,2596,93,1,2,10334.34
16238,1076663,2026-01-10,899,1377,113,1,2,1651.34
16239,1164619,2026-01-12,35397,1610,7,1,4,5156.4
16240,1106564,2025-10-06,8371,690,90,1,3,11701.34
16241,1025883,2025-05-03,28723,741,50,1,5,20498.18
16242,1030737,2025-05-16,8350,2085,47,1,2,3798.97
16243,1060287,2025-07-08,20545,1278,81,1,4,1329.02
16244,1170078,2025-11-17,36839,1748,46,1,5,1609.32
16245,1018938,2026-03-23,40507,2523,78,1,3,53190.26
16246,1015964,2025-10-21,30832,1608,74,1,4,15375.79
16247,1061676,2025-04-26,48988,2262,57,1,5,1310.04
16248,1089459,2025-07-27,21057,1345,48,1,4,12965.74
16249,1064629,2025-09-18,6046,2929,5,1,4,5421.5
16250,1082902,2025-10-16,36048,1015,79,1,3,9698.22
16251,1000985,2026-02-18,29884,980,37,1,1,560.96
16252,1157120,2025-11-09,5784,2427,41,1,2,1678.46
16253,1058720,2025-08-11,38913,637,73,1,3,2250.17
16254,1173391,2025-09-09,15339,2470,53,1,3,39679.97
16255,1070001,2025-12-09,16118,1737,96,1,1,509.77
16256,1105419,2025-07-12,1336,1252,28,1,5,1233.17
16257,1186563,2025-12-27,9766,2895,13,1,2,4393.84
16258,1108044,2025-09-21,33804,2874,109,1,3,7643.9
16259,1063935,2025-06-11,19873,2791,35,1,2,2299.31
16260,1091316,2026-03-04,6448,461,64,1,2,41017.64
16261,1021414,2025-10-10,21739,730,39,1,1,3314.91
16262,1073870,2025-10-11,24978,2851,3,1,4,534556.47
16263,1184393,2025-07-02,29165,2849,88,1,4,112.85
16264,1147378,2026-03-04,2288,2200,106,1,2,13245.13
16265,1032969,2025-10-31,39857,884,89,1,1,3735.89
16266,1031712,2026-03-31,4819,768,78,1,4,8111.36
16267,1064549,2026-03-29,45961,658,114,1,5,7381.38
16268,1176725,2026-01-09,41710,299,5,1,4,68442.42
16269,1007025,2025-11-17,46398,1832,112,1,5,11061.47
16270,1189757,2025-06-19,31384,2494,98,1,1,71724.98
16271,1102434,2026-03-12,3622,1230,106,1,2,52516.54
16272,1015232,2025-11-03,33704,120,97,1,3,7488.33
16273,1126069,2025-07-20,35095,2511,16,1,3,4089.69
16274,1074568,2025-08-03,24657,173,32,1,1,5711.47
16275,1040235,2025-09-04,44090,646,60,1,1,2048.62
16276,1097950,2025-06-14,2746,474,50,1,5,2293.32
16277,1017849,2025-11-13,24136,2326,86,1,5,3214.95
16278,1097935,2025-11-19,20365,100,117,1,2,461.53
16279,1186537,2025-09-08,49924,2934,56,1,2,3669.03
16280,1028670,2025-06-08,49866,98,48,1,3,3064.17
16281,1088028,2025-11-11,36086,699,2,1,1,13748.03
16282,1124278,2026-02-08,32443,686,34,1,3,3150.16
16283,1095991,2025-08-18,33721,316,113,1,4,2402.23
16284,1165560,2025-07-14,29900,1409,38,1,4,59357.69
16285,1037582,2025-05-30,47943,78,106,1,3,1970.41
16286,1171825,2025-11-05,46744,2024,5,1,1,10320.55
16287,1151793,2025-06-19,15940,2621,119,1,5,33882.76
16288,1145515,2025-07-22,44400,2770,111,1,4,22700.57
16289,1127298,2025-07-02,13196,15,77,1,1,803.74
16290,1061470,2025-12-25,26728,2897,33,1,4,193.91
16291,1043637,2025-09-04,49985,903,96,1,5,8904.4
16292,1095041,2025-11-25,19878,2919,84,1,5,200592.22
16293,1039135,2025-10-30,7388,1916,47,1,1,2265.13
16294,1079083,2025-12-18,7485,1390,8,1,2,28962.28
16295,1144157,2025-04-27,4473,2327,35,1,4,14684.05
16296,1096056,2025-10-13,16462,381,63,1,1,2137.02
16297,1172249,2026-02-15,1305,17,97,1,2,3079.26
16298,1079381,2026-03-31,17087,271,7,1,5,147971.8
16299,1109973,2025-10-27,2587,2467,30,1,2,7435.64
16300,1082592,2026-02-25,24911,1524,103,1,2,5590.72
16301,1116566,2026-01-12,12186,2672,119,1,2,1192.37
16302,1129676,2025-10-13,6091,602,94,1,5,11844.52
16303,1155817,2025-12-12,13461,1116,100,1,5,11793.01
16304,1054724,2025-06-20,14740,57,103,1,5,745.86
16305,1117442,2025-11-30,12510,2226,32,1,5,12259.29
16306,1150812,2026-04-07,42292,1038,112,1,2,458.04
16307,1004539,2025-07-20,34300,1079,53,1,3,105370.85
16308,1156009,2026-03-24,4266,357,37,1,4,2870.69
16309,1139966,2025-09-10,34894,2901,80,1,1,14689.21
16310,1039959,2026-01-10,40078,337,77,1,4,352039.92
16311,1008792,2025-04-14,17815,1028,110,1,2,24352.28
16312,1073310,2025-04-25,9330,29,96,1,1,7014.25
16313,1016717,2025-10-01,11580,1818,24,1,1,8934.9
16314,1073353,2026-03-07,8488,2524,41,1,5,3860.45
16315,1047829,2026-04-12,11571,2002,17,1,1,9730.9
16316,1071999,2026-04-03,26344,723,38,1,5,589.58
16317,1049476,2026-01-03,13087,254,83,1,1,43726.56
16318,1062676,2025-09-16,6252,459,43,1,3,468.06
16319,1190368,2025-06-03,34824,1177,90,1,1,604188.89
16320,1010838,2025-08-15,49984,2953,90,1,5,20680.77
16321,1148905,2025-11-17,22953,1037,68,1,1,40983.45
16322,1095334,2026-02-19,21068,218,117,1,3,672.21
16323,1136851,2026-04-11,40575,2646,92,1,2,1039.14
16324,1006200,2026-01-03,7053,1322,116,1,5,1195.42
16325,1061077,2026-03-07,10025,279,101,1,5,1144.92
16326,1101309,2026-01-22,18300,1917,55,1,4,1594.72
16327,1081415,2025-08-01,46763,460,27,1,2,50838.29
16328,1185140,2025-11-22,4869,1090,13,1,3,4389.15
16329,1028097,2025-08-08,22885,38,13,1,4,1819.57
16330,1065318,2025-04-26,44946,210,49,1,1,81279.85
16331,1004187,2026-03-04,24476,2911,6,1,5,11949.56
16332,1148756,2025-09-22,27008,2355,61,1,5,22187.95
16333,1057533,2025-10-16,15340,2403,49,1,1,31238.82
16334,1087166,2025-08-31,46318,2802,94,1,5,2528.55
16335,1042985,2025-08-11,14727,773,42,1,4,597.38
16336,1101331,2025-11-22,8802,1454,87,1,3,4905.45
16337,1107179,2025-10-22,44843,204,96,1,5,422.7
16338,1044488,2025-08-16,17610,2485,42,1,2,1120.24
16339,1052344,2025-11-20,5105,2125,6,1,5,9766.08
16340,1182588,2025-08-28,37725,1282,81,1,2,52935.53
16341,1192156,2026-02-03,43457,1741,31,1,2,5723.13
16342,1037677,2025-05-01,48867,759,29,1,2,137008.47
16343,1022391,2025-05-10,19614,1614,107,1,2,8237.64
16344,1048287,2026-01-01,15760,673,16,1,2,9687.57
16345,1173512,2026-03-10,35702,687,59,1,1,2003.94
16346,1083954,2025-08-16,10260,927,113,1,5,5299.25
16347,1160876,2025-04-28,43966,1034,1,1,4,582.26
16348,1125458,2026-02-15,32169,2172,42,1,5,6073.56
16349,1114211,2025-12-07,37069,1180,82,1,5,8302.95
16350,1111222,2025-12-12,28552,489,102,1,5,9024.99
16351,1173506,2025-11-23,25552,2040,20,1,3,14525.87
16352,1072031,2025-07-10,12683,1568,78,1,1,1774.14
16353,1022438,2025-07-14,40987,2151,36,1,5,11212.06
16354,1005514,2026-02-03,23820,2824,31,1,5,1277.12
16355,1155765,2025-08-19,37762,2483,15,1,5,136.71
16356,1121250,2025-07-15,3,1964,85,1,3,115.19
16357,1014328,2025-12-03,44955,1864,34,1,2,1079.56
16358,1149352,2025-10-18,1386,2744,71,1,4,715.65
16359,1077613,2025-11-16,39051,726,102,1,3,162.69
16360,1099976,2026-02-17,8793,1977,56,1,5,828.54
16361,1009334,2026-02-07,49971,167,45,1,3,10774.55
16362,1176221,2025-12-17,18186,728,81,1,2,25988.72
16363,1199893,2026-02-20,31284,1179,68,1,4,1463.36
16364,1184596,2026-02-07,17579,607,26,1,5,19419.65
16365,1057409,2025-09-13,27968,746,115,1,3,1231.82
16366,1144363,2026-03-21,49471,1510,64,1,1,2170.59
16367,1047016,2025-11-20,41563,1711,114,1,5,1471.76
16368,1192219,2025-11-23,33464,2888,117,1,2,201172.0
16369,1072122,2025-11-29,23901,497,44,1,5,1518.9
16370,1174836,2025-06-18,39438,794,9,1,1,57907.76
16371,1056222,2025-09-21,839,21,18,1,2,2132.04
16372,1073294,2025-06-28,18323,2958,93,1,3,93591.92
16373,1004131,2025-12-06,21279,557,6,1,4,3393.95
16374,1176633,2025-11-17,10440,2463,30,1,5,1076.97
16375,1172298,2026-02-17,5961,2006,108,1,2,15408.03
16376,1029753,2025-10-04,44397,181,100,1,2,82635.63
16377,1099008,2025-07-20,21174,951,55,1,4,28561.93
16378,1103526,2026-04-13,1770,1184,118,1,5,6463.76
16379,1174815,2025-11-18,36202,384,103,1,5,52887.37
16380,1177379,2025-07-16,4133,30,26,1,4,1996.91
16381,1164511,2026-01-16,44121,977,8,1,1,1159.64
16382,1182637,2025-12-11,9897,1529,78,1,5,10696.2
16383,1018600,2026-04-10,23024,144,93,1,2,23670.53
16384,1192403,2025-09-30,22614,891,113,1,2,2386.86
16385,1128313,2025-10-05,29871,514,17,1,2,1216.16
16386,1047366,2025-09-28,35319,1133,47,1,2,6339.34
16387,1039122,2025-12-03,14422,2133,112,1,2,4876.75
16388,1021244,2026-02-18,28504,2847,100,1,3,13895.58
16389,1028247,2025-12-18,48499,2255,67,1,4,1528.94
16390,1082817,2025-05-25,295,893,103,1,1,23109.73
16391,1178132,2025-09-23,49256,852,112,1,5,297.03
16392,1101992,2026-03-28,49128,2343,119,1,1,1029.62
16393,1057564,2025-04-22,42825,68,91,1,5,7847.9
16394,1054994,2025-07-15,31987,262,31,1,4,26.15
16395,1111138,2025-04-18,20043,1732,56,1,4,5219.65
16396,1177371,2025-12-31,7290,1568,38,1,5,1760.5
16397,1102287,2025-12-19,34282,457,28,1,1,2039.8
16398,1186009,2025-05-27,11346,1131,116,1,3,4301.42
16399,1074279,2025-05-12,12458,1136,65,1,4,1357.37
16400,1070577,2026-02-23,11248,1566,60,1,2,75.09
16401,1135752,2025-12-05,40681,2340,13,1,4,3359.42
16402,1172108,2025-08-29,42924,2830,52,1,5,102922.26
16403,1115076,2026-02-18,22821,1128,89,1,1,1460.8
16404,1063892,2026-01-22,955,1573,119,1,4,9401.89
16405,1087140,2026-01-25,8546,488,64,1,3,59415.02
16406,1148073,2026-04-24,2076,155,112,1,1,847.57
16407,1017013,2026-03-02,14874,49,74,1,1,34.64
16408,1072767,2025-11-01,25424,851,18,1,2,5478.48
16409,1016137,2025-11-29,42001,275,45,1,2,1642.54
16410,1043185,2026-03-28,26389,693,37,1,4,2314.97
16411,1191172,2026-02-17,18701,202,107,1,3,20485.2
16412,1188518,2026-03-18,3202,1123,119,1,1,8308.65
16413,1102475,2025-05-04,18223,2708,23,1,4,711.33
16414,1034859,2026-03-02,11377,319,11,1,1,951.24
16415,1028105,2026-02-08,22588,1137,110,1,4,4037.89
16416,1157024,2025-08-27,27848,514,51,1,4,2490.03
16417,1002373,2025-12-01,29010,1661,14,1,2,1620.85
16418,1142338,2025-06-20,18143,2164,2,1,1,1183.81
16419,1183985,2025-12-06,48860,90,96,1,2,138.55
16420,1076352,2025-07-31,24143,513,79,1,4,2017.64
16421,1059038,2025-07-10,44844,1862,95,1,4,519.72
16422,1013732,2025-05-10,31031,1713,74,1,3,124282.84
16423,1073917,2026-02-17,24142,2484,107,1,1,10123.69
16424,1005784,2025-08-12,48231,1898,10,1,2,841.29
16425,1116289,2025-09-04,22394,1741,70,1,3,6061.66
16426,1120766,2025-08-09,39527,387,76,1,5,405.48
16427,1105096,2026-02-08,33158,2927,16,1,5,18552.75
16428,1119621,2026-02-27,48869,1382,96,1,2,1404.54
16429,1059230,2025-05-16,5205,927,100,1,1,5636.97
16430,1027893,2025-08-02,8393,2251,66,1,3,45738.53
16431,1032508,2025-12-05,10166,354,28,1,3,1056.72
16432,1080812,2025-10-22,459,2915,68,1,3,193697.98
16433,1077470,2026-02-06,40452,189,106,1,4,73021.68
16434,1170235,2026-03-20,8187,2428,44,1,5,78804.08
16435,1102750,2025-10-14,6494,1373,45,1,3,353.52
16436,1127328,2025-11-08,35185,1339,86,1,2,7085.18
16437,1050929,2026-03-15,47407,1164,48,1,5,59768.45
16438,1129868,2025-10-27,8073,904,67,1,3,25932.02
16439,1056344,2025-04-08,49388,965,56,1,3,1912.66
16440,1139739,2025-10-31,8192,821,82,1,3,3803.37
16441,1119294,2026-03-12,5683,440,67,1,2,4140.03
16442,1046908,2025-07-07,23170,1364,117,1,4,644.66
16443,1098483,2025-12-10,7319,2510,97,1,5,1244.61
16444,1168819,2025-10-05,24401,1577,59,1,2,6506.35
16445,1192701,2025-12-10,49428,155,88,1,5,762.25
16446,1127450,2026-01-22,33293,1705,73,1,5,3757.5
16447,1163672,2025-10-24,33751,800,21,1,1,2530.82
16448,1020257,2025-11-11,17847,2820,85,1,2,339.45
16449,1122104,2025-05-29,41916,541,111,1,5,2247.81
16450,1180135,2025-08-19,34065,2321,21,1,2,1571.03
16451,1153483,2025-09-14,39136,95,84,1,2,15119.02
16452,1150930,2025-08-21,26977,409,45,1,2,1325.13
16453,1104445,2025-12-05,31745,714,10,1,1,1553.23
16454,1108259,2025-04-23,30874,1630,112,1,1,54515.89
16455,1099322,2026-03-07,44807,1786,91,1,2,33522.57
16456,1199100,2025-05-08,13507,2484,5,1,4,19983.56
16457,1159192,2025-08-28,42858,62,96,1,5,6313.2
16458,1158333,2025-09-12,36455,333,12,1,3,1460.75
16459,1123683,2025-05-28,3210,2977,105,1,5,1757.34
16460,1101506,2026-03-10,25625,1065,29,1,3,7250.91
16461,1116794,2025-10-18,25131,2815,105,1,4,45.11
16462,1036379,2026-02-14,29794,201,93,1,5,36062.96
16463,1075524,2025-10-02,29425,2009,46,1,2,18258.64
16464,1072346,2025-09-11,10382,712,94,1,2,1254.61
16465,1120334,2025-07-14,9510,2593,77,1,4,7150.25
16466,1002218,2026-02-24,36491,2647,29,1,1,2714.58
16467,1168225,2025-09-17,28172,2133,59,1,3,4947.41
16468,1075265,2026-02-11,30426,2879,48,1,1,2287.32
16469,1099593,2025-05-13,43481,1873,65,1,3,4851.8
16470,1059164,2025-10-03,34555,522,89,1,5,25931.21
16471,1008320,2026-04-07,27594,974,43,1,3,206634.37
16472,1030127,2026-01-08,27817,2451,8,1,4,510.73
16473,1088782,2025-06-11,29810,51,85,1,3,988.19
16474,1013086,2025-10-16,16333,1994,41,1,4,4880.72
16475,1044430,2025-12-18,338,2635,59,1,5,10948.45
16476,1001970,2025-05-20,43741,2892,79,1,2,56819.14
16477,1086581,2025-08-15,44713,1878,57,1,3,1963.39
16478,1007641,2025-05-22,45136,1353,95,1,1,16518.83
16479,1063808,2025-12-08,36627,1791,75,1,4,2164.26
16480,1125678,2026-03-04,39330,1843,63,1,4,7571.93
16481,1011665,2025-10-23,44350,248,50,1,3,3913.25
16482,1198671,2025-06-02,47272,1115,21,1,4,597.67
16483,1121201,2025-06-27,14240,1259,26,1,5,3351.6
16484,1139713,2025-07-10,30383,1357,43,1,5,14195.53
16485,1111303,2025-12-30,26277,2354,86,1,2,17300.11
16486,1035941,2025-12-05,36819,1751,31,1,4,11595.11
16487,1003306,2026-01-23,29918,936,92,1,2,4414.61
16488,1093931,2025-05-17,49806,1611,102,1,3,2879.39
16489,1189955,2026-03-15,839,2369,59,1,3,662.09
16490,1118413,2025-12-18,43769,1305,79,1,2,16758.32
16491,1192961,2025-08-04,24440,2127,94,1,1,242.23
16492,1115117,2025-06-08,20707,219,11,1,2,17716.08
16493,1012861,2025-11-18,38238,1021,42,1,4,163.51
16494,1097103,2026-04-06,31212,2748,115,1,2,1583.96
16495,1151712,2026-03-05,35410,2874,71,1,4,7658.12
16496,1132000,2025-05-22,19528,522,7,1,2,12578.04
16497,1079352,2026-01-14,49986,363,101,1,3,1602.44
16498,1003633,2026-04-04,12237,1911,116,1,2,1779.38
16499,1174542,2025-08-17,39110,809,72,1,5,1000.8
16500,1172397,2025-11-07,30029,2224,26,1,2,9045.34
16501,1133548,2026-03-28,47651,2550,43,1,5,24071.39
16502,1060330,2025-07-30,8830,2198,23,1,3,31081.34
16503,1039025,2026-02-25,22161,2325,29,1,1,3963.58
16504,1195325,2025-10-06,3958,514,72,1,5,3718.44
16505,1100176,2025-12-24,31086,490,63,1,5,9880.15
16506,1144726,2025-12-15,44208,2576,110,1,1,1211.64
16507,1104740,2025-05-28,19480,1170,28,1,3,2249.32
16508,1018266,2025-08-08,10743,305,118,1,4,19064.15
16509,1128923,2025-11-19,9536,255,83,1,3,11855.85
16510,1064219,2025-08-05,11699,216,113,1,5,3801.73
16511,1065545,2026-04-23,17772,371,95,1,5,1861.09
16512,1094842,2026-04-09,31536,291,110,1,5,71669.67
16513,1109154,2025-11-29,48737,1805,73,1,3,12806.38
16514,1173212,2026-03-02,9010,2537,117,1,5,249.0
16515,1079411,2026-01-16,32540,183,23,1,2,9456.73
16516,1008234,2025-12-22,40761,2341,27,1,2,854.08
16517,1018801,2025-07-10,4334,2686,39,1,1,327328.38
16518,1017751,2025-04-30,29208,2193,59,1,4,2503.7
16519,1162776,2025-10-15,25950,1643,21,1,4,321.91
16520,1045818,2025-06-24,19501,118,111,1,3,1718.57
16521,1024987,2025-12-24,9296,2614,73,1,2,16841.27
16522,1049135,2026-01-29,3991,1258,112,1,5,3760.98
16523,1163103,2025-12-21,14063,1624,62,1,5,7899.08
16524,1019223,2025-08-04,48112,2992,65,1,5,10412.72
16525,1152616,2025-12-31,25398,2872,26,1,1,26693.29
16526,1169008,2026-01-10,27505,1095,52,1,2,172282.81
16527,1021428,2025-12-04,34695,2516,34,1,1,1766.89
16528,1186346,2025-08-19,23580,1154,22,1,2,392.05
16529,1182976,2026-01-18,13154,1806,37,1,4,2135.18
16530,1156409,2026-01-27,48694,691,94,1,4,831.07
16531,1111516,2026-03-10,34022,382,16,1,5,15254.34
16532,1111950,2026-01-29,48346,2845,11,1,2,5016.92
16533,1181445,2026-01-07,15064,1604,89,1,1,874.39
16534,1195811,2025-11-05,10727,721,81,1,4,201.84
16535,1053361,2025-06-20,37588,818,70,1,3,1364.58
16536,1146840,2025-08-04,29355,264,75,1,3,982.74
16537,1199764,2025-08-07,23122,620,67,1,3,10267.6
16538,1198188,2025-09-23,36772,1610,40,1,4,837.99
16539,1192130,2025-09-30,17280,1225,82,1,1,6675.57
16540,1094961,2025-07-11,36606,61,98,1,3,824.57
16541,1109634,2025-05-28,3411,2377,109,1,5,1514.13
16542,1029385,2025-07-14,13804,1079,52,1,5,106102.74
16543,1094946,2026-01-27,3569,187,37,1,3,5517.29
16544,1110084,2026-01-20,43185,166,95,1,5,6526.21
16545,1125448,2025-09-02,18002,998,8,1,2,851.53
16546,1153591,2026-01-25,49046,146,119,1,2,7892.8
16547,1086676,2025-11-13,19542,1271,65,1,4,4064.69
16548,1023587,2025-12-14,11382,2808,80,1,2,6001.5
16549,1019352,2025-09-08,31714,2050,69,1,1,758.26
16550,1043426,2025-10-12,8946,1241,30,1,5,1803.54
16551,1152848,2025-09-16,30945,65,50,1,4,1150.58
16552,1047615,2025-08-07,36016,2288,119,1,2,1021.89
16553,1018098,2025-10-08,48746,2907,8,1,3,3842.74
16554,1019208,2025-07-30,33257,1096,61,1,1,5428.68
16555,1029699,2025-07-12,26861,2796,3,1,2,44651.6
16556,1005820,2025-10-09,25390,1488,21,1,1,5161.75
16557,1169083,2025-10-19,3789,1791,16,1,1,3967.36
16558,1146022,2025-12-26,4637,139,108,1,3,2614.46
16559,1085987,2025-10-07,36157,199,79,1,5,799.96
16560,1199975,2026-04-10,10717,2082,99,1,4,2208.66
16561,1156012,2026-01-23,37793,1442,98,1,4,27186.79
16562,1127313,2025-10-10,47247,869,119,1,5,3480.28
16563,1183790,2025-07-28,17776,1414,15,1,5,2216.5
16564,1057543,2026-01-07,27329,768,96,1,5,4100.89
16565,1174731,2025-10-09,2674,679,10,1,5,286.62
16566,1173742,2026-02-08,37020,2901,31,1,5,16601.66
16567,1131047,2025-04-26,47249,948,55,1,3,2101.35
16568,1109372,2026-02-11,14187,2334,68,1,5,3377.1
16569,1188197,2026-04-17,8194,1324,30,1,5,2249.98
16570,1179391,2025-08-15,243,834,61,1,4,207470.15
16571,1054278,2025-06-18,28460,892,16,1,1,96649.5
16572,1165080,2025-04-11,39317,870,13,1,3,109.86
16573,1025001,2025-08-02,1180,449,105,1,4,2865.84
16574,1005385,2026-02-10,6548,2470,19,1,5,60463.29
16575,1045294,2026-01-12,2382,1305,47,1,3,16270.05
16576,1081860,2025-08-19,39470,1132,21,1,1,133174.6
16577,1152203,2025-09-30,27706,1211,105,1,5,40.05
16578,1011348,2025-05-19,1499,2122,90,1,2,33364.73
16579,1172207,2025-06-05,42532,527,34,1,3,452474.88
16580,1077259,2026-01-13,17573,803,87,1,3,12024.17
16581,1006282,2026-04-06,17313,1073,70,1,3,1279.68
16582,1119041,2026-02-22,20676,1270,42,1,5,7766.03
16583,1169844,2025-06-21,11857,1024,75,1,4,65657.5
16584,1157837,2025-11-03,11583,2735,24,1,4,4947.62
16585,1109827,2026-02-28,48055,2366,51,1,2,308.62
16586,1058937,2026-04-01,12199,2271,61,1,3,2878.53
16587,1066700,2025-07-19,26679,2360,108,1,2,6179.11
16588,1069608,2025-05-23,21875,1993,114,1,4,1994.67
16589,1021776,2025-07-09,9708,358,117,1,4,3887.85
16590,1074222,2025-07-12,34206,2150,44,1,5,17663.85
16591,1133565,2025-09-25,4683,856,71,1,4,26197.96
16592,1188240,2025-06-21,22811,122,44,1,4,157928.43
16593,1057195,2026-02-11,22085,1359,110,1,4,7787.3
16594,1190884,2025-12-01,21910,993,38,1,3,931.52
16595,1199177,2026-04-01,7399,2467,26,1,4,23252.96
16596,1126185,2026-02-02,15084,1711,79,1,2,2778.73
16597,1187686,2025-10-24,34676,537,106,1,2,65347.78
16598,1187915,2025-04-13,49772,144,83,1,3,74029.35
16599,1081719,2025-06-24,7808,2327,120,1,5,14717.99
16600,1107313,2025-04-26,4780,2093,85,1,4,12377.89
16601,1004408,2025-05-19,5485,1701,85,1,2,2563.24
16602,1110269,2025-10-27,20897,2904,80,1,4,1197.12
16603,1095663,2025-10-11,44227,509,21,1,5,26197.36
16604,1083772,2025-06-27,34569,2178,17,1,2,11076.55
16605,1161450,2026-01-03,37731,1581,3,1,2,369.83
16606,1109126,2025-06-29,18847,2150,26,1,3,18837.39
16607,1135686,2026-03-28,7929,1445,65,1,4,19282.24
16608,1137670,2026-02-19,26150,2020,67,1,4,1173.43
16609,1128909,2025-04-24,49379,1192,51,1,3,67724.67
16610,1137399,2025-12-23,36202,51,66,1,5,1969.36
16611,1142969,2026-01-12,13311,2116,63,1,4,998.53
16612,1031768,2026-01-15,22053,2550,78,1,4,25167.97
16613,1103449,2026-01-31,28334,2242,16,1,5,6333.36
16614,1033568,2026-01-06,2454,2091,36,1,4,2962.53
16615,1146430,2026-02-03,41853,1423,117,1,1,6932.51
16616,1071579,2025-11-01,41050,1178,9,1,3,2985.9
16617,1128607,2026-03-04,45819,1581,94,1,2,395.24
16618,1029446,2026-02-14,9797,2325,12,1,4,8420.01
16619,1024751,2026-01-16,24613,560,17,1,1,2248.51
16620,1059341,2026-01-10,43938,1777,36,1,3,1278.22
16621,1042731,2026-03-08,34548,2701,20,1,4,9217.82
16622,1183483,2026-01-08,13446,1725,2,1,1,1220.94
16623,1024643,2025-11-23,39811,838,47,1,3,4842.41
16624,1182959,2025-06-13,41077,554,97,1,4,1541.55
16625,1084137,2025-11-23,36899,759,21,1,1,126560.49
16626,1119570,2025-07-31,20391,1452,29,1,2,1108.3
16627,1091475,2025-05-07,16542,2261,14,1,4,33066.35
16628,1012993,2025-08-20,38008,2707,22,1,3,2566.29
16629,1061560,2025-11-14,43790,1917,68,1,5,9401.48
16630,1052225,2026-04-12,27442,940,6,1,2,731.98
16631,1026876,2025-10-13,41107,1335,28,1,2,696.73
16632,1036374,2025-05-19,35515,2712,120,1,2,131.67
16633,1016078,2025-11-24,9788,962,30,1,5,539.02
16634,1113052,2025-12-24,35058,943,91,1,2,484.52
16635,1082765,2025-07-11,27054,2324,10,1,3,5577.93
16636,1170723,2025-12-01,28441,522,83,1,4,11665.28
16637,1070113,2026-04-18,9097,385,23,1,2,1830.45
16638,1196986,2025-05-14,46761,185,52,1,2,15336.67
16639,1179926,2026-04-11,23139,633,45,1,4,141.1
16640,1034619,2026-02-18,21194,183,63,1,1,9665.23
16641,1003521,2025-07-01,1181,2530,9,1,5,622.43
16642,1082363,2026-02-03,13972,387,43,1,5,1202.93
16643,1090569,2026-03-11,36361,230,39,1,4,1102.61
16644,1143474,2025-10-02,44937,1720,7,1,1,761.56
16645,1052242,2025-09-12,49405,965,49,1,2,3998.31
16646,1117239,2025-10-11,33721,2630,60,1,4,322.1
16647,1185620,2025-12-11,28675,2850,35,1,5,51701.67
16648,1074496,2026-03-01,48869,2355,52,1,5,21659.5
16649,1134392,2026-01-20,26860,789,78,1,3,6444.14
16650,1001824,2025-07-20,30902,1508,17,1,3,10593.56
16651,1095088,2025-06-04,8263,848,12,1,3,1472.18
16652,1161669,2025-08-25,4608,2558,15,1,1,94398.57
16653,1000522,2026-04-23,45060,2737,12,1,4,12434.38
16654,1187793,2025-06-30,954,1852,51,1,5,3810.68
16655,1064569,2026-04-05,28217,1132,7,1,1,123613.87
16656,1041619,2026-03-07,14925,327,118,1,1,124343.86
16657,1048740,2025-09-13,21739,42,98,1,3,7123.0
16658,1195519,2025-06-17,21054,1252,118,1,1,2497.2
16659,1126809,2026-02-15,19415,2324,105,1,5,11288.53
16660,1022025,2025-07-27,2747,2134,30,1,3,1429.11
16661,1122108,2025-12-26,20626,103,93,1,1,837.96
16662,1076234,2026-02-22,1753,2003,68,1,1,1051.72
16663,1134289,2026-03-16,16560,52,25,1,2,7309.29
16664,1072437,2026-01-17,19214,1998,118,1,1,7135.07
16665,1095849,2026-04-02,45564,1167,75,1,5,3655.21
16666,1042195,2025-04-09,18662,1066,19,1,1,2359.72
16667,1123044,2025-08-29,4561,1343,38,1,4,4179.71
16668,1000246,2025-09-08,19698,1946,120,1,3,23636.2
16669,1065189,2026-01-02,41209,649,93,1,5,7168.98
16670,1182744,2025-05-02,20888,2096,9,1,3,6743.97
16671,1031554,2025-07-29,31529,1979,37,1,3,1009.01
16672,1154152,2026-01-27,27860,278,14,1,4,8617.06
16673,1195320,2025-12-10,27311,1216,40,1,5,24713.61
16674,1160457,2025-09-13,38970,278,39,1,4,8965.43
16675,1131284,2026-03-31,17924,355,15,1,5,17558.81
16676,1083856,2025-10-07,44673,1360,30,1,4,575.84
16677,1120267,2026-02-22,31396,2862,67,1,5,10884.77
16678,1068194,2025-11-24,23202,1405,103,1,1,8391.76
16679,1110474,2026-03-09,21556,2816,94,1,2,804.33
16680,1039117,2025-08-28,14399,2674,45,1,4,16460.85
16681,1175800,2026-01-04,44272,494,81,1,1,132048.97
16682,1170494,2025-10-07,32054,825,37,1,5,275100.89
16683,1139824,2025-11-14,20099,1575,30,1,4,6886.44
16684,1137532,2025-08-19,6001,273,84,1,2,9019.4
16685,1077949,2026-01-10,43703,1380,23,1,1,174.59
16686,1026769,2025-05-01,25653,1270,116,1,1,3883.17
16687,1017543,2025-07-24,40125,2502,67,1,5,3349.38
16688,1114986,2026-03-14,20021,2146,100,1,1,21924.77
16689,1041524,2025-08-31,44319,1120,65,1,1,388.57
16690,1015913,2025-09-02,32581,1257,26,1,3,4856.74
16691,1004279,2025-08-02,33169,2037,96,1,2,4983.08
16692,1108076,2025-11-10,23503,1398,38,1,5,54570.66
16693,1088094,2025-11-15,9014,1174,30,1,5,1571.77
16694,1176051,2025-12-16,48184,518,22,1,2,22725.18
16695,1134753,2025-10-29,8516,1113,28,1,2,7338.07
16696,1070628,2025-08-17,25060,2854,3,1,5,9426.4
16697,1141387,2026-02-09,44112,1256,31,1,1,96640.09
16698,1153438,2025-08-18,16551,2979,48,1,5,1690.91
16699,1189998,2025-07-02,23314,1257,82,1,2,1646.09
16700,1022218,2025-11-02,24038,112,51,1,5,24143.32
16701,1076638,2025-05-26,40647,2564,53,1,4,210.35
16702,1189869,2025-05-13,38236,259,26,1,1,10073.84
16703,1180301,2026-01-28,32999,2085,98,1,3,3722.21
16704,1019090,2025-11-14,43654,2396,111,1,1,5448.52
16705,1134956,2025-04-28,32882,352,114,1,3,265.18
16706,1173647,2025-12-11,29725,1539,14,1,2,21676.76
16707,1056824,2025-06-14,12107,1337,108,1,5,520.14
16708,1174110,2025-08-30,26380,2996,96,1,1,142004.83
16709,1161227,2026-03-22,27759,244,91,1,5,782.73
16710,1057477,2025-07-19,11917,1528,38,1,5,409.15
16711,1072943,2025-07-13,8492,982,13,1,3,6222.57
16712,1187501,2025-08-15,31845,1576,37,1,1,2163.99
16713,1165655,2025-06-22,38566,857,56,1,2,192399.14
16714,1139333,2025-05-16,15678,914,43,1,3,38051.82
16715,1087295,2025-08-29,35079,1543,4,1,5,3005.84
16716,1034007,2025-10-28,10334,2490,97,1,1,6292.11
16717,1025330,2025-10-17,29745,1383,36,1,4,65.06
16718,1003455,2025-08-20,27850,15,94,1,1,912.36
16719,1048491,2026-03-17,9544,1001,13,1,3,261550.42
16720,1035989,2025-11-24,25975,2632,25,1,5,3382.0
16721,1006356,2025-12-17,19790,2154,109,1,4,78687.42
16722,1055666,2025-05-31,18573,1428,75,1,3,7490.66
16723,1088560,2025-11-25,41555,840,86,1,4,15041.73
16724,1099418,2025-12-07,33468,2295,80,1,1,253.82
16725,1049855,2025-07-29,21290,2871,30,1,3,9294.68
16726,1097311,2025-08-20,38228,66,110,1,1,7419.06
16727,1040452,2025-05-29,31544,2348,72,1,2,3497.33
16728,1159030,2026-01-08,8954,1905,104,1,3,2323.75
16729,1114128,2025-07-13,36580,1397,16,1,2,313.16
16730,1166994,2026-03-21,7216,2816,50,1,5,837.33
16731,1082535,2025-05-23,43235,2939,75,1,4,234.05
16732,1052810,2025-07-01,43144,1370,63,1,3,2302.16
16733,1123770,2026-01-05,6877,2791,7,1,1,7109.96
16734,1138895,2025-09-28,29789,2981,91,1,1,7102.17
16735,1049513,2025-12-07,48968,434,17,1,5,185.25
16736,1104292,2025-07-13,2793,1236,8,1,4,30.78
16737,1168363,2025-07-27,35694,1799,53,1,3,5700.65
16738,1091415,2025-08-29,31069,1327,25,1,5,1438.58
16739,1164070,2025-10-20,9798,1868,4,1,5,10449.39
16740,1182687,2025-05-23,39666,1753,60,1,5,866.88
16741,1010105,2025-09-11,46729,1824,79,1,3,54603.47
16742,1142417,2026-01-01,1975,950,7,1,1,6967.81
16743,1187736,2025-08-05,41539,1904,88,1,4,21113.18
16744,1075606,2026-02-21,32502,2019,2,1,5,38289.75
16745,1026967,2025-12-02,6648,448,83,1,2,14451.35
16746,1020707,2025-12-12,30910,288,35,1,1,830.11
16747,1123998,2025-05-30,16763,1387,23,1,2,3092.17
16748,1026580,2025-10-14,13665,2727,78,1,4,37989.76
16749,1005874,2025-10-19,33976,2440,89,1,2,127708.65
16750,1002501,2026-01-15,32984,1004,19,1,3,5463.09
16751,1124416,2025-08-20,46051,2186,39,1,5,3742.92
16752,1078235,2026-04-02,47225,2901,50,1,5,15988.47
16753,1045026,2026-01-23,35399,2661,28,1,1,10177.25
16754,1132867,2025-11-15,45890,2895,9,1,1,1492.14
16755,1121379,2026-02-23,3709,275,85,1,2,1687.37
16756,1168674,2026-03-20,18508,1449,50,1,2,12800.76
16757,1181641,2025-05-08,48173,316,98,1,5,2366.83
16758,1056268,2025-07-04,32640,2110,22,1,1,4377.09
16759,1136083,2025-10-27,36770,2015,77,1,2,2315.7
16760,1134907,2025-11-21,18785,2487,102,1,5,66222.4
16761,1191638,2026-01-04,45972,757,43,1,3,7523.9
16762,1121953,2025-09-24,40303,648,1,1,1,49570.32
16763,1059532,2025-06-19,6844,571,44,1,5,13114.24
16764,1063159,2026-01-09,23932,1281,61,1,5,17815.96
16765,1069903,2025-07-02,34604,1401,80,1,4,10170.98
16766,1058119,2025-06-28,503,2987,108,1,2,32957.25
16767,1089000,2025-10-09,40771,1129,2,1,5,1095.56
16768,1160148,2026-01-08,24800,1001,29,1,4,229665.25
16769,1096259,2025-08-23,9727,1692,8,1,1,3119.64
16770,1132986,2026-02-12,23296,1593,23,1,4,1822.8
16771,1095678,2026-01-29,32852,103,110,1,3,2757.91
16772,1030817,2025-09-04,1687,475,83,1,3,46495.68
16773,1012405,2026-02-03,16598,942,75,1,3,308.0
16774,1021350,2025-11-30,3083,1916,115,1,4,4970.59
16775,1195009,2025-11-19,39228,586,6,1,1,8819.42
16776,1021121,2025-10-21,8100,1575,53,1,1,35248.98
16777,1029962,2025-12-06,40698,2727,103,1,3,84632.05
16778,1071501,2025-10-15,15989,1013,105,1,3,3630.91
16779,1013718,2025-06-14,20887,2152,109,1,1,3239.16
16780,1126302,2025-12-13,14475,177,88,1,5,5044.22
16781,1083551,2026-01-30,39139,2891,15,1,2,27894.9
16782,1119499,2025-06-27,7579,545,70,1,2,1630.48
16783,1027029,2025-06-11,17966,1483,90,1,1,14093.72
16784,1158342,2025-07-27,15086,569,45,1,3,431.04
16785,1186897,2025-07-16,26753,56,80,1,1,3666.3
16786,1128691,2025-04-23,10795,2992,74,1,5,10556.28
16787,1068004,2025-11-09,29423,728,5,1,2,5152.19
16788,1096919,2025-11-02,20318,2374,105,1,1,3894.04
16789,1000085,2025-10-16,31279,1306,60,1,2,9690.8
16790,1162853,2025-12-23,42740,2883,81,1,1,13253.22
16791,1042477,2026-01-22,19303,2353,71,1,2,5853.64
16792,1048264,2026-02-28,19371,1300,84,1,1,4977.36
16793,1037442,2025-11-29,41256,653,81,1,4,125829.09
16794,1081986,2025-10-08,6629,1105,110,1,3,95060.76
16795,1028990,2026-02-28,31591,877,105,1,4,1992.48
16796,1103896,2025-09-24,5697,895,83,1,2,1876.72
16797,1131997,2026-03-17,16397,145,107,1,1,45940.1
16798,1114006,2025-08-15,29638,2422,62,1,3,86801.48
16799,1176987,2025-08-26,11807,2591,94,1,3,8969.86
16800,1002317,2026-03-18,11007,692,22,1,4,2675.99
16801,1075525,2025-09-01,35795,76,40,1,1,94842.96
16802,1004755,2026-01-30,23693,2405,71,1,2,9084.93
16803,1093152,2025-11-02,41800,2770,35,1,5,3971.45
16804,1151023,2025-12-29,3454,1038,45,1,1,888.81
16805,1134309,2025-05-11,35652,859,114,1,1,780.92
16806,1050143,2026-03-22,804,1416,63,1,3,2203.54
16807,1021856,2025-11-02,3796,1549,62,1,5,218273.96
16808,1145010,2026-02-17,6974,665,76,1,3,1072.71
16809,1109451,2025-10-11,30713,2718,10,1,4,448.45
16810,1149475,2025-06-03,31773,1993,60,1,1,1318.5
16811,1091969,2025-09-21,17638,2773,53,1,2,3782.95
16812,1121412,2025-06-29,8566,1144,24,1,1,68180.5
16813,1099421,2025-10-08,24281,2383,88,1,3,18205.6
16814,1137505,2025-04-26,27811,455,40,1,1,967.36
16815,1099841,2025-04-09,47302,1741,98,1,2,12738.96
16816,1148227,2025-09-22,600,1308,10,1,3,140253.58
16817,1010211,2025-07-26,21195,354,7,1,5,1533.43
16818,1018129,2025-07-16,44063,338,37,1,5,32225.46
16819,1144383,2025-10-23,23449,1594,38,1,1,7854.96
16820,1109644,2025-07-16,37911,70,12,1,2,5304.48
16821,1095205,2025-12-18,40288,856,91,1,5,54718.23
16822,1056873,2026-01-14,12232,2753,75,1,1,14039.31
16823,1106279,2025-05-19,3938,2361,78,1,5,1577.2
16824,1039993,2025-09-27,23685,1769,43,1,1,7312.18
16825,1085814,2026-03-20,22567,912,61,1,1,17121.89
16826,1008521,2025-08-13,33267,2234,113,1,3,27947.12
16827,1199887,2025-12-10,32989,2897,98,1,4,369.86
16828,1193956,2025-08-29,1777,2876,10,1,1,665.53
16829,1056882,2025-08-06,24458,1640,106,1,2,1083.02
16830,1091122,2025-06-28,19926,1416,63,1,1,1096.51
16831,1116488,2025-10-04,5512,2766,86,1,2,512.63
16832,1096070,2026-02-25,47102,2012,88,1,5,5479.43
16833,1037876,2025-06-02,46112,1339,105,1,1,3908.79
16834,1176658,2025-10-24,23284,1443,24,1,5,227.11
16835,1138767,2025-07-21,6554,349,5,1,3,319.04
16836,1191395,2025-09-28,26122,1456,45,1,3,6492.11
16837,1089425,2025-05-25,3896,2460,9,1,1,545.13
16838,1111310,2026-03-24,42385,475,78,1,5,8855.42
16839,1034102,2025-05-27,19626,842,50,1,4,3867.11
16840,1098554,2026-02-15,25229,335,11,1,1,4519.57
16841,1099638,2025-09-30,30187,1045,50,1,1,1051.81
16842,1084175,2025-08-07,31273,321,40,1,2,291.03
16843,1165616,2026-01-23,30015,2050,110,1,5,725.15
16844,1141203,2025-08-22,25133,2902,114,1,3,33609.65
16845,1043980,2025-10-16,25,2285,101,1,5,1340.72
16846,1148483,2025-04-27,24303,2823,32,1,3,40114.79
16847,1199392,2025-09-07,32289,1141,100,1,5,601.45
16848,1122153,2025-07-15,7313,143,69,1,4,16319.3
16849,1044364,2025-12-09,3688,523,51,1,2,3778.86
16850,1126869,2025-10-27,47718,2744,95,1,3,1414.21
16851,1061006,2025-07-12,47029,2477,25,1,2,133685.48
16852,1104701,2025-08-26,9438,2283,29,1,4,524.23
16853,1085946,2025-12-12,32000,1460,81,1,2,1847.23
16854,1027643,2025-12-16,1575,1016,2,1,3,62935.33
16855,1100738,2026-04-04,45226,84,84,1,2,10248.5
16856,1070463,2025-11-25,1644,1471,71,1,2,2779.52
16857,1086689,2025-06-05,24046,2654,119,1,4,2242.96
16858,1024782,2025-06-04,28966,696,19,1,4,359.03
16859,1059521,2026-02-07,37307,2332,5,1,2,133555.73
16860,1162038,2026-01-27,25370,2650,45,1,3,4766.71
16861,1097412,2025-08-17,1068,2807,24,1,1,7461.16
16862,1075747,2026-01-28,30919,691,31,1,5,834.8
16863,1019935,2025-12-30,2721,2862,53,1,3,3257.7
16864,1195309,2025-09-10,4779,1700,32,1,1,2345.52
16865,1029043,2025-12-28,26106,2753,23,1,5,13730.56
16866,1179313,2026-03-28,38753,1610,63,1,5,1622.56
16867,1161051,2026-02-17,20149,639,99,1,1,4688.64
16868,1124683,2026-01-18,20449,1219,4,1,2,32753.82
16869,1142785,2025-07-22,12699,1589,25,1,1,89531.66
16870,1143494,2025-08-26,17284,803,47,1,3,6448.8
16871,1179420,2025-04-10,28793,829,56,1,5,4959.4
16872,1146060,2025-12-08,35577,30,39,1,2,892.86
16873,1056945,2025-08-15,39174,1506,71,1,4,10927.14
16874,1090817,2025-12-09,39785,2758,87,1,1,318625.1
16875,1050444,2026-02-22,29184,1108,24,1,3,6250.14
16876,1082799,2025-09-12,11576,1321,115,1,5,1432.99
16877,1027552,2025-10-18,42819,2908,65,1,4,207969.92
16878,1066916,2025-10-03,13120,30,114,1,1,3985.44
16879,1094065,2025-12-09,39538,1804,43,1,1,29853.5
16880,1019558,2026-01-13,32133,1730,71,1,5,46979.68
16881,1150954,2025-05-16,9001,1310,53,1,5,2587.31
16882,1174492,2025-10-05,19200,1938,72,1,2,4839.83
16883,1186007,2025-11-23,13522,370,61,1,3,2066.9
16884,1077330,2025-05-17,30401,2206,91,1,3,19575.63
16885,1114155,2025-07-07,1911,190,29,1,1,1258.22
16886,1003024,2025-05-27,45677,1285,70,1,5,4170.72
16887,1044764,2025-06-20,46922,1491,11,1,3,1778.23
16888,1027421,2025-05-12,30069,1406,27,1,2,753.52
16889,1136682,2025-11-01,16895,1638,116,1,2,9121.79
16890,1005336,2025-06-08,30252,692,71,1,4,2726.53
16891,1096533,2026-04-07,1778,2861,32,1,3,477.43
16892,1061265,2025-11-26,5101,914,33,1,3,8562.9
16893,1043955,2026-03-29,11930,963,112,1,4,19256.54
16894,1015695,2025-12-16,7855,1255,67,1,5,26862.93
16895,1068409,2026-01-05,25852,2338,55,1,5,1282.28
16896,1095667,2026-03-24,36684,1558,50,1,1,2645.62
16897,1070010,2025-09-05,47368,1493,13,1,4,14151.58
16898,1186649,2025-11-29,18219,509,41,1,3,108900.46
16899,1125006,2026-03-29,44890,1308,58,1,1,63563.66
16900,1048575,2025-11-16,14621,2095,84,1,4,410.51
16901,1127077,2026-03-05,33077,1931,120,1,1,24183.84
16902,1109812,2026-01-25,9743,2517,20,1,3,332.46
16903,1138223,2026-02-03,45737,1936,58,1,4,242.02
16904,1057164,2025-08-01,15406,1398,31,1,4,57212.12
16905,1177225,2025-12-11,29271,1429,19,1,5,1287.94
16906,1017536,2026-04-13,25067,1395,12,1,1,3792.16
16907,1109213,2025-07-10,36344,493,1,1,1,35431.73
16908,1193089,2025-07-26,6377,109,28,1,4,1840.18
16909,1078783,2025-05-11,49101,1054,71,1,2,138261.44
16910,1016342,2025-07-15,20561,716,109,1,2,1151.77
16911,1147191,2025-10-23,38052,2689,41,1,5,17484.51
16912,1167694,2025-06-09,32142,2732,18,1,5,518.37
16913,1139668,2025-09-20,48296,1901,57,1,5,2994.7
16914,1097806,2025-12-19,42063,2891,37,1,1,7366.7
16915,1036183,2025-10-30,22579,1914,94,1,5,109491.25
16916,1028542,2025-05-08,1851,2805,63,1,5,5974.96
16917,1072843,2025-04-27,4914,1023,25,1,3,2943.91
16918,1076018,2026-03-28,36239,906,106,1,1,9071.35
16919,1034388,2025-04-27,21392,81,78,1,1,6097.83
16920,1089522,2025-11-22,32517,1409,68,1,4,30946.14
16921,1139510,2025-04-24,18163,14,63,1,5,6622.66
16922,1000860,2025-10-02,16221,860,72,1,3,2866.6
16923,1089257,2025-09-28,21055,1396,111,1,3,16461.67
16924,1136853,2025-10-20,19320,2876,113,1,5,2599.19
16925,1085228,2025-10-29,45859,2884,79,1,4,818.82
16926,1060201,2025-12-02,45874,2146,33,1,5,10574.28
16927,1042964,2025-09-03,24795,808,42,1,3,6918.22
16928,1110284,2025-04-17,1096,2582,112,1,4,162514.79
16929,1113880,2025-10-29,47566,50,28,1,1,22131.92
16930,1110234,2025-04-20,9279,2845,27,1,4,1737.85
16931,1048512,2025-11-21,44049,418,71,1,3,893.6
16932,1043705,2026-03-09,33365,1943,63,1,1,197.31
16933,1167370,2025-10-19,33194,2321,111,1,3,6285.72
16934,1020053,2025-09-29,46819,2583,102,1,1,437.11
16935,1075714,2025-06-19,22120,1161,15,1,2,21124.75
16936,1121891,2025-09-30,37320,1975,15,1,3,5681.93
16937,1163156,2025-08-11,39696,1567,1,1,4,513.2
16938,1163529,2026-01-03,4561,1438,13,1,2,10166.78
16939,1025749,2026-02-11,39210,177,112,1,1,29735.71
16940,1075181,2025-10-30,24590,1496,88,1,5,6985.07
16941,1124838,2026-02-26,39440,2352,25,1,5,27579.81
16942,1043677,2026-02-21,37386,2864,96,1,1,5734.44
16943,1046871,2025-11-01,1118,2926,104,1,1,1841.31
16944,1116991,2025-12-23,33155,1614,51,1,5,2329.03
16945,1192675,2025-10-13,30393,839,22,1,3,8528.22
16946,1075651,2025-11-04,47178,893,72,1,2,21087.73
16947,1129900,2025-04-12,37578,286,65,1,5,279979.91
16948,1107872,2025-06-30,5225,2155,111,1,4,9106.21
16949,1124732,2025-12-04,13535,187,12,1,1,2623.16
16950,1096300,2025-05-13,35718,2661,89,1,1,30522.71
16951,1049083,2026-02-03,47527,2809,58,1,3,41836.02
16952,1193338,2026-03-21,14871,2245,87,1,2,45094.85
16953,1176124,2025-09-15,25931,194,73,1,2,859.38
16954,1188424,2025-11-10,33156,2710,111,1,4,9371.89
16955,1056012,2025-07-23,46089,1636,115,1,2,32625.67
16956,1013229,2025-07-06,27249,1612,72,1,1,17155.88
16957,1032853,2025-10-13,30048,903,20,1,4,8094.46
16958,1073175,2025-07-09,20228,1461,56,1,1,7470.69
16959,1052110,2025-07-23,147,2687,38,1,2,7550.76
16960,1144483,2026-03-20,16373,893,72,1,3,15953.68
16961,1183232,2026-01-19,49346,506,75,1,4,2689.38
16962,1051498,2025-10-27,38695,1254,95,1,3,11272.59
16963,1080355,2026-02-05,44027,2063,53,1,1,796.16
16964,1086148,2025-05-28,20312,2392,36,1,2,516.6
16965,1193870,2026-01-31,31924,256,69,1,4,240.19
16966,1071182,2025-11-12,6779,726,67,1,4,540.52
16967,1032291,2025-11-24,38129,1714,113,1,1,18415.95
16968,1194442,2026-04-02,9849,1986,39,1,2,6570.92
16969,1072366,2025-07-16,44117,2324,19,1,2,5318.92
16970,1078749,2025-05-14,3084,2424,43,1,1,801.2
16971,1121991,2025-12-18,20035,1934,113,1,2,1641.86
16972,1164106,2026-02-02,17982,2955,63,1,3,36072.11
16973,1105315,2026-03-30,20639,1920,56,1,3,481.71
16974,1029950,2025-12-01,49095,953,17,1,1,1510.66
16975,1000486,2025-07-28,6283,1341,61,1,3,135.23
16976,1195384,2026-03-25,20441,775,107,1,2,4072.79
16977,1111912,2025-08-09,6924,1422,7,1,5,5869.19
16978,1109849,2025-06-10,39536,2798,34,1,2,649.13
16979,1197087,2025-07-01,38847,1530,120,1,1,1632.2
16980,1130341,2025-10-01,1214,809,100,1,5,1037.62
16981,1157832,2025-06-16,8422,832,74,1,4,7616.59
16982,1105511,2025-05-07,29759,1246,62,1,2,147690.72
16983,1148599,2026-01-11,20560,2663,66,1,1,5194.34
16984,1047839,2025-12-05,430,2791,61,1,1,2126.94
16985,1071719,2026-01-14,25459,116,90,1,1,160.05
16986,1001121,2025-04-16,38792,1173,74,1,2,2058.33
16987,1146325,2026-01-09,49625,2782,78,1,5,15176.11
16988,1084088,2025-11-08,12424,598,4,1,1,813.26
16989,1095890,2025-09-23,45560,2844,92,1,1,3592.14
16990,1026810,2025-12-13,32620,1790,28,1,1,75.32
16991,1134370,2026-03-10,8867,854,25,1,1,1821.01
16992,1154652,2026-02-28,33460,2248,81,1,1,2779.03
16993,1185684,2025-09-15,4672,2014,34,1,2,6437.36
16994,1132382,2026-04-14,25963,516,37,1,4,15434.59
16995,1035128,2025-04-29,20309,1997,33,1,1,2105.33
16996,1145508,2025-12-24,32512,1922,111,1,3,21805.38
16997,1035646,2025-11-18,12433,1725,3,1,2,1237.22
16998,1058382,2025-12-08,19657,1752,58,1,1,982.25
16999,1019747,2025-12-21,19995,1666,51,1,1,42994.16
17000,1105538,2025-11-06,10178,1719,36,1,1,1445.37
17001,1179805,2025-08-12,18276,647,57,1,5,7242.17
17002,1110679,2025-11-07,29395,1121,68,1,5,1130.49
17003,1176031,2025-05-21,47128,2403,14,1,3,89914.59
17004,1016910,2026-02-16,46416,2012,98,1,3,5344.21
17005,1119631,2025-06-25,5059,1819,1,1,2,160384.56
17006,1187331,2025-11-12,40845,398,41,1,4,1807.12
17007,1162827,2025-05-31,21003,2741,105,1,2,2997.63
17008,1012312,2025-06-30,6050,253,76,1,1,15257.79
17009,1188081,2025-12-15,16743,1655,81,1,1,14215.65
17010,1109602,2025-10-13,39741,578,58,1,1,1630.61
17011,1115928,2026-04-02,42726,1594,71,1,3,8193.15
17012,1005142,2025-08-03,24521,2495,108,1,1,30484.66
17013,1119136,2025-06-05,32043,2869,54,1,4,27071.45
17014,1187269,2025-04-29,4418,1600,1,1,5,194.68
17015,1103564,2025-08-07,21865,2818,93,1,5,33747.48
17016,1085036,2025-12-14,25559,1487,6,1,1,7712.63
17017,1024725,2025-10-28,8766,2546,100,1,5,15133.84
17018,1137130,2025-11-13,10729,26,113,1,2,224228.91
17019,1108891,2025-07-08,44278,134,41,1,1,462.04
17020,1121657,2026-02-22,33219,2882,30,1,5,4579.65
17021,1032207,2025-08-25,44683,405,51,1,5,13901.95
17022,1022843,2025-09-17,925,311,68,1,4,37330.71
17023,1120248,2025-08-08,21005,557,111,1,3,3581.07
17024,1069737,2025-06-11,28489,2587,28,1,5,17333.86
17025,1111307,2025-04-06,47128,2858,82,1,1,903.23
17026,1079468,2026-01-13,12764,564,95,1,2,62.93
17027,1052095,2025-12-01,18476,532,96,1,1,528.39
17028,1163034,2025-09-03,21878,1993,98,1,4,1277.03
17029,1094967,2025-08-12,31877,2738,119,1,3,2583.38
17030,1037288,2025-06-03,43290,2588,23,1,1,1552.19
17031,1162706,2025-11-03,25970,2938,57,1,4,4668.51
17032,1189585,2025-09-03,27663,682,9,1,3,1044.71
17033,1164273,2025-07-29,8482,172,39,1,4,10297.49
17034,1005522,2026-01-08,5123,1331,8,1,1,826.36
17035,1003722,2025-09-22,11207,753,98,1,2,137.99
17036,1199047,2025-07-09,15838,1214,90,1,1,9984.14
17037,1035653,2025-06-01,15072,2465,28,1,4,22868.23
17038,1031635,2026-04-20,797,1375,110,1,5,48569.23
17039,1117209,2025-05-09,38687,2682,98,1,1,4390.05
17040,1076262,2025-08-10,46505,2263,8,1,2,1023.07
17041,1046938,2025-04-18,46561,625,99,1,2,1012.07
17042,1131124,2025-11-05,49335,2182,55,1,2,26295.75
17043,1135161,2025-08-30,30562,2810,74,1,1,2126.19
17044,1137696,2026-01-14,2675,551,97,1,3,16252.49
17045,1144848,2025-10-03,3155,2641,52,1,1,18490.9
17046,1074585,2025-05-23,39796,1812,119,1,3,10726.12
17047,1090100,2025-11-10,40989,1584,58,1,5,700.17
17048,1026889,2026-01-17,45983,552,103,1,5,4191.5
17049,1010884,2025-10-21,14137,2846,31,1,2,11786.84
17050,1016409,2025-10-17,11412,1967,56,1,5,643.47
17051,1167639,2026-02-28,4847,1858,49,1,3,67898.23
17052,1014505,2025-09-24,44125,681,65,1,3,40869.73
17053,1165380,2026-03-29,18096,1084,8,1,5,10029.87
17054,1010402,2025-08-26,45674,2300,52,1,3,71189.48
17055,1121783,2025-08-07,2814,894,78,1,1,2275.71
17056,1177575,2026-02-08,13056,1501,4,1,5,3165.57
17057,1108997,2026-01-29,6654,599,16,1,2,18991.48
17058,1199846,2025-10-29,29367,2831,20,1,1,1092.61
17059,1143010,2025-09-07,29412,2053,60,1,3,8598.47
17060,1071053,2025-12-03,40787,2694,56,1,5,3841.57
17061,1130442,2026-03-13,43380,502,115,1,3,2112.99
17062,1042609,2025-05-25,515,489,33,1,2,5093.75
17063,1180117,2026-03-18,40780,2044,8,1,5,357.61
17064,1003873,2025-12-06,29204,2613,70,1,4,5980.34
17065,1142358,2025-12-28,35789,1471,114,1,3,2582.29
17066,1044785,2025-10-30,10815,2679,49,1,2,859.55
17067,1192783,2025-10-21,16692,645,56,1,2,6088.37
17068,1015617,2026-01-11,48735,1780,100,1,5,22223.18
17069,1102993,2025-08-24,1397,1545,99,1,1,226.27
17070,1119407,2025-07-12,10908,820,120,1,2,38587.54
17071,1088292,2025-11-22,4972,294,26,1,1,8899.28
17072,1197580,2025-09-05,7620,1953,59,1,1,297.71
17073,1185823,2026-01-28,970,2685,77,1,4,3616.07
17074,1117301,2026-04-10,30346,1044,55,1,5,38069.25
17075,1115367,2025-05-05,43664,1779,50,1,2,199.35
17076,1169678,2025-06-19,31370,894,5,1,5,4646.1
17077,1124222,2025-10-15,23440,2121,68,1,3,296.39
17078,1186803,2025-11-03,41152,1005,95,1,5,217.88
17079,1065169,2025-07-25,2005,1797,93,1,2,683.21
17080,1155931,2025-09-05,49933,281,107,1,1,239926.45
17081,1189300,2025-10-14,14550,1264,30,1,5,2121.91
17082,1003536,2025-11-03,44103,2943,70,1,1,1951.05
17083,1097100,2026-04-11,9735,1944,94,1,1,2647.75
17084,1077402,2026-04-01,27871,1245,48,1,5,796.32
17085,1068665,2025-05-03,31833,2403,67,1,2,31499.61
17086,1009924,2025-08-06,49408,852,40,1,2,296.83
17087,1188929,2025-10-26,18760,1045,83,1,5,1098.68
17088,1047824,2025-11-18,37508,1209,25,1,2,408.12
17089,1112906,2026-02-04,12215,2179,98,1,1,48094.75
17090,1049225,2025-09-01,40651,2494,12,1,3,141024.46
17091,1147354,2026-03-18,3633,1754,36,1,2,4628.22
17092,1181223,2025-05-19,14157,891,39,1,3,830.6
17093,1153490,2026-03-25,47750,689,9,1,2,880.09
17094,1004577,2025-10-01,38850,2353,114,1,4,12446.25
17095,1013263,2026-03-26,37823,639,4,1,5,3426.19
17096,1029590,2026-04-07,43108,580,48,1,5,1606.46
17097,1142194,2025-08-20,11114,1861,114,1,5,6071.04
17098,1002681,2025-07-14,15676,2987,103,1,5,6179.5
17099,1037892,2025-04-25,38411,1436,14,1,1,122653.11
17100,1168456,2025-09-15,3151,693,20,1,1,4449.97
17101,1057630,2026-02-12,2476,1214,103,1,2,3571.83
17102,1117007,2025-10-05,14066,2010,31,1,4,9148.69
17103,1140073,2025-08-15,45062,2180,73,1,5,8525.56
17104,1057164,2026-02-25,26032,1343,12,1,2,3973.0
17105,1010373,2026-02-02,30219,2603,88,1,5,9583.06
17106,1108768,2025-05-29,42779,2417,3,1,5,1843.79
17107,1032943,2026-03-27,30969,1399,113,1,5,47630.33
17108,1100510,2026-03-03,23896,538,116,1,4,102.94
17109,1166741,2026-01-26,1662,2783,44,1,3,1226.63
17110,1107626,2025-12-06,40342,2142,35,1,5,10339.23
17111,1110702,2025-04-27,19933,2404,59,1,4,367.39
17112,1195130,2025-12-10,42172,1377,7,1,1,1021.93
17113,1018615,2025-10-30,13779,352,95,1,5,234.04
17114,1042955,2026-01-25,36449,499,7,1,3,1658.01
17115,1158793,2025-07-16,35313,623,12,1,1,4747.33
17116,1183666,2025-11-21,451,2825,46,1,1,3412.43
17117,1030987,2025-05-13,7794,568,97,1,1,599.37
17118,1092010,2025-12-10,20055,1527,2,1,2,635.92
17119,1171781,2025-12-16,15146,1714,102,1,4,16630.39
17120,1110351,2025-12-10,14965,2019,66,1,3,6825.8
17121,1089929,2025-11-25,19804,2955,22,1,2,25592.22
17122,1078828,2025-08-17,41143,2303,73,1,4,10189.54
17123,1086258,2025-12-03,6804,2606,7,1,3,50872.67
17124,1193930,2025-10-26,23175,1208,58,1,5,3448.88
17125,1166938,2025-09-23,35634,740,68,1,2,13094.36
17126,1190604,2025-11-14,15154,512,77,1,2,26050.71
17127,1109539,2025-08-30,943,2334,56,1,4,1556.75
17128,1014309,2025-09-13,4938,2366,49,1,5,606.29
17129,1109668,2025-11-18,3368,1375,106,1,5,94783.6
17130,1027165,2026-02-07,1588,2008,90,1,4,306.65
17131,1031986,2026-04-15,40840,246,108,1,1,15837.54
17132,1017878,2025-05-14,47228,800,87,1,5,7748.89
17133,1137389,2025-06-10,31546,641,65,1,4,40657.71
17134,1190628,2025-09-06,14558,1530,36,1,3,1641.46
17135,1126236,2025-12-04,14247,2988,70,1,5,8168.21
17136,1167434,2025-05-30,39534,258,51,1,1,13764.32
17137,1112447,2025-08-21,33207,2841,48,1,3,36.17
17138,1158716,2026-01-20,35464,2466,20,1,2,2231.08
17139,1011132,2026-02-24,49815,184,14,1,4,2269.09
17140,1000093,2025-11-01,23189,2937,91,1,1,76544.1
17141,1089811,2025-10-06,34850,893,110,1,1,7746.14
17142,1029511,2025-04-16,11739,2312,2,1,1,196360.9
17143,1181276,2025-08-02,42282,1900,62,1,4,1022.27
17144,1151445,2026-03-09,12530,1771,82,1,2,7731.24
17145,1145416,2025-11-02,44087,2611,10,1,5,26927.95
17146,1125776,2026-02-02,18236,1733,112,1,3,4110.35
17147,1195212,2025-04-05,31312,1533,42,1,3,94187.1
17148,1140754,2026-03-31,36547,1045,34,1,5,1140.96
17149,1196726,2025-11-19,42690,1140,114,1,4,306.77
17150,1011087,2025-08-18,22621,2868,42,1,2,777.64
17151,1042024,2025-06-02,24936,1106,73,1,4,73184.34
17152,1099878,2025-07-22,8385,2356,102,1,1,51995.73
17153,1171308,2025-07-13,46906,1038,22,1,5,437.76
17154,1133956,2025-07-13,5167,82,109,1,1,381.16
17155,1196761,2026-02-07,10256,375,57,1,5,19026.44
17156,1161213,2026-03-13,36340,2123,75,1,5,13670.18
17157,1030119,2025-05-06,8148,94,109,1,2,723.57
17158,1083446,2025-08-01,7715,2884,64,1,1,2486.5
17159,1126774,2026-01-22,4051,1608,66,1,3,7363.63
17160,1041232,2026-04-12,4503,467,32,1,3,34720.85
17161,1091234,2025-09-23,40454,2614,102,1,3,84247.93
17162,1189953,2026-03-07,39637,296,89,1,1,122.76
17163,1145084,2026-02-14,30614,2801,105,1,1,360.58
17164,1024949,2025-06-18,4831,2542,72,1,2,518.15
17165,1088596,2026-04-09,8211,2120,59,1,3,2019.22
17166,1100746,2025-04-22,2816,261,10,1,2,2508.75
17167,1196077,2025-08-01,5409,987,38,1,1,963.64
17168,1052006,2026-01-15,17640,2342,91,1,1,10318.9
17169,1076423,2025-06-12,12697,2998,65,1,2,7454.35
17170,1152250,2025-06-17,9360,2727,7,1,2,35194.13
17171,1083711,2026-03-25,4225,2239,89,1,3,9641.65
17172,1155407,2025-06-29,36172,120,75,1,5,2880.02
17173,1088057,2025-09-12,43957,1063,35,1,3,22263.03
17174,1023849,2026-02-01,33494,174,41,1,2,4327.55
17175,1036473,2026-02-13,36091,2592,83,1,2,43835.13
17176,1083612,2025-11-08,39593,1127,112,1,1,25662.14
17177,1151460,2025-09-10,20914,2832,76,1,2,1704.43
17178,1119888,2025-11-17,15848,1176,92,1,4,3128.76
17179,1053947,2025-04-24,43359,1595,52,1,4,7645.98
17180,1004024,2025-07-06,36420,1526,94,1,4,36485.95
17181,1083864,2025-12-07,34118,892,12,1,3,86629.95
17182,1054160,2025-09-02,36537,1377,42,1,5,2987.98
17183,1198591,2025-05-24,21305,746,54,1,3,1220.23
17184,1176477,2026-04-26,47039,2478,92,1,5,3585.48
17185,1145385,2025-07-28,2075,1532,92,1,5,34707.86
17186,1147459,2025-08-11,287,1271,7,1,5,13462.77
17187,1156017,2025-07-31,20418,2994,119,1,2,1235.97
17188,1194630,2026-03-25,36190,2122,6,1,4,70915.49
17189,1082900,2025-06-14,48832,2944,90,1,4,4171.88
17190,1096706,2025-05-10,46231,1096,9,1,2,2715.89
17191,1058307,2025-06-29,34740,2165,74,1,2,21023.75
17192,1161732,2025-07-26,2821,1336,54,1,1,4420.23
17193,1082708,2025-08-29,21671,1429,82,1,3,379.02
17194,1119968,2025-07-01,24958,2259,33,1,2,32891.02
17195,1134960,2026-01-20,34277,2071,23,1,4,1749.72
17196,1159446,2025-12-20,33187,1970,108,1,3,1162.21
17197,1005787,2025-10-23,11846,2838,77,1,5,13070.62
17198,1197212,2025-12-03,1105,2478,82,1,5,3265.23
17199,1138350,2025-10-08,15331,1957,48,1,5,23801.83
17200,1068844,2026-03-20,30159,190,120,1,4,604.98
17201,1004739,2025-09-24,44528,2942,88,1,5,173.25
17202,1064168,2025-11-19,5866,504,24,1,2,1555.84
17203,1024648,2025-07-24,980,557,51,1,3,3640.86
17204,1079880,2026-02-12,12701,148,54,1,4,981.36
17205,1159245,2025-08-04,2012,1901,111,1,5,1575.66
17206,1196791,2026-02-16,19746,1936,112,1,2,512.5
17207,1171731,2025-12-24,19685,2076,46,1,1,22397.78
17208,1183301,2025-08-21,18258,722,43,1,5,210752.19
17209,1012104,2026-02-24,4601,2133,116,1,3,5188.63
17210,1080244,2026-03-06,24663,1690,104,1,4,1923.83
17211,1121840,2026-02-22,20118,2607,101,1,2,793.53
17212,1030015,2026-03-23,28304,1312,36,1,3,519.4
17213,1083321,2025-06-27,8009,2866,22,1,4,1397.55
17214,1151390,2025-09-09,26993,63,18,1,1,1943.95
17215,1048905,2025-08-31,19613,1642,101,1,1,1652.88
17216,1191478,2025-12-11,30080,1114,12,1,1,2883.64
17217,1195303,2025-04-18,44952,2801,74,1,3,746.05
17218,1079484,2025-09-30,22161,338,38,1,5,25866.43
17219,1023183,2025-11-09,10666,2631,87,1,4,555.83
17220,1012292,2026-04-07,41093,520,42,1,4,402.31
17221,1178105,2025-12-31,2214,2053,73,1,3,25051.26
17222,1156370,2025-09-26,27740,1611,104,1,5,3182.15
17223,1189246,2026-03-02,33626,2551,31,1,3,321.98
17224,1010052,2026-02-02,12313,2362,37,1,2,3686.06
17225,1072361,2025-10-25,26921,708,89,1,5,1482.85
17226,1057217,2025-06-06,38498,1199,74,1,5,77185.89
17227,1143253,2025-11-15,41678,2982,108,1,4,12848.26
17228,1198959,2025-05-04,49434,1237,80,1,4,2279.24
17229,1166943,2025-04-20,43974,2892,37,1,2,14162.65
17230,1102171,2026-04-08,38214,2010,46,1,3,8934.89
17231,1038372,2025-08-12,46351,1791,16,1,2,4665.06
17232,1170989,2025-07-20,27837,2389,115,1,2,3022.12
17233,1047149,2025-12-12,38689,465,54,1,5,3766.08
17234,1141161,2026-03-18,40137,2550,106,1,4,23283.95
17235,1116208,2025-11-29,9959,1286,45,1,4,682.88
17236,1090649,2025-12-05,33615,1132,54,1,3,118792.37
17237,1169547,2025-11-15,11750,2383,26,1,4,9620.07
17238,1069360,2025-08-27,36874,2591,104,1,5,9204.14
17239,1075956,2025-10-24,22550,304,93,1,4,11465.08
17240,1168508,2025-08-13,4217,1537,19,1,5,6675.95
17241,1054080,2025-08-21,43160,2469,69,1,2,4932.55
17242,1086678,2025-08-27,22970,494,93,1,2,103767.46
17243,1128120,2025-07-30,4525,2689,105,1,2,4977.9
17244,1109581,2025-10-03,16270,2872,81,1,5,5605.59
17245,1161704,2026-01-02,48862,2956,96,1,3,1349.36
17246,1099806,2025-09-18,21577,43,64,1,3,1459.8
17247,1104891,2026-02-07,19352,425,93,1,4,315.36
17248,1173668,2026-01-09,3963,762,98,1,3,11500.98
17249,1094568,2025-07-02,24722,1604,1,1,4,1018.72
17250,1033817,2025-09-20,31055,894,64,1,2,4603.56
17251,1169845,2025-05-03,48006,2925,110,1,3,118073.75
17252,1010597,2025-08-21,2408,2689,66,1,1,14959.76
17253,1031023,2026-04-08,22214,2145,41,1,3,17958.27
17254,1145486,2025-09-13,7559,2239,24,1,2,13607.83
17255,1191924,2025-06-09,18746,1780,11,1,4,10261.3
17256,1078702,2025-12-30,44819,935,23,1,3,491.27
17257,1080261,2025-09-08,32179,2908,77,1,4,68744.58
17258,1017775,2025-05-17,34180,406,52,1,1,111.42
17259,1070871,2026-04-21,8043,964,86,1,4,628.3
17260,1156537,2025-05-27,20530,2049,89,1,4,4429.02
17261,1191814,2025-08-08,6517,1545,83,1,5,447.62
17262,1191872,2025-05-29,30433,195,37,1,3,16919.71
17263,1091217,2025-06-24,16088,545,102,1,3,1678.73
17264,1120467,2025-08-22,49079,2838,77,1,2,37540.56
17265,1070669,2026-03-23,3607,2827,91,1,3,729.32
17266,1185392,2025-07-05,17915,2922,106,1,1,2479.27
17267,1181092,2025-12-20,39177,118,115,1,4,3231.37
17268,1193438,2025-07-19,1253,100,105,1,4,931.81
17269,1185122,2025-05-17,30648,660,28,1,1,11770.3
17270,1148263,2025-10-08,2226,1683,87,1,2,484.94
17271,1163493,2025-12-24,5581,2073,4,1,2,254473.51
17272,1027574,2025-11-11,29481,264,2,1,1,450.95
17273,1081911,2025-11-17,5442,2583,61,1,2,2063.01
17274,1053833,2025-09-11,16704,2982,11,1,5,9132.81
17275,1066547,2026-01-05,38767,207,80,1,2,2276.11
17276,1091684,2025-09-09,48117,449,120,1,4,1531.9
17277,1190285,2025-09-07,25859,272,62,1,5,636.38
17278,1088536,2026-03-24,13166,2021,29,1,5,186.45
17279,1060611,2026-01-13,7745,2607,82,1,5,2333.22
17280,1100169,2025-10-03,35410,562,29,1,1,708.91
17281,1170367,2026-03-28,37507,550,66,1,2,17001.77
17282,1017877,2026-02-02,8945,388,113,1,2,102745.91
17283,1026360,2025-09-15,24917,1085,31,1,4,41316.54
17284,1174327,2026-03-30,44584,340,61,1,2,4001.32
17285,1087683,2026-02-16,30651,85,87,1,5,1715.18
17286,1057104,2026-04-21,30836,1243,57,1,2,1204.01
17287,1182867,2025-10-09,844,883,112,1,1,4569.06
17288,1106178,2026-01-23,19482,2047,9,1,5,134161.86
17289,1102331,2025-06-16,48933,847,9,1,2,36033.72
17290,1049935,2026-02-24,10701,515,104,1,5,18291.21
17291,1199112,2025-05-02,33802,660,109,1,3,35202.57
17292,1024139,2025-08-30,38997,2995,92,1,2,10038.23
17293,1107992,2026-03-04,42025,2290,42,1,3,23400.59
17294,1037721,2025-07-10,46164,2677,93,1,4,28487.73
17295,1058711,2026-03-31,3866,218,8,1,2,652.39
17296,1176472,2025-10-05,10048,1149,35,1,5,12713.15
17297,1105992,2025-06-23,28719,1123,42,1,3,17387.76
17298,1055936,2025-07-31,27515,2262,89,1,1,4141.53
17299,1176347,2025-10-31,12179,1640,33,1,2,1050.71
17300,1194477,2025-08-10,49857,1506,92,1,2,23340.55
17301,1034583,2025-12-06,978,1670,58,1,3,383.62
17302,1157379,2025-05-08,12698,454,95,1,2,2017.2
17303,1167819,2026-01-19,35152,1485,115,1,1,188910.14
17304,1020932,2025-08-01,39689,2664,66,1,4,17972.54
17305,1051102,2025-10-26,31798,2412,68,1,2,6585.73
17306,1110654,2025-10-20,32037,1666,14,1,1,20170.39
17307,1095870,2026-02-15,45436,1181,22,1,4,8101.01
17308,1194282,2025-09-15,44026,959,25,1,2,2771.44
17309,1195071,2025-10-23,38210,218,70,1,4,667.11
17310,1117034,2025-08-03,20956,866,114,1,3,809.28
17311,1061085,2026-03-15,41770,2379,16,1,1,712.56
17312,1122058,2025-05-31,32229,2239,117,1,1,9438.81
17313,1083267,2025-11-21,1828,510,119,1,1,612.07
17314,1119034,2025-05-05,1899,1183,19,1,3,5199.26
17315,1129189,2026-01-07,49138,1531,90,1,1,77772.9
17316,1031166,2025-10-26,6875,1346,3,1,4,23091.2
17317,1188947,2025-12-11,2627,576,111,1,2,7138.29
17318,1133656,2025-06-07,37557,2126,15,1,2,1332.96
17319,1039263,2025-10-05,23225,1764,69,1,1,4156.7
17320,1163547,2025-12-25,41688,2701,77,1,3,4274.2
17321,1198609,2025-11-12,46699,285,21,1,1,229066.5
17322,1061281,2025-12-12,39193,2034,73,1,3,28768.05
17323,1187746,2025-07-13,32641,1677,4,1,1,6601.94
17324,1108569,2025-05-09,27415,1710,57,1,1,27.69
17325,1046443,2025-10-08,39138,2687,106,1,3,6917.75
17326,1010426,2025-12-09,13624,128,56,1,2,777.75
17327,1023858,2025-08-06,5259,2588,114,1,2,841.5
17328,1192735,2025-10-16,1778,455,117,1,3,609.1
17329,1134505,2026-01-28,45334,1393,111,1,4,6050.57
17330,1114851,2025-09-16,5944,2076,71,1,5,11641.23
17331,1189328,2025-09-17,1438,1957,7,1,2,31618.44
17332,1036226,2026-02-26,23282,2282,6,1,4,3054.71
17333,1087751,2025-10-08,5391,1247,45,1,1,18549.06
17334,1026774,2025-04-12,33274,2239,69,1,4,4578.75
17335,1123823,2025-07-13,36878,1843,71,1,1,7384.79
17336,1042672,2026-02-23,18908,2604,113,1,3,1453.29
17337,1068669,2026-03-20,48909,443,94,1,3,1383.94
17338,1041015,2026-03-09,38581,631,13,1,5,294.57
17339,1095566,2025-11-09,23654,110,63,1,2,18.58
17340,1022275,2025-06-13,5806,1194,31,1,2,17074.86
17341,1051837,2025-12-01,16649,770,76,1,4,66150.43
17342,1187950,2025-07-30,5714,1699,59,1,3,670.57
17343,1066291,2025-12-19,26532,830,21,1,1,12805.02
17344,1106378,2025-11-26,20161,2002,114,1,3,8373.97
17345,1155182,2025-12-12,45878,2595,13,1,1,65868.93
17346,1067482,2025-05-11,38919,1117,86,1,4,69449.85
17347,1173666,2026-01-15,36406,1208,8,1,3,6569.25
17348,1134083,2025-10-14,2612,760,64,1,5,13671.95
17349,1107571,2025-05-14,12933,2754,34,1,5,362.33
17350,1031813,2025-12-07,14735,540,62,1,3,6558.12
17351,1131372,2025-05-23,47032,1768,49,1,2,4801.18
17352,1022153,2025-07-11,26080,812,116,1,4,1145.15
17353,1071653,2025-11-16,25035,1772,3,1,1,117156.6
17354,1137382,2025-08-11,13626,548,87,1,3,800.93
17355,1174142,2025-11-22,19457,468,46,1,4,2140.37
17356,1140953,2026-02-09,85,1142,46,1,4,72929.67
17357,1078398,2025-09-26,20965,2877,23,1,5,555.0
17358,1070425,2025-06-28,49757,598,120,1,1,474.22
17359,1037948,2025-05-10,2493,740,55,1,2,42963.58
17360,1143672,2025-08-23,29750,2906,27,1,4,439.49
17361,1128655,2025-10-03,18282,1810,81,1,3,5845.55
17362,1002076,2025-04-16,13978,2794,38,1,4,16565.0
17363,1192946,2025-09-12,30449,1497,42,1,4,1147.49
17364,1184232,2026-04-09,40550,1974,75,1,4,111082.9
17365,1036382,2026-03-06,26588,247,93,1,3,320.67
17366,1065300,2026-01-12,7337,2750,40,1,5,672.79
17367,1096402,2025-06-18,29757,2495,18,1,4,29828.54
17368,1052660,2025-11-11,41596,1644,92,1,1,1264.94
17369,1170103,2025-09-21,41799,641,90,1,4,18286.5
17370,1172265,2025-12-14,11626,1348,116,1,4,58080.64
17371,1104901,2025-11-13,388,1784,77,1,2,13994.75
17372,1081780,2025-06-30,9188,547,102,1,5,2212.76
17373,1020223,2025-09-19,41233,1706,77,1,1,43369.43
17374,1085582,2026-02-04,22122,1524,60,1,3,5542.39
17375,1107244,2025-09-26,6056,2201,36,1,4,9965.46
17376,1146073,2025-10-17,28688,454,45,1,3,4220.14
17377,1104293,2025-04-26,28949,1897,107,1,3,30.97
17378,1047573,2025-12-01,27570,1050,36,1,2,2095.35
17379,1165236,2026-03-28,10776,1969,115,1,2,620.79
17380,1167573,2025-08-23,43058,1869,14,1,2,320401.25
17381,1043602,2025-09-09,14264,2353,8,1,4,5808.89
17382,1079010,2025-09-23,3347,120,59,1,4,2883.57
17383,1076654,2025-10-13,34369,1798,58,1,2,75473.56
17384,1055640,2025-10-22,31972,1376,102,1,4,4836.0
17385,1024474,2025-04-22,5692,1958,9,1,5,2128.36
17386,1104099,2025-07-08,32972,817,89,1,3,4861.17
17387,1011019,2025-09-27,48523,227,39,1,4,1283.06
17388,1197210,2026-01-17,47118,1561,6,1,2,820.59
17389,1152016,2026-01-27,38915,925,58,1,5,610.12
17390,1082305,2025-06-07,14288,1852,110,1,2,3863.23
17391,1067601,2025-08-31,22599,2620,63,1,4,77561.61
17392,1024638,2025-11-22,12928,1768,113,1,1,4625.81
17393,1192972,2025-09-22,34155,1741,48,1,5,12827.91
17394,1073280,2025-10-07,10364,509,67,1,2,28570.11
17395,1163838,2025-08-01,44390,900,15,1,1,24401.97
17396,1090407,2025-11-11,26475,291,82,1,2,68356.88
17397,1122883,2026-01-01,2841,452,64,1,1,3244.24
17398,1077157,2025-12-10,11910,1366,7,1,4,11342.89
17399,1039757,2025-11-21,34215,1515,37,1,5,103463.08
17400,1109746,2025-09-30,42766,1200,65,1,5,994.52
17401,1006920,2025-10-12,11116,1964,112,1,4,214.59
17402,1030077,2025-07-28,37453,2251,36,1,3,10951.96
17403,1168714,2025-09-22,531,871,7,1,4,1561.83
17404,1072490,2025-09-02,20515,471,10,1,5,15149.55
17405,1091870,2025-12-26,3142,2006,94,1,2,11755.32
17406,1189003,2025-10-15,42160,2990,22,1,3,9362.83
17407,1127840,2025-11-19,49311,67,5,1,1,1714.64
17408,1023555,2025-05-28,2771,292,88,1,3,1039.96
17409,1153393,2025-10-29,39610,2541,58,1,3,8825.11
17410,1197816,2025-08-02,38220,2467,64,1,2,35624.7
17411,1163401,2026-01-30,47249,1374,22,1,1,6301.87
17412,1036060,2025-10-20,39678,1350,106,1,4,3282.39
17413,1144555,2026-02-24,7893,2288,46,1,2,3409.41
17414,1129514,2025-08-26,22809,1040,111,1,3,4591.97
17415,1111650,2025-12-09,10684,1346,44,1,4,10470.03
17416,1065335,2026-03-10,14411,1260,56,1,1,1156.31
17417,1020942,2025-08-22,19313,2700,57,1,5,1398.53
17418,1081345,2025-07-02,19439,532,119,1,4,557.91
17419,1070002,2025-08-15,14609,1362,95,1,4,17885.86
17420,1070309,2025-12-07,11785,909,105,1,5,1196.23
17421,1075629,2025-08-05,32090,2865,106,1,2,6238.51
17422,1187491,2026-02-08,12163,457,88,1,5,6495.92
17423,1116754,2025-04-18,9904,864,102,1,1,18761.54
17424,1005119,2025-06-03,41920,2189,16,1,5,600.13
17425,1040886,2026-03-09,16165,1405,81,1,1,3142.56
17426,1165539,2025-05-17,1576,917,42,1,5,163056.97
17427,1158393,2025-10-09,25819,2749,41,1,3,129081.25
17428,1151147,2025-12-09,7066,2497,91,1,1,31961.78
17429,1190360,2025-12-11,3147,2792,86,1,2,507.5
17430,1168303,2025-06-09,22887,2429,7,1,1,88058.97
17431,1034995,2025-05-17,28098,765,14,1,3,1104.93
17432,1161071,2025-12-27,20139,1658,28,1,5,251358.15
17433,1142136,2026-03-12,31010,2349,114,1,3,12719.68
17434,1013362,2025-08-12,17269,1061,106,1,5,450.62
17435,1074817,2026-03-27,4803,1401,113,1,5,2656.46
17436,1069426,2026-03-15,43873,397,99,1,4,17030.43
17437,1112013,2026-02-03,30331,1235,75,1,4,1779.33
17438,1025548,2025-07-16,172,1175,58,1,3,32840.23
17439,1017525,2025-05-17,29553,1227,80,1,5,366.85
17440,1043511,2025-11-18,46815,2977,64,1,2,1826.17
17441,1079999,2025-04-23,27551,368,17,1,2,2167.75
17442,1191155,2025-06-20,41417,1660,82,1,2,2896.61
17443,1022913,2025-12-12,44029,2031,6,1,4,1473.65
17444,1123798,2026-04-14,24776,2288,85,1,4,1010.89
17445,1028748,2025-10-13,32951,956,65,1,2,2825.08
17446,1074662,2025-05-24,7982,2724,42,1,4,43268.76
17447,1053633,2026-03-04,44423,2215,13,1,3,5371.0
17448,1042779,2025-06-24,48305,83,38,1,5,28238.46
17449,1066335,2026-01-03,24396,1800,33,1,5,13069.89
17450,1157913,2025-05-16,37284,2955,115,1,1,56025.42
17451,1137898,2025-07-14,24139,479,75,1,2,8879.62
17452,1100241,2025-12-10,16170,620,29,1,2,18316.12
17453,1118168,2025-07-04,48683,1141,52,1,4,285.64
17454,1191719,2026-01-05,45142,1004,66,1,1,2547.56
17455,1165415,2025-08-17,44807,2092,101,1,4,904.73
17456,1192085,2025-07-16,33959,1100,117,1,2,25403.07
17457,1148355,2025-08-04,47980,1091,112,1,2,1830.15
17458,1155816,2025-08-21,49446,2018,99,1,1,2446.41
17459,1073659,2025-05-24,18513,2661,90,1,5,22192.96
17460,1145921,2026-03-03,8225,149,59,1,4,830.59
17461,1164617,2025-07-17,5991,1952,69,1,2,81035.8
17462,1126221,2025-10-15,25285,936,14,1,1,1921.81
17463,1010172,2025-11-28,37504,278,48,1,1,3975.36
17464,1014661,2026-03-29,132,1703,7,1,4,26773.71
17465,1019499,2025-12-21,586,1034,29,1,5,859.14
17466,1126123,2026-03-21,1579,837,110,1,1,269.44
17467,1118705,2025-09-15,40516,2202,22,1,2,6012.33
17468,1171943,2025-08-16,21197,2968,33,1,2,1083.69
17469,1134655,2025-10-17,21198,2992,55,1,1,4582.99
17470,1030006,2025-06-17,23629,1609,79,1,2,31514.56
17471,1037805,2026-03-05,41261,1319,27,1,3,607.01
17472,1056633,2025-11-06,15092,748,11,1,1,2042.05
17473,1198180,2025-12-07,37657,2642,79,1,2,210046.76
17474,1178662,2026-02-13,39596,1055,119,1,1,8670.47
17475,1150834,2025-05-13,12440,2743,66,1,4,2672.07
17476,1034054,2026-01-30,22491,857,89,1,3,63009.65
17477,1069254,2026-01-14,48696,2510,76,1,4,2664.67
17478,1004205,2025-12-01,32912,690,6,1,2,3575.55
17479,1000947,2025-06-12,42642,2654,8,1,3,1192.44
17480,1174967,2025-11-16,18470,1557,72,1,2,5169.72
17481,1035453,2025-12-23,35053,2077,24,1,1,789.2
17482,1149949,2026-02-23,31757,2930,36,1,2,4736.82
17483,1019252,2025-10-23,44448,800,118,1,4,4753.05
17484,1032391,2025-12-10,42970,2088,86,1,1,1298.03
17485,1129450,2026-01-22,18647,309,37,1,2,108.88
17486,1064489,2026-02-21,37447,2779,49,1,3,2106.06
17487,1088667,2026-04-02,44584,1144,29,1,2,67580.16
17488,1062751,2026-02-17,32931,1436,90,1,5,88925.1
17489,1186821,2025-12-31,9015,821,15,1,1,1795.04
17490,1027632,2025-09-15,21645,717,99,1,4,21453.15
17491,1091358,2026-01-07,32685,476,68,1,2,42164.69
17492,1036872,2025-08-29,48865,550,42,1,5,17877.04
17493,1127732,2026-01-24,25157,1218,65,1,1,1049.48
17494,1060418,2025-11-28,4605,2980,37,1,1,6472.4
17495,1007456,2025-10-24,40748,2210,9,1,5,8615.26
17496,1120805,2025-11-06,18398,1345,65,1,5,18133.71
17497,1092422,2025-10-12,17918,1338,68,1,4,4107.74
17498,1086197,2026-02-17,35935,50,82,1,5,47856.04
17499,1116685,2026-01-17,33466,2027,86,1,2,193.93
17500,1199538,2025-07-28,7406,1393,14,1,1,6038.96
17501,1090185,2026-01-16,34123,793,79,1,3,1775.77
17502,1095580,2025-09-16,36680,676,98,1,1,18047.67
17503,1095054,2025-09-28,8098,878,41,1,5,208.96
17504,1106469,2025-09-26,22102,2182,62,1,4,22220.04
17505,1046167,2025-12-22,33659,1145,81,1,4,557.54
17506,1070151,2025-11-05,23960,1321,67,1,4,1495.4
17507,1008452,2025-12-11,5326,1179,68,1,3,380.38
17508,1036410,2025-10-26,5849,1732,48,1,2,20553.98
17509,1109354,2026-02-03,21600,33,73,1,4,4445.26
17510,1081861,2026-02-24,38197,32,27,1,5,3996.93
17511,1067952,2025-12-15,9270,728,57,1,2,9684.19
17512,1064677,2025-10-29,28829,2956,63,1,3,1421.83
17513,1012842,2026-01-02,15884,357,82,1,2,2973.25
17514,1185774,2025-09-03,5040,741,65,1,1,20328.26
17515,1121098,2025-12-13,1415,1327,48,1,1,1466.77
17516,1037227,2025-11-15,36284,2638,45,1,4,39526.26
17517,1064677,2026-04-06,11597,1590,7,1,1,6253.45
17518,1066672,2025-10-11,20201,2056,91,1,5,4564.09
17519,1182198,2025-05-10,42666,9,25,1,4,16780.94
17520,1126141,2026-01-25,49808,1784,66,1,4,7154.35
17521,1083362,2026-01-03,13255,1748,79,1,4,887.04
17522,1083183,2025-09-05,27463,338,117,1,2,20641.04
17523,1020469,2026-02-23,14710,1539,34,1,2,20346.07
17524,1025815,2026-01-28,48749,250,27,1,5,2355.57
17525,1037291,2025-06-06,41421,2340,90,1,2,1220.11
17526,1197816,2025-10-13,25419,1070,63,1,2,195.49
17527,1008796,2025-05-30,46735,315,93,1,2,9748.71
17528,1051049,2025-08-15,13777,2440,32,1,2,121556.69
17529,1157286,2026-02-05,43125,1180,117,1,2,8773.98
17530,1146948,2026-02-25,47004,1811,37,1,3,351.86
17531,1076282,2026-03-01,43170,2361,55,1,4,425.63
17532,1105211,2025-09-14,31332,2922,3,1,5,2482.09
17533,1179481,2026-02-15,5603,956,89,1,4,2594.8
17534,1146443,2025-06-11,7456,1012,77,1,2,4164.45
17535,1012874,2025-08-01,20820,871,80,1,2,3131.91
17536,1049755,2025-12-15,33470,442,114,1,1,58904.93
17537,1149894,2025-09-07,47722,241,120,1,3,5991.33
17538,1103866,2025-05-19,4292,2878,1,1,5,139663.82
17539,1156917,2025-07-04,13403,1689,56,1,1,922.84
17540,1157635,2025-10-09,41657,2182,51,1,2,18959.58
17541,1110647,2026-03-13,26600,2038,102,1,4,8523.9
17542,1157938,2025-05-13,34786,1889,10,1,5,5487.89
17543,1111631,2025-10-18,26061,79,113,1,3,28442.84
17544,1144144,2026-04-04,46266,1244,95,1,1,12457.07
17545,1130306,2026-03-10,29793,2311,82,1,1,418.9
17546,1116507,2025-12-11,26803,2867,74,1,4,456.01
17547,1081547,2025-07-18,29105,2864,56,1,3,11590.9
17548,1024426,2025-04-21,28560,440,78,1,3,1325.28
17549,1028457,2025-07-09,22920,2735,112,1,1,11413.86
17550,1072486,2025-11-07,36772,700,101,1,3,2570.69
17551,1116821,2025-07-29,23184,1756,111,1,2,230621.19
17552,1149738,2025-11-21,5316,13,26,1,5,2026.9
17553,1162425,2025-04-15,20233,745,43,1,4,5292.97
17554,1013970,2025-09-29,2784,2142,113,1,1,11172.89
17555,1002107,2025-12-13,37316,1708,19,1,1,5603.78
17556,1028270,2026-02-03,46595,1106,49,1,4,71887.2
17557,1036730,2025-07-24,30526,2086,49,1,1,611.68
17558,1021048,2026-03-08,16674,1998,70,1,1,9625.02
17559,1095953,2026-04-02,22768,1838,86,1,4,494.65
17560,1167981,2026-03-19,48633,2748,114,1,2,861.91
17561,1149257,2026-03-27,45705,2575,115,1,3,381.39
17562,1138565,2025-07-30,21600,935,80,1,5,501.64
17563,1034412,2026-02-17,26108,2891,55,1,5,7041.59
17564,1143328,2026-01-16,48572,2186,116,1,1,1282.57
17565,1172865,2026-03-29,12793,1258,96,1,2,2384.53
17566,1084715,2025-12-25,7104,61,115,1,2,830.93
17567,1099080,2026-01-09,30067,2542,4,1,2,949.17
17568,1034129,2025-08-23,27379,1433,29,1,3,2095.88
17569,1038507,2026-04-02,12901,2353,95,1,4,6174.57
17570,1056464,2026-03-25,35290,2435,40,1,1,51298.1
17571,1099198,2025-09-18,3015,1141,28,1,2,842.01
17572,1162778,2026-01-05,18820,2147,107,1,4,5921.06
17573,1138904,2025-08-24,44898,1628,43,1,2,2839.84
17574,1081056,2025-10-01,48929,2724,94,1,4,43862.61
17575,1038837,2025-11-15,48115,1283,105,1,1,361.12
17576,1088683,2025-04-30,42670,1234,25,1,5,22838.92
17577,1018071,2025-06-27,7720,795,41,1,3,1902.34
17578,1196477,2025-08-03,25451,381,52,1,2,1146.18
17579,1108596,2026-01-22,38716,2025,82,1,3,26635.86
17580,1102760,2025-08-13,31108,874,96,1,1,1537.06
17581,1143932,2026-01-31,30146,2741,90,1,2,7980.5
17582,1020515,2025-10-28,23932,958,43,1,3,12098.51
17583,1181490,2026-04-17,767,1868,91,1,3,11601.66
17584,1111795,2025-10-14,16444,204,85,1,5,1388.95
17585,1069013,2026-02-09,24630,1618,4,1,1,1515.3
17586,1139600,2025-07-16,48657,651,120,1,1,146.98
17587,1174359,2026-03-22,3496,2941,55,1,4,3445.4
17588,1059041,2025-11-16,46447,2096,101,1,2,2050.54
17589,1159851,2025-09-03,13286,1839,69,1,5,63878.14
17590,1085909,2025-06-13,17149,2840,11,1,4,17360.98
17591,1088269,2026-04-25,37434,2190,82,1,3,2678.65
17592,1156945,2025-08-19,1001,1754,86,1,5,4577.03
17593,1110623,2025-05-29,26941,432,86,1,3,209.03
17594,1179529,2026-03-09,35382,873,56,1,1,31595.35
17595,1199909,2026-02-15,20284,1228,90,1,3,13328.27
17596,1149089,2026-01-31,23338,2012,54,1,1,11236.07
17597,1009227,2025-08-08,48149,598,44,1,1,2187.45
17598,1044533,2025-05-02,44720,1941,92,1,3,1994.56
17599,1197904,2025-04-28,28756,572,74,1,1,5583.53
17600,1009800,2025-05-19,19276,1819,91,1,4,86782.79
17601,1068178,2025-10-19,7824,1179,109,1,5,722.59
17602,1049088,2026-04-09,1056,2537,76,1,5,531.8
17603,1083498,2025-10-31,32529,580,52,1,3,3066.59
17604,1004029,2025-09-11,27643,2318,5,1,2,10561.11
17605,1037804,2025-09-18,42837,2710,91,1,3,43966.93
17606,1042050,2025-11-25,28030,161,13,1,3,1567.38
17607,1150197,2026-02-27,398,260,67,1,2,9098.11
17608,1191684,2026-03-08,46683,938,23,1,5,36969.31
17609,1131596,2025-10-16,39736,2887,63,1,4,122107.9
17610,1178489,2025-12-17,8331,1721,60,1,5,361.11
17611,1073343,2026-02-23,1768,2174,29,1,2,1410.67
17612,1149133,2025-07-08,24883,665,90,1,3,486.0
17613,1143520,2025-08-21,26102,2402,103,1,4,4028.38
17614,1124174,2025-07-09,1385,812,76,1,2,6832.9
17615,1141816,2025-05-28,49414,2582,82,1,3,38293.45
17616,1081188,2025-10-24,11594,368,108,1,3,1985.92
17617,1029515,2025-08-24,39456,1325,83,1,5,1180.45
17618,1075239,2025-08-02,30449,481,54,1,5,1235.28
17619,1011903,2025-07-23,20986,1547,59,1,4,2333.62
17620,1132486,2025-12-21,4067,1489,116,1,3,64012.23
17621,1186366,2025-10-30,47034,1575,45,1,1,12951.83
17622,1012912,2025-09-27,31746,2698,44,1,5,1817.43
17623,1164840,2025-11-08,33231,1854,9,1,3,33170.55
17624,1055178,2026-02-06,43940,2790,13,1,3,389.19
17625,1075572,2025-11-13,23247,2783,83,1,3,1273.11
17626,1163624,2025-10-03,38185,2187,66,1,3,3029.29
17627,1100617,2025-12-13,9431,638,78,1,4,242.38
17628,1176633,2025-11-22,42520,61,39,1,4,812.39
17629,1173239,2025-11-30,34603,2385,49,1,4,144.85
17630,1092792,2025-04-28,48889,2310,50,1,4,2933.31
17631,1188048,2025-07-17,12562,1180,96,1,1,8928.04
17632,1106960,2026-03-22,26979,209,105,1,1,331.88
17633,1019012,2026-03-06,13976,2359,30,1,5,6646.71
17634,1009604,2025-06-26,9077,736,70,1,5,721.74
17635,1025065,2025-10-01,27629,280,70,1,5,1948.15
17636,1017641,2025-12-02,37325,510,48,1,5,2421.07
17637,1125473,2025-05-03,27643,1426,59,1,2,147368.29
17638,1189046,2025-06-21,6117,316,83,1,1,2519.23
17639,1131824,2025-07-17,30252,714,43,1,3,757.23
17640,1122013,2026-02-21,6209,894,106,1,3,4502.17
17641,1124217,2025-10-15,10564,1817,93,1,1,192.66
17642,1010117,2025-08-05,29631,2401,104,1,3,131190.75
17643,1096953,2025-12-30,16345,2317,86,1,2,11930.38
17644,1140015,2025-08-02,26001,2792,65,1,4,483.66
17645,1010697,2025-06-10,29574,539,97,1,1,717.85
17646,1144038,2025-12-12,39502,2133,94,1,1,2421.76
17647,1001822,2026-01-24,48797,2162,53,1,4,289177.4
17648,1080699,2025-07-21,13203,592,69,1,4,1376.26
17649,1003671,2025-07-28,17833,335,17,1,2,3210.91
17650,1009380,2025-11-23,15592,877,5,1,2,4166.19
17651,1017054,2025-09-11,2996,1595,60,1,3,14300.69
17652,1155496,2025-12-04,41208,1264,21,1,1,1950.52
17653,1183003,2025-09-22,8943,49,114,1,2,61.53
17654,1142790,2025-07-15,29943,2517,35,1,4,655.28
17655,1151128,2026-02-08,44941,237,40,1,5,6382.18
17656,1004461,2025-11-13,43539,1969,42,1,1,591.4
17657,1091057,2025-08-04,18511,1530,84,1,5,789.54
17658,1127739,2026-02-06,7905,1236,2,1,4,183.44
17659,1066823,2025-06-23,30636,280,43,1,1,1827.57
17660,1126394,2025-10-18,11922,1424,53,1,3,4936.68
17661,1011538,2026-04-03,29631,582,84,1,4,2489.09
17662,1194366,2026-01-16,20401,195,16,1,2,16111.57
17663,1010036,2025-07-08,2014,1014,48,1,5,21033.55
17664,1165385,2025-11-12,45558,2290,74,1,4,11240.03
17665,1157992,2026-03-25,14171,2491,5,1,1,615.93
17666,1197314,2025-11-07,21667,2635,97,1,2,22662.57
17667,1039317,2025-08-20,1512,925,22,1,2,1201.61
17668,1039989,2025-12-04,26297,30,84,1,2,1866.89
17669,1022410,2026-02-01,31850,2854,100,1,3,9474.03
17670,1033536,2025-12-10,7579,2757,80,1,2,142.21
17671,1017806,2025-10-25,29940,283,33,1,2,6640.19
17672,1190447,2025-05-22,33136,1410,18,1,3,8668.53
17673,1026167,2026-01-08,41336,1629,11,1,2,1763.81
17674,1016455,2025-09-18,16492,2736,37,1,2,382.86
17675,1151635,2025-04-18,31254,881,94,1,4,12184.76
17676,1046082,2025-11-09,12888,811,7,1,3,912.57
17677,1106418,2026-01-05,36783,1152,91,1,5,9518.27
17678,1077971,2025-07-13,18253,1693,88,1,4,72291.83
17679,1094454,2026-04-14,15165,180,88,1,5,77.6
17680,1079775,2025-05-21,29036,51,88,1,3,456.39
17681,1129766,2026-02-22,21785,1682,93,1,5,26977.78
17682,1008289,2025-12-18,11377,1590,67,1,2,2884.85
17683,1012472,2026-03-24,10254,75,36,1,4,6317.3
17684,1055478,2025-12-09,21547,1069,8,1,4,1279.57
17685,1178230,2025-10-07,10607,833,99,1,2,354560.59
17686,1149360,2025-06-10,37575,759,68,1,3,69891.1
17687,1068490,2025-05-24,12630,975,80,1,1,5944.6
17688,1066967,2025-10-16,15194,2604,45,1,3,1354.01
17689,1032898,2025-08-02,28733,887,3,1,4,35942.55
17690,1192674,2025-11-23,32217,51,46,1,2,862.31
17691,1083505,2025-12-31,5275,1745,113,1,5,851.86
17692,1146105,2025-10-14,9191,2460,58,1,1,559.62
17693,1076348,2025-11-18,39007,2788,103,1,1,30959.99
17694,1112726,2026-02-28,26348,2850,76,1,2,15148.81
17695,1150855,2025-06-17,33455,1440,119,1,5,645.5
17696,1162646,2025-12-22,2134,1463,106,1,5,8058.18
17697,1043286,2026-01-29,7147,2703,65,1,4,38702.2
17698,1076025,2025-09-12,17451,2245,31,1,1,94247.1
17699,1029036,2025-11-19,45853,609,69,1,3,978.68
17700,1031975,2026-03-13,2515,2444,77,1,2,6474.36
17701,1067246,2025-10-01,21548,2887,28,1,2,57696.54
17702,1023644,2025-09-29,3549,1064,50,1,4,13341.71
17703,1146705,2026-01-26,24524,2025,114,1,1,13021.74
17704,1129318,2025-10-24,31996,675,107,1,3,147.38
17705,1015959,2025-06-29,33619,825,80,1,1,191751.9
17706,1074574,2026-01-16,21559,1725,9,1,4,1201.67
17707,1057426,2025-11-24,26173,2759,16,1,5,4653.52
17708,1135741,2025-05-02,16843,2150,2,1,2,26958.92
17709,1037089,2025-05-12,13097,1822,96,1,2,1339.44
17710,1130616,2026-03-27,13176,1711,90,1,3,3026.04
17711,1154794,2025-05-26,5858,2589,16,1,3,6696.24
17712,1197272,2025-12-03,19742,91,84,1,2,516.06
17713,1009597,2025-10-22,21696,1243,110,1,4,1608.29
17714,1156941,2025-07-20,13606,2991,88,1,4,158.22
17715,1119130,2025-05-29,1253,2489,113,1,5,1768.31
17716,1055712,2025-09-25,31358,2858,87,1,4,932.92
17717,1185617,2025-10-04,35303,1414,9,1,5,1127.25
17718,1062328,2026-01-21,5593,1857,21,1,4,10268.29
17719,1004046,2025-07-30,32955,2122,63,1,3,36965.62
17720,1196494,2026-01-31,34204,598,103,1,3,1415.19
17721,1101362,2026-03-03,14044,2098,26,1,2,104217.39
17722,1082867,2025-07-16,40000,2744,32,1,1,741.88
17723,1033431,2025-05-22,39233,2865,66,1,5,17375.38
17724,1126045,2025-11-19,46138,2527,19,1,2,12068.48
17725,1187417,2025-04-28,16127,2503,49,1,4,1056.81
17726,1168007,2025-12-03,49058,2380,49,1,4,11075.41
17727,1065948,2026-03-03,47627,2164,70,1,4,4571.14
17728,1170332,2025-05-16,40888,2600,100,1,3,187.06
17729,1064155,2025-05-07,48322,1200,113,1,5,2791.64
17730,1174690,2026-03-19,10169,2624,103,1,2,99.56
17731,1046326,2025-12-10,28470,2636,78,1,4,19638.62
17732,1184234,2025-10-18,45920,1906,43,1,4,1382.26
17733,1142570,2025-10-06,40921,572,45,1,3,6010.61
17734,1092154,2025-06-19,48101,1422,61,1,1,11510.72
17735,1102719,2025-11-14,8976,2129,27,1,2,20583.29
17736,1024478,2026-01-21,33549,1602,82,1,3,9967.8
17737,1180610,2025-11-22,47674,1973,7,1,1,3194.69
17738,1169451,2025-08-28,22246,495,54,1,3,62441.5
17739,1141321,2025-07-16,19999,1264,25,1,4,12428.39
17740,1185908,2025-09-14,20469,2184,38,1,1,34420.78
17741,1028083,2026-03-08,47796,1174,78,1,4,5485.55
17742,1122158,2026-03-06,49664,2384,69,1,5,16853.39
17743,1122778,2026-01-10,28913,2461,3,1,2,8341.03
17744,1175438,2025-10-08,16079,2497,40,1,1,59271.99
17745,1044907,2025-10-17,15292,2075,31,1,3,6064.98
17746,1163790,2025-09-11,15375,1170,52,1,4,8186.53
17747,1012176,2026-03-09,47497,2152,72,1,5,1468.89
17748,1120751,2025-09-05,10310,1623,24,1,5,5638.01
17749,1025924,2025-07-10,30655,1776,36,1,5,2744.16
17750,1017553,2025-09-23,14274,2797,40,1,3,434.73
17751,1078485,2026-03-11,46598,1108,62,1,5,5672.87
17752,1187871,2025-12-30,48270,1040,78,1,5,4026.92
17753,1104691,2025-09-15,24987,1390,53,1,2,58926.28
17754,1148727,2025-07-15,44711,2216,91,1,3,3098.33
17755,1145746,2026-03-09,16618,1028,75,1,1,47594.77
17756,1102412,2025-06-02,30497,709,97,1,1,3193.09
17757,1126064,2026-02-02,10474,1576,22,1,4,1955.02
17758,1021513,2025-10-31,33549,1355,31,1,4,3747.36
17759,1150277,2025-12-10,31593,584,107,1,3,635.38
17760,1080863,2025-08-15,3956,2978,2,1,3,2403.7
17761,1048179,2025-11-10,48332,1098,52,1,4,272126.85
17762,1013111,2025-11-28,33261,2867,84,1,5,1905.3
17763,1106672,2025-06-29,36591,388,3,1,3,102123.18
17764,1154866,2026-01-02,44248,370,25,1,1,6287.44
17765,1014529,2025-07-06,28713,2696,84,1,1,9912.42
17766,1036978,2026-02-01,20813,2892,32,1,5,27200.99
17767,1053209,2025-08-17,43394,784,33,1,1,3119.56
17768,1155800,2025-07-09,49945,2438,83,1,3,1581.65
17769,1039927,2025-07-30,47051,803,112,1,3,12264.32
17770,1136889,2025-11-10,22267,2064,49,1,2,1085.93
17771,1009349,2026-01-10,12453,2198,32,1,4,59035.94
17772,1095140,2026-03-28,30336,311,112,1,5,17887.0
17773,1056258,2026-02-08,31035,2298,74,1,2,469.44
17774,1152981,2025-11-03,10579,170,36,1,3,268.3
17775,1188729,2026-01-06,43447,1796,94,1,1,734.2
17776,1019776,2026-04-08,33457,689,105,1,5,3688.47
17777,1161795,2026-02-17,16522,2594,51,1,4,2620.5
17778,1000873,2025-11-15,2882,1693,13,1,3,16509.14
17779,1135483,2025-11-26,38632,573,90,1,4,319.26
17780,1178396,2025-08-29,15443,1083,98,1,3,11182.92
17781,1006555,2026-02-21,47129,2402,63,1,5,11554.45
17782,1104141,2025-09-04,1221,1570,38,1,2,1701.48
17783,1060491,2025-09-12,7987,410,108,1,3,3474.41
17784,1093677,2025-07-14,42424,2486,97,1,4,6942.03
17785,1071685,2025-09-04,39650,2082,107,1,3,2320.18
17786,1055017,2026-02-07,19396,2450,65,1,2,144681.77
17787,1174761,2026-02-27,15266,1337,70,1,1,1052.98
17788,1026324,2025-08-14,22807,1154,63,1,3,1642.66
17789,1099455,2026-04-02,38081,2046,35,1,3,927.61
17790,1146654,2025-11-03,33558,1123,84,1,4,4324.42
17791,1139245,2025-09-09,8592,965,19,1,3,1856.5
17792,1128152,2025-06-13,18867,1077,12,1,1,28838.22
17793,1058011,2025-06-20,20003,2356,7,1,4,28013.66
17794,1072256,2026-01-17,6247,1238,66,1,4,16902.22
17795,1001961,2025-12-05,46830,2264,64,1,5,120.18
17796,1111210,2025-12-29,6342,214,43,1,5,11599.28
17797,1047378,2026-02-17,26693,1542,30,1,5,3387.26
17798,1177470,2025-09-18,6674,740,69,1,2,42015.88
17799,1028951,2025-08-11,24063,1178,85,1,2,6079.9
17800,1064751,2025-05-28,2825,696,65,1,2,196.36
17801,1043793,2025-05-31,10894,1673,110,1,2,67405.34
17802,1000874,2025-06-21,36998,622,54,1,3,39519.54
17803,1113821,2025-06-19,48546,2373,35,1,3,14338.63
17804,1153554,2025-11-24,1919,1279,105,1,3,6776.37
17805,1015472,2025-08-30,31625,1624,90,1,1,12561.33
17806,1084185,2025-06-10,31203,2268,21,1,3,1681.31
17807,1046477,2026-03-27,17783,495,94,1,5,16165.26
17808,1011355,2025-11-11,46072,862,22,1,4,205.39
17809,1138664,2025-11-03,32633,965,10,1,1,1879.55
17810,1091732,2026-04-04,43329,357,83,1,2,2757.86
17811,1122830,2026-02-19,9920,2880,91,1,5,3013.89
17812,1118501,2025-09-15,10732,1594,109,1,4,8028.78
17813,1058687,2026-03-28,1326,1910,33,1,4,31793.26
17814,1108759,2025-08-17,17743,2548,7,1,3,943.61
17815,1065313,2025-11-22,39309,1769,20,1,2,2386.47
17816,1159921,2026-02-20,2222,2048,84,1,2,8432.69
17817,1071591,2025-06-29,19913,2545,7,1,5,2449.96
17818,1156644,2025-11-10,15629,1597,40,1,3,8888.15
17819,1031826,2026-03-15,4742,575,40,1,1,18064.12
17820,1108373,2025-05-25,12233,2650,90,1,3,2376.02
17821,1100600,2025-05-06,31078,273,15,1,3,5804.38
17822,1185395,2025-06-05,46873,686,31,1,3,5957.0
17823,1049161,2025-12-17,2951,489,88,1,3,5167.35
17824,1070951,2025-05-07,5661,2980,73,1,1,7055.92
17825,1182546,2026-01-10,16649,1395,88,1,2,4040.86
17826,1173871,2025-06-03,40933,2629,53,1,4,185.14
17827,1078370,2025-09-24,25115,796,42,1,2,20921.66
17828,1023481,2025-07-05,2967,984,67,1,2,35308.8
17829,1180202,2025-08-01,45256,2867,54,1,4,473.86
17830,1101576,2025-10-14,44675,1539,103,1,5,6932.22
17831,1139023,2026-04-14,19657,2662,25,1,1,5346.24
17832,1064481,2025-09-24,19895,2499,101,1,5,497.29
17833,1033413,2026-02-19,39086,1113,20,1,4,50435.3
17834,1197919,2026-03-01,10980,2630,20,1,5,661.22
17835,1174162,2026-04-10,17336,2882,70,1,1,4619.43
17836,1181872,2025-12-25,24198,2761,14,1,5,1436.33
17837,1048845,2025-11-30,48250,1599,107,1,5,590.31
17838,1053814,2025-08-25,28710,500,14,1,3,6349.68
17839,1020338,2025-11-22,37136,100,84,1,2,466.07
17840,1083051,2025-11-22,34640,1160,56,1,5,1094.56
17841,1111143,2025-10-05,47369,730,83,1,2,618.69
17842,1181903,2025-10-09,25023,1096,110,1,2,3002.82
17843,1101422,2025-08-15,32049,1741,113,1,4,17753.42
17844,1083696,2025-08-25,42675,2750,110,1,3,633.29
17845,1153724,2025-10-24,747,1712,97,1,2,5052.7
17846,1132126,2025-04-19,14752,159,74,1,1,12376.72
17847,1187805,2026-02-20,20640,2756,83,1,2,423.0
17848,1087701,2025-06-24,18660,1544,23,1,1,106412.8
17849,1115909,2026-03-10,9202,1848,33,1,3,14400.08
17850,1186185,2026-04-06,38909,2709,64,1,4,869.32
17851,1175261,2025-11-13,19444,2206,57,1,2,18401.81
17852,1125426,2025-10-11,42764,196,20,1,1,9240.41
17853,1126668,2025-07-19,26565,1214,116,1,3,3621.48
17854,1134577,2025-10-23,14684,2568,24,1,5,8389.22
17855,1063127,2025-10-18,35633,892,88,1,1,269491.48
17856,1197334,2025-10-18,44562,2462,108,1,1,12509.6
17857,1155357,2025-06-06,4784,2940,111,1,5,202.4
17858,1146635,2026-04-05,36941,848,4,1,4,3108.34
17859,1103176,2025-11-26,25168,213,15,1,2,5749.0
17860,1076619,2025-11-13,45405,575,53,1,1,8045.1
17861,1089967,2025-04-27,1436,649,89,1,1,11070.94
17862,1011983,2025-06-09,967,1771,105,1,4,3886.81
17863,1120828,2025-11-29,10694,539,117,1,3,337.13
17864,1083422,2026-04-01,27447,1519,89,1,2,429.6
17865,1190991,2026-02-03,18723,464,31,1,5,6405.68
17866,1085045,2025-12-21,15307,1664,45,1,4,800.35
17867,1029019,2025-05-20,30803,533,26,1,1,1506.91
17868,1000502,2025-11-15,20870,2333,46,1,1,4700.38
17869,1149971,2026-01-10,24150,826,22,1,1,1866.53
17870,1156069,2025-11-27,12368,1807,93,1,3,41172.64
17871,1107503,2026-03-06,31532,1741,103,1,3,6423.74
17872,1158863,2025-06-10,2979,996,78,1,1,96425.6
17873,1158133,2025-07-17,43272,489,53,1,1,20243.88
17874,1065090,2025-06-03,45711,555,8,1,4,8462.92
17875,1020104,2025-11-01,38392,2742,102,1,5,24121.91
17876,1158012,2026-01-19,9786,2895,31,1,4,1622.58
17877,1123915,2025-05-09,11903,114,34,1,4,3107.68
17878,1190214,2025-10-16,22957,828,2,1,3,571.33
17879,1170543,2026-03-06,46704,195,94,1,5,8293.61
17880,1007666,2025-11-11,47242,1087,4,1,3,7846.88
17881,1144525,2025-10-19,34682,2967,37,1,2,5722.08
17882,1178414,2026-01-25,39468,2220,90,1,1,8398.08
17883,1176625,2025-09-06,12794,1743,86,1,3,833.51
17884,1026734,2025-10-23,171,851,66,1,5,5551.56
17885,1165076,2026-01-09,26964,536,119,1,4,414.66
17886,1186917,2025-07-11,33919,726,115,1,3,196.78
17887,1017853,2025-12-07,23840,1371,50,1,3,133758.23
17888,1096406,2025-11-16,6685,151,83,1,2,4416.68
17889,1096387,2026-02-01,28665,2597,41,1,2,208.94
17890,1064378,2026-04-11,31041,1483,110,1,3,6748.9
17891,1166850,2025-10-14,22198,2004,80,1,5,4696.16
17892,1020660,2026-03-05,6198,2884,113,1,4,830.43
17893,1197672,2025-05-24,36098,248,26,1,5,4185.04
17894,1036948,2025-11-11,46972,2897,29,1,3,923.22
17895,1093191,2026-01-11,9563,2728,99,1,4,519.36
17896,1056591,2025-04-30,17623,2494,77,1,1,72817.29
17897,1150404,2026-04-20,33174,2254,48,1,4,33634.4
17898,1197614,2025-09-17,15578,1754,47,1,3,9067.94
17899,1013957,2026-02-02,22106,1445,105,1,4,8950.96
17900,1037766,2026-03-12,15388,1682,4,1,3,32193.11
17901,1050179,2025-12-09,28840,1196,67,1,1,42799.81
17902,1167702,2026-01-28,12164,2123,57,1,5,7736.4
17903,1113449,2025-10-06,40703,2134,23,1,5,477.69
17904,1122769,2026-03-06,3255,1325,114,1,2,3659.37
17905,1006046,2025-07-09,40680,2925,47,1,4,55407.76
17906,1043174,2025-10-23,28939,2121,64,1,4,294.13
17907,1170608,2026-04-08,48294,1690,90,1,4,2049.37
17908,1063292,2025-11-02,43876,560,100,1,1,2002.32
17909,1068484,2026-01-28,6792,448,29,1,2,10892.25
17910,1079277,2025-08-18,3648,982,42,1,1,25573.6
17911,1073497,2025-11-07,16833,2536,62,1,5,408.03
17912,1080347,2026-01-30,13379,148,21,1,5,899.37
17913,1118900,2026-01-07,27342,2348,117,1,5,4965.96
17914,1113671,2025-11-09,7815,2439,106,1,5,2356.14
17915,1152065,2025-06-17,41556,1829,2,1,1,1186.0
17916,1144716,2025-05-29,3792,2000,54,1,1,17769.18
17917,1111928,2026-03-05,28159,2044,72,1,1,707.31
17918,1158121,2026-01-27,12111,2328,96,1,4,6275.18
17919,1180332,2026-02-24,46530,2608,111,1,4,4483.77
17920,1146945,2025-07-30,10964,1484,51,1,2,2017.68
17921,1194211,2025-11-18,5193,2182,57,1,4,6802.24
17922,1094005,2025-09-29,2151,590,98,1,2,685.55
17923,1140131,2025-07-26,43394,649,75,1,5,3446.86
17924,1105294,2025-07-21,24646,1362,89,1,1,36830.85
17925,1117746,2025-12-22,28746,2125,87,1,2,21644.78
17926,1067312,2025-09-26,4048,2865,28,1,2,18467.43
17927,1107916,2025-06-28,7555,2811,84,1,4,714.51
17928,1006550,2025-04-21,10638,1083,25,1,2,23337.0
17929,1032388,2025-09-16,15086,1772,20,1,4,164394.23
17930,1123629,2025-12-09,17714,716,120,1,4,3082.11
17931,1183364,2026-02-19,44610,1946,78,1,4,91056.6
17932,1017785,2026-03-17,49326,265,4,1,3,18.65
17933,1093562,2025-07-03,21658,1519,7,1,3,451.89
17934,1198660,2025-12-16,16485,2438,104,1,1,559.16
17935,1076128,2025-09-29,45741,1433,59,1,1,1915.17
17936,1063990,2025-11-18,43227,2862,96,1,1,1706.44
17937,1003965,2025-04-30,36315,2637,100,1,3,74463.71
17938,1071327,2025-10-02,32069,1314,27,1,1,56553.35
17939,1138719,2025-12-09,458,307,17,1,1,8410.61
17940,1065347,2025-08-15,540,2680,59,1,4,14829.67
17941,1018069,2026-03-24,28270,1305,96,1,3,5867.81
17942,1194463,2025-12-18,32476,2145,38,1,4,8958.45
17943,1013758,2025-09-06,49084,296,2,1,2,126.48
17944,1073696,2026-02-22,23492,271,29,1,5,219754.04
17945,1093484,2025-11-12,39113,1508,75,1,3,30737.95
17946,1055572,2025-11-16,5076,1223,61,1,2,703.94
17947,1070758,2026-03-12,36998,2445,116,1,4,247.89
17948,1030312,2025-07-12,21640,778,27,1,4,4243.07
17949,1100227,2025-11-19,22163,1389,120,1,1,2019.13
17950,1176101,2026-02-26,16580,737,63,1,1,2068.64
17951,1150018,2025-10-26,37868,1044,19,1,2,71150.14
17952,1017162,2025-11-06,20699,691,30,1,1,2308.85
17953,1108454,2026-04-09,42763,2083,113,1,1,942.62
17954,1108663,2025-10-20,13964,464,39,1,1,2964.02
17955,1049481,2025-11-11,26161,1684,57,1,1,15071.57
17956,1145496,2025-11-30,19330,1922,1,1,3,62540.94
17957,1041301,2025-10-30,4101,552,10,1,1,19094.65
17958,1025008,2025-11-07,8451,2621,77,1,4,29689.6
17959,1071113,2026-03-11,31467,2506,27,1,5,515.9
17960,1023835,2026-01-11,41926,2055,110,1,2,869.43
17961,1103044,2025-09-13,48029,2751,15,1,3,114198.39
17962,1046314,2025-05-29,48566,1745,45,1,1,1780.97
17963,1127164,2025-07-16,484,2765,119,1,3,143.66
17964,1156390,2025-05-28,43187,2094,16,1,1,20486.88
17965,1054397,2026-04-01,9681,2404,24,1,3,368.37
17966,1188930,2026-03-23,21847,523,22,1,2,2191.73
17967,1173141,2025-12-20,36176,2315,87,1,1,6310.5
17968,1149284,2026-02-14,22828,237,111,1,3,6411.37
17969,1196843,2025-05-27,32244,189,64,1,3,75883.61
17970,1189677,2026-03-17,20832,2967,13,1,5,26351.79
17971,1038836,2025-07-12,36535,2720,109,1,4,411647.22
17972,1037686,2026-03-03,14352,2638,106,1,1,12463.31
17973,1121841,2025-09-20,16424,376,31,1,2,4137.37
17974,1178803,2025-05-20,48705,753,118,1,4,191.27
17975,1005154,2025-05-08,46530,2124,102,1,1,13364.21
17976,1184063,2025-07-20,20729,1471,68,1,4,2895.41
17977,1045139,2025-10-10,14419,1612,101,1,3,17195.17
17978,1189988,2026-02-25,45198,2785,118,1,4,6845.42
17979,1062062,2025-09-09,11938,2011,61,1,3,35961.68
17980,1020481,2025-12-10,49831,1675,71,1,2,1793.88
17981,1012585,2025-08-09,32108,2098,50,1,5,33490.21
17982,1008381,2025-10-25,37353,18,79,1,3,1196.03
17983,1054860,2025-08-21,32900,661,91,1,5,1215.01
17984,1137590,2025-08-21,511,1720,13,1,1,832.87
17985,1085344,2025-08-13,22538,2051,5,1,1,185435.35
17986,1050607,2025-12-03,11904,2387,77,1,5,1601.12
17987,1007333,2025-11-20,48236,712,92,1,5,1106.98
17988,1176014,2025-11-06,23625,2751,45,1,5,227588.3
17989,1127448,2026-02-13,7905,1088,66,1,3,13541.03
17990,1132278,2025-04-23,10701,55,113,1,2,91.91
17991,1028206,2026-01-17,34837,418,12,1,4,302.47
17992,1018688,2025-05-23,12313,2212,116,1,5,161.55
17993,1095563,2025-09-22,12015,1218,43,1,5,1959.55
17994,1120876,2026-03-13,14681,1146,87,1,4,2653.93
17995,1166800,2026-03-26,22977,671,73,1,5,871.44
17996,1186854,2025-10-02,36361,2844,120,1,4,1976.67
17997,1063093,2025-06-28,9952,1188,78,1,2,13045.6
17998,1028737,2025-08-20,1527,2256,24,1,3,18223.02
17999,1088632,2025-11-16,49432,1462,43,1,1,2102.91
18000,1021944,2026-02-26,10070,740,86,1,1,14712.11
18001,1061619,2025-10-05,27934,1120,37,1,3,1168.29
18002,1056355,2025-12-28,33473,13,120,1,2,1061.77
18003,1096913,2026-01-20,21242,1634,21,1,2,3943.64
18004,1093957,2026-01-31,25306,2401,48,1,3,63462.33
18005,1031945,2025-09-16,30119,258,41,1,4,14175.51
18006,1149256,2025-11-30,5119,363,49,1,2,704.31
18007,1144719,2025-12-07,49232,1974,4,1,1,53624.82
18008,1066393,2026-04-08,27831,1047,6,1,2,1041.48
18009,1195314,2025-05-25,7450,1866,4,1,1,180.8
18010,1040094,2025-12-24,30223,190,71,1,2,603.71
18011,1097648,2026-03-07,8022,1473,24,1,1,448.05
18012,1135972,2025-07-23,4443,658,88,1,4,4682.61
18013,1050552,2026-02-09,12966,1653,110,1,3,320.96
18014,1036285,2026-01-26,18680,2185,109,1,5,3418.39
18015,1014934,2025-06-07,22225,2512,71,1,1,60643.26
18016,1158631,2025-12-29,4350,1487,44,1,3,14195.7
18017,1192804,2025-10-25,28296,1522,59,1,5,38375.41
18018,1028966,2026-02-24,47599,912,58,1,1,15922.39
18019,1007474,2025-07-06,8566,2403,44,1,3,29305.6
18020,1189875,2025-12-17,46641,223,26,1,5,3906.71
18021,1184368,2025-08-25,12337,1501,90,1,1,6319.5
18022,1113076,2026-01-16,3022,248,25,1,5,1504.3
18023,1141253,2026-03-10,22626,2317,117,1,4,12613.34
18024,1121195,2025-12-01,48411,2929,24,1,4,21357.08
18025,1189057,2025-04-20,23118,1699,13,1,4,2196.35
18026,1069731,2025-08-10,17365,1730,20,1,4,17204.38
18027,1165794,2025-09-01,8736,39,83,1,4,940.78
18028,1108881,2025-11-14,46560,104,113,1,4,33024.72
18029,1133301,2026-04-01,1914,2565,95,1,1,7168.34
18030,1077719,2026-01-21,33619,2125,38,1,1,18373.82
18031,1127875,2025-08-21,27877,909,20,1,5,3709.21
18032,1192464,2025-06-13,12535,1737,97,1,4,2217.91
18033,1104178,2025-12-11,43633,1730,84,1,5,8824.34
18034,1116333,2025-12-12,16510,1752,55,1,1,3007.91
18035,1117211,2025-10-18,21235,1126,19,1,5,6690.29
18036,1034982,2025-11-30,49605,571,92,1,5,36809.45
18037,1124011,2025-08-21,44035,1980,111,1,1,610.74
18038,1142633,2026-01-24,34584,1061,13,1,4,428.71
18039,1088971,2025-07-08,43832,2833,37,1,1,79.07
18040,1020839,2025-09-19,25080,2345,116,1,4,4139.19
18041,1100406,2025-07-12,3190,410,89,1,4,3421.03
18042,1166112,2025-08-21,16197,2725,67,1,1,20144.9
18043,1170800,2026-03-13,49865,1423,29,1,1,2242.01
18044,1159117,2025-06-24,2835,2312,88,1,2,143715.79
18045,1066855,2026-03-31,8546,1052,114,1,3,4282.15
18046,1081860,2025-10-09,25354,2296,46,1,3,3904.87
18047,1072725,2025-11-17,37817,2318,74,1,3,10176.51
18048,1070561,2026-01-16,33849,910,26,1,5,1389.66
18049,1045201,2025-05-01,26800,1314,32,1,2,56706.16
18050,1075430,2025-05-14,21509,1859,107,1,3,110321.68
18051,1056336,2025-09-10,48957,1565,49,1,3,24257.71
18052,1046408,2025-08-15,16065,2905,24,1,2,676.2
18053,1026923,2025-06-29,16421,2305,55,1,2,136822.48
18054,1117451,2025-12-09,33144,1970,54,1,1,575.9
18055,1126241,2026-01-21,6440,2933,42,1,5,10623.05
18056,1100190,2025-11-06,2235,2172,117,1,1,5948.89
18057,1080476,2026-03-18,763,2722,37,1,5,3054.97
18058,1000756,2025-12-14,17820,376,94,1,4,3900.03
18059,1141509,2025-11-30,9052,861,59,1,2,362.36
18060,1000194,2025-12-08,13145,1754,74,1,5,4062.94
18061,1113949,2025-04-30,8187,2172,63,1,2,3320.7
18062,1009388,2025-08-17,29763,1138,17,1,1,5550.39
18063,1171388,2026-01-18,37822,2906,53,1,3,432.26
18064,1197061,2025-10-29,9137,2742,104,1,5,23912.62
18065,1128514,2025-11-21,1381,2953,99,1,4,18791.78
18066,1066901,2025-11-04,48538,1202,41,1,2,963.4
18067,1042166,2025-10-14,4748,2493,26,1,4,363.22
18068,1017553,2025-07-18,31735,2017,61,1,3,2520.22
18069,1197124,2025-06-11,16769,2722,96,1,1,6332.42
18070,1150944,2025-08-25,45221,2184,43,1,3,35572.01
18071,1153559,2026-03-21,29039,1671,18,1,3,3317.7
18072,1073778,2026-04-16,49426,861,85,1,5,697.75
18073,1150124,2025-11-23,27357,563,30,1,5,1665.16
18074,1120132,2025-09-15,10436,2496,40,1,5,4338.28
18075,1009920,2025-06-23,32636,410,5,1,3,1687.13
18076,1174830,2026-01-19,44827,34,104,1,3,358.18
18077,1041566,2025-07-27,326,1098,106,1,4,140059.76
18078,1153202,2025-06-14,11664,1712,98,1,4,2567.06
18079,1025888,2026-03-18,17174,829,102,1,4,2500.81
18080,1161615,2026-01-09,27652,1158,56,1,1,1849.6
18081,1063961,2026-04-08,19265,236,80,1,4,3645.35
18082,1047281,2025-12-10,26547,1444,62,1,5,357.47
18083,1105997,2025-07-14,10534,1735,51,1,4,432.36
18084,1043845,2025-08-19,8417,2567,101,1,4,1790.27
18085,1187236,2026-03-23,37758,158,53,1,3,2348.63
18086,1009886,2026-02-18,30799,1164,1,1,5,32486.28
18087,1006367,2026-04-11,26367,2836,36,1,4,583.84
18088,1069581,2025-12-06,28120,2477,1,1,1,33924.31
18089,1074162,2025-06-10,29,1494,3,1,5,810.95
18090,1079096,2026-02-18,30605,205,106,1,4,3076.63
18091,1007471,2025-10-03,30292,1994,62,1,2,2674.84
18092,1116725,2025-09-18,19947,742,97,1,4,987.88
18093,1193756,2026-02-23,48174,1294,39,1,4,20129.96
18094,1084216,2026-03-19,24280,548,4,1,4,400.46
18095,1139452,2025-10-22,4657,2440,60,1,3,196256.9
18096,1045570,2025-07-07,21551,854,34,1,5,1850.71
18097,1139228,2026-04-17,14830,2110,16,1,2,2174.8
18098,1074491,2025-11-15,36457,2173,46,1,2,2915.15
18099,1149148,2025-08-27,3486,518,33,1,4,8647.9
18100,1106846,2025-07-29,626,1362,99,1,5,17925.88
18101,1119328,2025-09-04,10757,787,117,1,4,1344.99
18102,1172536,2026-01-24,24421,2151,80,1,4,45906.16
18103,1171812,2025-11-29,36703,2187,16,1,3,2769.72
18104,1120491,2025-11-27,36230,1706,40,1,5,45397.95
18105,1015303,2025-11-21,49227,1903,68,1,2,27281.39
18106,1087527,2025-08-31,22302,1160,14,1,3,1161.57
18107,1122328,2025-10-15,38439,703,51,1,2,11843.83
18108,1056752,2025-11-18,17822,954,106,1,1,6006.66
18109,1160129,2025-09-16,10203,1738,11,1,5,10541.27
18110,1090651,2025-05-10,6674,1997,106,1,4,2006.17
18111,1165681,2025-05-31,35355,1484,20,1,5,1299.9
18112,1195292,2025-08-11,4909,2721,86,1,1,2126.21
18113,1169169,2026-03-15,21478,665,116,1,4,542.66
18114,1187511,2025-07-20,7247,537,92,1,1,126139.96
18115,1112816,2025-10-16,39557,1222,101,1,5,5994.63
18116,1037811,2026-01-01,675,914,11,1,2,19379.47
18117,1120323,2025-04-21,48676,636,90,1,1,366.74
18118,1001326,2025-12-26,7905,234,94,1,3,2864.99
18119,1165820,2025-07-11,4572,2384,80,1,4,17967.93
18120,1041235,2026-01-27,41656,1974,112,1,3,26223.2
18121,1047163,2025-10-25,23717,449,96,1,1,1391.97
18122,1125163,2026-02-13,1415,574,104,1,1,2015.83
18123,1186220,2025-10-28,3264,2102,96,1,5,4033.67
18124,1125466,2025-06-30,44035,1496,88,1,4,14520.13
18125,1008525,2025-10-01,21815,2544,75,1,3,10410.87
18126,1085266,2025-12-19,22701,919,58,1,4,5874.79
18127,1113039,2025-12-16,42053,1394,45,1,3,2675.64
18128,1123279,2026-02-02,2772,2695,64,1,4,125044.95
18129,1073830,2025-12-19,4824,2905,115,1,1,1178.44
18130,1090103,2025-11-25,15716,1812,1,1,3,5083.97
18131,1043771,2025-05-23,10515,1266,20,1,1,636.37
18132,1055836,2026-01-10,38336,52,93,1,4,7855.51
18133,1045309,2025-11-18,25944,552,41,1,1,7380.49
18134,1137630,2025-08-02,37789,732,83,1,3,3358.13
18135,1180035,2025-12-26,30152,622,60,1,5,230403.98
18136,1098915,2025-12-28,2050,550,120,1,3,30557.48
18137,1066006,2025-12-14,48601,532,49,1,3,967.92
18138,1020106,2026-03-18,11683,1519,37,1,2,453.64
18139,1056756,2026-03-03,41213,1276,28,1,2,30279.75
18140,1145467,2025-09-29,10742,2223,21,1,1,326.17
18141,1136312,2025-07-28,36633,456,63,1,1,6905.31
18142,1031407,2026-03-10,37901,398,18,1,1,3672.19
18143,1155044,2025-06-23,26348,1590,117,1,2,15180.09
18144,1026618,2025-11-17,14266,632,92,1,3,1536.11
18145,1021729,2025-09-25,9323,1910,42,1,5,33423.3
18146,1152189,2025-11-01,12206,2316,35,1,3,92988.94
18147,1050144,2026-03-16,26872,477,39,1,3,403.65
18148,1023662,2026-01-19,48202,2271,13,1,1,2861.76
18149,1008403,2025-07-07,26112,2558,12,1,2,31943.6
18150,1167347,2025-05-20,37712,2019,99,1,5,30198.98
18151,1080741,2025-09-25,25431,2220,93,1,3,2270.55
18152,1189327,2025-06-28,35031,1083,47,1,3,33603.87
18153,1189137,2025-12-01,45289,2763,57,1,5,51666.47
18154,1153694,2025-11-16,44686,2770,28,1,5,9029.63
18155,1063292,2026-02-26,21523,1186,92,1,2,851.35
18156,1075891,2025-08-19,6463,2044,16,1,2,352.57
18157,1091287,2025-11-11,40187,2890,112,1,5,11440.37
18158,1041755,2026-02-23,42141,1023,52,1,5,2738.59
18159,1115379,2026-02-27,32317,515,20,1,5,4446.71
18160,1097929,2026-01-09,4253,505,117,1,3,934.16
18161,1136140,2025-11-21,11251,2044,36,1,2,1378.82
18162,1137011,2025-05-03,8808,1341,93,1,1,120.9
18163,1011621,2025-09-01,6972,949,97,1,5,636.34
18164,1106832,2025-05-18,20877,1554,1,1,4,9100.84
18165,1076249,2025-05-04,47696,2470,30,1,1,10006.66
18166,1086808,2026-02-08,6771,2249,22,1,4,2871.8
18167,1060011,2025-12-02,38303,1768,45,1,2,3097.28
18168,1090330,2025-09-22,13438,874,50,1,1,2978.97
18169,1001932,2025-06-20,1883,749,85,1,4,2822.99
18170,1170249,2025-10-31,16776,86,86,1,1,117.01
18171,1050721,2025-07-13,10068,160,20,1,3,1143.45
18172,1145050,2025-10-14,29812,384,75,1,5,55284.05
18173,1102028,2025-12-26,25366,1232,90,1,4,60655.37
18174,1051477,2026-04-05,15489,1266,79,1,4,677.26
18175,1168557,2025-10-13,46469,417,81,1,2,494.69
18176,1081534,2026-01-29,5813,788,11,1,5,10359.58
18177,1137292,2025-12-17,33796,1913,22,1,2,13824.0
18178,1194625,2026-02-23,25687,2942,74,1,4,356.65
18179,1143348,2026-04-19,35551,2257,29,1,5,2906.52
18180,1062505,2025-10-29,31669,2425,95,1,3,13676.41
18181,1086653,2025-09-06,15320,228,78,1,2,7200.91
18182,1011855,2026-04-17,2534,2130,99,1,2,6779.31
18183,1124875,2025-11-17,20340,792,80,1,1,2779.23
18184,1102465,2026-02-21,43145,2676,21,1,4,706.29
18185,1161359,2025-05-13,13692,2744,52,1,5,1094.7
18186,1056914,2026-01-16,16074,392,100,1,5,5068.29
18187,1016082,2025-08-31,36730,2276,75,1,1,2066.42
18188,1067936,2025-05-13,5389,2431,93,1,4,10049.21
18189,1003210,2025-12-04,6811,2862,31,1,1,3498.06
18190,1148337,2025-07-12,2074,1217,60,1,3,1821.08
18191,1025966,2025-04-25,12369,2642,114,1,4,60600.85
18192,1017984,2025-07-21,28787,50,113,1,2,23258.26
18193,1007480,2025-12-04,18610,2168,99,1,5,4282.76
18194,1149215,2026-03-27,46691,2647,38,1,4,2644.09
18195,1193085,2025-12-10,20084,1161,67,1,2,6749.11
18196,1115634,2025-05-18,2437,2207,99,1,2,2979.84
18197,1067882,2025-04-23,21541,1381,54,1,5,2867.61
18198,1170058,2025-05-18,974,2576,37,1,4,4115.97
18199,1116817,2025-12-14,33147,2639,23,1,4,395.83
18200,1072551,2026-03-05,23503,1146,98,1,5,7184.11
18201,1092769,2025-07-02,33333,1035,96,1,2,136429.1
18202,1135933,2025-05-05,40803,2675,101,1,3,10865.61
18203,1099950,2026-04-01,30721,1468,113,1,3,48007.86
18204,1036150,2025-12-06,49921,1640,97,1,3,3857.05
18205,1144830,2025-11-03,41801,464,5,1,5,6602.03
18206,1019345,2025-08-22,42720,1738,120,1,2,6938.35
18207,1025041,2025-10-19,48605,2401,95,1,3,125343.82
18208,1128443,2025-08-27,15019,1146,105,1,4,2539.72
18209,1033303,2025-12-09,43386,755,98,1,3,1858.48
18210,1125277,2025-06-25,27026,2116,2,1,1,476.55
18211,1097496,2025-08-27,6210,1730,4,1,3,34624.49
18212,1183241,2025-06-30,4728,1226,39,1,3,6458.55
18213,1060195,2025-04-11,47170,2762,7,1,1,3440.97
18214,1052052,2025-11-22,43390,56,83,1,4,1649.73
18215,1040834,2025-06-24,34146,2402,10,1,1,14824.68
18216,1048480,2025-12-17,33329,1631,101,1,1,7247.06
18217,1016010,2025-04-19,15472,1013,67,1,5,3556.49
18218,1174521,2025-07-27,49548,1793,60,1,5,1841.39
18219,1042585,2025-05-31,13647,2740,78,1,3,34455.06
18220,1022552,2025-11-29,33927,2365,6,1,5,3900.87
18221,1035920,2025-11-09,30172,2806,92,1,2,93766.17
18222,1059994,2025-10-24,14200,1183,94,1,3,16598.63
18223,1061287,2025-10-14,9263,1775,115,1,1,6938.21
18224,1180981,2026-02-15,37971,2563,46,1,2,9453.93
18225,1123875,2026-04-07,29354,1604,3,1,4,1892.32
18226,1109310,2025-12-29,17811,940,24,1,4,687.81
18227,1045082,2025-11-01,4440,2314,52,1,5,2298.76
18228,1008209,2025-05-10,47525,2800,28,1,1,35585.63
18229,1134140,2026-03-30,47186,2535,34,1,1,14421.48
18230,1083284,2025-11-19,48682,2696,44,1,5,10036.66
18231,1041591,2026-02-26,25588,209,15,1,4,334.77
18232,1136242,2025-06-16,44584,2488,108,1,3,2995.36
18233,1198294,2025-11-15,23884,1708,69,1,5,5573.54
18234,1103492,2026-02-07,31905,227,4,1,5,5898.29
18235,1015520,2026-03-01,34745,2959,73,1,4,479.2
18236,1092566,2025-12-12,27119,1542,15,1,5,1558.11
18237,1020901,2026-03-21,46768,2774,80,1,3,134256.52
18238,1167578,2025-07-23,23679,797,12,1,4,174183.03
18239,1123665,2026-04-03,9580,2602,95,1,1,2844.79
18240,1006694,2025-12-05,1989,926,59,1,5,1772.85
18241,1122862,2026-01-19,13984,1644,37,1,4,289.48
18242,1127838,2025-05-27,10051,1277,85,1,4,29220.22
18243,1044863,2025-10-24,5609,326,67,1,5,1694.55
18244,1037763,2025-09-30,31666,242,113,1,4,13014.61
18245,1097870,2026-02-16,14178,665,46,1,4,501.48
18246,1128523,2025-11-22,15053,2889,111,1,3,234793.41
18247,1157325,2026-01-04,911,1357,50,1,1,4358.06
18248,1056671,2025-06-02,32382,1364,103,1,3,902.47
18249,1056959,2025-11-14,35765,1885,29,1,5,915.92
18250,1031761,2025-06-25,31975,2160,26,1,5,12620.73
18251,1057742,2025-10-19,7952,1724,80,1,4,26050.45
18252,1195732,2026-01-25,9111,2928,43,1,5,1542.56
18253,1033916,2025-09-30,20705,2148,33,1,4,613.87
18254,1151665,2025-09-21,29141,1834,30,1,3,3239.88
18255,1155802,2025-09-05,48463,1932,57,1,1,9233.26
18256,1091066,2025-09-17,12390,762,96,1,2,53393.94
18257,1102803,2025-10-29,18847,1713,16,1,1,53070.07
18258,1104588,2025-09-24,15279,926,22,1,2,1872.12
18259,1185609,2026-02-03,48075,1209,97,1,1,418.66
18260,1094219,2025-07-25,30331,996,96,1,2,63902.96
18261,1172464,2025-10-20,36620,2756,97,1,2,839.18
18262,1158986,2025-07-16,34459,356,9,1,1,25405.55
18263,1143719,2026-01-19,6765,1638,42,1,1,3123.29
18264,1094454,2026-02-26,2527,1917,46,1,5,1621.97
18265,1080064,2025-12-27,60,1261,88,1,5,4006.58
18266,1076815,2026-01-13,8977,490,104,1,1,2790.3
18267,1050062,2025-12-13,44694,2573,77,1,5,4369.9
18268,1077503,2025-06-08,48054,2231,81,1,3,730.2
18269,1160347,2025-11-13,47651,2021,85,1,2,344.59
18270,1175206,2025-09-30,24006,2576,65,1,4,6861.08
18271,1013065,2025-06-26,2982,2286,81,1,2,495.84
18272,1141063,2025-09-20,30696,1400,98,1,3,30551.08
18273,1197599,2025-11-19,6419,2863,92,1,2,3178.79
18274,1071793,2025-11-24,24396,2234,100,1,4,5264.39
18275,1115352,2025-07-22,3616,416,110,1,3,83756.68
18276,1147436,2026-03-26,26994,1194,94,1,1,17707.89
18277,1165473,2025-06-24,11946,410,40,1,2,1766.67
18278,1090158,2025-12-08,43787,184,10,1,4,10811.31
18279,1110268,2026-03-28,361,1689,16,1,5,931.44
18280,1017857,2025-05-04,8687,2168,34,1,1,2284.94
18281,1069579,2025-11-29,32336,2235,34,1,1,38712.13
18282,1009818,2026-01-24,14767,646,37,1,4,11264.79
18283,1151094,2025-08-21,38606,299,108,1,1,71398.09
18284,1087588,2026-04-01,36572,2660,87,1,3,80941.66
18285,1043827,2026-01-07,48745,1971,5,1,1,39394.19
18286,1178255,2025-11-13,38136,221,28,1,5,9720.01
18287,1015827,2026-01-11,1679,645,21,1,2,11641.8
18288,1045386,2025-10-01,42585,849,110,1,4,2774.0
18289,1141263,2025-05-05,19649,606,114,1,4,1642.51
18290,1060198,2025-11-12,6706,2707,104,1,1,2924.19
18291,1048788,2025-11-29,18599,2992,109,1,1,4714.99
18292,1073809,2026-01-27,26984,1711,104,1,3,3792.99
18293,1026502,2026-03-28,28296,2655,88,1,3,790.55
18294,1108329,2025-05-18,37843,952,24,1,4,665.61
18295,1012643,2025-11-18,29974,423,64,1,1,4373.83
18296,1103624,2025-11-29,14101,1124,48,1,1,43260.18
18297,1005381,2025-10-19,12028,2341,13,1,4,1814.53
18298,1148544,2025-05-12,49213,2720,56,1,4,379669.35
18299,1169210,2025-11-13,41140,2382,44,1,2,1244.58
18300,1038632,2026-01-16,1114,473,48,1,3,336.73
18301,1030529,2026-03-18,25963,1333,68,1,5,218.77
18302,1079782,2025-11-14,26468,2866,75,1,4,2074.65
18303,1129114,2025-09-15,32628,2082,23,1,5,2421.74
18304,1098360,2026-02-18,48011,763,37,1,3,6679.98
18305,1168945,2025-07-29,49598,157,4,1,5,416.93
18306,1127152,2025-11-14,49193,1951,21,1,5,59913.96
18307,1026520,2025-10-06,14183,1305,84,1,3,5156.69
18308,1199581,2026-01-04,25529,2168,96,1,4,4589.5
18309,1129252,2025-09-12,4391,1364,58,1,2,877.47
18310,1052376,2025-09-19,4624,1267,114,1,5,6674.43
18311,1124597,2025-11-26,5974,1527,89,1,3,1239.65
18312,1106785,2026-03-21,12223,1790,70,1,2,25.67
18313,1021803,2026-01-17,43024,1039,41,1,2,1298.86
18314,1107722,2026-03-19,34267,411,52,1,2,2187.66
18315,1046222,2026-01-30,34112,2945,58,1,1,207.57
18316,1042165,2025-11-21,27621,700,76,1,1,2733.34
18317,1187385,2025-10-04,12667,341,113,1,1,4934.62
18318,1089558,2025-08-03,17508,1460,8,1,3,664.38
18319,1157302,2026-02-18,47805,353,75,1,5,5695.7
18320,1192053,2026-01-16,30774,2305,119,1,1,97403.41
18321,1082638,2025-06-03,18208,754,35,1,1,8058.39
18322,1041427,2026-01-29,1175,3,89,1,5,77306.09
18323,1018552,2026-04-17,27796,2908,67,1,1,70154.08
18324,1106757,2026-03-10,46846,540,11,1,4,6959.63
18325,1144146,2026-01-13,7986,537,36,1,1,68947.08
18326,1019469,2025-05-17,22710,722,97,1,4,69538.36
18327,1155640,2025-09-16,37992,1008,81,1,1,417.29
18328,1165678,2026-01-22,19587,1642,40,1,4,802.71
18329,1142624,2025-09-18,13922,429,37,1,4,14783.42
18330,1107792,2025-04-08,33018,2942,111,1,5,181.65
18331,1112261,2026-03-22,20079,1243,10,1,1,413.26
18332,1155505,2025-12-06,39338,1775,65,1,4,14636.98
18333,1146120,2026-04-22,42029,886,92,1,1,14311.18
18334,1077996,2025-08-27,19231,2620,46,1,4,20468.32
18335,1170406,2025-12-29,40709,703,32,1,2,3392.19
18336,1029034,2026-01-28,9984,2702,55,1,3,1422.48
18337,1073761,2026-01-09,42447,3000,26,1,3,1862.15
18338,1098083,2025-04-24,4207,2773,64,1,2,1911.08
18339,1176673,2025-11-26,40985,1547,68,1,4,4383.11
18340,1139555,2026-03-25,14413,328,102,1,4,6989.98
18341,1032990,2026-03-10,26325,1556,14,1,3,11333.53
18342,1191059,2025-08-29,39994,1695,56,1,2,2523.56
18343,1147097,2025-10-22,41091,1243,108,1,1,849.16
18344,1121827,2026-02-13,27515,2391,79,1,5,3127.81
18345,1048901,2025-06-14,40844,1562,70,1,5,1274.96
18346,1029921,2026-03-26,4300,2999,64,1,4,397.39
18347,1122022,2025-06-01,28460,439,103,1,2,1046.52
18348,1169758,2025-11-01,21255,1293,71,1,4,23700.7
18349,1180531,2025-12-14,20895,2094,63,1,2,5867.88
18350,1141060,2025-11-20,49149,1638,106,1,1,3070.11
18351,1082443,2026-02-02,36822,416,41,1,1,83838.33
18352,1153836,2026-03-06,21934,1941,111,1,3,3937.72
18353,1193651,2025-08-26,13365,2950,100,1,2,8769.91
18354,1142954,2026-02-15,39567,1978,11,1,2,2697.22
18355,1159839,2025-07-11,15418,1925,93,1,1,1172.27
18356,1170805,2025-05-29,20112,603,92,1,4,18626.03
18357,1068813,2025-09-06,30642,2748,108,1,1,1530.44
18358,1069166,2026-01-27,21804,2143,81,1,4,20491.08
18359,1026535,2025-10-23,29451,618,84,1,3,79982.35
18360,1031231,2025-10-08,31287,584,72,1,1,658.34
18361,1095785,2026-04-05,38482,982,69,1,3,6018.22
18362,1119261,2026-01-05,47713,2362,2,1,5,3623.22
18363,1068898,2025-06-22,41717,1585,18,1,5,68250.7
18364,1058375,2025-09-27,41523,1734,72,1,4,1059.09
18365,1134640,2025-12-07,46169,1909,30,1,4,1947.79
18366,1003744,2025-12-23,27924,1653,109,1,4,950.77
18367,1191896,2025-12-05,2667,528,4,1,3,60081.25
18368,1184999,2025-09-19,8461,985,65,1,5,756.4
18369,1011401,2025-12-06,37596,32,49,1,5,3499.95
18370,1010402,2025-07-22,22756,2807,102,1,2,3347.65
18371,1118039,2025-05-16,36536,2496,75,1,3,2082.64
18372,1098956,2025-07-14,39347,569,58,1,1,211.67
18373,1185895,2025-08-01,18801,184,27,1,5,11243.44
18374,1120794,2025-11-16,37440,868,115,1,4,18.94
18375,1160150,2026-02-12,15436,388,88,1,3,460927.75
18376,1056390,2025-12-10,35460,520,99,1,2,739.75
18377,1121194,2025-06-24,29038,138,34,1,1,68.6
18378,1053881,2025-09-19,13148,1302,72,1,5,8118.6
18379,1070409,2025-11-19,4009,141,61,1,2,66469.55
18380,1145428,2025-06-20,43741,207,24,1,3,2444.83
18381,1122954,2025-04-06,30950,958,74,1,3,11941.49
18382,1156625,2025-08-10,37107,26,77,1,3,77564.04
18383,1117103,2026-04-12,4310,419,114,1,1,5559.79
18384,1132842,2025-12-16,6077,667,51,1,3,1358.68
18385,1014801,2026-03-28,43216,2548,17,1,3,967.56
18386,1176584,2025-07-05,32182,692,8,1,5,10687.56
18387,1140695,2026-01-21,38836,1686,64,1,5,650.13
18388,1199514,2025-06-02,21761,594,110,1,2,5218.53
18389,1117930,2026-02-01,49054,1214,111,1,1,10608.91
18390,1061518,2025-11-30,10897,406,39,1,2,475.57
18391,1083757,2026-03-30,31308,991,55,1,4,7595.02
18392,1011245,2025-08-16,8443,461,75,1,4,155453.08
18393,1087207,2025-08-19,23915,1488,91,1,1,10613.74
18394,1103858,2026-01-31,18022,2945,31,1,4,250.63
18395,1104329,2026-01-07,28953,2078,50,1,5,29.63
18396,1015011,2025-07-14,48728,2671,21,1,1,8859.72
18397,1046043,2026-01-01,31887,2600,28,1,1,175.75
18398,1174391,2025-09-20,21327,1513,72,1,4,1339.17
18399,1047880,2025-08-08,10103,2911,25,1,4,49393.95
18400,1013544,2025-07-19,1156,2744,54,1,4,707.44
18401,1166677,2025-11-18,37790,2168,79,1,4,1972.43
18402,1188482,2025-06-22,13605,2149,49,1,1,487.42
18403,1034371,2025-08-30,12076,2299,10,1,5,4766.22
18404,1114588,2026-03-06,7337,1957,43,1,1,7322.06
18405,1016428,2025-05-11,41574,607,31,1,1,9604.4
18406,1066951,2025-07-25,46948,2605,10,1,2,9628.39
18407,1180731,2025-10-29,39904,947,109,1,1,16310.04
18408,1064091,2025-12-13,15506,2603,12,1,3,18735.16
18409,1112625,2025-09-25,15758,1396,12,1,1,8377.83
18410,1131972,2025-11-07,24757,1874,26,1,3,24448.31
18411,1105032,2026-01-18,33433,2774,2,1,1,120675.33
18412,1009648,2026-03-09,4604,2405,20,1,3,9165.85
18413,1163312,2025-08-15,35290,1594,43,1,4,17794.96
18414,1086689,2025-06-14,39558,1040,112,1,4,4531.03
18415,1054712,2026-02-23,47509,2317,36,1,1,13925.68
18416,1152780,2025-11-24,7854,2469,61,1,3,1464.45
18417,1076277,2026-02-12,49688,1573,107,1,5,21181.76
18418,1079350,2025-06-25,10032,2860,65,1,2,229354.07
18419,1057506,2025-11-10,17,1657,82,1,4,335.02
18420,1005914,2025-06-06,32716,2474,19,1,3,821.88
18421,1139309,2026-01-15,44350,557,45,1,2,6820.59
18422,1140107,2025-11-27,43286,1501,48,1,1,2799.92
18423,1010014,2025-10-03,21465,760,109,1,3,6182.16
18424,1016178,2025-10-03,42139,56,93,1,4,1168.37
18425,1011540,2025-11-22,510,1400,55,1,4,55860.09
18426,1043592,2025-10-29,43022,423,91,1,4,4562.68
18427,1073938,2025-07-09,7413,2705,64,1,3,214.72
18428,1050829,2025-10-07,4954,2756,114,1,1,466.09
18429,1193934,2025-10-24,12444,1780,87,1,1,20720.62
18430,1090678,2026-02-18,9300,134,77,1,3,425.5
18431,1193979,2026-01-21,25107,1773,74,1,1,267.79
18432,1090579,2025-08-13,43333,152,58,1,2,1662.09
18433,1035429,2025-06-08,18335,490,71,1,3,2736.67
18434,1027312,2025-12-19,44706,560,16,1,5,2005.09
18435,1162961,2025-08-13,48245,574,97,1,2,6009.96
18436,1043522,2025-06-06,44524,152,20,1,4,1589.03
18437,1118321,2025-10-28,48913,1271,114,1,4,20527.16
18438,1031702,2025-05-07,48360,645,82,1,3,6504.59
18439,1013040,2025-05-10,13101,1958,26,1,2,6095.75
18440,1000141,2025-10-01,26505,2182,56,1,3,7185.11
18441,1071561,2026-02-08,805,2522,7,1,1,15337.35
18442,1035492,2026-02-04,13361,1174,13,1,3,1710.13
18443,1088633,2026-03-20,5660,25,15,1,1,951.71
18444,1089043,2025-07-17,46449,1857,6,1,2,10800.39
18445,1150098,2025-11-21,38367,2382,52,1,5,2638.41
18446,1015799,2025-11-05,5341,649,76,1,1,3506.19
18447,1147211,2025-05-09,44652,2720,52,1,3,281346.46
18448,1049971,2025-07-07,22838,1123,58,1,3,12901.17
18449,1041713,2026-02-05,21377,1028,46,1,3,77217.75
18450,1147561,2026-02-01,31068,632,113,1,1,3257.84
18451,1116434,2026-01-30,22325,2895,79,1,2,5006.07
18452,1129266,2025-07-29,13914,1119,31,1,4,13840.42
18453,1097196,2025-11-21,18073,1573,111,1,3,4560.92
18454,1149752,2025-12-27,19190,734,13,1,5,1456.33
18455,1188221,2025-07-20,40295,117,29,1,5,5133.7
18456,1075099,2026-01-05,46976,176,28,1,1,21.29
18457,1045444,2025-07-28,25347,2117,105,1,5,59844.57
18458,1084069,2025-08-15,28893,84,31,1,1,4219.42
18459,1032133,2025-11-19,38857,925,57,1,3,596.98
18460,1175040,2025-04-28,36360,1783,79,1,4,23475.69
18461,1140842,2025-08-20,24374,2747,55,1,3,273.65
18462,1161528,2025-12-13,48304,57,2,1,4,1455.06
18463,1155390,2025-08-23,46593,1373,110,1,5,365.3
18464,1027556,2025-11-08,33044,1526,98,1,1,17655.16
18465,1074458,2025-07-28,35328,1443,92,1,4,1139.77
18466,1174654,2025-09-22,11048,584,1,1,1,1356.9
18467,1136704,2025-10-31,47308,2809,22,1,3,8110.69
18468,1141436,2025-04-03,37791,2087,18,1,1,11587.86
18469,1138599,2025-06-13,20486,1655,104,1,2,13622.52
18470,1037555,2026-04-21,20189,299,86,1,1,70183.41
18471,1098374,2025-05-27,21946,1933,29,1,1,9315.27
18472,1035370,2025-11-20,7868,1325,79,1,2,1166.34
18473,1045950,2025-06-02,5135,1004,32,1,2,1392.31
18474,1186083,2026-03-29,7144,916,113,1,4,3151.2
18475,1194490,2026-02-21,6738,1020,40,1,3,1739.12
18476,1170717,2025-11-08,1555,559,117,1,4,57327.49
18477,1122329,2026-03-31,34397,1219,97,1,5,32264.96
18478,1014111,2026-03-08,44620,1793,62,1,1,578.79
18479,1184232,2025-09-07,404,1398,38,1,2,217157.27
18480,1024638,2025-12-14,35940,1087,114,1,2,7273.11
18481,1111501,2025-05-20,21849,316,67,1,5,2566.39
18482,1186107,2025-08-27,5118,2557,59,1,1,102135.17
18483,1190915,2026-03-30,20065,503,113,1,1,1142.62
18484,1076626,2026-01-12,2933,2593,22,1,1,7237.74
18485,1083196,2025-07-17,6289,2857,14,1,5,416702.4
18486,1077987,2025-12-06,38125,995,75,1,4,3559.66
18487,1091684,2025-04-28,23604,800,3,1,1,10592.54
18488,1143165,2025-09-11,14033,1904,24,1,2,14363.03
18489,1149528,2025-11-26,24603,622,103,1,1,37037.94
18490,1026212,2025-08-17,19108,1329,118,1,3,17549.22
18491,1099973,2025-10-14,27615,1506,18,1,4,23397.17
18492,1009935,2026-01-25,35568,1722,50,1,3,1388.8
18493,1085019,2025-11-30,34746,2257,111,1,3,866.77
18494,1150717,2025-11-23,22569,1,19,1,4,586.03
18495,1158287,2025-06-19,44721,2342,2,1,3,10573.18
18496,1049897,2025-04-05,29965,410,23,1,3,5443.77
18497,1191633,2026-01-28,7067,2680,58,1,4,13240.89
18498,1022829,2025-08-09,3266,2775,28,1,2,1380.99
18499,1115019,2025-04-16,12873,2094,44,1,3,6948.95
18500,1102420,2026-02-22,31216,2550,92,1,5,23134.57
18501,1174775,2026-04-15,41809,797,46,1,2,251258.16
18502,1150209,2025-11-27,40321,369,49,1,3,892.41
18503,1002698,2026-01-15,20578,1503,83,1,4,7561.08
18504,1086792,2025-12-01,21814,1718,33,1,5,2697.22
18505,1126020,2025-09-23,5481,107,64,1,4,622.4
18506,1092880,2025-07-13,33972,2740,2,1,1,65664.49
18507,1084798,2025-10-25,45254,800,33,1,1,4634.61
18508,1060849,2026-03-01,29364,1991,114,1,5,711.0
18509,1054124,2025-06-24,22184,2781,74,1,4,9337.52
18510,1047537,2025-09-15,6781,422,77,1,4,9443.52
18511,1193326,2025-11-14,18291,880,53,1,1,14329.36
18512,1004247,2026-02-15,1033,2855,50,1,2,769.1
18513,1032324,2026-02-01,37529,479,75,1,1,9074.63
18514,1024525,2025-12-15,10905,2990,62,1,1,7246.91
18515,1024156,2026-02-10,2231,2010,82,1,4,9152.93
18516,1154943,2025-08-14,44370,762,27,1,4,12596.15
18517,1004514,2025-10-28,2888,2084,16,1,5,5574.28
18518,1065962,2026-03-06,33432,41,119,1,2,788.41
18519,1179314,2025-08-28,48540,2926,107,1,4,1876.29
18520,1174195,2025-06-25,49720,1084,86,1,5,9721.84
18521,1066208,2025-05-10,16636,2791,52,1,2,2379.58
18522,1026168,2025-07-06,66,1762,73,1,1,9915.1
18523,1050668,2025-05-15,15191,2899,73,1,5,3823.9
18524,1139246,2025-08-20,4570,1930,85,1,4,688.16
18525,1154861,2025-09-22,23121,973,4,1,4,1644.31
18526,1180872,2025-05-17,31684,296,11,1,3,64.45
18527,1163399,2025-12-23,34963,569,69,1,2,211.0
18528,1125591,2025-07-10,20593,576,102,1,5,6861.06
18529,1150067,2025-11-09,27677,496,15,1,5,82.54
18530,1008226,2026-04-20,20575,1414,60,1,5,2117.73
18531,1170694,2025-11-11,998,1781,15,1,5,343952.97
18532,1075419,2025-12-04,26255,1756,7,1,2,233958.27
18533,1043888,2025-10-10,32798,1537,117,1,3,3345.81
18534,1003232,2026-02-27,40343,461,1,1,3,39541.92
18535,1049588,2026-01-27,1051,2933,109,1,4,5382.32
18536,1182509,2025-12-25,38313,2558,61,1,4,32823.46
18537,1051113,2026-03-08,32346,1014,17,1,4,10284.06
18538,1106810,2026-02-15,42807,1137,9,1,4,25335.94
18539,1059424,2025-10-06,22251,935,44,1,3,1580.74
18540,1057097,2025-11-23,22431,250,59,1,1,11108.72
18541,1034816,2026-03-01,5302,2681,57,1,1,122.62
18542,1182180,2025-05-20,22470,294,16,1,4,4399.11
18543,1024064,2025-06-08,40081,97,39,1,3,21919.33
18544,1139712,2025-05-22,35349,980,32,1,3,594.28
18545,1171876,2026-02-24,43380,1801,71,1,4,7086.6
18546,1062517,2026-02-09,4961,593,120,1,5,13481.24
18547,1187414,2025-08-23,26293,768,116,1,3,12273.77
18548,1105754,2025-05-27,14496,981,49,1,1,14785.04
18549,1174133,2025-06-06,113,489,91,1,5,14683.61
18550,1137786,2025-10-02,38098,2159,34,1,5,2965.95
18551,1144215,2025-05-03,17744,1932,49,1,5,2936.56
18552,1190309,2025-11-26,39287,2202,89,1,4,17615.48
18553,1098343,2025-08-25,23314,1841,55,1,2,26123.16
18554,1122275,2026-02-26,19667,161,69,1,4,445.82
18555,1079412,2025-05-30,4884,2297,65,1,1,438.86
18556,1098097,2025-08-14,40866,1294,41,1,5,39202.15
18557,1040687,2025-07-29,9510,1106,40,1,4,70385.75
18558,1088958,2025-12-11,22554,2878,112,1,1,132507.34
18559,1007172,2025-07-17,6815,2764,93,1,2,1376.3
18560,1108598,2025-08-24,33017,2941,28,1,1,3718.36
18561,1173438,2026-02-15,12061,2355,58,1,5,7695.3
18562,1193115,2026-03-06,15046,1001,93,1,5,123028.36
18563,1035071,2025-08-12,4683,1624,18,1,5,8968.98
18564,1054996,2025-06-11,34618,1064,45,1,3,6976.96
18565,1090422,2025-08-26,33006,257,102,1,3,8157.8
18566,1186280,2026-03-24,8384,1381,32,1,2,6398.17
18567,1027714,2025-05-30,42449,1181,99,1,1,8692.3
18568,1132456,2025-11-10,18788,1252,99,1,1,1132.62
18569,1081019,2025-11-06,11455,800,51,1,5,2204.08
18570,1186838,2025-05-07,18215,1089,75,1,1,39923.58
18571,1080157,2025-08-01,40447,1718,118,1,4,5770.89
18572,1019835,2025-12-02,175,1553,53,1,3,10485.55
18573,1096168,2026-02-07,21249,1664,15,1,1,2899.16
18574,1136472,2025-10-01,16592,457,17,1,5,4382.56
18575,1185288,2025-11-03,18564,2571,118,1,5,6734.1
18576,1046682,2025-04-12,48946,1631,17,1,1,15835.52
18577,1142056,2025-05-10,34307,2578,64,1,2,1178.8
18578,1035443,2025-10-21,1193,1977,115,1,1,285.14
18579,1094748,2025-08-25,258,2602,111,1,2,1383.2
18580,1118103,2026-01-16,24819,159,6,1,2,60337.07
18581,1093921,2025-08-07,18947,1314,71,1,1,28182.22
18582,1011901,2025-06-24,43651,762,56,1,4,53820.21
18583,1156590,2025-10-14,4564,205,94,1,2,2924.26
18584,1188986,2025-05-05,25365,250,87,1,5,6955.03
18585,1182120,2025-08-20,26093,1741,5,1,1,5684.99
18586,1100357,2025-12-17,25475,338,75,1,1,19525.85
18587,1192493,2025-09-08,30465,2770,29,1,3,4762.68
18588,1015222,2026-01-19,35916,1299,42,1,4,5989.62
18589,1014384,2025-11-29,17954,1512,73,1,2,24501.9
18590,1053079,2025-09-10,39858,2586,90,1,5,5405.9
18591,1008306,2025-08-27,25430,2195,38,1,2,5471.77
18592,1142938,2026-03-18,17572,1768,96,1,2,6813.82
18593,1116313,2025-05-03,31654,422,72,1,2,4570.6
18594,1009592,2025-07-13,12928,1322,31,1,1,1756.24
18595,1094783,2025-06-28,2740,747,21,1,4,2329.39
18596,1011922,2025-11-28,1313,2436,93,1,1,144268.98
18597,1169756,2025-11-30,17179,2214,20,1,4,4164.09
18598,1154014,2025-06-04,8557,2053,25,1,5,8481.76
18599,1042225,2025-06-29,34365,1973,71,1,5,2089.92
18600,1198697,2025-10-22,30011,2149,68,1,3,93.88
18601,1075634,2025-06-08,45704,938,68,1,3,36615.2
18602,1168534,2025-12-16,37756,897,55,1,1,40084.44
18603,1169974,2025-08-17,37921,1758,38,1,2,620.79
18604,1092060,2025-08-16,35895,859,40,1,5,1519.57
18605,1063294,2025-11-13,11107,504,108,1,2,1568.11
18606,1153066,2025-07-29,47389,1727,72,1,1,35823.46
18607,1061163,2026-03-16,5541,2081,37,1,3,890.26
18608,1187128,2025-07-30,32145,1571,79,1,2,33.76
18609,1117360,2025-12-16,23331,2653,66,1,2,640.38
18610,1104702,2026-01-31,43897,1402,5,1,4,90639.33
18611,1121616,2025-08-06,15404,2494,83,1,2,66748.82
18612,1026266,2025-10-11,30707,1979,54,1,4,2124.51
18613,1102659,2025-11-07,35328,552,80,1,5,7791.88
18614,1090062,2026-03-19,40318,366,73,1,1,1198.7
18615,1012909,2025-08-25,22515,1603,117,1,2,2813.02
18616,1065582,2025-08-14,33766,1980,51,1,3,628.46
18617,1175806,2026-02-26,40625,338,28,1,2,13184.54
18618,1088448,2025-12-19,34066,535,49,1,5,121.18
18619,1149812,2025-05-18,10631,1931,44,1,2,12712.15
18620,1005098,2026-03-20,17602,2961,56,1,5,1342.91
18621,1078545,2025-07-11,46356,126,40,1,1,5707.89
18622,1086250,2026-03-11,42639,2000,112,1,1,18895.85
18623,1176691,2025-09-22,34988,310,4,1,3,2220.04
18624,1198197,2025-09-07,26855,2699,21,1,1,9233.86
18625,1074778,2025-06-21,18772,2347,87,1,4,21488.98
18626,1098353,2026-03-17,18572,1636,57,1,3,107217.51
18627,1020230,2025-11-14,40581,1048,41,1,1,881.91
18628,1000593,2025-06-29,18427,1809,81,1,5,4150.28
18629,1077916,2026-01-18,47449,88,6,1,4,9956.79
18630,1113795,2026-02-12,8307,1704,22,1,3,1651.77
18631,1021096,2025-08-08,47025,2361,77,1,5,395.91
18632,1014694,2025-06-21,34824,2638,47,1,3,26543.87
18633,1103806,2025-09-08,15425,2005,89,1,2,1502.34
18634,1165977,2025-11-04,27950,2790,62,1,1,729.52
18635,1171819,2025-10-31,16210,2436,60,1,2,41502.03
18636,1057339,2025-08-29,40014,488,117,1,1,180662.62
18637,1130614,2025-11-27,41106,958,79,1,3,11787.24
18638,1182467,2025-07-16,45690,2953,119,1,5,9402.22
18639,1102926,2025-05-01,3616,2086,5,1,3,654.2
18640,1131997,2026-02-16,41997,2060,62,1,5,5066.34
18641,1019527,2026-02-14,26116,574,74,1,3,2055.7
18642,1188752,2025-07-10,16226,2324,7,1,3,5152.42
18643,1019311,2025-10-19,27029,112,69,1,2,53117.62
18644,1169294,2025-10-24,44825,2600,31,1,1,535.85
18645,1022857,2025-11-25,2789,905,27,1,4,3253.68
18646,1132882,2025-08-30,23960,1560,61,1,2,7970.52
18647,1127771,2025-12-25,38120,1847,101,1,5,4250.02
18648,1034831,2025-12-09,18252,2199,2,1,5,927.93
18649,1063631,2026-03-05,16215,1493,38,1,5,28148.14
18650,1187427,2025-09-15,35045,1568,106,1,1,1757.8
18651,1181086,2025-11-05,26655,562,71,1,4,688.51
18652,1142387,2026-02-25,19945,1623,7,1,4,15567.01
18653,1154286,2025-10-03,46395,2070,68,1,2,1685.83
18654,1127261,2025-12-17,17694,2736,87,1,3,910.51
18655,1153283,2025-10-01,7038,1187,115,1,3,15864.79
18656,1089634,2025-09-18,14383,186,104,1,5,1122.75
18657,1086639,2026-01-07,48553,2321,48,1,3,1490.72
18658,1082686,2025-06-11,18981,1789,69,1,1,1751.04
18659,1082165,2025-07-14,33724,502,79,1,4,11495.36
18660,1075379,2026-04-20,45454,2982,64,1,5,4386.23
18661,1055183,2025-11-22,11844,1649,118,1,3,7891.84
18662,1113694,2025-07-16,14966,2623,98,1,4,348.52
18663,1139089,2025-07-09,29954,1869,8,1,4,136404.66
18664,1185917,2025-08-07,30148,166,55,1,5,7026.38
18665,1144685,2025-09-20,3024,1986,52,1,4,13422.98
18666,1087653,2026-03-12,9921,2115,110,1,4,1609.57
18667,1109258,2025-07-28,31583,1023,56,1,4,1358.45
18668,1176221,2025-05-30,48330,1437,65,1,5,3860.78
18669,1057838,2025-07-11,39216,2219,94,1,2,96942.83
18670,1066023,2026-04-01,16043,1263,114,1,2,165.77
18671,1044375,2025-05-11,44186,2932,59,1,3,298.47
18672,1014538,2025-11-09,14361,2390,6,1,1,188.9
18673,1005331,2025-10-11,29266,1270,53,1,3,3636.86
18674,1013026,2025-12-07,32500,271,7,1,4,431679.15
18675,1183239,2026-02-10,16305,2482,73,1,5,45681.03
18676,1060438,2026-03-21,22388,1183,91,1,1,16771.91
18677,1127060,2025-06-07,29940,400,98,1,4,51545.89
18678,1191506,2025-12-18,12425,1638,80,1,3,3166.45
18679,1131101,2025-11-15,5646,1566,58,1,5,38.05
18680,1039900,2025-09-06,17555,539,111,1,5,656.8
18681,1021114,2025-11-12,22036,2522,10,1,1,4693.75
18682,1060657,2025-06-03,22748,2951,29,1,1,658.32
18683,1133036,2025-06-23,28759,2939,104,1,4,225.96
18684,1190483,2025-05-09,21147,623,71,1,3,4626.08
18685,1093374,2025-09-11,48879,736,44,1,1,2858.81
18686,1178314,2026-02-26,32719,132,94,1,4,17313.92
18687,1100723,2025-06-30,34454,871,1,1,5,4236.53
18688,1087210,2025-09-20,17271,2053,16,1,2,8751.73
18689,1026166,2025-09-27,2663,207,74,1,3,7215.97
18690,1129436,2025-12-15,10053,2881,47,1,1,380236.63
18691,1065778,2025-08-21,3804,2453,84,1,5,18131.35
18692,1050770,2026-01-13,43088,111,15,1,1,1194.06
18693,1008158,2025-12-01,8447,1317,111,1,1,7013.57
18694,1145257,2025-05-22,9872,26,94,1,4,152095.73
18695,1162938,2025-10-09,12864,2980,71,1,3,6376.16
18696,1000981,2025-07-01,32304,473,49,1,3,678.44
18697,1117949,2025-10-28,13411,950,74,1,3,1426.67
18698,1008651,2025-12-17,46476,256,37,1,1,510.95
18699,1034437,2025-08-11,45715,663,17,1,1,42889.55
18700,1181189,2025-12-08,13948,2778,34,1,3,173.06
18701,1091200,2025-06-18,10263,1202,3,1,1,939.34
18702,1005100,2025-08-29,10770,2576,112,1,5,1347.14
18703,1010794,2026-03-31,963,330,102,1,2,4819.38
18704,1168616,2025-09-14,12648,2541,22,1,2,5744.95
18705,1015231,2026-03-31,36267,2745,55,1,3,19719.63
18706,1116118,2025-10-22,42516,1061,52,1,5,1604.99
18707,1164751,2025-09-30,7622,551,31,1,1,7760.44
18708,1047310,2025-12-27,20520,886,11,1,2,40747.07
18709,1154362,2025-10-13,31167,2473,74,1,3,1389.46
18710,1087984,2025-12-05,28849,479,41,1,3,7760.98
18711,1040324,2025-07-07,46397,1556,7,1,3,4382.54
18712,1051692,2025-04-27,16097,1149,3,1,2,41075.03
18713,1188804,2025-11-17,38095,1315,115,1,1,558.09
18714,1051113,2025-04-14,23831,869,9,1,3,835.9
18715,1141494,2026-04-12,13655,1969,38,1,5,683.61
18716,1118607,2025-12-29,31265,1981,56,1,2,102367.94
18717,1156428,2025-04-28,8031,1549,22,1,4,161128.08
18718,1124436,2026-03-05,12763,1137,79,1,2,12153.19
18719,1098630,2025-06-08,85,957,111,1,1,1190.71
18720,1152319,2025-10-04,6274,368,15,1,1,1012.98
18721,1061040,2026-03-28,35210,2182,116,1,4,14328.78
18722,1000412,2026-03-17,47305,607,50,1,3,9149.46
18723,1189954,2025-09-19,35758,294,19,1,3,4352.62
18724,1149726,2026-01-25,34207,2449,53,1,5,83313.83
18725,1191638,2025-08-31,6094,401,58,1,4,25876.8
18726,1191571,2026-02-06,6600,1783,26,1,3,22240.2
18727,1067306,2026-01-19,31256,2394,38,1,4,212.17
18728,1183841,2026-02-20,7541,247,117,1,1,348.36
18729,1193276,2026-03-13,19122,1484,63,1,1,2042.21
18730,1198283,2025-09-28,35507,2389,38,1,4,2933.83
18731,1181025,2025-12-02,855,1486,7,1,2,151.19
18732,1008456,2025-10-23,22998,1848,44,1,1,7782.1
18733,1010590,2025-12-22,45607,2064,88,1,3,2113.88
18734,1150693,2025-10-03,20668,371,37,1,3,1873.67
18735,1141892,2025-07-05,28057,1753,91,1,1,822.95
18736,1192360,2025-07-22,42832,354,35,1,3,1531.52
18737,1015117,2025-12-06,40612,2791,116,1,3,2131.69
18738,1194585,2025-09-08,13347,2054,3,1,2,1888.84
18739,1187550,2025-05-25,4798,2179,21,1,4,151925.7
18740,1153118,2025-09-28,43299,2812,35,1,4,24075.03
18741,1064119,2026-04-02,45191,1460,78,1,3,673.14
18742,1091958,2025-10-15,37169,633,10,1,1,148.29
18743,1003670,2026-01-04,9710,789,88,1,4,5552.48
18744,1172522,2025-05-24,40649,478,28,1,4,7270.57
18745,1041101,2025-04-27,35209,1109,48,1,4,6131.05
18746,1138578,2025-07-17,35928,1328,106,1,1,40922.92
18747,1182637,2026-02-11,14418,217,49,1,2,3304.58
18748,1102638,2026-03-27,14878,1571,59,1,3,63.28
18749,1150965,2025-11-13,19871,2850,108,1,5,44100.2
18750,1173007,2025-11-16,21390,2918,38,1,4,1347.53
18751,1137232,2026-03-02,9601,981,60,1,5,29291.16
18752,1196591,2025-05-25,21179,552,74,1,3,4346.19
18753,1111603,2025-11-24,24037,2605,43,1,1,14936.44
18754,1090382,2025-10-29,42790,511,42,1,1,28665.6
18755,1039610,2025-06-18,8192,277,32,1,2,684.7
18756,1117855,2025-06-07,42860,51,100,1,2,478.06
18757,1052962,2026-01-02,19989,2737,28,1,4,25107.36
18758,1149901,2026-03-10,35167,2170,91,1,1,348.97
18759,1108471,2025-09-23,45206,2917,15,1,2,268.71
18760,1077947,2025-08-25,973,1293,28,1,3,17000.38
18761,1077712,2025-12-20,10240,382,32,1,3,23603.15
18762,1140492,2026-01-28,6814,217,46,1,5,1766.14
18763,1080210,2025-07-04,41414,1293,13,1,4,8286.34
18764,1184748,2025-09-10,22151,416,69,1,2,77055.04
18765,1181508,2025-05-21,3729,998,11,1,2,4009.08
18766,1076319,2026-04-16,175,2143,8,1,4,6926.86
18767,1189975,2026-02-09,23197,1393,71,1,4,5887.86
18768,1061836,2025-09-24,27408,561,9,1,4,257.46
18769,1198566,2025-08-21,27117,1219,46,1,4,65136.0
18770,1188737,2025-12-05,9611,2732,41,1,4,1406.49
18771,1172808,2025-05-29,38875,2142,72,1,2,21946.4
18772,1077347,2025-12-02,43562,2341,115,1,3,1910.86
18773,1176055,2025-12-05,40730,2601,62,1,2,526.02
18774,1115331,2025-05-18,14273,1583,56,1,2,620.66
18775,1021178,2025-10-23,30491,247,101,1,1,335.39
18776,1098218,2026-02-08,26835,1406,54,1,3,158.55
18777,1153473,2026-03-17,26051,2531,86,1,5,8972.29
18778,1049759,2025-06-21,15127,2988,44,1,5,11808.5
18779,1038693,2026-03-20,46623,922,34,1,1,156.65
18780,1018418,2026-01-29,33652,389,118,1,1,148783.87
18781,1156744,2025-07-18,23643,2343,107,1,1,3085.25
18782,1119902,2025-05-25,35119,2969,81,1,2,136.54
18783,1013958,2025-05-26,13244,1962,16,1,4,561.25
18784,1013535,2026-02-24,3160,251,93,1,2,1822.7
18785,1104396,2026-04-08,38605,2993,67,1,5,537.17
18786,1158657,2025-10-03,15640,146,41,1,2,7306.47
18787,1026631,2026-01-15,48371,1542,51,1,1,3516.86
18788,1077945,2025-07-05,22298,2971,85,1,1,121030.23
18789,1069346,2025-08-20,38305,1624,101,1,5,6010.17
18790,1031542,2026-01-04,28151,173,111,1,4,8376.68
18791,1013898,2025-06-08,42840,94,80,1,4,236.25
18792,1153233,2025-10-06,42963,1218,79,1,5,1032.85
18793,1012273,2025-08-22,35079,1016,11,1,4,48108.63
18794,1127622,2026-03-01,8766,1074,75,1,5,3381.31
18795,1189763,2026-01-04,28403,1848,76,1,3,7584.46
18796,1194086,2025-10-07,25292,1070,65,1,2,95.13
18797,1012455,2026-03-31,24474,2990,3,1,5,2518.49
18798,1090888,2025-11-20,13682,1299,34,1,3,11510.06
18799,1150037,2025-06-20,9414,1038,3,1,3,952.31
18800,1148674,2025-06-12,18158,1878,8,1,4,940.78
18801,1099230,2025-12-07,14396,461,86,1,1,39721.47
18802,1075762,2025-07-24,16983,929,24,1,1,608.1
18803,1042744,2025-05-06,49444,2749,55,1,1,62806.18
18804,1114569,2026-01-28,37835,2881,32,1,5,275434.8
18805,1047599,2026-02-06,26883,1256,96,1,1,23073.89
18806,1016356,2026-03-11,13637,2067,64,1,5,70931.29
18807,1179454,2025-06-30,3289,1619,70,1,1,32938.18
18808,1007504,2025-04-16,6214,2825,112,1,5,3604.57
18809,1118229,2026-04-11,4174,1378,50,1,4,2314.57
18810,1000017,2025-07-19,21614,335,98,1,3,4505.29
18811,1171670,2025-06-29,9970,683,97,1,3,1418.31
18812,1149768,2026-02-04,14339,1401,3,1,1,15879.87
18813,1177472,2025-09-22,15500,2083,116,1,2,1949.17
18814,1182410,2025-10-30,33155,1460,108,1,2,641.8
18815,1117226,2026-02-07,9884,1313,115,1,4,2105.63
18816,1022105,2025-12-29,43106,2870,24,1,1,5380.0
18817,1022834,2026-01-23,31464,501,77,1,1,19842.8
18818,1063431,2026-02-26,44728,1810,80,1,3,5957.62
18819,1159156,2026-03-21,23484,2785,61,1,4,3191.22
18820,1197175,2026-01-08,635,647,91,1,1,4798.8
18821,1108499,2026-01-10,45153,1863,24,1,5,12459.86
18822,1080651,2025-09-30,42847,696,69,1,3,196.37
18823,1068917,2025-11-27,2082,2176,40,1,3,5316.34
18824,1104686,2025-12-02,22643,1003,23,1,1,2872.61
18825,1186458,2025-04-26,42890,1899,117,1,1,92364.78
18826,1061188,2025-12-08,39387,2014,60,1,2,11365.53
18827,1175024,2025-10-25,41779,1345,28,1,5,24151.5
18828,1115279,2025-10-08,15822,1598,109,1,1,83335.85
18829,1170720,2025-12-02,13108,2838,66,1,2,12913.11
18830,1048742,2025-10-13,44826,2011,9,1,4,17734.89
18831,1137242,2025-07-12,7703,2299,70,1,2,1588.62
18832,1108501,2025-09-23,8001,805,23,1,2,6820.92
18833,1167706,2026-04-06,30726,1043,1,1,5,149.77
18834,1105618,2025-11-16,39547,2469,111,1,1,1527.57
18835,1099621,2025-05-17,46528,723,46,1,5,1206.37
18836,1102241,2025-10-03,40176,809,22,1,2,354.36
18837,1132518,2025-07-25,8919,309,53,1,2,452.32
18838,1101093,2025-10-14,42733,2692,111,1,1,42796.36
18839,1104823,2026-01-24,32067,920,43,1,5,267.16
18840,1036463,2025-10-31,41555,2933,67,1,1,16115.99
18841,1071895,2025-09-21,14969,1302,60,1,3,24854.06
18842,1055074,2025-04-06,3434,2396,46,1,1,5698.41
18843,1038186,2025-11-04,22520,1355,67,1,4,1171.88
18844,1111429,2025-08-10,1529,515,119,1,3,4671.66
18845,1169958,2025-07-18,11234,954,9,1,5,2802.3
18846,1078412,2025-06-25,29887,2533,16,1,2,5124.03
18847,1022422,2026-01-09,6720,2786,24,1,3,1897.75
18848,1056371,2025-09-11,4065,441,95,1,5,7808.75
18849,1186460,2025-06-26,3409,1205,79,1,3,45849.96
18850,1177987,2025-06-23,32412,2754,64,1,3,648.91
18851,1036777,2025-12-14,12152,46,38,1,2,49824.15
18852,1187752,2025-11-21,23732,1747,2,1,2,14229.11
18853,1011354,2025-12-30,44276,2103,83,1,2,280.0
18854,1068398,2025-08-23,49552,494,52,1,1,94762.48
18855,1118228,2025-07-25,44342,1532,83,1,2,5705.68
18856,1162618,2025-09-03,11441,2953,46,1,3,37187.48
18857,1063573,2026-02-16,16757,1657,35,1,5,176.16
18858,1159372,2025-05-09,4314,856,15,1,3,27780.84
18859,1128606,2025-12-17,47044,2601,24,1,5,1119.3
18860,1002162,2025-04-26,37015,2289,12,1,3,11322.24
18861,1041409,2026-01-02,36794,658,2,1,5,2928.81
18862,1099422,2025-04-13,35992,2373,22,1,4,30523.27
18863,1143671,2025-12-28,37276,2934,29,1,3,7254.93
18864,1019108,2026-01-21,43094,2019,72,1,4,20953.29
18865,1090108,2025-09-29,41904,2956,5,1,5,5351.33
18866,1199228,2025-06-03,3359,1813,63,1,2,984.36
18867,1193894,2025-05-25,5726,2231,120,1,2,757.98
18868,1148766,2025-05-02,36064,1612,5,1,5,17780.41
18869,1001560,2025-07-10,42793,592,77,1,3,873.11
18870,1181921,2026-01-06,30298,2692,49,1,5,63685.19
18871,1017004,2025-05-17,28361,1402,109,1,3,81823.96
18872,1146086,2025-07-12,46805,1045,24,1,2,1039.49
18873,1165528,2026-04-19,13424,975,65,1,1,6248.58
18874,1140370,2025-09-28,25882,2160,119,1,1,13829.02
18875,1122987,2025-05-21,7702,2507,60,1,3,77.78
18876,1137316,2026-03-19,2172,2077,7,1,3,902.97
18877,1077413,2026-02-06,49468,2448,12,1,2,4277.96
18878,1029313,2025-08-27,28374,133,33,1,4,6721.69
18879,1069175,2025-08-14,7962,1475,35,1,2,13591.57
18880,1073794,2026-01-29,22901,573,108,1,2,630.9
18881,1128976,2026-01-29,35729,763,33,1,2,5932.01
18882,1192429,2025-06-04,33815,2838,63,1,3,12774.09
18883,1026660,2025-11-12,8994,2635,22,1,4,10549.27
18884,1077469,2025-05-15,46334,2689,115,1,2,9858.6
18885,1137308,2025-08-25,38845,1306,87,1,3,9207.01
18886,1149211,2025-12-17,21698,2530,12,1,5,659.9
18887,1164375,2025-05-05,34977,2252,47,1,2,4261.27
18888,1006849,2025-05-18,17436,1378,92,1,3,3561.58
18889,1191273,2025-08-19,33601,576,53,1,1,22253.74
18890,1129947,2025-11-13,19588,2889,93,1,4,123009.02
18891,1047066,2025-12-27,2615,2838,94,1,4,24886.91
18892,1103056,2026-03-15,43163,941,82,1,2,162615.42
18893,1028678,2026-02-10,28839,2174,85,1,5,4287.59
18894,1129917,2025-07-07,10910,1633,119,1,3,269.53
18895,1192116,2025-05-26,4141,1438,2,1,5,9767.34
18896,1125807,2026-02-06,1859,1935,8,1,4,88418.97
18897,1189407,2025-07-26,28299,113,4,1,2,46462.15
18898,1086762,2025-09-24,5690,2290,97,1,5,23887.12
18899,1016525,2025-11-03,4937,1832,60,1,2,3238.35
18900,1019073,2026-03-27,10600,1781,87,1,5,599336.44
18901,1004352,2026-01-15,33931,123,21,1,3,98.31
18902,1129678,2025-06-20,16242,579,102,1,4,427.64
18903,1018701,2025-08-08,2515,1777,87,1,5,438.67
18904,1110612,2026-01-28,31015,2247,52,1,5,530245.76
18905,1143675,2025-08-10,23855,19,35,1,5,11832.1
18906,1032551,2025-08-28,42297,990,109,1,4,4501.86
18907,1078706,2025-10-29,32252,2757,28,1,1,145.66
18908,1009521,2025-10-16,4040,2124,77,1,4,39337.64
18909,1033937,2025-05-28,31886,1794,90,1,4,833.58
18910,1187108,2025-11-20,20256,79,14,1,4,18968.68
18911,1048653,2025-12-31,23367,52,51,1,2,15799.32
18912,1168519,2025-04-20,18057,850,31,1,5,70522.38
18913,1127138,2025-09-15,38751,2062,11,1,5,956.22
18914,1006147,2025-08-31,23238,1082,86,1,2,657.63
18915,1108698,2025-09-01,49938,396,34,1,4,46044.0
18916,1031243,2025-09-11,43549,1624,63,1,4,8730.19
18917,1199301,2025-07-02,34584,417,13,1,1,112.86
18918,1050129,2025-10-25,39405,2523,38,1,5,26170.92
18919,1160613,2025-11-03,31581,2321,80,1,3,3231.76
18920,1113560,2026-03-11,6278,2088,17,1,3,648.3
18921,1074955,2025-09-18,25870,2134,18,1,2,452.31
18922,1127211,2025-11-17,46509,2906,117,1,5,382.06
18923,1092435,2025-11-10,45119,504,56,1,4,4909.69
18924,1094281,2025-10-09,6549,1397,14,1,5,588.06
18925,1048379,2025-08-05,24836,1374,42,1,2,10539.22
18926,1158934,2025-11-16,22672,2913,87,1,3,2521.87
18927,1053692,2025-12-25,28259,269,117,1,2,54049.46
18928,1091776,2025-12-13,27505,1381,100,1,3,15192.57
18929,1006564,2026-02-02,36563,2339,48,1,2,1264.75
18930,1114024,2025-05-26,25243,2000,70,1,5,17244.6
18931,1045311,2025-12-05,29852,1872,58,1,1,686.74
18932,1130800,2026-04-16,34022,1595,66,1,4,21283.53
18933,1019527,2025-05-26,4826,1215,84,1,3,4716.89
18934,1138607,2025-06-19,16014,2292,42,1,2,2033.2
18935,1058657,2025-10-11,40175,1725,108,1,1,1178.01
18936,1198602,2025-11-22,3443,169,37,1,2,6673.79
18937,1139316,2026-03-23,41079,2125,41,1,2,4996.34
18938,1084278,2025-05-23,34864,2291,65,1,5,41816.68
18939,1128013,2026-01-11,42340,183,32,1,5,34696.46
18940,1181267,2026-03-10,10087,1256,89,1,3,24938.86
18941,1120716,2025-11-16,15717,1838,113,1,4,469.7
18942,1176106,2025-08-04,42479,64,117,1,1,27944.34
18943,1000069,2025-11-21,9460,2218,21,1,4,1189.9
18944,1157016,2025-08-12,28990,2583,101,1,5,1350.37
18945,1019318,2026-04-04,34786,2552,54,1,3,18974.28
18946,1024784,2025-11-25,17524,1415,77,1,2,2258.34
18947,1079693,2025-06-22,35272,1091,79,1,1,1696.5
18948,1101724,2026-01-27,37902,532,90,1,2,1040.62
18949,1037100,2025-11-09,48793,181,89,1,3,67687.76
18950,1127155,2025-08-03,46070,613,106,1,5,724.07
18951,1045460,2025-04-28,49087,1549,95,1,5,81243.88
18952,1080587,2025-05-24,1718,1127,24,1,1,84678.5
18953,1020833,2025-06-27,22470,807,10,1,2,646.25
18954,1083108,2025-10-27,15326,2544,73,1,4,6725.78
18955,1178696,2025-12-26,22244,228,32,1,5,19265.3
18956,1125933,2026-03-28,2219,409,69,1,3,1338.12
18957,1158519,2026-03-08,44828,1571,95,1,4,32.59
18958,1084959,2025-12-10,41725,437,72,1,2,8504.92
18959,1060411,2025-10-10,29379,217,102,1,2,3228.34
18960,1002425,2026-01-10,48492,1324,13,1,4,1113.94
18961,1052069,2025-11-17,29800,1027,61,1,4,3448.71
18962,1172173,2025-11-07,44371,61,8,1,3,423.19
18963,1024647,2026-03-12,4439,2389,82,1,2,6177.77
18964,1075202,2025-09-29,13692,2030,114,1,4,6265.56
18965,1101866,2026-04-03,9661,1067,31,1,5,11777.91
18966,1199745,2025-10-24,5931,2939,78,1,4,220.99
18967,1140460,2026-01-02,34669,1088,6,1,5,13069.15
18968,1046078,2025-04-25,41237,2973,99,1,2,726.97
18969,1103406,2025-05-19,10634,717,31,1,1,10900.38
18970,1048281,2025-08-09,2699,684,77,1,3,51660.14
18971,1025706,2025-12-07,40736,894,102,1,3,10513.67
18972,1012297,2026-01-24,8986,2909,72,1,1,428.13
18973,1146987,2025-12-23,26220,2031,46,1,3,4372.03
18974,1044515,2025-12-31,41852,2607,44,1,1,4072.5
18975,1171956,2025-10-12,42197,1381,73,1,3,2891.45
18976,1059914,2025-11-18,25113,1901,62,1,2,1484.8
18977,1056667,2025-05-20,48544,50,35,1,3,23574.12
18978,1157196,2025-10-13,47588,1914,15,1,1,237396.85
18979,1035983,2025-09-23,18852,1001,112,1,5,125338.37
18980,1190511,2025-08-13,37743,1736,86,1,4,11303.14
18981,1077613,2026-04-13,16387,2107,80,1,3,68185.01
18982,1012292,2025-10-06,30574,2417,51,1,5,874.1
18983,1135025,2026-01-19,40845,2271,78,1,2,3474.06
18984,1199319,2026-04-03,37941,341,32,1,2,4758.83
18985,1007792,2025-07-10,43590,1587,81,1,3,1175.49
18986,1016295,2026-01-06,43314,354,23,1,3,1916.92
18987,1073850,2025-11-23,22007,1265,65,1,3,6173.95
18988,1096604,2025-08-15,47923,487,56,1,3,10046.13
18989,1115815,2025-08-03,44228,826,57,1,5,4057.69
18990,1042091,2025-12-06,31880,151,27,1,2,4397.47
18991,1199650,2025-09-16,28872,1738,8,1,3,3307.1
18992,1160601,2026-04-05,44784,500,37,1,5,13378.69
18993,1045163,2026-01-11,42646,1772,16,1,2,295304.05
18994,1116901,2025-11-08,3884,572,36,1,1,5777.44
18995,1196981,2025-11-04,24075,2624,59,1,2,174.67
18996,1062608,2025-04-27,38329,95,38,1,1,14214.86
18997,1125899,2025-10-17,12419,1550,28,1,1,99816.14
18998,1128657,2025-12-22,45052,757,15,1,2,1427.5
18999,1186394,2025-08-10,20639,2112,2,1,5,53492.97
19000,1040820,2025-12-02,20922,950,55,1,5,2803.92
19001,1041627,2026-03-16,37305,316,79,1,5,1208.0
19002,1176983,2025-06-13,11518,593,58,1,4,6163.14
19003,1168645,2026-02-19,39200,2635,77,1,3,11700.46
19004,1093769,2026-01-19,20201,2325,63,1,1,3782.39
19005,1099889,2025-05-06,37869,1789,26,1,4,834.52
19006,1154360,2025-07-12,13984,2624,77,1,4,90.48
19007,1056015,2025-07-15,1888,2450,31,1,5,154123.06
19008,1166543,2025-06-05,23606,939,91,1,4,368830.85
19009,1025273,2025-08-25,30077,1547,70,1,1,1094.94
19010,1031493,2025-05-22,28485,2635,98,1,1,24019.74
19011,1054664,2025-10-12,29868,280,101,1,5,1731.41
19012,1047043,2025-12-27,44121,2940,26,1,2,103.92
19013,1074984,2026-03-19,39637,2671,87,1,3,26913.77
19014,1167692,2026-02-15,22943,948,70,1,4,4161.84
19015,1110610,2025-12-21,4412,2045,42,1,5,1510.36
19016,1055944,2025-11-12,40359,2337,113,1,3,7982.3
19017,1059596,2025-09-10,31689,1580,30,1,2,14292.55
19018,1015242,2025-05-03,20867,482,49,1,3,55347.63
19019,1168935,2026-01-02,12274,1376,105,1,4,9522.6
19020,1040433,2025-07-22,21046,161,40,1,1,452.92
19021,1172511,2025-07-03,2237,420,95,1,2,38817.32
19022,1012424,2025-07-25,38117,1849,78,1,3,161.01
19023,1108268,2025-06-02,844,257,66,1,1,3836.29
19024,1125205,2026-03-07,1406,1516,32,1,2,1258.08
19025,1019709,2026-01-17,11816,1623,39,1,3,11262.35
19026,1061281,2025-11-16,37316,2466,62,1,4,1241.2
19027,1123956,2025-11-11,42686,268,88,1,5,1073.53
19028,1195938,2025-09-17,13209,481,64,1,1,1249.83
19029,1062555,2026-02-22,5621,2387,64,1,2,1745.65
19030,1092137,2026-02-23,6755,645,64,1,4,6105.26
19031,1194060,2025-09-14,49141,477,42,1,2,784.26
