TargetKey,TargetMonth,StoreKey,Category,RevenueTarget,ProfitTarget,UnitsTarget
1,2025-04-01,1,Electronics,55605.47,9239.95,30
2,2025-04-01,1,Home & Kitchen,52866.75,13286.51,43
3,2025-04-01,1,Fashion,59865.66,12360.73,31
4,2025-04-01,1,Beauty & Personal Care,47328.46,13971.21,24
5,2025-04-01,1,Grocery & FMCG,50521.83,10047.66,27
6,2025-04-01,1,Sports & Lifestyle,34796.1,8575.91,20
7,2025-04-01,2,Electronics,48810.34,7970.61,30
8,2025-04-01,2,Home & Kitchen,42427.26,10884.57,49
9,2025-04-01,2,Fashion,39591.09,6485.07,20
10,2025-04-01,2,Beauty & Personal Care,39815.82,5922.37,20
11,2025-04-01,2,Grocery & FMCG,43927.92,9793.63,30
12,2025-04-01,2,Sports & Lifestyle,20827.45,4118.0,20
13,2025-04-01,3,Electronics,53903.74,9757.61,66
14,2025-04-01,3,Home & Kitchen,52961.19,11847.49,46
15,2025-04-01,3,Fashion,52199.37,12307.75,32
16,2025-04-01,3,Beauty & Personal Care,40167.79,9339.16,30
17,2025-04-01,3,Grocery & FMCG,46488.09,6749.41,22
18,2025-04-01,3,Sports & Lifestyle,29493.62,6246.69,20
19,2025-04-01,4,Electronics,39434.41,6471.98,20
20,2025-04-01,4,Home & Kitchen,42086.18,10904.56,29
21,2025-04-01,4,Fashion,44696.49,7934.05,22
22,2025-04-01,4,Beauty & Personal Care,33271.58,7389.67,20
23,2025-04-01,4,Grocery & FMCG,47744.09,9781.73,20
24,2025-04-01,4,Sports & Lifestyle,25600.57,3607.12,20
25,2025-04-01,5,Electronics,52433.31,10888.09,38
26,2025-04-01,5,Home & Kitchen,43883.07,11166.47,42
27,2025-04-01,5,Fashion,49888.78,11121.59,22
28,2025-04-01,5,Beauty & Personal Care,36265.62,8549.43,28
29,2025-04-01,5,Grocery & FMCG,34901.69,8978.85,27
30,2025-04-01,5,Sports & Lifestyle,21856.22,6288.55,20
31,2025-04-01,6,Electronics,27893.24,6305.71,20
32,2025-04-01,6,Home & Kitchen,24117.38,5578.46,20
33,2025-04-01,6,Fashion,26452.95,4333.59,20
34,2025-04-01,6,Beauty & Personal Care,26849.28,6110.92,28
35,2025-04-01,6,Grocery & FMCG,19916.5,5061.78,20
36,2025-04-01,6,Sports & Lifestyle,16902.05,3118.19,20
37,2025-04-01,7,Electronics,34912.09,7779.62,20
38,2025-04-01,7,Home & Kitchen,32557.78,5120.36,20
39,2025-04-01,7,Fashion,44277.24,7692.28,30
40,2025-04-01,7,Beauty & Personal Care,27935.89,6397.38,20
41,2025-04-01,7,Grocery & FMCG,27543.79,7038.27,20
42,2025-04-01,7,Sports & Lifestyle,16320.53,3441.3,20
43,2025-04-01,8,Electronics,42427.83,6906.56,20
44,2025-04-01,8,Home & Kitchen,44861.23,6494.15,28
45,2025-04-01,8,Fashion,44000.23,10328.29,47
46,2025-04-01,8,Beauty & Personal Care,36265.43,9600.7,20
47,2025-04-01,8,Grocery & FMCG,48421.42,10545.79,21
48,2025-04-01,8,Sports & Lifestyle,23837.96,6560.24,20
49,2025-04-01,9,Electronics,54979.68,10302.06,30
50,2025-04-01,9,Home & Kitchen,57650.55,11741.94,36
51,2025-04-01,9,Fashion,58370.88,12076.52,33
52,2025-04-01,9,Beauty & Personal Care,47967.64,10458.98,23
53,2025-04-01,9,Grocery & FMCG,38785.46,9341.22,31
54,2025-04-01,9,Sports & Lifestyle,24868.93,4579.1,20
55,2025-04-01,10,Electronics,46690.73,12985.42,21
56,2025-04-01,10,Home & Kitchen,55185.25,11094.69,27
57,2025-04-01,10,Fashion,59112.06,12523.75,28
58,2025-04-01,10,Beauty & Personal Care,42221.67,7843.42,40
59,2025-04-01,10,Grocery & FMCG,45064.55,10213.87,31
60,2025-04-01,10,Sports & Lifestyle,28551.21,5656.08,21
61,2025-04-01,11,Electronics,42379.08,8110.34,20
62,2025-04-01,11,Home & Kitchen,39926.26,10333.99,30
63,2025-04-01,11,Fashion,44785.41,8303.49,50
64,2025-04-01,11,Beauty & Personal Care,32527.58,7582.2,20
65,2025-04-01,11,Grocery & FMCG,38981.0,10791.8,46
66,2025-04-01,11,Sports & Lifestyle,21072.87,4946.84,20
67,2025-04-01,12,Electronics,39206.07,7908.98,20
68,2025-04-01,12,Home & Kitchen,45262.38,8134.09,30
69,2025-04-01,12,Fashion,51181.53,10543.42,21
70,2025-04-01,12,Beauty & Personal Care,31246.9,5283.75,25
71,2025-04-01,12,Grocery & FMCG,40540.46,8344.33,20
72,2025-04-01,12,Sports & Lifestyle,20148.61,4629.17,20
73,2025-04-01,13,Electronics,34351.19,4889.37,28
74,2025-04-01,13,Home & Kitchen,35047.05,8271.25,20
75,2025-04-01,13,Fashion,43297.36,10455.6,44
76,2025-04-01,13,Beauty & Personal Care,35567.31,6982.02,20
77,2025-04-01,13,Grocery & FMCG,38179.31,9439.6,20
78,2025-04-01,13,Sports & Lifestyle,21369.76,5543.06,20
79,2025-04-01,14,Electronics,59513.41,16366.39,69
80,2025-04-01,14,Home & Kitchen,49527.83,14583.7,32
81,2025-04-01,14,Fashion,56567.57,13296.93,36
82,2025-04-01,14,Beauty & Personal Care,46320.97,13811.42,48
83,2025-04-01,14,Grocery & FMCG,48081.34,13038.24,27
84,2025-04-01,14,Sports & Lifestyle,27270.18,6978.45,28
85,2025-04-01,15,Electronics,37001.62,7786.54,30
86,2025-04-01,15,Home & Kitchen,42792.77,6602.41,20
87,2025-04-01,15,Fashion,45054.93,10271.2,40
88,2025-04-01,15,Beauty & Personal Care,45407.43,6656.46,24
89,2025-04-01,15,Grocery & FMCG,34630.92,5263.87,20
90,2025-04-01,15,Sports & Lifestyle,24512.54,6720.26,20
91,2025-04-01,16,Electronics,49808.62,11976.94,26
92,2025-04-01,16,Home & Kitchen,45784.5,11736.5,33
93,2025-04-01,16,Fashion,49630.86,14277.27,48
94,2025-04-01,16,Beauty & Personal Care,40958.89,7390.75,20
95,2025-04-01,16,Grocery & FMCG,45169.73,10016.56,20
96,2025-04-01,16,Sports & Lifestyle,27132.91,7292.24,22
97,2025-04-01,17,Electronics,40562.36,10144.44,20
98,2025-04-01,17,Home & Kitchen,50907.69,13948.8,28
99,2025-04-01,17,Fashion,59187.69,13244.11,50
100,2025-04-01,17,Beauty & Personal Care,45804.72,13493.75,21
101,2025-04-01,17,Grocery & FMCG,55714.01,15815.85,30
102,2025-04-01,17,Sports & Lifestyle,27876.93,4647.75,20
103,2025-04-01,18,Electronics,25754.18,4100.23,20
104,2025-04-01,18,Home & Kitchen,21210.64,5883.6,20
105,2025-04-01,18,Fashion,23730.61,6217.69,20
106,2025-04-01,18,Beauty & Personal Care,20736.07,3725.76,20
107,2025-04-01,18,Grocery & FMCG,23268.54,5454.32,20
108,2025-04-01,18,Sports & Lifestyle,13406.18,2208.9,20
109,2025-04-01,19,Electronics,31289.0,8337.21,23
110,2025-04-01,19,Home & Kitchen,35568.85,8422.28,29
111,2025-04-01,19,Fashion,36389.19,8268.1,20
112,2025-04-01,19,Beauty & Personal Care,25343.51,3875.26,20
113,2025-04-01,19,Grocery & FMCG,31814.06,4563.93,38
114,2025-04-01,19,Sports & Lifestyle,15333.51,3609.72,20
115,2025-04-01,20,Electronics,38395.65,5602.52,37
116,2025-04-01,20,Home & Kitchen,33208.0,9549.09,20
117,2025-04-01,20,Fashion,42139.34,9592.24,20
118,2025-04-01,20,Beauty & Personal Care,34208.03,6871.58,20
119,2025-04-01,20,Grocery & FMCG,28234.48,5163.88,20
120,2025-04-01,20,Sports & Lifestyle,22674.64,3669.86,20
121,2025-04-01,21,Electronics,47494.86,9558.59,20
122,2025-04-01,21,Home & Kitchen,57204.44,8944.82,30
123,2025-04-01,21,Fashion,60166.73,14776.16,29
124,2025-04-01,21,Beauty & Personal Care,57349.31,14010.71,27
125,2025-04-01,21,Grocery & FMCG,55212.76,10252.13,35
126,2025-04-01,21,Sports & Lifestyle,31456.03,8996.94,20
127,2025-04-01,22,Electronics,72706.83,14385.22,29
128,2025-04-01,22,Home & Kitchen,59585.57,10107.0,38
129,2025-04-01,22,Fashion,55403.81,11011.28,51
130,2025-04-01,22,Beauty & Personal Care,50445.24,7396.56,56
131,2025-04-01,22,Grocery & FMCG,52870.56,11350.42,37
132,2025-04-01,22,Sports & Lifestyle,26792.66,4548.29,21
133,2025-04-01,23,Electronics,47118.55,10064.11,21
134,2025-04-01,23,Home & Kitchen,49833.74,12115.38,45
135,2025-04-01,23,Fashion,46558.9,9971.39,42
136,2025-04-01,23,Beauty & Personal Care,42539.77,10658.65,24
137,2025-04-01,23,Grocery & FMCG,43080.79,8088.88,39
138,2025-04-01,23,Sports & Lifestyle,30305.83,4504.96,32
139,2025-04-01,24,Electronics,55260.9,13701.31,27
140,2025-04-01,24,Home & Kitchen,37995.95,8300.9,40
141,2025-04-01,24,Fashion,50551.81,8969.12,59
142,2025-04-01,24,Beauty & Personal Care,30393.62,8240.68,20
143,2025-04-01,24,Grocery & FMCG,41827.77,7593.88,20
144,2025-04-01,24,Sports & Lifestyle,27283.79,7853.22,20
145,2025-04-01,25,Electronics,56595.48,14541.79,52
146,2025-04-01,25,Home & Kitchen,43323.15,9426.06,20
147,2025-04-01,25,Fashion,57075.82,10845.24,51
148,2025-04-01,25,Beauty & Personal Care,45887.83,12609.84,20
149,2025-04-01,25,Grocery & FMCG,47764.41,9624.21,26
150,2025-04-01,25,Sports & Lifestyle,23933.73,3508.91,20
151,2025-04-01,26,Electronics,38722.94,10961.46,39
152,2025-04-01,26,Home & Kitchen,37227.33,8340.35,27
153,2025-04-01,26,Fashion,30337.8,4488.98,20
154,2025-04-01,26,Beauty & Personal Care,25172.73,6426.71,20
155,2025-04-01,26,Grocery & FMCG,38366.86,11154.6,30
156,2025-04-01,26,Sports & Lifestyle,17920.7,4619.95,20
157,2025-04-01,27,Electronics,39888.79,10664.2,23
158,2025-04-01,27,Home & Kitchen,32948.95,6994.87,20
159,2025-04-01,27,Fashion,43840.63,12663.19,33
160,2025-04-01,27,Beauty & Personal Care,41449.57,7073.02,20
161,2025-04-01,27,Grocery & FMCG,40729.88,5941.6,20
162,2025-04-01,27,Sports & Lifestyle,24151.17,5367.54,20
163,2025-04-01,28,Electronics,57988.73,13332.86,37
164,2025-04-01,28,Home & Kitchen,53602.94,9562.87,35
165,2025-04-01,28,Fashion,67651.07,17201.96,36
166,2025-04-01,28,Beauty & Personal Care,46512.59,7368.44,26
167,2025-04-01,28,Grocery & FMCG,51794.21,8048.32,30
168,2025-04-01,28,Sports & Lifestyle,29238.62,5935.82,20
169,2025-04-01,29,Electronics,59227.03,15631.52,26
170,2025-04-01,29,Home & Kitchen,53536.04,11400.33,31
171,2025-04-01,29,Fashion,66376.85,12504.83,51
172,2025-04-01,29,Beauty & Personal Care,41146.76,10380.57,49
173,2025-04-01,29,Grocery & FMCG,48339.24,11152.69,23
174,2025-04-01,29,Sports & Lifestyle,36890.54,10229.93,28
175,2025-04-01,30,Electronics,40540.84,9148.68,22
176,2025-04-01,30,Home & Kitchen,49655.09,10490.9,24
177,2025-04-01,30,Fashion,52811.14,10873.33,30
178,2025-04-01,30,Beauty & Personal Care,35482.46,5619.05,20
179,2025-04-01,30,Grocery & FMCG,45188.29,8407.51,21
180,2025-04-01,30,Sports & Lifestyle,26242.01,5607.08,24
181,2025-04-01,31,Electronics,30701.78,7723.35,20
182,2025-04-01,31,Home & Kitchen,27041.58,5162.53,20
183,2025-04-01,31,Fashion,31534.8,7038.8,20
184,2025-04-01,31,Beauty & Personal Care,20806.52,5828.56,20
185,2025-04-01,31,Grocery & FMCG,24828.58,6225.39,28
186,2025-04-01,31,Sports & Lifestyle,16931.7,2562.46,20
187,2025-04-01,32,Electronics,34656.08,9667.91,33
188,2025-04-01,32,Home & Kitchen,29951.84,7663.59,35
189,2025-04-01,32,Fashion,46503.62,10626.83,32
190,2025-04-01,32,Beauty & Personal Care,25883.83,7385.11,20
191,2025-04-01,32,Grocery & FMCG,35182.35,8758.86,20
192,2025-04-01,32,Sports & Lifestyle,16838.01,2815.75,20
193,2025-04-01,33,Electronics,47257.71,14125.71,22
194,2025-04-01,33,Home & Kitchen,49302.25,14643.57,35
195,2025-04-01,33,Fashion,46592.79,11461.8,22
196,2025-04-01,33,Beauty & Personal Care,46292.91,7004.49,25
197,2025-04-01,33,Grocery & FMCG,50728.4,13008.22,26
198,2025-04-01,33,Sports & Lifestyle,26830.22,7997.3,20
199,2025-04-01,34,Electronics,34690.38,10089.55,22
200,2025-04-01,34,Home & Kitchen,27120.54,5503.42,20
201,2025-04-01,34,Fashion,32439.31,7049.24,27
202,2025-04-01,34,Beauty & Personal Care,17417.57,3098.53,20
203,2025-04-01,34,Grocery & FMCG,26962.61,6965.42,20
204,2025-04-01,34,Sports & Lifestyle,15411.5,2388.85,20
205,2025-04-01,35,Electronics,51397.77,15214.2,24
206,2025-04-01,35,Home & Kitchen,41509.7,12194.7,26
207,2025-04-01,35,Fashion,58773.77,17462.57,24
208,2025-04-01,35,Beauty & Personal Care,47972.9,12013.28,25
209,2025-04-01,35,Grocery & FMCG,46346.65,13117.39,56
210,2025-04-01,35,Sports & Lifestyle,23708.26,3586.87,20
211,2025-04-01,36,Electronics,27514.35,8244.54,20
212,2025-04-01,36,Home & Kitchen,22494.31,4157.32,20
213,2025-04-01,36,Fashion,31242.04,6433.51,20
214,2025-04-01,36,Beauty & Personal Care,23320.12,5271.23,20
215,2025-04-01,36,Grocery & FMCG,23688.05,4470.71,23
216,2025-04-01,36,Sports & Lifestyle,15263.2,3907.37,20
217,2025-04-01,37,Electronics,44555.61,6363.21,35
218,2025-04-01,37,Home & Kitchen,37772.85,7138.02,26
219,2025-04-01,37,Fashion,52777.85,11350.49,25
220,2025-04-01,37,Beauty & Personal Care,39543.15,9802.17,20
221,2025-04-01,37,Grocery & FMCG,44369.33,13291.26,53
222,2025-04-01,37,Sports & Lifestyle,24188.22,6140.65,20
223,2025-04-01,38,Electronics,54931.71,13365.52,28
224,2025-04-01,38,Home & Kitchen,52055.54,9666.38,21
225,2025-04-01,38,Fashion,67005.83,16844.04,28
226,2025-04-01,38,Beauty & Personal Care,46595.02,6705.0,33
227,2025-04-01,38,Grocery & FMCG,53945.44,9589.6,36
228,2025-04-01,38,Sports & Lifestyle,30335.67,6791.97,20
229,2025-04-01,39,Electronics,62384.02,18129.23,37
230,2025-04-01,39,Home & Kitchen,39752.15,9540.96,21
231,2025-04-01,39,Fashion,57655.79,14938.46,32
232,2025-04-01,39,Beauty & Personal Care,51667.55,11810.17,36
233,2025-04-01,39,Grocery & FMCG,50641.86,9651.72,28
234,2025-04-01,39,Sports & Lifestyle,27668.96,4947.35,20
235,2025-04-01,40,Electronics,41647.07,6765.01,20
236,2025-04-01,40,Home & Kitchen,43782.68,6696.32,20
237,2025-04-01,40,Fashion,47621.43,13274.08,57
238,2025-04-01,40,Beauty & Personal Care,32710.45,5508.16,25
239,2025-04-01,40,Grocery & FMCG,34556.62,7403.22,20
240,2025-04-01,40,Sports & Lifestyle,21819.1,4117.85,20
241,2025-04-01,41,Electronics,31689.77,8556.41,20
242,2025-04-01,41,Home & Kitchen,29990.74,8796.05,20
243,2025-04-01,41,Fashion,36472.08,5113.23,20
244,2025-04-01,41,Beauty & Personal Care,23768.39,6419.56,20
245,2025-04-01,41,Grocery & FMCG,25918.87,3952.08,20
246,2025-04-01,41,Sports & Lifestyle,14575.36,2478.85,20
247,2025-04-01,42,Electronics,59021.33,12764.52,36
248,2025-04-01,42,Home & Kitchen,50657.08,10250.1,44
249,2025-04-01,42,Fashion,48352.62,10955.92,21
250,2025-04-01,42,Beauty & Personal Care,42688.84,9421.82,43
251,2025-04-01,42,Grocery & FMCG,39698.47,5774.02,23
252,2025-04-01,42,Sports & Lifestyle,29068.22,8685.79,25
253,2025-04-01,43,Electronics,46593.96,9468.15,21
254,2025-04-01,43,Home & Kitchen,46898.11,9695.66,20
255,2025-04-01,43,Fashion,59626.01,17851.62,70
256,2025-04-01,43,Beauty & Personal Care,46817.47,9766.57,22
257,2025-04-01,43,Grocery & FMCG,47179.37,12917.17,21
258,2025-04-01,43,Sports & Lifestyle,30790.29,9085.59,20
259,2025-04-01,44,Electronics,55563.04,8768.8,27
260,2025-04-01,44,Home & Kitchen,53530.41,11503.09,28
261,2025-04-01,44,Fashion,62092.23,16465.07,41
262,2025-04-01,44,Beauty & Personal Care,41635.97,10672.04,37
263,2025-04-01,44,Grocery & FMCG,59865.5,16395.36,28
264,2025-04-01,44,Sports & Lifestyle,31958.99,7472.78,20
265,2025-04-01,45,Electronics,33159.35,7608.22,20
266,2025-04-01,45,Home & Kitchen,35557.24,8293.36,20
267,2025-04-01,45,Fashion,36627.3,10443.62,24
268,2025-04-01,45,Beauty & Personal Care,33760.93,6282.32,27
269,2025-04-01,45,Grocery & FMCG,28758.18,7166.49,20
270,2025-04-01,45,Sports & Lifestyle,22564.94,5009.55,20
271,2025-04-01,46,Electronics,50119.12,14925.02,21
272,2025-04-01,46,Home & Kitchen,61464.88,15795.19,35
273,2025-04-01,46,Fashion,73284.9,12968.16,37
274,2025-04-01,46,Beauty & Personal Care,50775.53,10504.61,56
275,2025-04-01,46,Grocery & FMCG,55451.84,13521.03,31
276,2025-04-01,46,Sports & Lifestyle,27135.97,6678.63,20
277,2025-04-01,47,Electronics,55756.03,13277.71,33
278,2025-04-01,47,Home & Kitchen,61358.53,10296.61,27
279,2025-04-01,47,Fashion,62115.65,14084.94,42
280,2025-04-01,47,Beauty & Personal Care,45294.67,12142.13,21
281,2025-04-01,47,Grocery & FMCG,48179.77,10237.41,33
282,2025-04-01,47,Sports & Lifestyle,30967.99,8489.08,20
283,2025-04-01,48,Electronics,59085.7,8704.14,40
284,2025-04-01,48,Home & Kitchen,55937.15,9759.73,41
285,2025-04-01,48,Fashion,49257.28,7679.36,28
286,2025-04-01,48,Beauty & Personal Care,48224.54,9543.97,20
287,2025-04-01,48,Grocery & FMCG,56471.22,8187.17,41
288,2025-04-01,48,Sports & Lifestyle,31921.86,4637.26,20
289,2025-04-01,49,Electronics,51106.17,12294.33,26
290,2025-04-01,49,Home & Kitchen,45089.46,9933.21,20
291,2025-04-01,49,Fashion,65868.71,13922.77,26
292,2025-04-01,49,Beauty & Personal Care,55768.18,14479.45,39
293,2025-04-01,49,Grocery & FMCG,50779.24,10010.37,50
294,2025-04-01,49,Sports & Lifestyle,26143.93,4485.33,20
295,2025-04-01,50,Electronics,30558.26,5161.09,20
296,2025-04-01,50,Home & Kitchen,32763.34,7229.08,20
297,2025-04-01,50,Fashion,35512.37,7898.93,21
298,2025-04-01,50,Beauty & Personal Care,28894.61,8532.86,20
299,2025-04-01,50,Grocery & FMCG,26927.6,6443.9,24
300,2025-04-01,50,Sports & Lifestyle,15638.92,3628.13,20
301,2025-04-01,51,Electronics,67371.46,11062.22,39
302,2025-04-01,51,Home & Kitchen,57048.56,12163.2,47
303,2025-04-01,51,Fashion,60520.33,14213.12,52
304,2025-04-01,51,Beauty & Personal Care,44023.48,7130.21,28
305,2025-04-01,51,Grocery & FMCG,50089.1,12883.25,44
306,2025-04-01,51,Sports & Lifestyle,26914.51,5898.79,20
307,2025-04-01,52,Electronics,55280.57,11062.26,57
308,2025-04-01,52,Home & Kitchen,49968.0,10617.24,31
309,2025-04-01,52,Fashion,54527.66,10449.97,65
310,2025-04-01,52,Beauty & Personal Care,47208.11,9186.63,26
311,2025-04-01,52,Grocery & FMCG,52791.49,9411.31,27
312,2025-04-01,52,Sports & Lifestyle,30049.0,8180.2,33
313,2025-04-01,53,Electronics,53118.25,10874.87,29
314,2025-04-01,53,Home & Kitchen,37805.48,10318.61,28
315,2025-04-01,53,Fashion,53863.3,9960.62,28
316,2025-04-01,53,Beauty & Personal Care,48841.06,13802.87,20
317,2025-04-01,53,Grocery & FMCG,42263.4,5989.75,20
318,2025-04-01,53,Sports & Lifestyle,29479.0,8338.3,24
319,2025-04-01,54,Electronics,26243.26,4517.57,30
320,2025-04-01,54,Home & Kitchen,22779.17,6377.9,20
321,2025-04-01,54,Fashion,24675.1,6556.77,21
322,2025-04-01,54,Beauty & Personal Care,20432.26,4253.49,20
323,2025-04-01,54,Grocery & FMCG,16780.04,3561.82,20
324,2025-04-01,54,Sports & Lifestyle,13127.6,3558.07,20
325,2025-04-01,55,Electronics,59344.22,11785.22,57
326,2025-04-01,55,Home & Kitchen,59321.23,8869.27,61
327,2025-04-01,55,Fashion,54919.54,12116.5,23
328,2025-04-01,55,Beauty & Personal Care,51520.67,10924.9,43
329,2025-04-01,55,Grocery & FMCG,56287.79,11391.06,25
330,2025-04-01,55,Sports & Lifestyle,27087.16,5002.33,33
331,2025-04-01,56,Electronics,36444.97,9761.59,35
332,2025-04-01,56,Home & Kitchen,31549.98,6605.24,20
333,2025-04-01,56,Fashion,32059.12,5545.63,20
334,2025-04-01,56,Beauty & Personal Care,31095.3,4486.78,20
335,2025-04-01,56,Grocery & FMCG,29061.81,4382.34,20
336,2025-04-01,56,Sports & Lifestyle,16739.74,4724.55,20
337,2025-04-01,57,Electronics,42999.01,11251.83,20
338,2025-04-01,57,Home & Kitchen,44352.37,11743.19,30
339,2025-04-01,57,Fashion,48972.04,13441.4,20
340,2025-04-01,57,Beauty & Personal Care,44575.17,8618.17,36
341,2025-04-01,57,Grocery & FMCG,40728.74,10192.53,20
342,2025-04-01,57,Sports & Lifestyle,27484.22,6163.1,23
343,2025-04-01,58,Electronics,32925.35,6532.67,20
344,2025-04-01,58,Home & Kitchen,31991.12,5863.55,20
345,2025-04-01,58,Fashion,38255.95,7391.82,20
346,2025-04-01,58,Beauty & Personal Care,27868.48,5121.06,20
347,2025-04-01,58,Grocery & FMCG,30870.52,7606.44,20
348,2025-04-01,58,Sports & Lifestyle,16340.4,3491.94,20
349,2025-04-01,59,Electronics,38496.18,5959.32,33
350,2025-04-01,59,Home & Kitchen,38831.99,8279.98,21
351,2025-04-01,59,Fashion,39777.89,6138.94,39
352,2025-04-01,59,Beauty & Personal Care,39728.89,7859.88,22
353,2025-04-01,59,Grocery & FMCG,42835.53,11838.36,32
354,2025-04-01,59,Sports & Lifestyle,23982.9,6510.47,29
355,2025-04-01,60,Electronics,47197.3,8317.15,39
356,2025-04-01,60,Home & Kitchen,41906.03,7734.87,20
357,2025-04-01,60,Fashion,44247.7,6613.05,30
358,2025-04-01,60,Beauty & Personal Care,37377.81,8241.38,20
359,2025-04-01,60,Grocery & FMCG,41013.84,9812.49,31
360,2025-04-01,60,Sports & Lifestyle,23637.17,5379.43,20
361,2025-04-01,61,Electronics,52029.82,13380.26,37
362,2025-04-01,61,Home & Kitchen,45197.93,10619.02,45
363,2025-04-01,61,Fashion,48120.78,7648.86,32
364,2025-04-01,61,Beauty & Personal Care,36777.87,9984.63,20
365,2025-04-01,61,Grocery & FMCG,39189.36,9104.0,20
366,2025-04-01,61,Sports & Lifestyle,22688.22,3345.34,20
367,2025-04-01,62,Electronics,55090.18,7983.95,51
368,2025-04-01,62,Home & Kitchen,57093.78,15554.11,68
369,2025-04-01,62,Fashion,52078.3,9153.04,49
370,2025-04-01,62,Beauty & Personal Care,48197.78,11217.82,44
371,2025-04-01,62,Grocery & FMCG,55275.08,15497.23,51
372,2025-04-01,62,Sports & Lifestyle,28423.39,5017.37,20
373,2025-04-01,63,Electronics,57858.85,17262.29,43
374,2025-04-01,63,Home & Kitchen,40411.15,8922.08,20
375,2025-04-01,63,Fashion,49790.99,10393.91,28
376,2025-04-01,63,Beauty & Personal Care,45504.21,13121.94,53
377,2025-04-01,63,Grocery & FMCG,45090.86,10921.26,56
378,2025-04-01,63,Sports & Lifestyle,33156.92,5593.73,23
379,2025-04-01,64,Electronics,41734.6,6968.36,23
380,2025-04-01,64,Home & Kitchen,38261.65,10857.05,20
381,2025-04-01,64,Fashion,46686.0,11672.24,26
382,2025-04-01,64,Beauty & Personal Care,33715.51,5113.97,20
383,2025-04-01,64,Grocery & FMCG,33617.1,4820.53,22
384,2025-04-01,64,Sports & Lifestyle,22022.25,6070.27,20
385,2025-04-01,65,Electronics,47147.24,11254.98,39
386,2025-04-01,65,Home & Kitchen,49180.45,11638.45,29
387,2025-04-01,65,Fashion,56995.32,13411.09,24
388,2025-04-01,65,Beauty & Personal Care,43181.03,7844.4,21
389,2025-04-01,65,Grocery & FMCG,50898.42,10377.63,21
390,2025-04-01,65,Sports & Lifestyle,27985.56,7958.83,20
391,2025-04-01,66,Electronics,48692.87,8250.58,20
392,2025-04-01,66,Home & Kitchen,47021.6,7709.65,31
393,2025-04-01,66,Fashion,56345.23,9145.2,51
394,2025-04-01,66,Beauty & Personal Care,39648.26,11448.86,23
395,2025-04-01,66,Grocery & FMCG,40107.55,11732.1,20
396,2025-04-01,66,Sports & Lifestyle,28434.2,6316.16,26
397,2025-04-01,67,Electronics,56515.43,10214.31,55
398,2025-04-01,67,Home & Kitchen,44026.85,11908.11,20
399,2025-04-01,67,Fashion,49540.35,7170.04,26
400,2025-04-01,67,Beauty & Personal Care,43638.35,10052.0,25
401,2025-04-01,67,Grocery & FMCG,43151.71,8376.57,22
402,2025-04-01,67,Sports & Lifestyle,25889.19,4433.92,20
403,2025-04-01,68,Electronics,34497.2,4955.97,21
404,2025-04-01,68,Home & Kitchen,27574.31,5424.85,20
405,2025-04-01,68,Fashion,36060.66,7106.95,20
406,2025-04-01,68,Beauty & Personal Care,24255.59,3854.45,20
407,2025-04-01,68,Grocery & FMCG,26230.64,7314.92,20
408,2025-04-01,68,Sports & Lifestyle,13757.54,2381.41,20
409,2025-04-01,69,Electronics,45574.84,12116.25,38
410,2025-04-01,69,Home & Kitchen,37192.95,9372.3,20
411,2025-04-01,69,Fashion,49077.52,13848.06,32
412,2025-04-01,69,Beauty & Personal Care,28516.59,4759.65,33
413,2025-04-01,69,Grocery & FMCG,40488.02,5722.97,47
414,2025-04-01,69,Sports & Lifestyle,21563.46,3388.65,20
415,2025-04-01,70,Electronics,41581.67,7165.87,25
416,2025-04-01,70,Home & Kitchen,37505.86,8274.03,21
417,2025-04-01,70,Fashion,51437.21,13691.51,26
418,2025-04-01,70,Beauty & Personal Care,37764.08,6670.98,20
419,2025-04-01,70,Grocery & FMCG,38369.57,11167.69,26
420,2025-04-01,70,Sports & Lifestyle,21520.85,5200.23,20
421,2025-04-01,71,Electronics,38125.28,11025.44,45
422,2025-04-01,71,Home & Kitchen,30500.33,7568.96,20
423,2025-04-01,71,Fashion,36731.81,10215.24,30
424,2025-04-01,71,Beauty & Personal Care,33531.13,8011.15,21
425,2025-04-01,71,Grocery & FMCG,32477.11,7265.18,20
426,2025-04-01,71,Sports & Lifestyle,18193.6,4243.76,20
427,2025-04-01,72,Electronics,55016.09,15230.32,62
428,2025-04-01,72,Home & Kitchen,55386.63,10517.19,31
429,2025-04-01,72,Fashion,61371.81,12847.02,25
430,2025-04-01,72,Beauty & Personal Care,41806.52,7000.2,22
431,2025-04-01,72,Grocery & FMCG,36026.39,9060.99,29
432,2025-04-01,72,Sports & Lifestyle,22968.07,5107.3,20
433,2025-04-01,73,Electronics,51846.48,12133.88,29
434,2025-04-01,73,Home & Kitchen,52061.28,11007.72,28
435,2025-04-01,73,Fashion,46142.17,12677.64,43
436,2025-04-01,73,Beauty & Personal Care,42533.33,6746.13,20
437,2025-04-01,73,Grocery & FMCG,47389.57,8953.9,39
438,2025-04-01,73,Sports & Lifestyle,23860.1,5824.22,20
439,2025-04-01,74,Electronics,53779.19,10785.3,63
440,2025-04-01,74,Home & Kitchen,46583.02,12767.88,21
441,2025-04-01,74,Fashion,46233.35,7729.54,23
442,2025-04-01,74,Beauty & Personal Care,46989.19,8821.86,28
443,2025-04-01,74,Grocery & FMCG,45151.03,9521.13,28
444,2025-04-01,74,Sports & Lifestyle,27031.61,7926.36,20
445,2025-04-01,75,Electronics,61790.43,16307.21,39
446,2025-04-01,75,Home & Kitchen,47333.33,7180.16,34
447,2025-04-01,75,Fashion,68075.96,12615.06,69
448,2025-04-01,75,Beauty & Personal Care,50318.57,10925.37,34
449,2025-04-01,75,Grocery & FMCG,47547.0,7029.62,20
450,2025-04-01,75,Sports & Lifestyle,31337.02,6168.9,28
451,2025-04-01,76,Electronics,38426.79,9696.75,20
452,2025-04-01,76,Home & Kitchen,31073.11,5045.66,20
453,2025-04-01,76,Fashion,44444.25,8545.64,34
454,2025-04-01,76,Beauty & Personal Care,33256.72,6281.48,20
455,2025-04-01,76,Grocery & FMCG,31335.87,7891.27,34
456,2025-04-01,76,Sports & Lifestyle,18218.14,4382.38,20
457,2025-04-01,77,Electronics,44986.92,9997.34,20
458,2025-04-01,77,Home & Kitchen,36311.38,9459.35,20
459,2025-04-01,77,Fashion,47300.11,12958.15,20
460,2025-04-01,77,Beauty & Personal Care,35262.61,6478.4,21
461,2025-04-01,77,Grocery & FMCG,39828.22,10303.73,28
462,2025-04-01,77,Sports & Lifestyle,21745.1,6175.24,20
463,2025-04-01,78,Electronics,36296.03,5885.19,20
464,2025-04-01,78,Home & Kitchen,36726.73,6967.24,26
465,2025-04-01,78,Fashion,38855.33,5599.26,20
466,2025-04-01,78,Beauty & Personal Care,29725.67,7513.72,20
467,2025-04-01,78,Grocery & FMCG,35607.7,6115.53,20
468,2025-04-01,78,Sports & Lifestyle,18177.52,4426.79,20
469,2025-04-01,79,Electronics,42577.24,7605.74,26
470,2025-04-01,79,Home & Kitchen,43619.4,10197.0,36
471,2025-04-01,79,Fashion,39768.27,11644.73,20
472,2025-04-01,79,Beauty & Personal Care,37363.32,6680.98,21
473,2025-04-01,79,Grocery & FMCG,42066.52,11004.92,20
474,2025-04-01,79,Sports & Lifestyle,25582.54,5685.91,28
475,2025-04-01,80,Electronics,36002.12,8597.31,20
476,2025-04-01,80,Home & Kitchen,40569.62,7885.43,20
477,2025-04-01,80,Fashion,48169.13,7687.61,44
478,2025-04-01,80,Beauty & Personal Care,41608.64,9820.67,49
479,2025-04-01,80,Grocery & FMCG,39090.09,9729.0,22
480,2025-04-01,80,Sports & Lifestyle,22829.4,5375.51,20
481,2025-04-01,81,Electronics,41132.59,9931.51,32
482,2025-04-01,81,Home & Kitchen,50777.7,14246.98,27
483,2025-04-01,81,Fashion,52857.23,13319.58,21
484,2025-04-01,81,Beauty & Personal Care,44373.54,11183.11,20
485,2025-04-01,81,Grocery & FMCG,39311.85,7862.57,39
486,2025-04-01,81,Sports & Lifestyle,23487.96,6736.92,20
487,2025-04-01,82,Electronics,63397.01,10866.2,63
488,2025-04-01,82,Home & Kitchen,53041.55,13389.2,21
489,2025-04-01,82,Fashion,64744.68,15997.85,34
490,2025-04-01,82,Beauty & Personal Care,43386.01,12758.0,20
491,2025-04-01,82,Grocery & FMCG,49379.3,8627.11,20
492,2025-04-01,82,Sports & Lifestyle,32484.24,8494.23,26
493,2025-04-01,83,Electronics,39699.13,8208.93,20
494,2025-04-01,83,Home & Kitchen,29441.86,5724.97,20
495,2025-04-01,83,Fashion,28507.79,4974.22,32
496,2025-04-01,83,Beauty & Personal Care,24547.93,4913.76,22
497,2025-04-01,83,Grocery & FMCG,29306.28,7319.44,34
498,2025-04-01,83,Sports & Lifestyle,17725.48,4367.92,20
499,2025-04-01,84,Electronics,48328.69,7363.07,42
500,2025-04-01,84,Home & Kitchen,41813.02,6413.85,20
501,2025-04-01,84,Fashion,43092.79,6517.51,28
502,2025-04-01,84,Beauty & Personal Care,40474.76,7337.62,20
503,2025-04-01,84,Grocery & FMCG,39489.17,11076.69,22
504,2025-04-01,84,Sports & Lifestyle,25567.08,6969.39,20
505,2025-04-01,85,Electronics,37620.6,10916.21,23
506,2025-04-01,85,Home & Kitchen,36001.67,6084.37,27
507,2025-04-01,85,Fashion,49927.92,12312.61,51
508,2025-04-01,85,Beauty & Personal Care,28467.67,4609.71,20
509,2025-04-01,85,Grocery & FMCG,35747.07,7667.7,20
510,2025-04-01,85,Sports & Lifestyle,23568.75,4469.39,29
511,2025-04-01,86,Electronics,34123.34,5822.19,20
512,2025-04-01,86,Home & Kitchen,33170.6,4998.0,27
513,2025-04-01,86,Fashion,45836.31,12134.85,20
514,2025-04-01,86,Beauty & Personal Care,32197.65,4587.93,20
515,2025-04-01,86,Grocery & FMCG,37348.26,8045.63,20
516,2025-04-01,86,Sports & Lifestyle,18286.45,5442.5,20
517,2025-04-01,87,Electronics,61305.49,15871.63,28
518,2025-04-01,87,Home & Kitchen,46923.24,8528.04,20
519,2025-04-01,87,Fashion,57763.48,9971.39,40
520,2025-04-01,87,Beauty & Personal Care,62363.92,11518.96,28
521,2025-04-01,87,Grocery & FMCG,51417.05,12459.07,23
522,2025-04-01,87,Sports & Lifestyle,33014.57,5678.62,23
523,2025-04-01,88,Electronics,60325.6,16472.06,50
524,2025-04-01,88,Home & Kitchen,56954.21,11157.72,34
525,2025-04-01,88,Fashion,49831.77,10148.05,28
526,2025-04-01,88,Beauty & Personal Care,54315.2,13831.55,47
527,2025-04-01,88,Grocery & FMCG,64458.59,17734.6,58
528,2025-04-01,88,Sports & Lifestyle,29447.14,4847.96,21
529,2025-04-01,89,Electronics,54269.34,12861.08,33
530,2025-04-01,89,Home & Kitchen,49607.11,11494.87,20
531,2025-04-01,89,Fashion,55967.85,13874.0,23
532,2025-04-01,89,Beauty & Personal Care,44742.1,10906.19,27
533,2025-04-01,89,Grocery & FMCG,49994.99,8368.7,39
534,2025-04-01,89,Sports & Lifestyle,24320.4,4534.21,28
535,2025-04-01,90,Electronics,37657.55,9902.66,33
536,2025-04-01,90,Home & Kitchen,45329.91,11137.28,48
537,2025-04-01,90,Fashion,34302.58,4910.42,20
538,2025-04-01,90,Beauty & Personal Care,41425.8,9980.93,20
539,2025-04-01,90,Grocery & FMCG,43622.73,7220.18,28
540,2025-04-01,90,Sports & Lifestyle,24675.66,7089.26,20
541,2025-04-01,91,Electronics,61866.81,12087.8,25
542,2025-04-01,91,Home & Kitchen,43131.63,10286.2,22
543,2025-04-01,91,Fashion,56192.49,11893.67,22
544,2025-04-01,91,Beauty & Personal Care,36380.23,5961.03,23
545,2025-04-01,91,Grocery & FMCG,44120.07,6936.19,20
546,2025-04-01,91,Sports & Lifestyle,30348.81,6226.67,24
547,2025-04-01,92,Electronics,26025.32,5931.8,20
548,2025-04-01,92,Home & Kitchen,31212.97,8285.05,20
549,2025-04-01,92,Fashion,32986.45,8264.47,22
550,2025-04-01,92,Beauty & Personal Care,23964.24,5991.06,20
551,2025-04-01,92,Grocery & FMCG,30338.9,4985.94,36
552,2025-04-01,92,Sports & Lifestyle,15608.4,2514.76,20
553,2025-04-01,93,Electronics,37949.15,8787.53,20
554,2025-04-01,93,Home & Kitchen,37510.77,7918.7,23
555,2025-04-01,93,Fashion,48660.39,9468.09,26
556,2025-04-01,93,Beauty & Personal Care,36605.13,8813.67,20
557,2025-04-01,93,Grocery & FMCG,45612.95,10747.03,21
558,2025-04-01,93,Sports & Lifestyle,21119.47,4904.43,20
559,2025-04-01,94,Electronics,47548.89,7209.26,26
560,2025-04-01,94,Home & Kitchen,48583.96,8978.41,40
561,2025-04-01,94,Fashion,57359.78,12846.09,44
562,2025-04-01,94,Beauty & Personal Care,42063.74,6119.06,33
563,2025-04-01,94,Grocery & FMCG,41511.96,11456.06,29
564,2025-04-01,94,Sports & Lifestyle,26593.25,4210.6,22
565,2025-04-01,95,Electronics,21340.34,4093.7,20
566,2025-04-01,95,Home & Kitchen,26929.15,5475.74,20
567,2025-04-01,95,Fashion,22667.71,4481.75,20
568,2025-04-01,95,Beauty & Personal Care,23376.2,4869.11,20
569,2025-04-01,95,Grocery & FMCG,27020.64,4688.54,20
570,2025-04-01,95,Sports & Lifestyle,11361.03,3250.09,20
571,2025-04-01,96,Electronics,54053.35,12173.79,60
572,2025-04-01,96,Home & Kitchen,48391.54,9629.87,21
573,2025-04-01,96,Fashion,52125.83,15449.93,59
574,2025-04-01,96,Beauty & Personal Care,59772.59,14391.67,69
575,2025-04-01,96,Grocery & FMCG,46704.72,11193.32,20
576,2025-04-01,96,Sports & Lifestyle,31189.7,6943.55,20
577,2025-04-01,97,Electronics,31818.39,4985.42,22
578,2025-04-01,97,Home & Kitchen,29110.3,4953.24,20
579,2025-04-01,97,Fashion,32999.36,7875.47,23
580,2025-04-01,97,Beauty & Personal Care,28152.16,7979.27,20
581,2025-04-01,97,Grocery & FMCG,28780.79,8545.03,21
582,2025-04-01,97,Sports & Lifestyle,19554.64,3673.59,23
583,2025-04-01,98,Electronics,21542.55,5202.06,20
584,2025-04-01,98,Home & Kitchen,18668.25,2640.98,20
585,2025-04-01,98,Fashion,21280.89,5674.85,20
586,2025-04-01,98,Beauty & Personal Care,15421.73,2194.42,20
587,2025-04-01,98,Grocery & FMCG,20480.2,6051.97,20
588,2025-04-01,98,Sports & Lifestyle,10000.0,2231.98,20
589,2025-04-01,99,Electronics,52434.41,12603.4,52
590,2025-04-01,99,Home & Kitchen,42756.02,6860.52,20
591,2025-04-01,99,Fashion,50344.32,14599.49,36
592,2025-04-01,99,Beauty & Personal Care,35273.81,9637.29,36
593,2025-04-01,99,Grocery & FMCG,44147.54,12939.48,34
594,2025-04-01,99,Sports & Lifestyle,24253.14,3682.52,27
595,2025-04-01,100,Electronics,44739.63,7444.34,44
596,2025-04-01,100,Home & Kitchen,62202.96,15532.54,35
597,2025-04-01,100,Fashion,50620.57,14295.16,27
598,2025-04-01,100,Beauty & Personal Care,41307.74,12217.56,44
599,2025-04-01,100,Grocery & FMCG,47786.73,11038.08,26
600,2025-04-01,100,Sports & Lifestyle,24158.51,5697.17,24
601,2025-04-01,101,Electronics,50162.21,14174.59,50
602,2025-04-01,101,Home & Kitchen,45850.83,9126.0,39
603,2025-04-01,101,Fashion,55028.57,13892.41,32
604,2025-04-01,101,Beauty & Personal Care,52493.6,8221.36,42
605,2025-04-01,101,Grocery & FMCG,48275.97,9078.19,31
606,2025-04-01,101,Sports & Lifestyle,26724.83,4435.2,20
607,2025-04-01,102,Electronics,22636.39,4487.71,27
608,2025-04-01,102,Home & Kitchen,22308.88,4254.39,20
609,2025-04-01,102,Fashion,26039.5,7340.19,20
610,2025-04-01,102,Beauty & Personal Care,21754.95,6148.08,20
611,2025-04-01,102,Grocery & FMCG,22088.14,3338.77,20
612,2025-04-01,102,Sports & Lifestyle,12027.12,1756.29,20
613,2025-04-01,103,Electronics,51637.35,14130.38,21
614,2025-04-01,103,Home & Kitchen,42430.53,7816.0,20
615,2025-04-01,103,Fashion,49663.78,8470.39,26
616,2025-04-01,103,Beauty & Personal Care,54814.88,14357.02,58
617,2025-04-01,103,Grocery & FMCG,51573.92,10816.59,24
618,2025-04-01,103,Sports & Lifestyle,33025.04,7595.46,40
619,2025-04-01,104,Electronics,54918.47,12617.88,34
620,2025-04-01,104,Home & Kitchen,52911.09,9323.23,50
621,2025-04-01,104,Fashion,67087.46,15959.09,40
622,2025-04-01,104,Beauty & Personal Care,54538.81,10940.36,31
623,2025-04-01,104,Grocery & FMCG,47926.59,11155.21,48
624,2025-04-01,104,Sports & Lifestyle,34048.69,8327.06,34
625,2025-04-01,105,Electronics,20688.94,3914.74,20
626,2025-04-01,105,Home & Kitchen,15469.73,2540.55,20
627,2025-04-01,105,Fashion,22164.58,5073.96,20
628,2025-04-01,105,Beauty & Personal Care,16636.35,3988.18,20
629,2025-04-01,105,Grocery & FMCG,14618.99,3783.28,20
630,2025-04-01,105,Sports & Lifestyle,10205.25,2312.42,20
631,2025-04-01,106,Electronics,39970.6,5672.81,38
632,2025-04-01,106,Home & Kitchen,45419.19,10394.62,40
633,2025-04-01,106,Fashion,45217.58,13428.12,52
634,2025-04-01,106,Beauty & Personal Care,34843.05,7867.26,20
635,2025-04-01,106,Grocery & FMCG,35265.34,9833.42,20
636,2025-04-01,106,Sports & Lifestyle,24941.6,4201.88,21
637,2025-04-01,107,Electronics,41279.11,10857.95,30
638,2025-04-01,107,Home & Kitchen,55211.9,14915.42,24
639,2025-04-01,107,Fashion,60822.51,9623.35,41
640,2025-04-01,107,Beauty & Personal Care,46625.52,10444.35,34
641,2025-04-01,107,Grocery & FMCG,46016.33,13324.08,39
642,2025-04-01,107,Sports & Lifestyle,28458.76,8523.45,20
643,2025-04-01,108,Electronics,28571.72,8015.39,20
644,2025-04-01,108,Home & Kitchen,29200.24,6534.86,23
645,2025-04-01,108,Fashion,30799.74,8827.45,20
646,2025-04-01,108,Beauty & Personal Care,25405.79,3980.64,20
647,2025-04-01,108,Grocery & FMCG,27728.28,6646.35,20
648,2025-04-01,108,Sports & Lifestyle,16391.39,4127.89,20
649,2025-04-01,109,Electronics,33389.91,8640.08,20
650,2025-04-01,109,Home & Kitchen,33508.51,6917.54,22
651,2025-04-01,109,Fashion,33836.11,5735.87,20
652,2025-04-01,109,Beauty & Personal Care,31205.23,6792.25,27
653,2025-04-01,109,Grocery & FMCG,35776.27,9073.55,20
654,2025-04-01,109,Sports & Lifestyle,20887.06,3168.25,20
655,2025-04-01,110,Electronics,44093.99,10907.97,20
656,2025-04-01,110,Home & Kitchen,44877.45,10541.71,34
657,2025-04-01,110,Fashion,62809.6,15165.32,30
658,2025-04-01,110,Beauty & Personal Care,49025.73,12642.74,59
659,2025-04-01,110,Grocery & FMCG,48433.51,8894.81,31
660,2025-04-01,110,Sports & Lifestyle,27434.54,6780.56,24
661,2025-04-01,111,Electronics,54901.27,15342.45,53
662,2025-04-01,111,Home & Kitchen,48424.7,13549.0,29
663,2025-04-01,111,Fashion,48968.77,8942.42,41
664,2025-04-01,111,Beauty & Personal Care,62928.03,9350.55,54
665,2025-04-01,111,Grocery & FMCG,39758.26,6371.64,25
666,2025-04-01,111,Sports & Lifestyle,27845.38,8113.06,20
667,2025-04-01,112,Electronics,54452.19,13223.12,29
668,2025-04-01,112,Home & Kitchen,59205.81,14314.43,48
669,2025-04-01,112,Fashion,54851.7,8096.59,24
670,2025-04-01,112,Beauty & Personal Care,57032.46,15924.93,61
671,2025-04-01,112,Grocery & FMCG,46624.86,11873.26,20
672,2025-04-01,112,Sports & Lifestyle,28834.24,7438.24,20
673,2025-04-01,113,Electronics,63725.77,14006.63,43
674,2025-04-01,113,Home & Kitchen,54959.97,9499.94,25
675,2025-04-01,113,Fashion,68140.82,12588.61,47
676,2025-04-01,113,Beauty & Personal Care,42964.6,11348.14,20
677,2025-04-01,113,Grocery & FMCG,62128.36,17673.4,26
678,2025-04-01,113,Sports & Lifestyle,30246.99,7114.86,28
679,2025-04-01,114,Electronics,61433.91,12863.2,44
680,2025-04-01,114,Home & Kitchen,59783.23,11771.24,49
681,2025-04-01,114,Fashion,64083.84,17242.61,26
682,2025-04-01,114,Beauty & Personal Care,47194.81,11695.34,43
683,2025-04-01,114,Grocery & FMCG,51148.9,9747.21,56
684,2025-04-01,114,Sports & Lifestyle,34585.02,6453.65,35
685,2025-04-01,115,Electronics,20505.51,4241.21,20
686,2025-04-01,115,Home & Kitchen,27151.91,4740.22,20
687,2025-04-01,115,Fashion,28475.83,7136.07,20
688,2025-04-01,115,Beauty & Personal Care,23615.69,6133.43,20
689,2025-04-01,115,Grocery & FMCG,21489.0,4259.53,20
690,2025-04-01,115,Sports & Lifestyle,13710.67,3030.62,20
691,2025-04-01,116,Electronics,59075.41,10677.77,56
692,2025-04-01,116,Home & Kitchen,53537.61,9191.89,27
693,2025-04-01,116,Fashion,65858.64,14032.71,32
694,2025-04-01,116,Beauty & Personal Care,48855.61,12699.1,25
695,2025-04-01,116,Grocery & FMCG,54345.26,15168.09,49
696,2025-04-01,116,Sports & Lifestyle,23399.24,5267.96,20
697,2025-04-01,117,Electronics,58316.27,17432.07,60
698,2025-04-01,117,Home & Kitchen,56280.48,12156.23,39
699,2025-04-01,117,Fashion,68236.58,14558.64,77
700,2025-04-01,117,Beauty & Personal Care,43682.28,12370.05,20
701,2025-04-01,117,Grocery & FMCG,51059.79,14718.86,21
702,2025-04-01,117,Sports & Lifestyle,31216.69,7396.5,20
703,2025-04-01,118,Electronics,23044.43,3755.43,20
704,2025-04-01,118,Home & Kitchen,22502.51,5877.12,20
705,2025-04-01,118,Fashion,16783.22,2603.84,20
706,2025-04-01,118,Beauty & Personal Care,17262.59,2721.91,20
707,2025-04-01,118,Grocery & FMCG,17870.05,3298.89,20
708,2025-04-01,118,Sports & Lifestyle,12161.48,3160.17,20
709,2025-04-01,119,Electronics,35586.02,6018.71,37
710,2025-04-01,119,Home & Kitchen,40513.09,6019.0,29
711,2025-04-01,119,Fashion,40644.93,6804.99,43
712,2025-04-01,119,Beauty & Personal Care,26001.37,4802.09,20
713,2025-04-01,119,Grocery & FMCG,30224.38,6151.37,26
714,2025-04-01,119,Sports & Lifestyle,18678.32,5445.48,20
715,2025-04-01,120,Electronics,24928.69,7089.95,20
716,2025-04-01,120,Home & Kitchen,24529.36,6795.81,20
717,2025-04-01,120,Fashion,27864.98,4531.63,20
718,2025-04-01,120,Beauty & Personal Care,25685.3,4061.34,25
719,2025-04-01,120,Grocery & FMCG,25987.27,4141.9,23
720,2025-04-01,120,Sports & Lifestyle,13734.22,3129.31,20
721,2025-05-01,1,Electronics,52194.84,8771.24,44
722,2025-05-01,1,Home & Kitchen,66605.28,15449.46,35
723,2025-05-01,1,Fashion,73821.17,21483.08,73
724,2025-05-01,1,Beauty & Personal Care,45745.45,12506.6,23
725,2025-05-01,1,Grocery & FMCG,43542.01,7645.22,21
726,2025-05-01,1,Sports & Lifestyle,33190.28,5746.53,20
727,2025-05-01,2,Electronics,39835.91,8545.84,21
728,2025-05-01,2,Home & Kitchen,42915.51,12488.57,20
729,2025-05-01,2,Fashion,49703.66,8984.52,52
730,2025-05-01,2,Beauty & Personal Care,40427.14,5945.08,20
731,2025-05-01,2,Grocery & FMCG,39597.93,7919.09,36
732,2025-05-01,2,Sports & Lifestyle,23878.38,6767.01,20
733,2025-05-01,3,Electronics,46899.44,13397.79,20
734,2025-05-01,3,Home & Kitchen,55387.08,12006.42,56
735,2025-05-01,3,Fashion,48767.15,10679.65,21
736,2025-05-01,3,Beauty & Personal Care,39347.3,11612.31,28
737,2025-05-01,3,Grocery & FMCG,49536.35,12819.59,20
738,2025-05-01,3,Sports & Lifestyle,34776.08,8586.78,33
739,2025-05-01,4,Electronics,43961.25,7407.01,37
740,2025-05-01,4,Home & Kitchen,36077.81,7848.72,21
741,2025-05-01,4,Fashion,61780.16,14185.38,61
742,2025-05-01,4,Beauty & Personal Care,39412.39,10870.13,20
743,2025-05-01,4,Grocery & FMCG,41134.89,11760.17,28
744,2025-05-01,4,Sports & Lifestyle,27730.24,5224.91,28
745,2025-05-01,5,Electronics,53950.19,12610.94,21
746,2025-05-01,5,Home & Kitchen,54515.56,10710.4,33
747,2025-05-01,5,Fashion,60264.12,14024.52,27
748,2025-05-01,5,Beauty & Personal Care,39802.48,8268.27,37
749,2025-05-01,5,Grocery & FMCG,48774.15,12087.12,22
750,2025-05-01,5,Sports & Lifestyle,26254.84,3803.37,20
751,2025-05-01,6,Electronics,20685.5,3686.63,20
752,2025-05-01,6,Home & Kitchen,28970.26,6370.77,25
753,2025-05-01,6,Fashion,33948.66,7329.74,25
754,2025-05-01,6,Beauty & Personal Care,23490.54,3308.77,25
755,2025-05-01,6,Grocery & FMCG,23492.42,6081.55,20
756,2025-05-01,6,Sports & Lifestyle,15758.83,2863.11,20
757,2025-05-01,7,Electronics,38286.3,9711.05,20
758,2025-05-01,7,Home & Kitchen,46707.55,9159.46,20
759,2025-05-01,7,Fashion,36214.33,8860.61,20
760,2025-05-01,7,Beauty & Personal Care,31930.27,5003.15,20
761,2025-05-01,7,Grocery & FMCG,34810.32,5790.67,34
762,2025-05-01,7,Sports & Lifestyle,19194.47,3605.63,20
763,2025-05-01,8,Electronics,56013.85,11409.63,27
764,2025-05-01,8,Home & Kitchen,52107.59,10984.04,48
765,2025-05-01,8,Fashion,47749.08,13042.07,22
766,2025-05-01,8,Beauty & Personal Care,45452.17,11013.86,22
767,2025-05-01,8,Grocery & FMCG,53046.02,7780.76,66
768,2025-05-01,8,Sports & Lifestyle,28948.93,5864.15,20
769,2025-05-01,9,Electronics,55467.22,9346.12,32
770,2025-05-01,9,Home & Kitchen,52186.99,8019.26,28
771,2025-05-01,9,Fashion,66487.56,12048.54,30
772,2025-05-01,9,Beauty & Personal Care,57641.24,10761.41,42
773,2025-05-01,9,Grocery & FMCG,51695.71,10259.8,24
774,2025-05-01,9,Sports & Lifestyle,29952.37,4683.81,36
775,2025-05-01,10,Electronics,60465.68,13053.09,44
776,2025-05-01,10,Home & Kitchen,60112.36,8488.99,67
777,2025-05-01,10,Fashion,47889.67,14042.14,27
778,2025-05-01,10,Beauty & Personal Care,40119.15,7343.17,20
779,2025-05-01,10,Grocery & FMCG,61167.8,10876.53,33
780,2025-05-01,10,Sports & Lifestyle,28260.04,4762.17,20
781,2025-05-01,11,Electronics,40416.1,8029.8,27
782,2025-05-01,11,Home & Kitchen,31987.25,5304.2,30
783,2025-05-01,11,Fashion,42042.67,6637.88,35
784,2025-05-01,11,Beauty & Personal Care,36831.03,9395.74,20
785,2025-05-01,11,Grocery & FMCG,39225.18,6768.26,25
786,2025-05-01,11,Sports & Lifestyle,19740.23,4139.52,20
787,2025-05-01,12,Electronics,51764.67,9941.64,29
788,2025-05-01,12,Home & Kitchen,43748.49,8143.32,51
789,2025-05-01,12,Fashion,52478.58,8822.59,29
790,2025-05-01,12,Beauty & Personal Care,37440.38,9357.32,23
791,2025-05-01,12,Grocery & FMCG,41308.56,11624.48,22
792,2025-05-01,12,Sports & Lifestyle,22665.02,4409.48,20
793,2025-05-01,13,Electronics,44579.27,8867.2,20
794,2025-05-01,13,Home & Kitchen,48188.52,12800.95,21
795,2025-05-01,13,Fashion,48799.11,13409.65,28
796,2025-05-01,13,Beauty & Personal Care,31898.57,6879.08,20
797,2025-05-01,13,Grocery & FMCG,39101.53,11022.11,43
798,2025-05-01,13,Sports & Lifestyle,19007.73,3638.8,20
799,2025-05-01,14,Electronics,64527.03,18569.25,37
800,2025-05-01,14,Home & Kitchen,46491.65,7469.63,20
801,2025-05-01,14,Fashion,62973.83,18557.61,27
802,2025-05-01,14,Beauty & Personal Care,52651.49,9928.78,56
803,2025-05-01,14,Grocery & FMCG,49034.7,12206.51,32
804,2025-05-01,14,Sports & Lifestyle,32684.38,6763.39,20
805,2025-05-01,15,Electronics,49150.2,11286.89,26
806,2025-05-01,15,Home & Kitchen,38603.18,11273.43,39
807,2025-05-01,15,Fashion,39171.18,6296.88,20
808,2025-05-01,15,Beauty & Personal Care,37550.2,10538.57,25
809,2025-05-01,15,Grocery & FMCG,40014.66,5991.38,33
810,2025-05-01,15,Sports & Lifestyle,28168.95,4449.91,20
811,2025-05-01,16,Electronics,56650.29,10150.42,25
812,2025-05-01,16,Home & Kitchen,47794.08,11403.71,20
813,2025-05-01,16,Fashion,56098.84,16210.23,31
814,2025-05-01,16,Beauty & Personal Care,45208.12,10821.04,39
815,2025-05-01,16,Grocery & FMCG,49600.24,8180.56,30
816,2025-05-01,16,Sports & Lifestyle,24773.39,4971.26,22
817,2025-05-01,17,Electronics,57473.33,14961.26,53
818,2025-05-01,17,Home & Kitchen,54103.69,12207.01,40
819,2025-05-01,17,Fashion,72315.21,11546.13,68
820,2025-05-01,17,Beauty & Personal Care,53992.91,10644.68,29
821,2025-05-01,17,Grocery & FMCG,59000.76,12982.56,27
822,2025-05-01,17,Sports & Lifestyle,29685.09,5880.09,21
823,2025-05-01,18,Electronics,24456.26,7189.41,22
824,2025-05-01,18,Home & Kitchen,26491.23,4014.54,20
825,2025-05-01,18,Fashion,23923.03,6529.92,20
826,2025-05-01,18,Beauty & Personal Care,23307.82,6402.11,27
827,2025-05-01,18,Grocery & FMCG,23156.35,5375.4,22
828,2025-05-01,18,Sports & Lifestyle,13034.38,1943.45,20
829,2025-05-01,19,Electronics,32176.15,8974.7,20
830,2025-05-01,19,Home & Kitchen,28500.48,8088.95,20
831,2025-05-01,19,Fashion,35831.5,6380.22,31
832,2025-05-01,19,Beauty & Personal Care,31600.52,7038.03,20
833,2025-05-01,19,Grocery & FMCG,32935.84,8106.52,20
834,2025-05-01,19,Sports & Lifestyle,23748.5,6853.35,20
835,2025-05-01,20,Electronics,42112.06,7069.34,45
836,2025-05-01,20,Home & Kitchen,37139.55,11116.71,20
837,2025-05-01,20,Fashion,37641.46,6237.59,20
838,2025-05-01,20,Beauty & Personal Care,33822.8,5415.19,20
839,2025-05-01,20,Grocery & FMCG,37327.44,10080.09,20
840,2025-05-01,20,Sports & Lifestyle,20212.31,5426.12,20
841,2025-05-01,21,Electronics,43267.92,6875.22,27
842,2025-05-01,21,Home & Kitchen,49078.0,12047.65,47
843,2025-05-01,21,Fashion,69337.72,18098.46,48
844,2025-05-01,21,Beauty & Personal Care,52521.79,8461.9,41
845,2025-05-01,21,Grocery & FMCG,59359.28,16869.59,40
846,2025-05-01,21,Sports & Lifestyle,35119.14,5495.71,22
847,2025-05-01,22,Electronics,63725.38,18605.41,37
848,2025-05-01,22,Home & Kitchen,55602.55,8362.62,31
849,2025-05-01,22,Fashion,61710.18,17228.79,41
850,2025-05-01,22,Beauty & Personal Care,52311.14,13815.46,58
851,2025-05-01,22,Grocery & FMCG,49760.67,10989.22,21
852,2025-05-01,22,Sports & Lifestyle,38455.31,6048.58,20
853,2025-05-01,23,Electronics,49365.79,8312.22,50
854,2025-05-01,23,Home & Kitchen,38885.8,10998.03,20
855,2025-05-01,23,Fashion,52941.46,7985.94,28
856,2025-05-01,23,Beauty & Personal Care,39859.2,7949.43,35
857,2025-05-01,23,Grocery & FMCG,45296.04,10952.32,22
858,2025-05-01,23,Sports & Lifestyle,29942.93,8591.26,30
859,2025-05-01,24,Electronics,55113.3,14408.32,40
860,2025-05-01,24,Home & Kitchen,40806.02,11446.79,29
861,2025-05-01,24,Fashion,42823.9,9416.85,35
862,2025-05-01,24,Beauty & Personal Care,44998.98,9180.03,39
863,2025-05-01,24,Grocery & FMCG,39444.8,10077.9,34
864,2025-05-01,24,Sports & Lifestyle,26655.22,7589.95,20
865,2025-05-01,25,Electronics,58745.04,9870.54,26
866,2025-05-01,25,Home & Kitchen,59609.12,14539.72,29
867,2025-05-01,25,Fashion,58560.88,8851.76,36
868,2025-05-01,25,Beauty & Personal Care,43735.7,8914.8,45
869,2025-05-01,25,Grocery & FMCG,54198.48,11444.4,28
870,2025-05-01,25,Sports & Lifestyle,27173.02,7083.23,20
871,2025-05-01,26,Electronics,39205.94,9669.87,20
872,2025-05-01,26,Home & Kitchen,38411.11,11081.83,20
873,2025-05-01,26,Fashion,45171.61,8631.2,23
874,2025-05-01,26,Beauty & Personal Care,34207.82,10162.49,27
875,2025-05-01,26,Grocery & FMCG,40491.08,7128.86,20
876,2025-05-01,26,Sports & Lifestyle,20452.02,5894.44,20
877,2025-05-01,27,Electronics,45685.28,10031.41,20
878,2025-05-01,27,Home & Kitchen,46783.55,12087.46,25
879,2025-05-01,27,Fashion,48514.01,10354.62,37
880,2025-05-01,27,Beauty & Personal Care,37705.9,6172.9,28
881,2025-05-01,27,Grocery & FMCG,43468.44,8021.74,24
882,2025-05-01,27,Sports & Lifestyle,26029.01,4396.12,20
883,2025-05-01,28,Electronics,50763.93,13677.05,62
884,2025-05-01,28,Home & Kitchen,51288.18,14650.24,42
885,2025-05-01,28,Fashion,58080.18,16187.1,26
886,2025-05-01,28,Beauty & Personal Care,50421.74,7122.7,59
887,2025-05-01,28,Grocery & FMCG,49221.4,9287.36,32
888,2025-05-01,28,Sports & Lifestyle,26023.48,7368.81,20
889,2025-05-01,29,Electronics,60670.02,14316.07,34
890,2025-05-01,29,Home & Kitchen,51515.63,7981.82,21
891,2025-05-01,29,Fashion,71475.79,19717.03,51
892,2025-05-01,29,Beauty & Personal Care,52284.97,14974.72,27
893,2025-05-01,29,Grocery & FMCG,64116.51,15467.94,32
894,2025-05-01,29,Sports & Lifestyle,28435.83,7905.0,20
895,2025-05-01,30,Electronics,44909.17,7379.8,24
896,2025-05-01,30,Home & Kitchen,47634.62,8648.61,50
897,2025-05-01,30,Fashion,55200.05,9401.49,43
898,2025-05-01,30,Beauty & Personal Care,53424.78,15574.18,25
899,2025-05-01,30,Grocery & FMCG,50437.82,10946.76,27
900,2025-05-01,30,Sports & Lifestyle,24687.8,5842.94,20
901,2025-05-01,31,Electronics,28906.01,5574.92,20
902,2025-05-01,31,Home & Kitchen,29315.73,8516.98,20
903,2025-05-01,31,Fashion,30589.5,7504.16,37
904,2025-05-01,31,Beauty & Personal Care,23544.62,5995.38,20
905,2025-05-01,31,Grocery & FMCG,27098.32,6531.29,20
906,2025-05-01,31,Sports & Lifestyle,16884.05,4277.76,20
907,2025-05-01,32,Electronics,43588.89,11829.52,20
908,2025-05-01,32,Home & Kitchen,36796.23,7190.95,20
909,2025-05-01,32,Fashion,37712.66,10352.0,20
910,2025-05-01,32,Beauty & Personal Care,32328.4,5151.12,29
911,2025-05-01,32,Grocery & FMCG,36356.6,6181.43,30
912,2025-05-01,32,Sports & Lifestyle,24794.87,5607.74,20
913,2025-05-01,33,Electronics,56746.58,11221.79,25
914,2025-05-01,33,Home & Kitchen,59495.7,10778.05,56
915,2025-05-01,33,Fashion,51906.74,12010.21,24
916,2025-05-01,33,Beauty & Personal Care,43751.49,11453.2,52
917,2025-05-01,33,Grocery & FMCG,55138.73,8883.1,47
918,2025-05-01,33,Sports & Lifestyle,23706.74,5967.92,20
919,2025-05-01,34,Electronics,32706.23,8760.88,28
920,2025-05-01,34,Home & Kitchen,30782.27,6689.55,20
921,2025-05-01,34,Fashion,27954.56,7435.27,34
922,2025-05-01,34,Beauty & Personal Care,28125.28,7167.3,28
923,2025-05-01,34,Grocery & FMCG,26021.12,6167.81,20
924,2025-05-01,34,Sports & Lifestyle,13247.24,2686.37,20
925,2025-05-01,35,Electronics,54693.67,15150.2,22
926,2025-05-01,35,Home & Kitchen,41452.23,7576.92,50
927,2025-05-01,35,Fashion,45218.3,12224.52,30
928,2025-05-01,35,Beauty & Personal Care,44657.19,6586.59,43
929,2025-05-01,35,Grocery & FMCG,46820.58,7373.62,25
930,2025-05-01,35,Sports & Lifestyle,30605.37,6691.89,20
931,2025-05-01,36,Electronics,35895.7,7252.19,23
932,2025-05-01,36,Home & Kitchen,25065.96,5330.15,22
933,2025-05-01,36,Fashion,32552.99,4864.71,24
934,2025-05-01,36,Beauty & Personal Care,25929.29,5689.54,20
935,2025-05-01,36,Grocery & FMCG,29594.94,6521.23,25
936,2025-05-01,36,Sports & Lifestyle,18768.92,4378.42,22
937,2025-05-01,37,Electronics,55368.83,14006.08,26
938,2025-05-01,37,Home & Kitchen,44042.53,11724.64,20
939,2025-05-01,37,Fashion,44672.87,9358.18,36
940,2025-05-01,37,Beauty & Personal Care,44101.99,9073.97,23
941,2025-05-01,37,Grocery & FMCG,48574.91,11414.11,51
942,2025-05-01,37,Sports & Lifestyle,29448.26,5150.59,24
943,2025-05-01,38,Electronics,60616.42,10748.2,71
944,2025-05-01,38,Home & Kitchen,60236.33,14242.08,73
945,2025-05-01,38,Fashion,68850.61,10995.05,59
946,2025-05-01,38,Beauty & Personal Care,48118.37,14137.94,22
947,2025-05-01,38,Grocery & FMCG,56150.8,8291.33,25
948,2025-05-01,38,Sports & Lifestyle,33488.65,9246.88,22
949,2025-05-01,39,Electronics,68814.57,9765.47,39
950,2025-05-01,39,Home & Kitchen,60228.68,11730.83,69
951,2025-05-01,39,Fashion,64323.44,13884.87,25
952,2025-05-01,39,Beauty & Personal Care,50706.28,7579.14,24
953,2025-05-01,39,Grocery & FMCG,59404.12,8521.33,23
954,2025-05-01,39,Sports & Lifestyle,29341.44,8383.28,31
955,2025-05-01,40,Electronics,51198.19,14583.1,23
956,2025-05-01,40,Home & Kitchen,46091.57,11641.71,24
957,2025-05-01,40,Fashion,53410.06,12423.64,28
958,2025-05-01,40,Beauty & Personal Care,40418.44,8905.12,33
959,2025-05-01,40,Grocery & FMCG,31911.9,6836.95,20
960,2025-05-01,40,Sports & Lifestyle,22458.43,4887.09,20
961,2025-05-01,41,Electronics,29944.03,6351.79,20
962,2025-05-01,41,Home & Kitchen,30788.41,8641.28,20
963,2025-05-01,41,Fashion,28949.34,5722.55,20
964,2025-05-01,41,Beauty & Personal Care,22716.85,3320.54,25
965,2025-05-01,41,Grocery & FMCG,27635.08,6581.95,20
966,2025-05-01,41,Sports & Lifestyle,16279.26,4821.93,20
967,2025-05-01,42,Electronics,51273.0,9197.53,26
968,2025-05-01,42,Home & Kitchen,58039.23,12182.1,31
969,2025-05-01,42,Fashion,56029.36,14549.37,25
970,2025-05-01,42,Beauty & Personal Care,47650.89,10971.87,29
971,2025-05-01,42,Grocery & FMCG,38907.44,5761.75,40
972,2025-05-01,42,Sports & Lifestyle,31014.68,6919.84,20
973,2025-05-01,43,Electronics,46726.48,9568.85,31
974,2025-05-01,43,Home & Kitchen,56027.54,8311.59,25
975,2025-05-01,43,Fashion,50735.21,10154.88,26
976,2025-05-01,43,Beauty & Personal Care,40116.36,10973.64,26
977,2025-05-01,43,Grocery & FMCG,48503.23,10797.5,58
978,2025-05-01,43,Sports & Lifestyle,28388.99,4759.46,20
979,2025-05-01,44,Electronics,57863.54,16815.38,44
980,2025-05-01,44,Home & Kitchen,57627.21,17032.89,68
981,2025-05-01,44,Fashion,75877.7,20518.69,36
982,2025-05-01,44,Beauty & Personal Care,53421.13,10714.27,41
983,2025-05-01,44,Grocery & FMCG,57657.49,14454.47,32
984,2025-05-01,44,Sports & Lifestyle,32783.78,6873.96,20
985,2025-05-01,45,Electronics,36466.23,10871.42,21
986,2025-05-01,45,Home & Kitchen,31216.99,6355.04,20
987,2025-05-01,45,Fashion,40154.72,10803.47,20
988,2025-05-01,45,Beauty & Personal Care,33821.78,9219.37,31
989,2025-05-01,45,Grocery & FMCG,34253.54,9432.96,20
990,2025-05-01,45,Sports & Lifestyle,20039.45,2842.68,20
991,2025-05-01,46,Electronics,62554.68,9393.41,29
992,2025-05-01,46,Home & Kitchen,56175.8,12352.23,24
993,2025-05-01,46,Fashion,68234.73,10668.03,59
994,2025-05-01,46,Beauty & Personal Care,55599.47,8188.84,36
995,2025-05-01,46,Grocery & FMCG,50255.51,13001.59,27
996,2025-05-01,46,Sports & Lifestyle,35424.17,8335.74,23
997,2025-05-01,47,Electronics,50287.32,7324.93,26
998,2025-05-01,47,Home & Kitchen,54771.13,13889.54,29
999,2025-05-01,47,Fashion,53948.21,13035.33,37
1000,2025-05-01,47,Beauty & Personal Care,52478.71,12616.77,36
1001,2025-05-01,47,Grocery & FMCG,60166.39,17241.94,29
1002,2025-05-01,47,Sports & Lifestyle,29756.74,5583.41,20
1003,2025-05-01,48,Electronics,68960.97,18868.61,83
1004,2025-05-01,48,Home & Kitchen,55008.22,15893.28,35
1005,2025-05-01,48,Fashion,73696.37,10834.61,71
1006,2025-05-01,48,Beauty & Personal Care,60233.03,10001.35,56
1007,2025-05-01,48,Grocery & FMCG,45457.76,8950.44,22
1008,2025-05-01,48,Sports & Lifestyle,40694.06,9531.96,35
1009,2025-05-01,49,Electronics,59046.9,17659.56,37
1010,2025-05-01,49,Home & Kitchen,53903.82,8528.49,25
1011,2025-05-01,49,Fashion,59905.21,9372.92,59
1012,2025-05-01,49,Beauty & Personal Care,53426.75,9702.76,38
1013,2025-05-01,49,Grocery & FMCG,53434.73,11538.71,47
1014,2025-05-01,49,Sports & Lifestyle,33009.5,8640.38,20
1015,2025-05-01,50,Electronics,25268.52,3797.49,20
1016,2025-05-01,50,Home & Kitchen,33279.81,6202.18,20
1017,2025-05-01,50,Fashion,44321.59,9524.85,24
1018,2025-05-01,50,Beauty & Personal Care,28412.12,6232.86,26
1019,2025-05-01,50,Grocery & FMCG,31634.61,4644.92,37
1020,2025-05-01,50,Sports & Lifestyle,17577.94,3076.37,20
1021,2025-05-01,51,Electronics,63451.35,17372.87,33
1022,2025-05-01,51,Home & Kitchen,59823.45,9890.8,68
1023,2025-05-01,51,Fashion,67701.28,10168.84,28
1024,2025-05-01,51,Beauty & Personal Care,48073.33,8488.48,31
1025,2025-05-01,51,Grocery & FMCG,52517.74,15431.39,25
1026,2025-05-01,51,Sports & Lifestyle,30187.65,7912.29,26
1027,2025-05-01,52,Electronics,56826.98,14528.2,23
1028,2025-05-01,52,Home & Kitchen,55715.81,9138.05,32
1029,2025-05-01,52,Fashion,65108.51,17923.08,28
1030,2025-05-01,52,Beauty & Personal Care,52798.13,9560.83,35
1031,2025-05-01,52,Grocery & FMCG,55941.68,16709.29,33
1032,2025-05-01,52,Sports & Lifestyle,27526.63,6528.18,20
1033,2025-05-01,53,Electronics,59712.52,16781.5,50
1034,2025-05-01,53,Home & Kitchen,52842.96,12115.91,23
1035,2025-05-01,53,Fashion,65219.53,15775.53,31
1036,2025-05-01,53,Beauty & Personal Care,52017.54,14305.47,41
1037,2025-05-01,53,Grocery & FMCG,52728.41,7596.7,30
1038,2025-05-01,53,Sports & Lifestyle,20456.26,4559.24,20
1039,2025-05-01,54,Electronics,21379.22,4422.68,21
1040,2025-05-01,54,Home & Kitchen,19773.62,3309.35,20
1041,2025-05-01,54,Fashion,26467.16,7835.76,20
1042,2025-05-01,54,Beauty & Personal Care,21697.19,4614.0,20
1043,2025-05-01,54,Grocery & FMCG,24112.89,5890.6,20
1044,2025-05-01,54,Sports & Lifestyle,15536.42,2553.97,20
1045,2025-05-01,55,Electronics,58814.34,16099.78,31
1046,2025-05-01,55,Home & Kitchen,58068.48,8442.92,38
1047,2025-05-01,55,Fashion,54432.45,15101.49,36
1048,2025-05-01,55,Beauty & Personal Care,48750.91,11436.29,30
1049,2025-05-01,55,Grocery & FMCG,56539.19,7936.73,24
1050,2025-05-01,55,Sports & Lifestyle,39141.7,5525.79,20
1051,2025-05-01,56,Electronics,31478.17,7968.37,23
1052,2025-05-01,56,Home & Kitchen,39770.19,9931.26,25
1053,2025-05-01,56,Fashion,34359.21,5497.51,29
1054,2025-05-01,56,Beauty & Personal Care,28799.3,8072.69,20
1055,2025-05-01,56,Grocery & FMCG,35892.08,6520.81,44
1056,2025-05-01,56,Sports & Lifestyle,21306.47,3130.62,20
1057,2025-05-01,57,Electronics,39264.8,6335.92,30
1058,2025-05-01,57,Home & Kitchen,44140.24,7747.65,21
1059,2025-05-01,57,Fashion,49723.15,9193.76,41
1060,2025-05-01,57,Beauty & Personal Care,34782.18,6132.59,20
1061,2025-05-01,57,Grocery & FMCG,40244.51,10126.96,20
1062,2025-05-01,57,Sports & Lifestyle,27467.27,4793.26,31
1063,2025-05-01,58,Electronics,41130.59,9657.78,30
1064,2025-05-01,58,Home & Kitchen,42340.59,10155.28,43
1065,2025-05-01,58,Fashion,35587.41,6408.35,20
1066,2025-05-01,58,Beauty & Personal Care,34468.14,8136.58,32
1067,2025-05-01,58,Grocery & FMCG,27093.07,4760.87,20
1068,2025-05-01,58,Sports & Lifestyle,17815.12,3580.02,20
1069,2025-05-01,59,Electronics,47309.0,12081.39,29
1070,2025-05-01,59,Home & Kitchen,48704.69,11151.93,39
1071,2025-05-01,59,Fashion,47604.22,7868.3,40
1072,2025-05-01,59,Beauty & Personal Care,39303.76,9887.36,20
1073,2025-05-01,59,Grocery & FMCG,37931.46,9092.17,20
1074,2025-05-01,59,Sports & Lifestyle,24904.08,6837.62,20
1075,2025-05-01,60,Electronics,40827.21,7448.15,20
1076,2025-05-01,60,Home & Kitchen,42294.94,7071.02,40
1077,2025-05-01,60,Fashion,43876.09,8395.4,35
1078,2025-05-01,60,Beauty & Personal Care,27783.85,6455.75,20
1079,2025-05-01,60,Grocery & FMCG,39519.39,6673.25,28
1080,2025-05-01,60,Sports & Lifestyle,21394.9,4963.74,20
1081,2025-05-01,61,Electronics,54387.26,16219.57,53
1082,2025-05-01,61,Home & Kitchen,56653.43,14620.39,55
1083,2025-05-01,61,Fashion,47015.58,9536.25,30
1084,2025-05-01,61,Beauty & Personal Care,29754.81,7473.73,20
1085,2025-05-01,61,Grocery & FMCG,43101.33,8616.55,35
1086,2025-05-01,61,Sports & Lifestyle,26403.99,7823.43,29
1087,2025-05-01,62,Electronics,54247.03,13609.54,21
1088,2025-05-01,62,Home & Kitchen,52827.79,11854.26,22
1089,2025-05-01,62,Fashion,66118.45,11194.38,28
1090,2025-05-01,62,Beauty & Personal Care,49212.84,13747.11,21
1091,2025-05-01,62,Grocery & FMCG,45263.54,7032.77,23
1092,2025-05-01,62,Sports & Lifestyle,31759.18,7924.05,20
1093,2025-05-01,63,Electronics,49823.57,13504.78,26
1094,2025-05-01,63,Home & Kitchen,42722.54,10513.38,20
1095,2025-05-01,63,Fashion,53044.17,12996.43,51
1096,2025-05-01,63,Beauty & Personal Care,48172.22,6808.83,24
1097,2025-05-01,63,Grocery & FMCG,41001.02,9299.65,20
1098,2025-05-01,63,Sports & Lifestyle,30349.81,7346.33,20
1099,2025-05-01,64,Electronics,42025.0,6057.68,24
1100,2025-05-01,64,Home & Kitchen,45252.46,12556.83,20
1101,2025-05-01,64,Fashion,41258.26,9911.0,20
1102,2025-05-01,64,Beauty & Personal Care,33350.49,6635.82,24
1103,2025-05-01,64,Grocery & FMCG,39013.64,11654.46,30
1104,2025-05-01,64,Sports & Lifestyle,16895.32,4208.36,20
1105,2025-05-01,65,Electronics,53266.9,12026.16,29
1106,2025-05-01,65,Home & Kitchen,56118.0,15208.41,37
1107,2025-05-01,65,Fashion,66123.92,12791.92,38
1108,2025-05-01,65,Beauty & Personal Care,49037.49,10548.04,21
1109,2025-05-01,65,Grocery & FMCG,53484.78,8863.13,63
1110,2025-05-01,65,Sports & Lifestyle,26729.81,5214.19,20
1111,2025-05-01,66,Electronics,47866.93,8465.48,23
1112,2025-05-01,66,Home & Kitchen,57094.03,14729.83,48
1113,2025-05-01,66,Fashion,58581.13,12735.57,64
1114,2025-05-01,66,Beauty & Personal Care,41632.69,8501.28,20
1115,2025-05-01,66,Grocery & FMCG,49065.62,7204.31,20
1116,2025-05-01,66,Sports & Lifestyle,30032.91,7388.33,22
1117,2025-05-01,67,Electronics,59370.18,8826.1,54
1118,2025-05-01,67,Home & Kitchen,49440.51,8668.9,56
1119,2025-05-01,67,Fashion,52089.0,8090.97,61
1120,2025-05-01,67,Beauty & Personal Care,46917.63,12153.79,30
1121,2025-05-01,67,Grocery & FMCG,48186.76,9900.73,27
1122,2025-05-01,67,Sports & Lifestyle,30067.71,7562.07,20
1123,2025-05-01,68,Electronics,36458.97,9562.03,20
1124,2025-05-01,68,Home & Kitchen,34446.25,5434.01,26
1125,2025-05-01,68,Fashion,34641.35,8877.26,20
1126,2025-05-01,68,Beauty & Personal Care,26001.47,5908.85,26
1127,2025-05-01,68,Grocery & FMCG,29289.75,8537.06,20
1128,2025-05-01,68,Sports & Lifestyle,18209.34,5215.21,20
1129,2025-05-01,69,Electronics,38146.29,5400.92,30
1130,2025-05-01,69,Home & Kitchen,41027.12,6864.34,20
1131,2025-05-01,69,Fashion,49554.72,13524.8,21
1132,2025-05-01,69,Beauty & Personal Care,30382.17,8908.31,34
1133,2025-05-01,69,Grocery & FMCG,38846.78,8084.13,22
1134,2025-05-01,69,Sports & Lifestyle,21567.62,3678.2,20
1135,2025-05-01,70,Electronics,50216.83,8289.8,21
1136,2025-05-01,70,Home & Kitchen,53539.87,11030.74,23
1137,2025-05-01,70,Fashion,54866.15,9862.4,47
1138,2025-05-01,70,Beauty & Personal Care,45981.07,11595.67,20
1139,2025-05-01,70,Grocery & FMCG,41206.79,7741.54,20
1140,2025-05-01,70,Sports & Lifestyle,22726.81,6116.31,20
1141,2025-05-01,71,Electronics,43391.13,8695.05,20
1142,2025-05-01,71,Home & Kitchen,39866.12,9509.81,34
1143,2025-05-01,71,Fashion,43709.27,8813.81,20
1144,2025-05-01,71,Beauty & Personal Care,26528.15,6570.38,20
1145,2025-05-01,71,Grocery & FMCG,37172.89,10333.64,20
1146,2025-05-01,71,Sports & Lifestyle,16072.78,3015.35,20
1147,2025-05-01,72,Electronics,45986.09,11955.28,20
1148,2025-05-01,72,Home & Kitchen,53404.24,13002.28,34
1149,2025-05-01,72,Fashion,68682.85,13880.94,49
1150,2025-05-01,72,Beauty & Personal Care,55201.35,13050.44,29
1151,2025-05-01,72,Grocery & FMCG,53143.6,13124.61,47
1152,2025-05-01,72,Sports & Lifestyle,28268.12,5150.25,20
1153,2025-05-01,73,Electronics,49721.9,7180.18,45
1154,2025-05-01,73,Home & Kitchen,55017.98,10010.75,56
1155,2025-05-01,73,Fashion,63805.63,9833.19,33
1156,2025-05-01,73,Beauty & Personal Care,49971.56,8537.78,46
1157,2025-05-01,73,Grocery & FMCG,51339.13,7581.29,30
1158,2025-05-01,73,Sports & Lifestyle,24194.53,4776.16,25
1159,2025-05-01,74,Electronics,52976.59,9202.88,40
1160,2025-05-01,74,Home & Kitchen,48360.6,11828.07,42
1161,2025-05-01,74,Fashion,55893.01,13599.49,25
1162,2025-05-01,74,Beauty & Personal Care,37188.08,10624.69,29
1163,2025-05-01,74,Grocery & FMCG,54492.33,13618.45,27
1164,2025-05-01,74,Sports & Lifestyle,27763.33,4526.53,24
1165,2025-05-01,75,Electronics,61366.62,9204.01,70
1166,2025-05-01,75,Home & Kitchen,48823.79,12819.12,28
1167,2025-05-01,75,Fashion,65292.63,18634.16,27
1168,2025-05-01,75,Beauty & Personal Care,54491.12,13235.88,33
1169,2025-05-01,75,Grocery & FMCG,57863.56,9972.69,39
1170,2025-05-01,75,Sports & Lifestyle,27464.72,4576.82,21
1171,2025-05-01,76,Electronics,47619.02,7684.82,21
1172,2025-05-01,76,Home & Kitchen,49493.51,14801.95,20
1173,2025-05-01,76,Fashion,50592.88,11466.02,34
1174,2025-05-01,76,Beauty & Personal Care,37623.83,10791.44,20
1175,2025-05-01,76,Grocery & FMCG,38144.7,10579.18,27
1176,2025-05-01,76,Sports & Lifestyle,23009.59,6869.22,20
1177,2025-05-01,77,Electronics,41831.75,11894.5,28
1178,2025-05-01,77,Home & Kitchen,34971.83,9578.92,38
1179,2025-05-01,77,Fashion,50768.97,8396.3,30
1180,2025-05-01,77,Beauty & Personal Care,31872.53,5837.94,22
1181,2025-05-01,77,Grocery & FMCG,36076.15,7701.5,24
1182,2025-05-01,77,Sports & Lifestyle,25270.94,6938.43,20
1183,2025-05-01,78,Electronics,37149.56,5921.64,20
1184,2025-05-01,78,Home & Kitchen,29349.52,4217.67,25
1185,2025-05-01,78,Fashion,48461.1,11142.88,35
1186,2025-05-01,78,Beauty & Personal Care,34530.75,7063.66,38
1187,2025-05-01,78,Grocery & FMCG,33540.47,7616.08,20
1188,2025-05-01,78,Sports & Lifestyle,20541.79,3931.98,20
1189,2025-05-01,79,Electronics,39459.34,9401.05,38
1190,2025-05-01,79,Home & Kitchen,40851.48,9223.26,20
1191,2025-05-01,79,Fashion,32516.18,5339.62,35
1192,2025-05-01,79,Beauty & Personal Care,37286.98,7388.1,20
1193,2025-05-01,79,Grocery & FMCG,34648.24,5820.4,20
1194,2025-05-01,79,Sports & Lifestyle,23147.36,4396.93,22
1195,2025-05-01,80,Electronics,42587.99,7193.56,22
1196,2025-05-01,80,Home & Kitchen,44990.62,10100.51,20
1197,2025-05-01,80,Fashion,47821.57,9764.41,29
1198,2025-05-01,80,Beauty & Personal Care,36595.21,9433.41,20
1199,2025-05-01,80,Grocery & FMCG,31252.62,7179.62,29
1200,2025-05-01,80,Sports & Lifestyle,27742.88,4715.49,20
1201,2025-05-01,81,Electronics,55938.52,14448.1,43
1202,2025-05-01,81,Home & Kitchen,46852.3,8532.67,45
1203,2025-05-01,81,Fashion,42189.29,7254.25,20
1204,2025-05-01,81,Beauty & Personal Care,40939.27,9271.64,21
1205,2025-05-01,81,Grocery & FMCG,42185.78,10262.44,52
1206,2025-05-01,81,Sports & Lifestyle,22952.68,3667.0,20
1207,2025-05-01,82,Electronics,57911.59,12187.4,28
1208,2025-05-01,82,Home & Kitchen,54591.24,13502.3,33
1209,2025-05-01,82,Fashion,68621.89,16553.92,33
1210,2025-05-01,82,Beauty & Personal Care,42047.42,7364.53,26
1211,2025-05-01,82,Grocery & FMCG,54618.07,11184.4,25
1212,2025-05-01,82,Sports & Lifestyle,34153.51,6545.2,29
1213,2025-05-01,83,Electronics,40068.73,6607.64,27
1214,2025-05-01,83,Home & Kitchen,43773.36,6677.87,26
1215,2025-05-01,83,Fashion,40105.71,7711.53,36
1216,2025-05-01,83,Beauty & Personal Care,30571.1,5150.14,31
1217,2025-05-01,83,Grocery & FMCG,30592.36,5274.89,20
1218,2025-05-01,83,Sports & Lifestyle,18805.19,4522.93,22
1219,2025-05-01,84,Electronics,38887.63,8237.92,39
1220,2025-05-01,84,Home & Kitchen,52853.35,7624.31,23
1221,2025-05-01,84,Fashion,58770.55,13141.02,28
1222,2025-05-01,84,Beauty & Personal Care,45047.25,11701.8,20
1223,2025-05-01,84,Grocery & FMCG,44811.67,9313.18,29
1224,2025-05-01,84,Sports & Lifestyle,23681.62,5999.4,20
1225,2025-05-01,85,Electronics,46736.04,7589.59,49
1226,2025-05-01,85,Home & Kitchen,40241.1,10617.36,47
1227,2025-05-01,85,Fashion,42084.4,8705.81,39
1228,2025-05-01,85,Beauty & Personal Care,35399.13,9524.72,20
1229,2025-05-01,85,Grocery & FMCG,41225.8,7506.64,34
1230,2025-05-01,85,Sports & Lifestyle,19315.82,4855.01,20
1231,2025-05-01,86,Electronics,47689.36,12122.37,41
1232,2025-05-01,86,Home & Kitchen,49445.73,9329.08,24
1233,2025-05-01,86,Fashion,43125.41,10062.99,20
1234,2025-05-01,86,Beauty & Personal Care,36886.37,5706.59,20
1235,2025-05-01,86,Grocery & FMCG,40813.27,6528.13,20
1236,2025-05-01,86,Sports & Lifestyle,24206.54,5116.63,29
1237,2025-05-01,87,Electronics,62368.66,11330.42,63
1238,2025-05-01,87,Home & Kitchen,55833.8,10162.91,42
1239,2025-05-01,87,Fashion,65472.17,10359.86,41
1240,2025-05-01,87,Beauty & Personal Care,59298.64,16341.64,40
1241,2025-05-01,87,Grocery & FMCG,53015.8,9268.32,40
1242,2025-05-01,87,Sports & Lifestyle,25224.95,6959.44,20
1243,2025-05-01,88,Electronics,53873.21,12931.92,31
1244,2025-05-01,88,Home & Kitchen,57478.26,11804.6,33
1245,2025-05-01,88,Fashion,60777.19,11057.34,25
1246,2025-05-01,88,Beauty & Personal Care,53137.57,13997.98,62
1247,2025-05-01,88,Grocery & FMCG,58998.45,11330.84,57
1248,2025-05-01,88,Sports & Lifestyle,29024.89,5049.91,24
1249,2025-05-01,89,Electronics,56837.06,15014.17,30
1250,2025-05-01,89,Home & Kitchen,52283.0,11325.93,33
1251,2025-05-01,89,Fashion,58515.21,14912.92,37
1252,2025-05-01,89,Beauty & Personal Care,44980.43,11102.37,23
1253,2025-05-01,89,Grocery & FMCG,51706.04,13697.75,32
1254,2025-05-01,89,Sports & Lifestyle,29579.48,4353.2,20
1255,2025-05-01,90,Electronics,50751.09,7172.15,23
1256,2025-05-01,90,Home & Kitchen,51357.55,11453.6,62
1257,2025-05-01,90,Fashion,52033.97,14780.52,41
1258,2025-05-01,90,Beauty & Personal Care,38532.72,5704.05,20
1259,2025-05-01,90,Grocery & FMCG,44450.58,9181.5,26
1260,2025-05-01,90,Sports & Lifestyle,28154.23,4358.35,20
1261,2025-05-01,91,Electronics,55236.79,15475.28,39
1262,2025-05-01,91,Home & Kitchen,54004.53,15367.03,38
1263,2025-05-01,91,Fashion,50599.82,14326.96,26
1264,2025-05-01,91,Beauty & Personal Care,43583.53,7817.33,24
1265,2025-05-01,91,Grocery & FMCG,51859.1,15466.9,51
1266,2025-05-01,91,Sports & Lifestyle,28529.9,7615.07,31
1267,2025-05-01,92,Electronics,30804.53,6092.1,22
1268,2025-05-01,92,Home & Kitchen,32511.2,8987.93,20
1269,2025-05-01,92,Fashion,33292.2,7029.51,20
1270,2025-05-01,92,Beauty & Personal Care,27326.01,7732.76,24
1271,2025-05-01,92,Grocery & FMCG,28606.72,5072.29,21
1272,2025-05-01,92,Sports & Lifestyle,18666.2,5268.07,20
1273,2025-05-01,93,Electronics,48328.19,8914.93,35
1274,2025-05-01,93,Home & Kitchen,48035.39,9918.49,41
1275,2025-05-01,93,Fashion,51135.49,12679.32,23
1276,2025-05-01,93,Beauty & Personal Care,40811.02,8309.14,30
1277,2025-05-01,93,Grocery & FMCG,39677.07,8166.76,20
1278,2025-05-01,93,Sports & Lifestyle,27523.65,5562.13,24
1279,2025-05-01,94,Electronics,52090.1,15518.68,32
1280,2025-05-01,94,Home & Kitchen,48535.71,11261.52,31
1281,2025-05-01,94,Fashion,53808.66,11812.46,22
1282,2025-05-01,94,Beauty & Personal Care,44562.69,12290.84,20
1283,2025-05-01,94,Grocery & FMCG,51589.39,11151.2,33
1284,2025-05-01,94,Sports & Lifestyle,29197.25,5027.41,20
1285,2025-05-01,95,Electronics,23297.64,4373.22,20
1286,2025-05-01,95,Home & Kitchen,25418.95,3977.93,29
1287,2025-05-01,95,Fashion,24392.92,6297.46,20
1288,2025-05-01,95,Beauty & Personal Care,24063.0,4803.01,20
1289,2025-05-01,95,Grocery & FMCG,22410.31,6416.54,20
1290,2025-05-01,95,Sports & Lifestyle,12312.15,1739.6,20
1291,2025-05-01,96,Electronics,59520.62,14743.38,42
1292,2025-05-01,96,Home & Kitchen,50752.76,10632.34,23
1293,2025-05-01,96,Fashion,62579.24,14778.37,26
1294,2025-05-01,96,Beauty & Personal Care,44146.92,8724.89,28
1295,2025-05-01,96,Grocery & FMCG,59681.46,9840.01,34
1296,2025-05-01,96,Sports & Lifestyle,26883.22,5302.85,20
1297,2025-05-01,97,Electronics,28862.98,6681.42,20
1298,2025-05-01,97,Home & Kitchen,32619.93,8617.85,20
1299,2025-05-01,97,Fashion,29620.53,8315.66,20
1300,2025-05-01,97,Beauty & Personal Care,28511.56,4341.05,20
1301,2025-05-01,97,Grocery & FMCG,29546.77,6761.81,20
1302,2025-05-01,97,Sports & Lifestyle,14886.14,3467.69,20
1303,2025-05-01,98,Electronics,19050.98,4198.69,20
1304,2025-05-01,98,Home & Kitchen,19195.8,4549.83,20
1305,2025-05-01,98,Fashion,26985.96,5415.91,20
1306,2025-05-01,98,Beauty & Personal Care,18793.61,4244.6,20
1307,2025-05-01,98,Grocery & FMCG,17247.85,2976.29,20
1308,2025-05-01,98,Sports & Lifestyle,11372.98,1849.82,20
1309,2025-05-01,99,Electronics,46104.49,13138.56,31
1310,2025-05-01,99,Home & Kitchen,45283.48,9068.46,20
1311,2025-05-01,99,Fashion,45512.84,11981.8,26
1312,2025-05-01,99,Beauty & Personal Care,37977.96,8498.69,36
1313,2025-05-01,99,Grocery & FMCG,46849.7,10020.17,21
1314,2025-05-01,99,Sports & Lifestyle,24666.08,7189.02,20
1315,2025-05-01,100,Electronics,57960.47,15415.34,40
1316,2025-05-01,100,Home & Kitchen,58531.21,11138.44,70
1317,2025-05-01,100,Fashion,61403.35,18354.83,35
1318,2025-05-01,100,Beauty & Personal Care,45667.49,10200.51,55
1319,2025-05-01,100,Grocery & FMCG,49910.49,7454.75,26
1320,2025-05-01,100,Sports & Lifestyle,25149.81,5689.99,20
1321,2025-05-01,101,Electronics,61364.59,15725.19,26
1322,2025-05-01,101,Home & Kitchen,63175.55,16718.0,68
1323,2025-05-01,101,Fashion,58006.01,16115.88,27
1324,2025-05-01,101,Beauty & Personal Care,55314.92,14148.53,27
1325,2025-05-01,101,Grocery & FMCG,54549.78,10856.62,30
1326,2025-05-01,101,Sports & Lifestyle,28763.71,6044.21,22
1327,2025-05-01,102,Electronics,21945.96,4223.3,20
1328,2025-05-01,102,Home & Kitchen,23749.05,6790.47,24
1329,2025-05-01,102,Fashion,27991.01,7937.0,26
1330,2025-05-01,102,Beauty & Personal Care,20816.04,2961.63,24
1331,2025-05-01,102,Grocery & FMCG,17553.32,2826.81,20
1332,2025-05-01,102,Sports & Lifestyle,11703.37,3287.72,20
1333,2025-05-01,103,Electronics,52111.13,10790.27,28
1334,2025-05-01,103,Home & Kitchen,55590.84,11276.4,37
1335,2025-05-01,103,Fashion,62883.72,16809.19,51
1336,2025-05-01,103,Beauty & Personal Care,52612.96,10260.67,56
1337,2025-05-01,103,Grocery & FMCG,52642.25,12489.48,54
1338,2025-05-01,103,Sports & Lifestyle,29239.08,6097.8,20
1339,2025-05-01,104,Electronics,69118.42,11042.63,36
1340,2025-05-01,104,Home & Kitchen,60493.08,14496.4,60
1341,2025-05-01,104,Fashion,69705.87,10858.47,41
1342,2025-05-01,104,Beauty & Personal Care,48142.08,7865.88,21
1343,2025-05-01,104,Grocery & FMCG,50736.09,7376.54,28
1344,2025-05-01,104,Sports & Lifestyle,31285.86,8188.67,23
1345,2025-05-01,105,Electronics,22228.03,4183.43,20
1346,2025-05-01,105,Home & Kitchen,21779.07,4694.45,20
1347,2025-05-01,105,Fashion,24041.46,3405.13,20
1348,2025-05-01,105,Beauty & Personal Care,20484.6,5188.27,20
1349,2025-05-01,105,Grocery & FMCG,15422.67,3761.06,20
1350,2025-05-01,105,Sports & Lifestyle,11283.35,2329.44,20
1351,2025-05-01,106,Electronics,44115.42,9248.89,40
1352,2025-05-01,106,Home & Kitchen,49018.97,12671.49,36
1353,2025-05-01,106,Fashion,47305.67,12042.38,21
1354,2025-05-01,106,Beauty & Personal Care,44755.53,13325.01,20
1355,2025-05-01,106,Grocery & FMCG,45106.35,7039.91,27
1356,2025-05-01,106,Sports & Lifestyle,24214.55,5393.42,20
1357,2025-05-01,107,Electronics,54816.26,13467.94,34
1358,2025-05-01,107,Home & Kitchen,48244.68,13411.62,40
1359,2025-05-01,107,Fashion,55318.48,12358.72,28
1360,2025-05-01,107,Beauty & Personal Care,52751.23,14981.73,40
1361,2025-05-01,107,Grocery & FMCG,51387.12,12995.81,28
1362,2025-05-01,107,Sports & Lifestyle,31040.59,8111.12,35
1363,2025-05-01,108,Electronics,30911.65,7400.3,24
1364,2025-05-01,108,Home & Kitchen,28767.64,4412.5,23
1365,2025-05-01,108,Fashion,37423.26,6827.53,31
1366,2025-05-01,108,Beauty & Personal Care,23976.79,6551.82,20
1367,2025-05-01,108,Grocery & FMCG,28683.17,7571.83,21
1368,2025-05-01,108,Sports & Lifestyle,14947.73,2568.92,20
1369,2025-05-01,109,Electronics,39397.25,6254.62,30
1370,2025-05-01,109,Home & Kitchen,35979.55,7418.28,20
1371,2025-05-01,109,Fashion,44417.42,11673.63,31
1372,2025-05-01,109,Beauty & Personal Care,37044.88,9041.95,37
1373,2025-05-01,109,Grocery & FMCG,33301.77,7662.95,25
1374,2025-05-01,109,Sports & Lifestyle,21889.65,4586.86,20
1375,2025-05-01,110,Electronics,46254.43,7946.27,25
1376,2025-05-01,110,Home & Kitchen,43598.09,11134.22,23
1377,2025-05-01,110,Fashion,59360.72,9873.9,37
1378,2025-05-01,110,Beauty & Personal Care,45016.8,11450.24,22
1379,2025-05-01,110,Grocery & FMCG,50469.44,12714.47,29
1380,2025-05-01,110,Sports & Lifestyle,30399.06,5639.68,20
1381,2025-05-01,111,Electronics,56456.07,10846.33,31
1382,2025-05-01,111,Home & Kitchen,53916.19,10944.24,22
1383,2025-05-01,111,Fashion,77329.02,17445.75,39
1384,2025-05-01,111,Beauty & Personal Care,57229.81,9048.46,23
1385,2025-05-01,111,Grocery & FMCG,48724.02,12421.53,24
1386,2025-05-01,111,Sports & Lifestyle,30232.27,4653.51,36
1387,2025-05-01,112,Electronics,59787.36,10365.54,59
1388,2025-05-01,112,Home & Kitchen,53775.48,8810.83,33
1389,2025-05-01,112,Fashion,58201.56,14342.3,29
1390,2025-05-01,112,Beauty & Personal Care,50071.6,13375.45,62
1391,2025-05-01,112,Grocery & FMCG,42340.05,10539.7,26
1392,2025-05-01,112,Sports & Lifestyle,30284.43,7560.11,20
1393,2025-05-01,113,Electronics,53338.6,9457.16,24
1394,2025-05-01,113,Home & Kitchen,48973.82,7652.74,36
1395,2025-05-01,113,Fashion,60875.78,11722.33,25
1396,2025-05-01,113,Beauty & Personal Care,55787.1,10452.54,37
1397,2025-05-01,113,Grocery & FMCG,46904.67,12072.54,30
1398,2025-05-01,113,Sports & Lifestyle,34288.23,8520.08,28
1399,2025-05-01,114,Electronics,58813.28,12629.13,32
1400,2025-05-01,114,Home & Kitchen,55553.36,15075.09,57
1401,2025-05-01,114,Fashion,56420.15,12787.43,23
1402,2025-05-01,114,Beauty & Personal Care,63704.87,17104.52,30
1403,2025-05-01,114,Grocery & FMCG,63541.4,12311.42,54
1404,2025-05-01,114,Sports & Lifestyle,33672.76,5191.22,20
1405,2025-05-01,115,Electronics,25345.31,6175.12,20
1406,2025-05-01,115,Home & Kitchen,33310.03,8604.94,39
1407,2025-05-01,115,Fashion,29960.08,7539.81,20
1408,2025-05-01,115,Beauty & Personal Care,22641.75,5212.81,20
1409,2025-05-01,115,Grocery & FMCG,24430.14,6368.35,24
1410,2025-05-01,115,Sports & Lifestyle,15495.09,4054.34,20
1411,2025-05-01,116,Electronics,48916.74,12425.77,22
1412,2025-05-01,116,Home & Kitchen,59508.59,13851.88,47
1413,2025-05-01,116,Fashion,73939.32,13565.23,44
1414,2025-05-01,116,Beauty & Personal Care,44311.75,7506.03,20
1415,2025-05-01,116,Grocery & FMCG,60261.24,14457.98,31
1416,2025-05-01,116,Sports & Lifestyle,28293.11,4234.69,20
1417,2025-05-01,117,Electronics,59446.48,10093.49,24
1418,2025-05-01,117,Home & Kitchen,63233.36,9914.84,58
1419,2025-05-01,117,Fashion,64169.01,14492.29,47
1420,2025-05-01,117,Beauty & Personal Care,49718.24,14086.71,36
1421,2025-05-01,117,Grocery & FMCG,58920.35,16352.79,25
1422,2025-05-01,117,Sports & Lifestyle,31758.64,8046.95,21
1423,2025-05-01,118,Electronics,26806.74,4362.82,22
1424,2025-05-01,118,Home & Kitchen,21349.89,5785.39,20
1425,2025-05-01,118,Fashion,22902.97,4356.76,24
1426,2025-05-01,118,Beauty & Personal Care,20019.38,4989.27,20
1427,2025-05-01,118,Grocery & FMCG,23507.77,3505.85,20
1428,2025-05-01,118,Sports & Lifestyle,12418.98,2964.03,20
1429,2025-05-01,119,Electronics,39981.75,7454.52,20
1430,2025-05-01,119,Home & Kitchen,35217.48,9364.53,23
1431,2025-05-01,119,Fashion,39838.77,8823.37,20
1432,2025-05-01,119,Beauty & Personal Care,29051.17,4484.82,29
1433,2025-05-01,119,Grocery & FMCG,35358.82,9634.94,43
1434,2025-05-01,119,Sports & Lifestyle,18398.96,3051.51,20
1435,2025-05-01,120,Electronics,25850.41,5726.49,23
1436,2025-05-01,120,Home & Kitchen,22851.67,3360.67,20
1437,2025-05-01,120,Fashion,28718.02,8224.61,20
1438,2025-05-01,120,Beauty & Personal Care,23055.3,5212.1,20
1439,2025-05-01,120,Grocery & FMCG,24048.11,7072.88,20
1440,2025-05-01,120,Sports & Lifestyle,13639.32,3823.94,20
1441,2025-06-01,1,Electronics,59162.09,11607.83,37
1442,2025-06-01,1,Home & Kitchen,62394.58,13354.14,31
1443,2025-06-01,1,Fashion,57418.0,16024.48,23
1444,2025-06-01,1,Beauty & Personal Care,55558.33,9108.94,31
1445,2025-06-01,1,Grocery & FMCG,48664.95,7261.03,51
1446,2025-06-01,1,Sports & Lifestyle,32659.21,9626.99,27
1447,2025-06-01,2,Electronics,43122.2,8147.67,53
1448,2025-06-01,2,Home & Kitchen,35671.25,6794.49,24
1449,2025-06-01,2,Fashion,41768.29,7727.4,41
1450,2025-06-01,2,Beauty & Personal Care,36406.47,10577.66,42
1451,2025-06-01,2,Grocery & FMCG,42280.81,10372.45,22
1452,2025-06-01,2,Sports & Lifestyle,22371.54,4597.42,20
1453,2025-06-01,3,Electronics,56383.92,14379.19,25
1454,2025-06-01,3,Home & Kitchen,58363.97,12918.04,42
1455,2025-06-01,3,Fashion,45749.6,9031.77,28
1456,2025-06-01,3,Beauty & Personal Care,43931.78,9460.01,20
1457,2025-06-01,3,Grocery & FMCG,49776.34,12520.34,22
1458,2025-06-01,3,Sports & Lifestyle,26376.66,4121.45,20
1459,2025-06-01,4,Electronics,42604.65,6827.7,30
1460,2025-06-01,4,Home & Kitchen,38884.97,8459.76,20
1461,2025-06-01,4,Fashion,49240.39,7110.72,29
1462,2025-06-01,4,Beauty & Personal Care,38935.98,7703.83,20
1463,2025-06-01,4,Grocery & FMCG,39590.77,8355.43,23
1464,2025-06-01,4,Sports & Lifestyle,23683.46,5663.86,20
1465,2025-06-01,5,Electronics,44014.01,9118.64,20
1466,2025-06-01,5,Home & Kitchen,49813.0,10767.64,58
1467,2025-06-01,5,Fashion,45855.92,11060.31,24
1468,2025-06-01,5,Beauty & Personal Care,43717.82,6584.81,28
1469,2025-06-01,5,Grocery & FMCG,38111.21,9227.41,21
1470,2025-06-01,5,Sports & Lifestyle,25342.11,6270.29,20
1471,2025-06-01,6,Electronics,23824.38,6941.36,26
1472,2025-06-01,6,Home & Kitchen,29001.49,5386.83,22
1473,2025-06-01,6,Fashion,28227.09,6897.35,20
1474,2025-06-01,6,Beauty & Personal Care,20758.56,4692.75,20
1475,2025-06-01,6,Grocery & FMCG,23108.28,4884.36,20
1476,2025-06-01,6,Sports & Lifestyle,14301.4,2621.9,20
1477,2025-06-01,7,Electronics,36247.13,8825.76,20
1478,2025-06-01,7,Home & Kitchen,31205.39,8164.98,20
1479,2025-06-01,7,Fashion,41754.02,8908.22,20
1480,2025-06-01,7,Beauty & Personal Care,37014.87,5875.97,39
1481,2025-06-01,7,Grocery & FMCG,25533.65,7033.7,26
1482,2025-06-01,7,Sports & Lifestyle,18765.61,4224.24,20
1483,2025-06-01,8,Electronics,41767.49,10965.22,51
1484,2025-06-01,8,Home & Kitchen,52250.78,10918.05,25
1485,2025-06-01,8,Fashion,52688.34,13975.82,34
1486,2025-06-01,8,Beauty & Personal Care,48577.3,7999.23,24
1487,2025-06-01,8,Grocery & FMCG,45875.02,9938.13,24
1488,2025-06-01,8,Sports & Lifestyle,25174.17,4050.02,20
1489,2025-06-01,9,Electronics,57544.17,14647.99,47
1490,2025-06-01,9,Home & Kitchen,48868.3,10987.1,21
1491,2025-06-01,9,Fashion,66531.94,12219.13,44
1492,2025-06-01,9,Beauty & Personal Care,49965.17,9635.0,30
1493,2025-06-01,9,Grocery & FMCG,54005.0,10929.6,58
1494,2025-06-01,9,Sports & Lifestyle,29367.35,4156.14,20
1495,2025-06-01,10,Electronics,50244.52,7236.16,39
1496,2025-06-01,10,Home & Kitchen,50325.34,8143.59,20
1497,2025-06-01,10,Fashion,61730.49,16673.01,33
1498,2025-06-01,10,Beauty & Personal Care,48380.8,14336.1,22
1499,2025-06-01,10,Grocery & FMCG,57518.88,9935.11,44
1500,2025-06-01,10,Sports & Lifestyle,28773.7,6786.28,20
1501,2025-06-01,11,Electronics,39013.87,7725.05,34
1502,2025-06-01,11,Home & Kitchen,37425.53,7111.21,20
1503,2025-06-01,11,Fashion,32587.31,8189.87,20
1504,2025-06-01,11,Beauty & Personal Care,39339.71,9824.81,26
1505,2025-06-01,11,Grocery & FMCG,39094.86,7666.94,20
1506,2025-06-01,11,Sports & Lifestyle,17636.3,2701.92,20
1507,2025-06-01,12,Electronics,41788.73,10659.65,20
1508,2025-06-01,12,Home & Kitchen,48162.8,14157.25,23
1509,2025-06-01,12,Fashion,45751.17,9752.07,36
1510,2025-06-01,12,Beauty & Personal Care,29940.9,6023.86,20
1511,2025-06-01,12,Grocery & FMCG,35938.47,8061.02,20
1512,2025-06-01,12,Sports & Lifestyle,25155.1,5521.41,20
1513,2025-06-01,13,Electronics,33790.39,7942.75,20
1514,2025-06-01,13,Home & Kitchen,32687.1,4780.24,20
1515,2025-06-01,13,Fashion,33581.37,4831.49,20
1516,2025-06-01,13,Beauty & Personal Care,31361.55,4408.06,36
1517,2025-06-01,13,Grocery & FMCG,36056.5,8337.31,28
1518,2025-06-01,13,Sports & Lifestyle,17472.67,3312.04,20
1519,2025-06-01,14,Electronics,57357.02,16149.57,55
1520,2025-06-01,14,Home & Kitchen,49970.57,8524.26,31
1521,2025-06-01,14,Fashion,49210.65,10275.48,20
1522,2025-06-01,14,Beauty & Personal Care,43264.51,10039.49,20
1523,2025-06-01,14,Grocery & FMCG,45388.13,8266.4,21
1524,2025-06-01,14,Sports & Lifestyle,30401.66,4258.76,20
1525,2025-06-01,15,Electronics,39004.62,9491.89,33
1526,2025-06-01,15,Home & Kitchen,38240.26,10210.52,21
1527,2025-06-01,15,Fashion,44215.83,12090.68,20
1528,2025-06-01,15,Beauty & Personal Care,43383.55,11482.13,31
1529,2025-06-01,15,Grocery & FMCG,37206.78,6379.13,21
1530,2025-06-01,15,Sports & Lifestyle,21706.59,5541.9,20
1531,2025-06-01,16,Electronics,40855.73,9425.11,20
1532,2025-06-01,16,Home & Kitchen,46847.93,10122.31,36
1533,2025-06-01,16,Fashion,49739.47,8115.42,20
1534,2025-06-01,16,Beauty & Personal Care,44764.11,11180.71,25
1535,2025-06-01,16,Grocery & FMCG,46787.8,11566.34,20
1536,2025-06-01,16,Sports & Lifestyle,24402.75,6940.59,21
1537,2025-06-01,17,Electronics,47489.12,12774.56,49
1538,2025-06-01,17,Home & Kitchen,52923.72,10047.92,47
1539,2025-06-01,17,Fashion,56331.63,15105.76,58
1540,2025-06-01,17,Beauty & Personal Care,48762.9,10639.42,22
1541,2025-06-01,17,Grocery & FMCG,46485.09,7000.47,42
1542,2025-06-01,17,Sports & Lifestyle,23445.32,6652.29,20
1543,2025-06-01,18,Electronics,21226.19,5850.03,20
1544,2025-06-01,18,Home & Kitchen,23480.37,5322.73,20
1545,2025-06-01,18,Fashion,24037.05,6583.1,20
1546,2025-06-01,18,Beauty & Personal Care,18553.46,3600.7,20
1547,2025-06-01,18,Grocery & FMCG,20488.78,4358.39,20
1548,2025-06-01,18,Sports & Lifestyle,14135.9,2208.86,20
1549,2025-06-01,19,Electronics,35169.36,5434.95,20
1550,2025-06-01,19,Home & Kitchen,30154.41,7628.63,20
1551,2025-06-01,19,Fashion,34760.66,8749.38,23
1552,2025-06-01,19,Beauty & Personal Care,29554.72,6633.08,20
1553,2025-06-01,19,Grocery & FMCG,32384.58,6900.75,25
1554,2025-06-01,19,Sports & Lifestyle,16805.67,4675.74,20
1555,2025-06-01,20,Electronics,38298.79,9542.52,34
1556,2025-06-01,20,Home & Kitchen,28462.22,6072.09,20
1557,2025-06-01,20,Fashion,39728.37,9158.49,31
1558,2025-06-01,20,Beauty & Personal Care,33734.83,6005.49,22
1559,2025-06-01,20,Grocery & FMCG,35637.77,8154.88,20
1560,2025-06-01,20,Sports & Lifestyle,21421.16,5367.64,20
1561,2025-06-01,21,Electronics,51101.1,14159.87,24
1562,2025-06-01,21,Home & Kitchen,58753.88,11188.01,27
1563,2025-06-01,21,Fashion,64510.03,15313.99,70
1564,2025-06-01,21,Beauty & Personal Care,43637.53,12177.63,20
1565,2025-06-01,21,Grocery & FMCG,52308.28,9001.24,25
1566,2025-06-01,21,Sports & Lifestyle,31956.89,7044.72,39
1567,2025-06-01,22,Electronics,65421.83,11036.89,62
1568,2025-06-01,22,Home & Kitchen,66448.12,11130.88,41
1569,2025-06-01,22,Fashion,58758.51,14900.51,26
1570,2025-06-01,22,Beauty & Personal Care,54197.2,13032.38,28
1571,2025-06-01,22,Grocery & FMCG,56845.18,15397.4,25
1572,2025-06-01,22,Sports & Lifestyle,29354.86,7669.84,35
1573,2025-06-01,23,Electronics,57190.82,11864.18,52
1574,2025-06-01,23,Home & Kitchen,37530.72,6052.65,21
1575,2025-06-01,23,Fashion,50208.13,8024.06,35
1576,2025-06-01,23,Beauty & Personal Care,37509.91,5380.1,35
1577,2025-06-01,23,Grocery & FMCG,39870.55,9247.9,33
1578,2025-06-01,23,Sports & Lifestyle,22110.63,4080.24,20
1579,2025-06-01,24,Electronics,53951.24,10761.45,51
1580,2025-06-01,24,Home & Kitchen,43312.55,12191.87,50
1581,2025-06-01,24,Fashion,54014.5,12793.58,45
1582,2025-06-01,24,Beauty & Personal Care,38671.75,10512.49,20
1583,2025-06-01,24,Grocery & FMCG,41516.58,9548.26,22
1584,2025-06-01,24,Sports & Lifestyle,24320.04,4218.39,20
1585,2025-06-01,25,Electronics,56911.61,7999.74,23
1586,2025-06-01,25,Home & Kitchen,57385.86,13736.14,39
1587,2025-06-01,25,Fashion,49870.59,14119.86,23
1588,2025-06-01,25,Beauty & Personal Care,35206.76,8463.63,23
1589,2025-06-01,25,Grocery & FMCG,51160.82,7413.52,22
1590,2025-06-01,25,Sports & Lifestyle,32636.18,6569.58,20
1591,2025-06-01,26,Electronics,42166.77,11262.14,44
1592,2025-06-01,26,Home & Kitchen,36748.02,9978.05,20
1593,2025-06-01,26,Fashion,37199.71,5214.3,28
1594,2025-06-01,26,Beauty & Personal Care,34703.7,4937.03,20
1595,2025-06-01,26,Grocery & FMCG,32599.33,9537.83,20
1596,2025-06-01,26,Sports & Lifestyle,22476.19,5561.82,20
1597,2025-06-01,27,Electronics,35955.48,9422.88,33
1598,2025-06-01,27,Home & Kitchen,35498.97,6835.05,20
1599,2025-06-01,27,Fashion,45839.84,10383.25,24
1600,2025-06-01,27,Beauty & Personal Care,42221.86,11247.98,38
1601,2025-06-01,27,Grocery & FMCG,35859.08,9907.8,20
1602,2025-06-01,27,Sports & Lifestyle,23962.43,5816.74,20
1603,2025-06-01,28,Electronics,56842.69,12037.04,31
1604,2025-06-01,28,Home & Kitchen,62903.85,13984.43,43
1605,2025-06-01,28,Fashion,59099.29,8573.44,38
1606,2025-06-01,28,Beauty & Personal Care,54418.99,10712.46,23
1607,2025-06-01,28,Grocery & FMCG,45123.23,10766.41,46
1608,2025-06-01,28,Sports & Lifestyle,32694.07,5956.48,29
1609,2025-06-01,29,Electronics,63066.34,15316.04,47
1610,2025-06-01,29,Home & Kitchen,46339.1,11185.48,24
1611,2025-06-01,29,Fashion,59353.61,13437.02,44
1612,2025-06-01,29,Beauty & Personal Care,46924.65,13645.4,25
1613,2025-06-01,29,Grocery & FMCG,48882.27,11242.8,55
1614,2025-06-01,29,Sports & Lifestyle,31700.11,7028.97,20
1615,2025-06-01,30,Electronics,54682.03,16043.32,23
1616,2025-06-01,30,Home & Kitchen,44868.94,9900.58,40
1617,2025-06-01,30,Fashion,61699.47,14465.43,66
1618,2025-06-01,30,Beauty & Personal Care,42976.3,8970.52,26
1619,2025-06-01,30,Grocery & FMCG,44232.35,7246.27,20
1620,2025-06-01,30,Sports & Lifestyle,23631.79,6922.44,20
1621,2025-06-01,31,Electronics,29205.14,7173.29,36
1622,2025-06-01,31,Home & Kitchen,32829.29,7062.2,20
1623,2025-06-01,31,Fashion,33484.9,8154.69,20
1624,2025-06-01,31,Beauty & Personal Care,27614.54,6433.44,20
1625,2025-06-01,31,Grocery & FMCG,27366.94,5259.34,20
1626,2025-06-01,31,Sports & Lifestyle,16137.43,3552.66,20
1627,2025-06-01,32,Electronics,33752.88,9148.87,24
1628,2025-06-01,32,Home & Kitchen,32829.25,6303.61,20
1629,2025-06-01,32,Fashion,35532.94,5554.7,20
1630,2025-06-01,32,Beauty & Personal Care,32044.8,7336.23,39
1631,2025-06-01,32,Grocery & FMCG,32965.32,7544.09,20
1632,2025-06-01,32,Sports & Lifestyle,15226.91,3084.43,20
1633,2025-06-01,33,Electronics,44003.19,6455.67,36
1634,2025-06-01,33,Home & Kitchen,48116.74,9750.33,20
1635,2025-06-01,33,Fashion,56457.12,13601.96,31
1636,2025-06-01,33,Beauty & Personal Care,49899.93,7819.16,39
1637,2025-06-01,33,Grocery & FMCG,47064.64,11859.81,38
1638,2025-06-01,33,Sports & Lifestyle,32456.37,4772.84,20
1639,2025-06-01,34,Electronics,28623.4,8422.93,25
1640,2025-06-01,34,Home & Kitchen,28864.55,4916.64,20
1641,2025-06-01,34,Fashion,27573.13,4717.29,20
1642,2025-06-01,34,Beauty & Personal Care,18964.14,3537.45,20
1643,2025-06-01,34,Grocery & FMCG,26223.7,7676.0,21
1644,2025-06-01,34,Sports & Lifestyle,13754.46,4087.77,20
1645,2025-06-01,35,Electronics,39715.25,8318.31,20
1646,2025-06-01,35,Home & Kitchen,45065.14,6948.17,24
1647,2025-06-01,35,Fashion,60816.96,11051.13,67
1648,2025-06-01,35,Beauty & Personal Care,41166.27,11797.33,46
1649,2025-06-01,35,Grocery & FMCG,42235.44,10434.87,25
1650,2025-06-01,35,Sports & Lifestyle,23096.38,4387.11,23
1651,2025-06-01,36,Electronics,31978.37,5193.64,20
1652,2025-06-01,36,Home & Kitchen,30100.62,5163.3,34
1653,2025-06-01,36,Fashion,29448.1,7080.3,20
1654,2025-06-01,36,Beauty & Personal Care,31130.65,8325.89,20
1655,2025-06-01,36,Grocery & FMCG,32169.51,4882.11,26
1656,2025-06-01,36,Sports & Lifestyle,16834.52,3087.53,20
1657,2025-06-01,37,Electronics,47666.63,9664.52,47
1658,2025-06-01,37,Home & Kitchen,45862.05,9905.21,20
1659,2025-06-01,37,Fashion,49202.74,10191.84,23
1660,2025-06-01,37,Beauty & Personal Care,40387.41,8616.36,20
1661,2025-06-01,37,Grocery & FMCG,47514.58,8515.69,22
1662,2025-06-01,37,Sports & Lifestyle,28098.64,5954.23,20
1663,2025-06-01,38,Electronics,54966.04,9368.0,23
1664,2025-06-01,38,Home & Kitchen,62054.66,9258.23,45
1665,2025-06-01,38,Fashion,58653.91,17457.38,69
1666,2025-06-01,38,Beauty & Personal Care,42888.48,9202.55,22
1667,2025-06-01,38,Grocery & FMCG,55918.47,16750.07,36
1668,2025-06-01,38,Sports & Lifestyle,24524.96,4098.02,20
1669,2025-06-01,39,Electronics,67787.06,17773.59,34
1670,2025-06-01,39,Home & Kitchen,53887.03,11557.65,54
1671,2025-06-01,39,Fashion,51674.79,13606.49,50
1672,2025-06-01,39,Beauty & Personal Care,47057.95,13398.22,20
1673,2025-06-01,39,Grocery & FMCG,49590.19,11327.13,22
1674,2025-06-01,39,Sports & Lifestyle,29109.83,7538.4,20
1675,2025-06-01,40,Electronics,49685.81,14359.22,27
1676,2025-06-01,40,Home & Kitchen,43180.26,12305.98,20
1677,2025-06-01,40,Fashion,60775.77,17708.96,43
1678,2025-06-01,40,Beauty & Personal Care,34793.15,6765.54,23
1679,2025-06-01,40,Grocery & FMCG,48163.1,12826.14,21
1680,2025-06-01,40,Sports & Lifestyle,25469.71,5493.99,20
1681,2025-06-01,41,Electronics,30891.54,8142.25,20
1682,2025-06-01,41,Home & Kitchen,26963.03,7467.52,31
1683,2025-06-01,41,Fashion,29395.92,7222.86,24
1684,2025-06-01,41,Beauty & Personal Care,27735.04,5837.02,27
1685,2025-06-01,41,Grocery & FMCG,26254.05,6763.39,20
1686,2025-06-01,41,Sports & Lifestyle,16712.2,2687.7,20
1687,2025-06-01,42,Electronics,56464.21,12245.08,27
1688,2025-06-01,42,Home & Kitchen,52493.13,13969.55,47
1689,2025-06-01,42,Fashion,53953.84,13302.75,27
1690,2025-06-01,42,Beauty & Personal Care,42560.37,8314.9,20
1691,2025-06-01,42,Grocery & FMCG,56542.52,13749.57,51
1692,2025-06-01,42,Sports & Lifestyle,29439.5,5503.31,34
1693,2025-06-01,43,Electronics,53799.32,13213.24,59
1694,2025-06-01,43,Home & Kitchen,49914.07,11034.11,24
1695,2025-06-01,43,Fashion,52437.84,13697.15,59
1696,2025-06-01,43,Beauty & Personal Care,44149.69,12621.92,29
1697,2025-06-01,43,Grocery & FMCG,45515.48,10608.05,20
1698,2025-06-01,43,Sports & Lifestyle,30082.15,7982.32,22
1699,2025-06-01,44,Electronics,60517.42,15199.42,62
1700,2025-06-01,44,Home & Kitchen,53393.9,13534.27,32
1701,2025-06-01,44,Fashion,67543.74,10291.11,64
1702,2025-06-01,44,Beauty & Personal Care,48493.68,13035.74,35
1703,2025-06-01,44,Grocery & FMCG,53792.92,15316.38,21
1704,2025-06-01,44,Sports & Lifestyle,29848.06,7115.87,23
1705,2025-06-01,45,Electronics,36411.52,8359.96,20
1706,2025-06-01,45,Home & Kitchen,26745.75,4568.43,20
1707,2025-06-01,45,Fashion,34811.47,5577.13,27
1708,2025-06-01,45,Beauty & Personal Care,32583.15,5266.64,20
1709,2025-06-01,45,Grocery & FMCG,29773.56,4808.6,25
1710,2025-06-01,45,Sports & Lifestyle,21061.5,6015.61,20
1711,2025-06-01,46,Electronics,58759.1,10686.26,54
1712,2025-06-01,46,Home & Kitchen,62522.26,18440.14,31
1713,2025-06-01,46,Fashion,53393.1,10131.13,40
1714,2025-06-01,46,Beauty & Personal Care,37075.91,10487.36,20
1715,2025-06-01,46,Grocery & FMCG,64387.27,9021.9,27
1716,2025-06-01,46,Sports & Lifestyle,32786.9,5431.26,20
1717,2025-06-01,47,Electronics,56317.94,10975.65,28
1718,2025-06-01,47,Home & Kitchen,51671.08,8533.4,42
1719,2025-06-01,47,Fashion,61878.6,16455.97,29
1720,2025-06-01,47,Beauty & Personal Care,37718.15,7497.27,44
1721,2025-06-01,47,Grocery & FMCG,54683.06,9667.33,25
1722,2025-06-01,47,Sports & Lifestyle,32044.8,4787.23,33
1723,2025-06-01,48,Electronics,62306.76,18008.5,31
1724,2025-06-01,48,Home & Kitchen,58478.2,15371.93,27
1725,2025-06-01,48,Fashion,66418.04,14365.06,45
1726,2025-06-01,48,Beauty & Personal Care,56773.6,11537.22,29
1727,2025-06-01,48,Grocery & FMCG,49644.81,7055.16,26
1728,2025-06-01,48,Sports & Lifestyle,32073.61,9325.57,21
1729,2025-06-01,49,Electronics,50037.28,11938.03,32
1730,2025-06-01,49,Home & Kitchen,54324.17,10479.66,40
1731,2025-06-01,49,Fashion,73549.78,21614.04,30
1732,2025-06-01,49,Beauty & Personal Care,45665.14,11123.94,24
1733,2025-06-01,49,Grocery & FMCG,52933.73,10749.47,31
1734,2025-06-01,49,Sports & Lifestyle,29607.79,5000.03,25
1735,2025-06-01,50,Electronics,32231.44,7246.37,21
1736,2025-06-01,50,Home & Kitchen,28407.05,7409.26,20
1737,2025-06-01,50,Fashion,34746.46,5102.95,42
1738,2025-06-01,50,Beauty & Personal Care,23611.19,5593.91,20
1739,2025-06-01,50,Grocery & FMCG,29904.12,8235.68,34
1740,2025-06-01,50,Sports & Lifestyle,20082.47,5275.92,20
1741,2025-06-01,51,Electronics,63770.95,9785.27,28
1742,2025-06-01,51,Home & Kitchen,70212.59,16071.12,67
1743,2025-06-01,51,Fashion,60372.82,10865.43,33
1744,2025-06-01,51,Beauty & Personal Care,47916.8,7421.52,20
1745,2025-06-01,51,Grocery & FMCG,46595.69,10309.55,41
1746,2025-06-01,51,Sports & Lifestyle,36455.07,7608.18,29
1747,2025-06-01,52,Electronics,55335.63,12340.16,34
1748,2025-06-01,52,Home & Kitchen,61958.25,14792.89,61
1749,2025-06-01,52,Fashion,53627.51,15821.32,21
1750,2025-06-01,52,Beauty & Personal Care,44882.94,7450.89,25
1751,2025-06-01,52,Grocery & FMCG,48861.97,10717.69,27
1752,2025-06-01,52,Sports & Lifestyle,30053.58,5654.28,20
1753,2025-06-01,53,Electronics,45715.03,12850.36,22
1754,2025-06-01,53,Home & Kitchen,47296.51,11316.76,20
1755,2025-06-01,53,Fashion,48417.02,14341.08,24
1756,2025-06-01,53,Beauty & Personal Care,43324.14,8539.31,22
1757,2025-06-01,53,Grocery & FMCG,42406.26,11408.48,20
1758,2025-06-01,53,Sports & Lifestyle,30272.66,7830.78,20
1759,2025-06-01,54,Electronics,21301.91,4510.79,21
1760,2025-06-01,54,Home & Kitchen,23886.65,6630.62,22
1761,2025-06-01,54,Fashion,30102.36,6814.1,20
1762,2025-06-01,54,Beauty & Personal Care,22403.07,3315.64,24
1763,2025-06-01,54,Grocery & FMCG,29528.85,6828.59,20
1764,2025-06-01,54,Sports & Lifestyle,11139.61,3297.45,20
1765,2025-06-01,55,Electronics,58644.82,15581.16,49
1766,2025-06-01,55,Home & Kitchen,47641.79,10672.91,26
1767,2025-06-01,55,Fashion,56009.57,8493.59,46
1768,2025-06-01,55,Beauty & Personal Care,47362.52,8571.22,39
1769,2025-06-01,55,Grocery & FMCG,50006.52,13294.13,45
1770,2025-06-01,55,Sports & Lifestyle,31415.11,7950.5,20
1771,2025-06-01,56,Electronics,35660.57,7628.97,20
1772,2025-06-01,56,Home & Kitchen,35917.53,7324.3,29
1773,2025-06-01,56,Fashion,35384.91,6093.29,20
1774,2025-06-01,56,Beauty & Personal Care,33506.82,6240.49,20
1775,2025-06-01,56,Grocery & FMCG,33729.44,7916.81,39
1776,2025-06-01,56,Sports & Lifestyle,17700.63,3530.33,20
1777,2025-06-01,57,Electronics,48227.86,14299.22,32
1778,2025-06-01,57,Home & Kitchen,39641.14,7175.47,23
1779,2025-06-01,57,Fashion,46550.13,13153.49,21
1780,2025-06-01,57,Beauty & Personal Care,39421.06,11284.73,24
1781,2025-06-01,57,Grocery & FMCG,43487.72,10224.21,23
1782,2025-06-01,57,Sports & Lifestyle,24243.07,5310.22,20
1783,2025-06-01,58,Electronics,40593.41,10752.83,38
1784,2025-06-01,58,Home & Kitchen,28971.93,7560.57,20
1785,2025-06-01,58,Fashion,34016.54,7906.69,42
1786,2025-06-01,58,Beauty & Personal Care,29422.94,7497.42,32
1787,2025-06-01,58,Grocery & FMCG,32202.93,8300.93,32
1788,2025-06-01,58,Sports & Lifestyle,18349.48,4022.99,22
1789,2025-06-01,59,Electronics,43002.39,11353.77,28
1790,2025-06-01,59,Home & Kitchen,45238.02,9689.51,20
1791,2025-06-01,59,Fashion,43119.46,8150.45,20
1792,2025-06-01,59,Beauty & Personal Care,44451.15,11201.07,38
1793,2025-06-01,59,Grocery & FMCG,38415.99,8708.16,42
1794,2025-06-01,59,Sports & Lifestyle,19834.77,4690.94,20
1795,2025-06-01,60,Electronics,34758.39,6927.18,25
1796,2025-06-01,60,Home & Kitchen,42048.67,8032.89,24
1797,2025-06-01,60,Fashion,37639.82,7391.05,20
1798,2025-06-01,60,Beauty & Personal Care,36569.2,7321.74,20
1799,2025-06-01,60,Grocery & FMCG,42199.97,9803.33,40
1800,2025-06-01,60,Sports & Lifestyle,21818.83,5108.44,20
1801,2025-06-01,61,Electronics,45151.63,7047.67,45
1802,2025-06-01,61,Home & Kitchen,49429.55,12026.74,20
1803,2025-06-01,61,Fashion,52492.45,8302.59,44
1804,2025-06-01,61,Beauty & Personal Care,40157.3,8175.73,26
1805,2025-06-01,61,Grocery & FMCG,42206.64,9744.28,22
1806,2025-06-01,61,Sports & Lifestyle,24780.09,5086.69,26
1807,2025-06-01,62,Electronics,51759.58,14697.88,40
1808,2025-06-01,62,Home & Kitchen,49065.09,14207.68,45
1809,2025-06-01,62,Fashion,61561.4,8897.35,35
1810,2025-06-01,62,Beauty & Personal Care,46076.39,12504.07,20
1811,2025-06-01,62,Grocery & FMCG,53214.63,11532.9,26
1812,2025-06-01,62,Sports & Lifestyle,25997.98,5057.71,26
1813,2025-06-01,63,Electronics,47596.18,8806.0,47
1814,2025-06-01,63,Home & Kitchen,54537.77,15762.57,30
1815,2025-06-01,63,Fashion,64297.45,11101.64,35
1816,2025-06-01,63,Beauty & Personal Care,36952.65,9667.46,20
1817,2025-06-01,63,Grocery & FMCG,45349.43,6540.66,20
1818,2025-06-01,63,Sports & Lifestyle,24658.14,3782.73,20
1819,2025-06-01,64,Electronics,40815.7,8274.6,42
1820,2025-06-01,64,Home & Kitchen,35218.48,9110.82,40
1821,2025-06-01,64,Fashion,45773.5,8814.96,32
1822,2025-06-01,64,Beauty & Personal Care,39081.13,7392.6,20
1823,2025-06-01,64,Grocery & FMCG,35700.97,6844.62,20
1824,2025-06-01,64,Sports & Lifestyle,16826.0,2891.61,20
1825,2025-06-01,65,Electronics,58094.67,9579.65,47
1826,2025-06-01,65,Home & Kitchen,59746.6,17500.44,44
1827,2025-06-01,65,Fashion,60707.59,9152.66,66
1828,2025-06-01,65,Beauty & Personal Care,45242.14,11726.81,45
1829,2025-06-01,65,Grocery & FMCG,50454.5,10240.6,21
1830,2025-06-01,65,Sports & Lifestyle,25066.65,7344.99,20
1831,2025-06-01,66,Electronics,39805.14,5763.57,22
1832,2025-06-01,66,Home & Kitchen,37551.51,10151.26,20
1833,2025-06-01,66,Fashion,42734.27,8907.0,21
1834,2025-06-01,66,Beauty & Personal Care,42520.86,12717.77,24
1835,2025-06-01,66,Grocery & FMCG,46326.65,12061.53,22
1836,2025-06-01,66,Sports & Lifestyle,27544.13,7226.96,20
1837,2025-06-01,67,Electronics,53081.57,11744.48,47
1838,2025-06-01,67,Home & Kitchen,37634.17,9956.84,23
1839,2025-06-01,67,Fashion,52351.17,10257.08,37
1840,2025-06-01,67,Beauty & Personal Care,41700.43,7564.22,20
1841,2025-06-01,67,Grocery & FMCG,43051.47,11945.24,20
1842,2025-06-01,67,Sports & Lifestyle,32134.65,7556.83,22
1843,2025-06-01,68,Electronics,32962.81,6790.4,26
1844,2025-06-01,68,Home & Kitchen,30182.21,6357.93,25
1845,2025-06-01,68,Fashion,35293.4,6639.35,22
1846,2025-06-01,68,Beauty & Personal Care,27917.06,8345.17,23
1847,2025-06-01,68,Grocery & FMCG,28737.1,7005.65,20
1848,2025-06-01,68,Sports & Lifestyle,17124.24,4000.95,20
1849,2025-06-01,69,Electronics,43769.91,8450.61,49
1850,2025-06-01,69,Home & Kitchen,44909.71,12999.91,23
1851,2025-06-01,69,Fashion,45856.35,8648.76,56
1852,2025-06-01,69,Beauty & Personal Care,33212.43,5459.31,21
1853,2025-06-01,69,Grocery & FMCG,28937.83,6056.99,22
1854,2025-06-01,69,Sports & Lifestyle,21501.36,3897.21,20
1855,2025-06-01,70,Electronics,39597.6,10143.35,20
1856,2025-06-01,70,Home & Kitchen,44266.51,9212.37,20
1857,2025-06-01,70,Fashion,51386.05,10623.63,31
1858,2025-06-01,70,Beauty & Personal Care,34253.21,6264.87,23
1859,2025-06-01,70,Grocery & FMCG,39471.06,6500.42,28
1860,2025-06-01,70,Sports & Lifestyle,22880.52,4104.09,20
1861,2025-06-01,71,Electronics,35976.07,5072.57,20
1862,2025-06-01,71,Home & Kitchen,41722.32,6002.61,20
1863,2025-06-01,71,Fashion,37251.48,8741.57,20
1864,2025-06-01,71,Beauty & Personal Care,31218.73,6818.6,34
1865,2025-06-01,71,Grocery & FMCG,30762.21,5697.02,31
1866,2025-06-01,71,Sports & Lifestyle,23244.62,4596.84,20
1867,2025-06-01,72,Electronics,51769.76,13993.53,21
1868,2025-06-01,72,Home & Kitchen,50901.31,7285.12,23
1869,2025-06-01,72,Fashion,66116.45,11798.07,35
1870,2025-06-01,72,Beauty & Personal Care,40076.36,5951.94,28
1871,2025-06-01,72,Grocery & FMCG,43117.16,9671.75,20
1872,2025-06-01,72,Sports & Lifestyle,30556.44,6751.17,20
1873,2025-06-01,73,Electronics,50997.12,14561.15,28
1874,2025-06-01,73,Home & Kitchen,51174.99,8216.07,48
1875,2025-06-01,73,Fashion,58418.65,16066.95,32
1876,2025-06-01,73,Beauty & Personal Care,52605.94,13659.16,26
1877,2025-06-01,73,Grocery & FMCG,46485.46,6956.82,41
1878,2025-06-01,73,Sports & Lifestyle,29550.16,8653.49,22
1879,2025-06-01,74,Electronics,45512.09,7887.29,47
1880,2025-06-01,74,Home & Kitchen,54834.09,10141.87,23
1881,2025-06-01,74,Fashion,51703.59,7272.94,59
1882,2025-06-01,74,Beauty & Personal Care,44172.86,9085.81,51
1883,2025-06-01,74,Grocery & FMCG,43266.4,11458.95,43
1884,2025-06-01,74,Sports & Lifestyle,28144.16,5103.99,20
1885,2025-06-01,75,Electronics,52922.24,8773.03,37
1886,2025-06-01,75,Home & Kitchen,46533.93,13821.71,27
1887,2025-06-01,75,Fashion,53950.11,11772.33,53
1888,2025-06-01,75,Beauty & Personal Care,55817.38,16003.83,63
1889,2025-06-01,75,Grocery & FMCG,45650.68,7181.04,39
1890,2025-06-01,75,Sports & Lifestyle,28149.56,7444.15,20
1891,2025-06-01,76,Electronics,39392.43,7290.66,43
1892,2025-06-01,76,Home & Kitchen,37971.65,10252.22,20
1893,2025-06-01,76,Fashion,44089.02,6395.24,24
1894,2025-06-01,76,Beauty & Personal Care,31745.05,6340.3,23
1895,2025-06-01,76,Grocery & FMCG,35170.58,9419.72,28
1896,2025-06-01,76,Sports & Lifestyle,17759.75,2894.88,20
1897,2025-06-01,77,Electronics,53891.15,13925.21,29
1898,2025-06-01,77,Home & Kitchen,41217.79,11563.8,23
1899,2025-06-01,77,Fashion,48082.52,9108.72,40
1900,2025-06-01,77,Beauty & Personal Care,32944.28,8112.86,20
1901,2025-06-01,77,Grocery & FMCG,37611.62,7054.92,27
1902,2025-06-01,77,Sports & Lifestyle,19069.07,4482.91,20
1903,2025-06-01,78,Electronics,31875.22,9094.98,20
1904,2025-06-01,78,Home & Kitchen,43144.93,9561.1,37
1905,2025-06-01,78,Fashion,36622.64,7333.16,35
1906,2025-06-01,78,Beauty & Personal Care,26492.01,4048.08,20
1907,2025-06-01,78,Grocery & FMCG,33430.24,7370.63,35
1908,2025-06-01,78,Sports & Lifestyle,20185.92,3780.18,20
1909,2025-06-01,79,Electronics,39698.08,9801.27,39
1910,2025-06-01,79,Home & Kitchen,41279.94,6845.48,25
1911,2025-06-01,79,Fashion,37649.31,8767.89,20
1912,2025-06-01,79,Beauty & Personal Care,31260.07,5313.68,20
1913,2025-06-01,79,Grocery & FMCG,39947.29,7906.97,20
1914,2025-06-01,79,Sports & Lifestyle,25222.1,3631.01,20
1915,2025-06-01,80,Electronics,42199.09,11264.78,24
1916,2025-06-01,80,Home & Kitchen,41041.44,8441.27,38
1917,2025-06-01,80,Fashion,47806.62,9129.51,27
1918,2025-06-01,80,Beauty & Personal Care,39362.33,7898.68,34
1919,2025-06-01,80,Grocery & FMCG,41125.08,6562.84,28
1920,2025-06-01,80,Sports & Lifestyle,19993.36,5625.82,20
1921,2025-06-01,81,Electronics,52231.46,13594.26,61
1922,2025-06-01,81,Home & Kitchen,39987.82,5882.88,42
1923,2025-06-01,81,Fashion,51601.07,12515.05,42
1924,2025-06-01,81,Beauty & Personal Care,40547.89,9453.39,20
1925,2025-06-01,81,Grocery & FMCG,39939.05,5783.93,20
1926,2025-06-01,81,Sports & Lifestyle,27188.01,4012.17,20
1927,2025-06-01,82,Electronics,57406.59,10193.31,26
1928,2025-06-01,82,Home & Kitchen,53655.69,10923.2,39
1929,2025-06-01,82,Fashion,61203.46,17902.43,42
1930,2025-06-01,82,Beauty & Personal Care,50068.31,12876.83,20
1931,2025-06-01,82,Grocery & FMCG,47164.97,8737.49,38
1932,2025-06-01,82,Sports & Lifestyle,28150.19,3968.09,20
1933,2025-06-01,83,Electronics,37935.93,7197.85,20
1934,2025-06-01,83,Home & Kitchen,34275.86,5508.01,20
1935,2025-06-01,83,Fashion,37011.11,6569.9,20
1936,2025-06-01,83,Beauty & Personal Care,29283.72,5115.69,20
1937,2025-06-01,83,Grocery & FMCG,29786.63,6447.35,20
1938,2025-06-01,83,Sports & Lifestyle,17542.34,3922.63,20
1939,2025-06-01,84,Electronics,50213.29,14187.82,26
1940,2025-06-01,84,Home & Kitchen,45290.98,10408.35,20
1941,2025-06-01,84,Fashion,48563.64,14174.63,22
1942,2025-06-01,84,Beauty & Personal Care,44917.4,11760.74,20
1943,2025-06-01,84,Grocery & FMCG,36286.24,9268.37,20
1944,2025-06-01,84,Sports & Lifestyle,27099.07,4292.75,20
1945,2025-06-01,85,Electronics,49040.27,10145.04,40
1946,2025-06-01,85,Home & Kitchen,34804.8,6038.6,23
1947,2025-06-01,85,Fashion,37796.25,8901.16,36
1948,2025-06-01,85,Beauty & Personal Care,33211.48,6083.03,20
1949,2025-06-01,85,Grocery & FMCG,30866.69,8903.5,20
1950,2025-06-01,85,Sports & Lifestyle,19825.71,5687.88,20
1951,2025-06-01,86,Electronics,34025.89,6847.08,26
1952,2025-06-01,86,Home & Kitchen,38135.06,6329.52,24
1953,2025-06-01,86,Fashion,40895.89,9479.82,30
1954,2025-06-01,86,Beauty & Personal Care,32369.19,6718.68,20
1955,2025-06-01,86,Grocery & FMCG,26065.27,6418.97,20
1956,2025-06-01,86,Sports & Lifestyle,23782.73,3636.68,29
1957,2025-06-01,87,Electronics,49851.93,10413.15,26
1958,2025-06-01,87,Home & Kitchen,55548.87,14652.97,35
1959,2025-06-01,87,Fashion,66107.24,16631.12,48
1960,2025-06-01,87,Beauty & Personal Care,49313.84,14387.04,20
1961,2025-06-01,87,Grocery & FMCG,51362.28,10693.34,32
1962,2025-06-01,87,Sports & Lifestyle,29262.24,7414.72,20
1963,2025-06-01,88,Electronics,63559.78,9005.79,52
1964,2025-06-01,88,Home & Kitchen,59685.59,14392.35,25
1965,2025-06-01,88,Fashion,63661.0,12009.75,33
1966,2025-06-01,88,Beauty & Personal Care,55609.66,12925.43,33
1967,2025-06-01,88,Grocery & FMCG,52151.35,11521.87,49
1968,2025-06-01,88,Sports & Lifestyle,39093.55,6963.33,33
1969,2025-06-01,89,Electronics,51683.04,9318.2,42
1970,2025-06-01,89,Home & Kitchen,42398.51,11717.85,37
1971,2025-06-01,89,Fashion,67729.25,12832.49,49
1972,2025-06-01,89,Beauty & Personal Care,47140.7,7029.13,30
1973,2025-06-01,89,Grocery & FMCG,41413.92,7728.99,23
1974,2025-06-01,89,Sports & Lifestyle,28552.48,7077.73,20
1975,2025-06-01,90,Electronics,46546.37,9819.24,27
1976,2025-06-01,90,Home & Kitchen,42241.38,6787.8,43
1977,2025-06-01,90,Fashion,47859.54,11539.92,22
1978,2025-06-01,90,Beauty & Personal Care,34979.72,7241.21,42
1979,2025-06-01,90,Grocery & FMCG,32391.46,5217.11,20
1980,2025-06-01,90,Sports & Lifestyle,23589.46,4397.24,20
1981,2025-06-01,91,Electronics,62892.52,16135.38,58
1982,2025-06-01,91,Home & Kitchen,51269.83,7822.9,23
1983,2025-06-01,91,Fashion,56639.1,11704.04,63
1984,2025-06-01,91,Beauty & Personal Care,40729.75,6722.4,29
1985,2025-06-01,91,Grocery & FMCG,44648.79,9104.94,36
1986,2025-06-01,91,Sports & Lifestyle,25931.75,5312.23,20
1987,2025-06-01,92,Electronics,34437.13,6009.96,25
1988,2025-06-01,92,Home & Kitchen,27679.71,4143.65,20
1989,2025-06-01,92,Fashion,30776.24,8441.81,20
1990,2025-06-01,92,Beauty & Personal Care,25561.06,5964.01,20
1991,2025-06-01,92,Grocery & FMCG,24816.19,5476.61,20
1992,2025-06-01,92,Sports & Lifestyle,16542.26,3104.23,20
1993,2025-06-01,93,Electronics,49015.92,10155.33,20
1994,2025-06-01,93,Home & Kitchen,45692.69,10302.05,25
1995,2025-06-01,93,Fashion,44151.75,12529.15,20
1996,2025-06-01,93,Beauty & Personal Care,45880.89,6550.48,22
1997,2025-06-01,93,Grocery & FMCG,36500.72,9254.55,22
1998,2025-06-01,93,Sports & Lifestyle,22041.65,3343.91,22
1999,2025-06-01,94,Electronics,57685.94,13019.64,54
2000,2025-06-01,94,Home & Kitchen,40764.97,9800.41,43
2001,2025-06-01,94,Fashion,59898.39,12894.52,45
2002,2025-06-01,94,Beauty & Personal Care,41663.14,9741.39,30
2003,2025-06-01,94,Grocery & FMCG,39868.57,10090.09,38
2004,2025-06-01,94,Sports & Lifestyle,25856.56,3764.44,20
2005,2025-06-01,95,Electronics,26417.98,4881.97,20
2006,2025-06-01,95,Home & Kitchen,19787.67,5062.16,20
2007,2025-06-01,95,Fashion,25846.52,7338.44,20
2008,2025-06-01,95,Beauty & Personal Care,19231.3,5559.11,20
2009,2025-06-01,95,Grocery & FMCG,25841.49,5895.73,23
2010,2025-06-01,95,Sports & Lifestyle,15108.64,3321.79,20
2011,2025-06-01,96,Electronics,52579.89,15727.08,27
2012,2025-06-01,96,Home & Kitchen,59273.29,17138.67,69
2013,2025-06-01,96,Fashion,52195.01,14839.85,21
2014,2025-06-01,96,Beauty & Personal Care,42670.59,11953.77,29
2015,2025-06-01,96,Grocery & FMCG,49321.23,7393.44,32
2016,2025-06-01,96,Sports & Lifestyle,27274.55,6707.07,21
2017,2025-06-01,97,Electronics,31301.37,6714.25,20
2018,2025-06-01,97,Home & Kitchen,32202.71,7239.55,20
2019,2025-06-01,97,Fashion,33638.57,7233.42,20
2020,2025-06-01,97,Beauty & Personal Care,21937.96,6321.48,20
2021,2025-06-01,97,Grocery & FMCG,28881.89,7370.91,20
2022,2025-06-01,97,Sports & Lifestyle,17706.59,4829.67,20
2023,2025-06-01,98,Electronics,23225.05,4784.7,20
2024,2025-06-01,98,Home & Kitchen,17933.19,2888.25,20
2025,2025-06-01,98,Fashion,24137.97,3447.54,20
2026,2025-06-01,98,Beauty & Personal Care,15620.47,3179.18,20
2027,2025-06-01,98,Grocery & FMCG,18667.31,3340.51,20
2028,2025-06-01,98,Sports & Lifestyle,10000.0,2725.28,20
2029,2025-06-01,99,Electronics,49255.07,7769.93,20
2030,2025-06-01,99,Home & Kitchen,45659.59,10112.83,22
2031,2025-06-01,99,Fashion,43503.64,11438.1,20
2032,2025-06-01,99,Beauty & Personal Care,42010.38,7361.19,23
2033,2025-06-01,99,Grocery & FMCG,40367.19,8324.79,34
2034,2025-06-01,99,Sports & Lifestyle,27533.12,8216.71,25
2035,2025-06-01,100,Electronics,54388.69,14534.86,27
2036,2025-06-01,100,Home & Kitchen,55671.31,15380.51,39
2037,2025-06-01,100,Fashion,58466.54,15852.13,28
2038,2025-06-01,100,Beauty & Personal Care,42956.34,9259.31,28
2039,2025-06-01,100,Grocery & FMCG,43442.09,9264.47,20
2040,2025-06-01,100,Sports & Lifestyle,23943.62,4328.89,21
2041,2025-06-01,101,Electronics,61690.09,10217.99,33
2042,2025-06-01,101,Home & Kitchen,45162.86,7883.59,35
2043,2025-06-01,101,Fashion,58712.49,8498.19,31
2044,2025-06-01,101,Beauty & Personal Care,55206.36,12995.48,43
2045,2025-06-01,101,Grocery & FMCG,60050.38,10426.86,48
2046,2025-06-01,101,Sports & Lifestyle,29010.68,5902.35,20
2047,2025-06-01,102,Electronics,23425.15,6638.32,27
2048,2025-06-01,102,Home & Kitchen,20546.05,4001.83,23
2049,2025-06-01,102,Fashion,26187.44,6758.85,20
2050,2025-06-01,102,Beauty & Personal Care,18929.48,3910.53,20
2051,2025-06-01,102,Grocery & FMCG,22413.47,3630.53,20
2052,2025-06-01,102,Sports & Lifestyle,13914.46,2976.97,20
2053,2025-06-01,103,Electronics,63205.23,17162.39,31
2054,2025-06-01,103,Home & Kitchen,57530.12,16191.7,27
2055,2025-06-01,103,Fashion,69092.89,18419.94,42
2056,2025-06-01,103,Beauty & Personal Care,49945.83,10692.83,21
2057,2025-06-01,103,Grocery & FMCG,40214.26,9198.5,37
2058,2025-06-01,103,Sports & Lifestyle,30439.0,5270.38,20
2059,2025-06-01,104,Electronics,58251.88,10476.37,70
2060,2025-06-01,104,Home & Kitchen,56675.64,9342.06,54
2061,2025-06-01,104,Fashion,70857.06,15959.05,35
2062,2025-06-01,104,Beauty & Personal Care,45683.86,8676.83,32
2063,2025-06-01,104,Grocery & FMCG,48220.52,7475.44,21
2064,2025-06-01,104,Sports & Lifestyle,27604.83,7310.75,20
2065,2025-06-01,105,Electronics,18946.38,3515.84,20
2066,2025-06-01,105,Home & Kitchen,19152.97,5039.03,21
2067,2025-06-01,105,Fashion,22754.2,4294.47,20
2068,2025-06-01,105,Beauty & Personal Care,17122.39,4013.25,20
2069,2025-06-01,105,Grocery & FMCG,16916.26,3041.14,20
2070,2025-06-01,105,Sports & Lifestyle,11414.14,2523.8,20
2071,2025-06-01,106,Electronics,43726.97,7114.02,36
2072,2025-06-01,106,Home & Kitchen,40068.46,9605.83,20
2073,2025-06-01,106,Fashion,50922.21,8433.69,22
2074,2025-06-01,106,Beauty & Personal Care,43589.5,8996.05,24
2075,2025-06-01,106,Grocery & FMCG,37718.11,10376.56,20
2076,2025-06-01,106,Sports & Lifestyle,19739.35,3213.8,20
2077,2025-06-01,107,Electronics,51706.19,11223.88,26
2078,2025-06-01,107,Home & Kitchen,50341.99,15006.72,29
2079,2025-06-01,107,Fashion,52888.26,10473.01,23
2080,2025-06-01,107,Beauty & Personal Care,48823.28,10494.28,34
2081,2025-06-01,107,Grocery & FMCG,47719.24,8931.22,33
2082,2025-06-01,107,Sports & Lifestyle,29850.26,5761.92,36
2083,2025-06-01,108,Electronics,31865.72,6551.59,20
2084,2025-06-01,108,Home & Kitchen,22372.59,4354.17,20
2085,2025-06-01,108,Fashion,34254.95,6290.33,20
2086,2025-06-01,108,Beauty & Personal Care,26906.05,7148.69,20
2087,2025-06-01,108,Grocery & FMCG,33213.03,5832.6,20
2088,2025-06-01,108,Sports & Lifestyle,16788.99,3857.62,20
2089,2025-06-01,109,Electronics,33472.01,6680.44,31
2090,2025-06-01,109,Home & Kitchen,39163.65,10290.62,46
2091,2025-06-01,109,Fashion,36342.14,6854.62,41
2092,2025-06-01,109,Beauty & Personal Care,31372.43,7641.55,20
2093,2025-06-01,109,Grocery & FMCG,32489.87,4965.74,20
2094,2025-06-01,109,Sports & Lifestyle,18676.68,4320.22,20
2095,2025-06-01,110,Electronics,56363.34,9139.33,25
2096,2025-06-01,110,Home & Kitchen,47273.52,9742.27,39
2097,2025-06-01,110,Fashion,66974.41,13024.09,27
2098,2025-06-01,110,Beauty & Personal Care,48802.3,11960.57,40
2099,2025-06-01,110,Grocery & FMCG,56739.37,16784.53,29
2100,2025-06-01,110,Sports & Lifestyle,27732.31,6931.45,20
2101,2025-06-01,111,Electronics,58215.33,12450.27,23
2102,2025-06-01,111,Home & Kitchen,55983.57,14179.22,68
2103,2025-06-01,111,Fashion,61405.87,12848.64,40
2104,2025-06-01,111,Beauty & Personal Care,48795.01,11435.18,30
2105,2025-06-01,111,Grocery & FMCG,59126.17,11977.53,48
2106,2025-06-01,111,Sports & Lifestyle,32385.58,7904.69,20
2107,2025-06-01,112,Electronics,46568.53,8129.14,40
2108,2025-06-01,112,Home & Kitchen,44475.58,6747.35,20
2109,2025-06-01,112,Fashion,58944.83,9021.96,35
2110,2025-06-01,112,Beauty & Personal Care,43338.64,12429.41,20
2111,2025-06-01,112,Grocery & FMCG,56919.35,9052.5,55
2112,2025-06-01,112,Sports & Lifestyle,29505.02,7728.03,20
2113,2025-06-01,113,Electronics,50415.79,11384.54,28
2114,2025-06-01,113,Home & Kitchen,49145.07,12582.64,31
2115,2025-06-01,113,Fashion,57243.32,12825.54,45
2116,2025-06-01,113,Beauty & Personal Care,61531.18,13077.64,25
2117,2025-06-01,113,Grocery & FMCG,53398.39,7538.28,27
2118,2025-06-01,113,Sports & Lifestyle,31240.47,7097.78,21
2119,2025-06-01,114,Electronics,61007.79,16348.87,32
2120,2025-06-01,114,Home & Kitchen,66286.69,9973.81,27
2121,2025-06-01,114,Fashion,64727.49,11252.04,48
2122,2025-06-01,114,Beauty & Personal Care,53928.97,15910.02,49
2123,2025-06-01,114,Grocery & FMCG,54391.71,14087.83,42
2124,2025-06-01,114,Sports & Lifestyle,31991.7,8819.24,35
2125,2025-06-01,115,Electronics,25632.82,3864.53,20
2126,2025-06-01,115,Home & Kitchen,28324.89,5938.49,20
2127,2025-06-01,115,Fashion,28032.97,4313.91,20
2128,2025-06-01,115,Beauty & Personal Care,23637.23,4849.64,20
2129,2025-06-01,115,Grocery & FMCG,22015.25,5509.72,20
2130,2025-06-01,115,Sports & Lifestyle,15894.31,2898.4,20
2131,2025-06-01,116,Electronics,67609.21,14050.1,80
2132,2025-06-01,116,Home & Kitchen,57339.6,14287.94,38
2133,2025-06-01,116,Fashion,58859.31,8500.41,55
2134,2025-06-01,116,Beauty & Personal Care,44658.01,10459.6,21
2135,2025-06-01,116,Grocery & FMCG,49932.7,13671.99,37
2136,2025-06-01,116,Sports & Lifestyle,27479.06,7247.99,20
2137,2025-06-01,117,Electronics,58966.03,12369.36,24
2138,2025-06-01,117,Home & Kitchen,51898.51,9083.2,21
2139,2025-06-01,117,Fashion,60810.72,9913.25,33
2140,2025-06-01,117,Beauty & Personal Care,42499.75,10288.31,20
2141,2025-06-01,117,Grocery & FMCG,52920.66,14740.12,23
2142,2025-06-01,117,Sports & Lifestyle,25737.41,3679.24,28
2143,2025-06-01,118,Electronics,24233.06,5828.01,20
2144,2025-06-01,118,Home & Kitchen,20961.82,5707.6,20
2145,2025-06-01,118,Fashion,26041.79,7665.33,22
2146,2025-06-01,118,Beauty & Personal Care,16597.48,2391.9,20
2147,2025-06-01,118,Grocery & FMCG,16360.7,4046.83,20
2148,2025-06-01,118,Sports & Lifestyle,11898.63,2047.2,20
2149,2025-06-01,119,Electronics,34611.74,6083.48,32
2150,2025-06-01,119,Home & Kitchen,34670.62,6109.4,20
2151,2025-06-01,119,Fashion,41299.32,6424.92,25
2152,2025-06-01,119,Beauty & Personal Care,34172.17,5300.23,26
2153,2025-06-01,119,Grocery & FMCG,33348.88,5000.36,26
2154,2025-06-01,119,Sports & Lifestyle,19474.27,3067.13,20
2155,2025-06-01,120,Electronics,24739.82,6910.18,20
2156,2025-06-01,120,Home & Kitchen,27591.35,6775.54,22
2157,2025-06-01,120,Fashion,23078.15,4641.98,20
2158,2025-06-01,120,Beauty & Personal Care,21559.42,4355.44,20
2159,2025-06-01,120,Grocery & FMCG,21508.0,6169.38,20
2160,2025-06-01,120,Sports & Lifestyle,13714.91,2651.82,20
2161,2025-07-01,1,Electronics,64312.36,9555.92,50
2162,2025-07-01,1,Home & Kitchen,58649.01,13563.45,32
2163,2025-07-01,1,Fashion,52844.87,9583.36,31
2164,2025-07-01,1,Beauty & Personal Care,60598.19,11172.8,33
2165,2025-07-01,1,Grocery & FMCG,59023.58,10363.21,32
2166,2025-07-01,1,Sports & Lifestyle,32352.97,6996.6,20
2167,2025-07-01,2,Electronics,50136.68,8331.1,45
2168,2025-07-01,2,Home & Kitchen,42144.4,9256.12,44
2169,2025-07-01,2,Fashion,42119.05,6174.41,20
2170,2025-07-01,2,Beauty & Personal Care,43244.9,12496.45,25
2171,2025-07-01,2,Grocery & FMCG,39068.26,6500.65,35
2172,2025-07-01,2,Sports & Lifestyle,22737.05,3245.22,20
2173,2025-07-01,3,Electronics,43730.33,12259.67,29
2174,2025-07-01,3,Home & Kitchen,39466.03,9704.21,34
2175,2025-07-01,3,Fashion,55437.81,15278.21,44
2176,2025-07-01,3,Beauty & Personal Care,43192.82,10161.81,31
2177,2025-07-01,3,Grocery & FMCG,46097.73,12335.83,47
2178,2025-07-01,3,Sports & Lifestyle,28249.2,7784.24,27
2179,2025-07-01,4,Electronics,41266.07,8897.8,20
2180,2025-07-01,4,Home & Kitchen,45221.57,13371.24,20
2181,2025-07-01,4,Fashion,57034.98,16787.53,47
2182,2025-07-01,4,Beauty & Personal Care,37894.19,11031.55,24
2183,2025-07-01,4,Grocery & FMCG,40348.78,11545.32,24
2184,2025-07-01,4,Sports & Lifestyle,29212.0,7581.59,20
2185,2025-07-01,5,Electronics,49625.64,7126.75,42
2186,2025-07-01,5,Home & Kitchen,45148.24,6501.79,20
2187,2025-07-01,5,Fashion,46301.75,11056.64,20
2188,2025-07-01,5,Beauty & Personal Care,40985.23,7445.41,20
2189,2025-07-01,5,Grocery & FMCG,45319.42,12188.27,27
2190,2025-07-01,5,Sports & Lifestyle,22314.3,6119.28,20
2191,2025-07-01,6,Electronics,29858.29,6661.04,20
2192,2025-07-01,6,Home & Kitchen,29730.67,8735.22,20
2193,2025-07-01,6,Fashion,32912.79,9082.16,21
2194,2025-07-01,6,Beauty & Personal Care,22515.53,5217.89,20
2195,2025-07-01,6,Grocery & FMCG,28750.71,8416.05,31
2196,2025-07-01,6,Sports & Lifestyle,14736.51,4026.67,20
2197,2025-07-01,7,Electronics,35273.55,5658.61,20
2198,2025-07-01,7,Home & Kitchen,30741.46,8657.29,29
2199,2025-07-01,7,Fashion,39825.55,10396.08,30
2200,2025-07-01,7,Beauty & Personal Care,30794.73,7480.79,20
2201,2025-07-01,7,Grocery & FMCG,30798.64,8772.92,20
2202,2025-07-01,7,Sports & Lifestyle,22476.83,5522.88,20
2203,2025-07-01,8,Electronics,58015.32,9891.57,26
2204,2025-07-01,8,Home & Kitchen,53311.36,7932.62,29
2205,2025-07-01,8,Fashion,52782.62,9420.7,22
2206,2025-07-01,8,Beauty & Personal Care,45653.33,12623.42,24
2207,2025-07-01,8,Grocery & FMCG,42203.92,12644.09,26
2208,2025-07-01,8,Sports & Lifestyle,24735.62,7074.16,21
2209,2025-07-01,9,Electronics,60445.03,8541.73,37
2210,2025-07-01,9,Home & Kitchen,54470.3,15799.22,35
2211,2025-07-01,9,Fashion,57970.7,8149.18,39
2212,2025-07-01,9,Beauty & Personal Care,45479.47,8796.79,40
2213,2025-07-01,9,Grocery & FMCG,52926.94,9923.7,33
2214,2025-07-01,9,Sports & Lifestyle,33158.38,7797.37,28
2215,2025-07-01,10,Electronics,55459.32,12393.59,24
2216,2025-07-01,10,Home & Kitchen,56058.54,9786.29,35
2217,2025-07-01,10,Fashion,59221.94,9202.86,27
2218,2025-07-01,10,Beauty & Personal Care,41804.81,10357.76,20
2219,2025-07-01,10,Grocery & FMCG,53177.8,15280.31,43
2220,2025-07-01,10,Sports & Lifestyle,28211.94,8281.66,20
2221,2025-07-01,11,Electronics,45250.3,11307.04,20
2222,2025-07-01,11,Home & Kitchen,42143.17,11829.75,22
2223,2025-07-01,11,Fashion,47004.69,11498.36,57
2224,2025-07-01,11,Beauty & Personal Care,33264.23,8061.87,20
2225,2025-07-01,11,Grocery & FMCG,35225.06,10280.63,20
2226,2025-07-01,11,Sports & Lifestyle,26299.1,3785.81,20
2227,2025-07-01,12,Electronics,46043.11,6943.78,20
2228,2025-07-01,12,Home & Kitchen,42173.98,9399.61,39
2229,2025-07-01,12,Fashion,46654.03,7111.87,21
2230,2025-07-01,12,Beauty & Personal Care,36705.52,6337.27,20
2231,2025-07-01,12,Grocery & FMCG,39278.33,8412.67,48
2232,2025-07-01,12,Sports & Lifestyle,25208.15,6370.17,30
2233,2025-07-01,13,Electronics,45959.91,13625.23,27
2234,2025-07-01,13,Home & Kitchen,41956.84,11595.91,28
2235,2025-07-01,13,Fashion,42375.08,6769.55,23
2236,2025-07-01,13,Beauty & Personal Care,39329.78,11448.79,20
2237,2025-07-01,13,Grocery & FMCG,36362.48,10328.15,26
2238,2025-07-01,13,Sports & Lifestyle,20097.85,4270.91,20
2239,2025-07-01,14,Electronics,57659.27,8856.19,29
2240,2025-07-01,14,Home & Kitchen,59079.73,15132.42,50
2241,2025-07-01,14,Fashion,59287.31,14518.59,25
2242,2025-07-01,14,Beauty & Personal Care,47823.62,13408.78,32
2243,2025-07-01,14,Grocery & FMCG,63036.78,16568.37,29
2244,2025-07-01,14,Sports & Lifestyle,33285.28,6710.82,20
2245,2025-07-01,15,Electronics,44145.0,7176.31,25
2246,2025-07-01,15,Home & Kitchen,46031.63,13117.45,52
2247,2025-07-01,15,Fashion,41699.35,11715.25,20
2248,2025-07-01,15,Beauty & Personal Care,32909.49,6028.33,20
2249,2025-07-01,15,Grocery & FMCG,38398.56,8513.49,26
2250,2025-07-01,15,Sports & Lifestyle,25120.81,3956.94,20
2251,2025-07-01,16,Electronics,48880.4,14243.04,28
2252,2025-07-01,16,Home & Kitchen,47476.48,11645.8,27
2253,2025-07-01,16,Fashion,61881.44,18386.19,41
2254,2025-07-01,16,Beauty & Personal Care,47343.82,7661.08,32
2255,2025-07-01,16,Grocery & FMCG,50159.82,13522.32,36
2256,2025-07-01,16,Sports & Lifestyle,33059.35,6734.52,32
2257,2025-07-01,17,Electronics,55141.03,11013.51,25
2258,2025-07-01,17,Home & Kitchen,47767.34,9790.39,48
2259,2025-07-01,17,Fashion,57781.21,9382.53,24
2260,2025-07-01,17,Beauty & Personal Care,43310.99,6300.14,28
2261,2025-07-01,17,Grocery & FMCG,47889.52,11158.25,34
2262,2025-07-01,17,Sports & Lifestyle,29880.4,6318.61,20
2263,2025-07-01,18,Electronics,25166.46,6458.29,20
2264,2025-07-01,18,Home & Kitchen,24112.36,7081.07,20
2265,2025-07-01,18,Fashion,29302.28,6210.95,22
2266,2025-07-01,18,Beauty & Personal Care,26082.07,7427.82,20
2267,2025-07-01,18,Grocery & FMCG,21819.63,5736.54,25
2268,2025-07-01,18,Sports & Lifestyle,12439.79,3550.52,20
2269,2025-07-01,19,Electronics,32471.86,6085.43,33
2270,2025-07-01,19,Home & Kitchen,29800.46,4651.98,20
2271,2025-07-01,19,Fashion,33042.29,5494.15,20
2272,2025-07-01,19,Beauty & Personal Care,24598.32,4019.99,20
2273,2025-07-01,19,Grocery & FMCG,36644.68,8881.01,22
2274,2025-07-01,19,Sports & Lifestyle,17884.83,3778.5,20
2275,2025-07-01,20,Electronics,32395.44,8045.71,20
2276,2025-07-01,20,Home & Kitchen,29931.66,4860.33,32
2277,2025-07-01,20,Fashion,55489.75,8138.72,46
2278,2025-07-01,20,Beauty & Personal Care,34580.96,7577.86,20
2279,2025-07-01,20,Grocery & FMCG,38452.53,11110.14,20
2280,2025-07-01,20,Sports & Lifestyle,21414.94,4371.32,20
2281,2025-07-01,21,Electronics,62909.07,10025.85,25
2282,2025-07-01,21,Home & Kitchen,56242.67,9185.63,52
2283,2025-07-01,21,Fashion,68000.51,12337.52,36
2284,2025-07-01,21,Beauty & Personal Care,46256.77,7837.74,29
2285,2025-07-01,21,Grocery & FMCG,54097.07,11670.74,62
2286,2025-07-01,21,Sports & Lifestyle,28973.62,4421.2,20
2287,2025-07-01,22,Electronics,77957.22,11904.79,85
2288,2025-07-01,22,Home & Kitchen,65785.98,13737.01,32
2289,2025-07-01,22,Fashion,66201.0,17681.37,74
2290,2025-07-01,22,Beauty & Personal Care,47342.07,11406.06,36
2291,2025-07-01,22,Grocery & FMCG,58775.25,9059.22,31
2292,2025-07-01,22,Sports & Lifestyle,29502.39,8066.37,20
2293,2025-07-01,23,Electronics,54305.33,14074.38,25
2294,2025-07-01,23,Home & Kitchen,31718.28,7002.24,20
2295,2025-07-01,23,Fashion,52425.14,8417.17,25
2296,2025-07-01,23,Beauty & Personal Care,39548.22,9518.83,22
2297,2025-07-01,23,Grocery & FMCG,34879.72,7317.97,20
2298,2025-07-01,23,Sports & Lifestyle,24087.94,6033.58,20
2299,2025-07-01,24,Electronics,51848.58,14716.06,24
2300,2025-07-01,24,Home & Kitchen,44375.34,9583.12,20
2301,2025-07-01,24,Fashion,52597.79,15351.25,21
2302,2025-07-01,24,Beauty & Personal Care,42020.02,11774.33,31
2303,2025-07-01,24,Grocery & FMCG,43651.3,12212.11,31
2304,2025-07-01,24,Sports & Lifestyle,23456.56,5161.7,20
2305,2025-07-01,25,Electronics,64553.89,18946.09,40
2306,2025-07-01,25,Home & Kitchen,50821.14,13858.64,31
2307,2025-07-01,25,Fashion,51622.21,8945.67,34
2308,2025-07-01,25,Beauty & Personal Care,48181.47,11661.75,31
2309,2025-07-01,25,Grocery & FMCG,54004.85,12055.64,22
2310,2025-07-01,25,Sports & Lifestyle,23324.38,6338.23,20
2311,2025-07-01,26,Electronics,41725.91,9144.15,28
2312,2025-07-01,26,Home & Kitchen,32515.19,9049.73,20
2313,2025-07-01,26,Fashion,35012.36,7779.92,26
2314,2025-07-01,26,Beauty & Personal Care,29412.27,4356.36,20
2315,2025-07-01,26,Grocery & FMCG,34142.45,5721.48,38
2316,2025-07-01,26,Sports & Lifestyle,20377.81,4590.19,20
2317,2025-07-01,27,Electronics,52754.14,7473.2,23
2318,2025-07-01,27,Home & Kitchen,39984.73,8378.51,20
2319,2025-07-01,27,Fashion,47370.26,9277.64,23
2320,2025-07-01,27,Beauty & Personal Care,36529.92,6484.68,20
2321,2025-07-01,27,Grocery & FMCG,39323.35,9677.77,36
2322,2025-07-01,27,Sports & Lifestyle,27300.0,4058.41,20
2323,2025-07-01,28,Electronics,57087.14,9566.65,68
2324,2025-07-01,28,Home & Kitchen,51683.68,14884.14,25
2325,2025-07-01,28,Fashion,53451.05,11132.04,22
2326,2025-07-01,28,Beauty & Personal Care,55602.3,10466.13,62
2327,2025-07-01,28,Grocery & FMCG,55758.97,10628.42,57
2328,2025-07-01,28,Sports & Lifestyle,30916.89,4701.15,20
2329,2025-07-01,29,Electronics,61372.26,13866.49,61
2330,2025-07-01,29,Home & Kitchen,54907.74,9350.29,22
2331,2025-07-01,29,Fashion,73629.84,13430.29,48
2332,2025-07-01,29,Beauty & Personal Care,48507.24,11245.06,38
2333,2025-07-01,29,Grocery & FMCG,60636.11,12710.02,28
2334,2025-07-01,29,Sports & Lifestyle,31394.4,6000.4,30
2335,2025-07-01,30,Electronics,53260.07,7882.44,30
2336,2025-07-01,30,Home & Kitchen,52201.89,11311.39,33
2337,2025-07-01,30,Fashion,48449.0,10343.85,38
2338,2025-07-01,30,Beauty & Personal Care,44413.61,11077.7,25
2339,2025-07-01,30,Grocery & FMCG,56377.62,11830.68,26
2340,2025-07-01,30,Sports & Lifestyle,27197.29,7264.17,20
2341,2025-07-01,31,Electronics,33288.17,7125.04,20
2342,2025-07-01,31,Home & Kitchen,29814.98,8795.09,20
2343,2025-07-01,31,Fashion,34362.3,8463.43,20
2344,2025-07-01,31,Beauty & Personal Care,24209.5,6896.26,20
2345,2025-07-01,31,Grocery & FMCG,27889.09,4735.64,20
2346,2025-07-01,31,Sports & Lifestyle,16287.92,2377.24,20
2347,2025-07-01,32,Electronics,45233.32,9563.98,22
2348,2025-07-01,32,Home & Kitchen,37691.95,5846.71,20
2349,2025-07-01,32,Fashion,52314.89,7446.94,42
2350,2025-07-01,32,Beauty & Personal Care,36411.78,10827.82,30
2351,2025-07-01,32,Grocery & FMCG,32552.18,8971.89,23
2352,2025-07-01,32,Sports & Lifestyle,19921.84,3230.23,20
2353,2025-07-01,33,Electronics,51809.15,13957.77,36
2354,2025-07-01,33,Home & Kitchen,57884.11,15582.26,27
2355,2025-07-01,33,Fashion,51159.98,14067.83,44
2356,2025-07-01,33,Beauty & Personal Care,40231.01,11817.1,20
2357,2025-07-01,33,Grocery & FMCG,43258.65,12639.62,20
2358,2025-07-01,33,Sports & Lifestyle,30080.04,6348.33,25
2359,2025-07-01,34,Electronics,28397.61,8479.45,20
2360,2025-07-01,34,Home & Kitchen,28698.65,8588.52,20
2361,2025-07-01,34,Fashion,33663.14,6403.55,29
2362,2025-07-01,34,Beauty & Personal Care,22527.48,5655.58,20
2363,2025-07-01,34,Grocery & FMCG,32362.65,8062.31,20
2364,2025-07-01,34,Sports & Lifestyle,17222.45,2479.92,20
2365,2025-07-01,35,Electronics,48812.84,12125.25,23
2366,2025-07-01,35,Home & Kitchen,50902.37,9897.0,57
2367,2025-07-01,35,Fashion,68449.46,11658.58,31
2368,2025-07-01,35,Beauty & Personal Care,46200.69,9685.27,46
2369,2025-07-01,35,Grocery & FMCG,51188.66,9005.88,44
2370,2025-07-01,35,Sports & Lifestyle,25393.04,5687.4,20
2371,2025-07-01,36,Electronics,29145.77,6224.66,20
2372,2025-07-01,36,Home & Kitchen,29398.53,6520.55,20
2373,2025-07-01,36,Fashion,30050.08,6203.4,22
2374,2025-07-01,36,Beauty & Personal Care,25487.39,5365.98,20
2375,2025-07-01,36,Grocery & FMCG,28888.52,7878.31,32
2376,2025-07-01,36,Sports & Lifestyle,18028.26,3185.5,20
2377,2025-07-01,37,Electronics,43381.34,10308.14,20
2378,2025-07-01,37,Home & Kitchen,53083.61,10167.83,27
2379,2025-07-01,37,Fashion,60323.36,13862.53,24
2380,2025-07-01,37,Beauty & Personal Care,33301.94,5228.13,20
2381,2025-07-01,37,Grocery & FMCG,40514.06,7939.63,46
2382,2025-07-01,37,Sports & Lifestyle,26312.12,5132.0,23
2383,2025-07-01,38,Electronics,55972.53,13891.08,51
2384,2025-07-01,38,Home & Kitchen,58829.95,12178.33,34
2385,2025-07-01,38,Fashion,58403.71,11924.74,35
2386,2025-07-01,38,Beauty & Personal Care,49496.8,7813.57,30
2387,2025-07-01,38,Grocery & FMCG,40105.8,9719.12,20
2388,2025-07-01,38,Sports & Lifestyle,29179.7,5960.77,22
2389,2025-07-01,39,Electronics,54342.56,7896.99,43
2390,2025-07-01,39,Home & Kitchen,50737.04,7256.1,28
2391,2025-07-01,39,Fashion,61443.53,12459.37,43
2392,2025-07-01,39,Beauty & Personal Care,55359.31,8855.61,40
2393,2025-07-01,39,Grocery & FMCG,50922.97,9376.99,55
2394,2025-07-01,39,Sports & Lifestyle,29733.32,5066.56,20
2395,2025-07-01,40,Electronics,44943.5,10819.19,25
2396,2025-07-01,40,Home & Kitchen,44609.84,11935.99,27
2397,2025-07-01,40,Fashion,47609.06,10272.38,20
2398,2025-07-01,40,Beauty & Personal Care,46201.9,12179.77,21
2399,2025-07-01,40,Grocery & FMCG,38331.95,5660.0,28
2400,2025-07-01,40,Sports & Lifestyle,25179.6,6768.1,20
2401,2025-07-01,41,Electronics,34927.4,8832.0,20
2402,2025-07-01,41,Home & Kitchen,33119.34,6963.37,29
2403,2025-07-01,41,Fashion,33734.56,7842.03,35
2404,2025-07-01,41,Beauty & Personal Care,30145.58,7675.29,20
2405,2025-07-01,41,Grocery & FMCG,28420.41,6622.42,30
2406,2025-07-01,41,Sports & Lifestyle,20444.48,4780.63,20
2407,2025-07-01,42,Electronics,59243.71,9507.99,25
2408,2025-07-01,42,Home & Kitchen,38695.0,10855.58,29
2409,2025-07-01,42,Fashion,47016.86,14092.75,25
2410,2025-07-01,42,Beauty & Personal Care,58335.97,15200.98,24
2411,2025-07-01,42,Grocery & FMCG,56487.38,11081.1,61
2412,2025-07-01,42,Sports & Lifestyle,26493.25,5596.07,20
2413,2025-07-01,43,Electronics,59784.78,8521.07,24
2414,2025-07-01,43,Home & Kitchen,52841.76,12400.88,21
2415,2025-07-01,43,Fashion,45370.72,12485.48,48
2416,2025-07-01,43,Beauty & Personal Care,41924.88,10568.11,44
2417,2025-07-01,43,Grocery & FMCG,37167.61,6953.61,23
2418,2025-07-01,43,Sports & Lifestyle,27330.83,4950.33,20
2419,2025-07-01,44,Electronics,60947.16,12896.52,35
2420,2025-07-01,44,Home & Kitchen,71933.09,19706.92,30
2421,2025-07-01,44,Fashion,57431.18,11430.2,25
2422,2025-07-01,44,Beauty & Personal Care,55965.8,12773.6,39
2423,2025-07-01,44,Grocery & FMCG,67180.09,10569.26,66
2424,2025-07-01,44,Sports & Lifestyle,35228.45,9619.24,20
2425,2025-07-01,45,Electronics,39502.58,8437.64,40
2426,2025-07-01,45,Home & Kitchen,29871.53,7498.37,20
2427,2025-07-01,45,Fashion,43199.18,7129.94,20
2428,2025-07-01,45,Beauty & Personal Care,32101.45,7391.65,23
2429,2025-07-01,45,Grocery & FMCG,31454.55,6103.9,20
2430,2025-07-01,45,Sports & Lifestyle,20948.64,2982.08,20
2431,2025-07-01,46,Electronics,58696.06,11711.01,69
2432,2025-07-01,46,Home & Kitchen,61146.32,9635.71,34
2433,2025-07-01,46,Fashion,71682.43,17334.5,42
2434,2025-07-01,46,Beauty & Personal Care,53662.24,11489.43,23
2435,2025-07-01,46,Grocery & FMCG,50892.25,8914.42,21
2436,2025-07-01,46,Sports & Lifestyle,31666.43,6142.17,20
2437,2025-07-01,47,Electronics,60009.11,14186.14,26
2438,2025-07-01,47,Home & Kitchen,59410.64,16699.14,39
2439,2025-07-01,47,Fashion,53911.2,14937.21,60
2440,2025-07-01,47,Beauty & Personal Care,48294.71,13976.39,24
2441,2025-07-01,47,Grocery & FMCG,53153.13,9770.5,36
2442,2025-07-01,47,Sports & Lifestyle,28069.92,4660.11,20
2443,2025-07-01,48,Electronics,68800.27,12099.98,40
2444,2025-07-01,48,Home & Kitchen,57032.06,12151.99,31
2445,2025-07-01,48,Fashion,76642.52,17243.55,36
2446,2025-07-01,48,Beauty & Personal Care,55992.55,15068.65,55
2447,2025-07-01,48,Grocery & FMCG,52863.6,15639.83,28
2448,2025-07-01,48,Sports & Lifestyle,34873.07,6265.36,20
2449,2025-07-01,49,Electronics,61668.17,15464.09,58
2450,2025-07-01,49,Home & Kitchen,43568.11,11329.56,20
2451,2025-07-01,49,Fashion,68848.49,19268.06,52
2452,2025-07-01,49,Beauty & Personal Care,51455.83,7471.41,21
2453,2025-07-01,49,Grocery & FMCG,49002.32,12570.38,42
2454,2025-07-01,49,Sports & Lifestyle,26955.38,4383.14,32
2455,2025-07-01,50,Electronics,35133.17,5885.68,35
2456,2025-07-01,50,Home & Kitchen,26343.45,7399.31,20
2457,2025-07-01,50,Fashion,34492.01,8430.52,23
2458,2025-07-01,50,Beauty & Personal Care,31093.28,6322.34,20
2459,2025-07-01,50,Grocery & FMCG,28802.23,5135.47,20
2460,2025-07-01,50,Sports & Lifestyle,18778.58,3167.12,20
2461,2025-07-01,51,Electronics,65584.16,17855.5,35
2462,2025-07-01,51,Home & Kitchen,63931.45,15916.39,26
2463,2025-07-01,51,Fashion,74329.58,16799.64,89
2464,2025-07-01,51,Beauty & Personal Care,51675.6,15099.47,30
2465,2025-07-01,51,Grocery & FMCG,58263.56,15243.46,36
2466,2025-07-01,51,Sports & Lifestyle,29418.73,7792.54,20
2467,2025-07-01,52,Electronics,58218.22,15332.72,23
2468,2025-07-01,52,Home & Kitchen,61059.39,13950.4,37
2469,2025-07-01,52,Fashion,66518.68,14905.05,51
2470,2025-07-01,52,Beauty & Personal Care,49219.58,10948.84,41
2471,2025-07-01,52,Grocery & FMCG,52032.38,13420.99,28
2472,2025-07-01,52,Sports & Lifestyle,33644.3,7894.13,21
2473,2025-07-01,53,Electronics,50689.43,7466.37,31
2474,2025-07-01,53,Home & Kitchen,45103.48,8370.69,31
2475,2025-07-01,53,Fashion,51907.05,9863.41,23
2476,2025-07-01,53,Beauty & Personal Care,50197.5,10080.59,35
2477,2025-07-01,53,Grocery & FMCG,35100.05,6540.66,21
2478,2025-07-01,53,Sports & Lifestyle,23897.86,5732.12,20
2479,2025-07-01,54,Electronics,28459.63,7513.88,20
2480,2025-07-01,54,Home & Kitchen,22978.52,5347.31,20
2481,2025-07-01,54,Fashion,27016.15,5239.22,20
2482,2025-07-01,54,Beauty & Personal Care,21902.38,5088.44,23
2483,2025-07-01,54,Grocery & FMCG,24538.32,5670.27,20
2484,2025-07-01,54,Sports & Lifestyle,12892.87,3211.58,20
2485,2025-07-01,55,Electronics,64417.67,19019.08,27
2486,2025-07-01,55,Home & Kitchen,61589.89,16893.0,33
2487,2025-07-01,55,Fashion,63465.03,17274.71,29
2488,2025-07-01,55,Beauty & Personal Care,43473.36,11760.64,43
2489,2025-07-01,55,Grocery & FMCG,52368.88,12339.23,21
2490,2025-07-01,55,Sports & Lifestyle,24741.99,4369.2,20
2491,2025-07-01,56,Electronics,40154.62,8495.52,20
2492,2025-07-01,56,Home & Kitchen,35930.23,10698.16,20
2493,2025-07-01,56,Fashion,34459.01,9130.23,25
2494,2025-07-01,56,Beauty & Personal Care,35344.18,9654.12,20
2495,2025-07-01,56,Grocery & FMCG,35033.38,9349.98,20
2496,2025-07-01,56,Sports & Lifestyle,19718.25,5900.21,20
2497,2025-07-01,57,Electronics,53835.26,10184.61,23
2498,2025-07-01,57,Home & Kitchen,42096.26,6602.38,22
2499,2025-07-01,57,Fashion,50795.91,8431.43,26
2500,2025-07-01,57,Beauty & Personal Care,39746.38,9472.73,28
2501,2025-07-01,57,Grocery & FMCG,43102.63,11406.04,23
2502,2025-07-01,57,Sports & Lifestyle,24102.94,4941.32,20
2503,2025-07-01,58,Electronics,38561.89,9897.77,25
2504,2025-07-01,58,Home & Kitchen,29353.29,4657.37,32
2505,2025-07-01,58,Fashion,37597.11,7746.32,38
2506,2025-07-01,58,Beauty & Personal Care,26624.49,6168.83,20
2507,2025-07-01,58,Grocery & FMCG,31034.37,7447.52,20
2508,2025-07-01,58,Sports & Lifestyle,20629.46,6072.71,20
2509,2025-07-01,59,Electronics,40493.08,7045.43,33
2510,2025-07-01,59,Home & Kitchen,41512.9,8310.48,24
2511,2025-07-01,59,Fashion,46122.24,8650.39,33
2512,2025-07-01,59,Beauty & Personal Care,36443.11,8668.99,20
2513,2025-07-01,59,Grocery & FMCG,40397.11,11062.71,35
2514,2025-07-01,59,Sports & Lifestyle,24601.9,6282.84,20
2515,2025-07-01,60,Electronics,42415.66,12391.43,23
2516,2025-07-01,60,Home & Kitchen,39288.27,6623.55,20
2517,2025-07-01,60,Fashion,45318.58,7873.32,27
2518,2025-07-01,60,Beauty & Personal Care,38817.08,11517.31,32
2519,2025-07-01,60,Grocery & FMCG,38999.05,6131.43,20
2520,2025-07-01,60,Sports & Lifestyle,21450.97,3897.79,24
2521,2025-07-01,61,Electronics,43088.29,6573.16,47
2522,2025-07-01,61,Home & Kitchen,46241.48,11165.05,21
2523,2025-07-01,61,Fashion,52530.95,7807.04,21
2524,2025-07-01,61,Beauty & Personal Care,36805.6,6945.87,20
2525,2025-07-01,61,Grocery & FMCG,40572.66,7231.69,23
2526,2025-07-01,61,Sports & Lifestyle,26806.36,5085.92,31
2527,2025-07-01,62,Electronics,54401.37,8594.36,48
2528,2025-07-01,62,Home & Kitchen,52676.6,11085.76,23
2529,2025-07-01,62,Fashion,64438.35,16781.32,43
2530,2025-07-01,62,Beauty & Personal Care,47487.93,11252.62,43
2531,2025-07-01,62,Grocery & FMCG,51082.7,9582.81,38
2532,2025-07-01,62,Sports & Lifestyle,29573.02,4535.69,20
2533,2025-07-01,63,Electronics,47894.18,10616.65,38
2534,2025-07-01,63,Home & Kitchen,47694.71,8298.37,32
2535,2025-07-01,63,Fashion,62113.79,8887.43,33
2536,2025-07-01,63,Beauty & Personal Care,50854.53,12451.82,44
2537,2025-07-01,63,Grocery & FMCG,48533.46,9353.23,28
2538,2025-07-01,63,Sports & Lifestyle,24540.63,4857.31,20
2539,2025-07-01,64,Electronics,41361.87,11609.29,20
2540,2025-07-01,64,Home & Kitchen,38100.14,9997.02,45
2541,2025-07-01,64,Fashion,36397.48,6061.98,20
2542,2025-07-01,64,Beauty & Personal Care,38117.54,10764.45,39
2543,2025-07-01,64,Grocery & FMCG,36613.76,7473.08,41
2544,2025-07-01,64,Sports & Lifestyle,21931.2,6397.05,20
2545,2025-07-01,65,Electronics,58960.84,16784.63,32
2546,2025-07-01,65,Home & Kitchen,49564.06,13554.16,29
2547,2025-07-01,65,Fashion,67958.05,14032.49,51
2548,2025-07-01,65,Beauty & Personal Care,47903.31,12875.6,20
2549,2025-07-01,65,Grocery & FMCG,60746.8,15647.54,46
2550,2025-07-01,65,Sports & Lifestyle,28951.18,7983.24,20
2551,2025-07-01,66,Electronics,52843.32,11991.43,65
2552,2025-07-01,66,Home & Kitchen,50474.28,8063.23,22
2553,2025-07-01,66,Fashion,56952.84,15197.19,31
2554,2025-07-01,66,Beauty & Personal Care,40174.99,9362.3,20
2555,2025-07-01,66,Grocery & FMCG,43201.85,6649.64,20
2556,2025-07-01,66,Sports & Lifestyle,34536.92,8937.76,23
2557,2025-07-01,67,Electronics,52660.13,10105.11,27
2558,2025-07-01,67,Home & Kitchen,44301.21,9345.62,20
2559,2025-07-01,67,Fashion,56388.49,14893.65,24
2560,2025-07-01,67,Beauty & Personal Care,48573.58,12402.08,39
2561,2025-07-01,67,Grocery & FMCG,47367.03,9410.89,51
2562,2025-07-01,67,Sports & Lifestyle,24891.32,6501.4,20
2563,2025-07-01,68,Electronics,26189.2,5989.4,20
2564,2025-07-01,68,Home & Kitchen,34678.93,6353.97,25
2565,2025-07-01,68,Fashion,39213.26,6987.25,20
2566,2025-07-01,68,Beauty & Personal Care,28809.62,7216.25,20
2567,2025-07-01,68,Grocery & FMCG,26711.06,6067.33,20
2568,2025-07-01,68,Sports & Lifestyle,15401.44,4407.38,20
2569,2025-07-01,69,Electronics,37241.77,10165.08,26
2570,2025-07-01,69,Home & Kitchen,43724.44,11484.13,22
2571,2025-07-01,69,Fashion,48718.03,13420.86,26
2572,2025-07-01,69,Beauty & Personal Care,30534.4,6764.1,20
2573,2025-07-01,69,Grocery & FMCG,41500.72,9714.84,29
2574,2025-07-01,69,Sports & Lifestyle,20347.71,3823.62,20
2575,2025-07-01,70,Electronics,45360.34,9029.2,29
2576,2025-07-01,70,Home & Kitchen,45603.6,11703.44,20
2577,2025-07-01,70,Fashion,47288.1,8941.25,51
2578,2025-07-01,70,Beauty & Personal Care,41802.33,6653.78,31
2579,2025-07-01,70,Grocery & FMCG,36673.24,10295.74,20
2580,2025-07-01,70,Sports & Lifestyle,23730.84,5455.67,20
2581,2025-07-01,71,Electronics,33406.8,6602.22,20
2582,2025-07-01,71,Home & Kitchen,34003.7,8294.15,20
2583,2025-07-01,71,Fashion,41492.69,12222.75,20
2584,2025-07-01,71,Beauty & Personal Care,35200.32,7027.56,20
2585,2025-07-01,71,Grocery & FMCG,34647.69,6281.29,21
2586,2025-07-01,71,Sports & Lifestyle,25083.84,6382.61,20
2587,2025-07-01,72,Electronics,57038.19,9741.63,25
2588,2025-07-01,72,Home & Kitchen,51586.38,15028.01,51
2589,2025-07-01,72,Fashion,55068.73,9195.9,22
2590,2025-07-01,72,Beauty & Personal Care,49191.35,11646.18,31
2591,2025-07-01,72,Grocery & FMCG,48908.24,11628.24,49
2592,2025-07-01,72,Sports & Lifestyle,28810.81,7093.63,20
2593,2025-07-01,73,Electronics,52038.29,14234.52,62
2594,2025-07-01,73,Home & Kitchen,54756.3,9384.3,40
2595,2025-07-01,73,Fashion,63757.34,12399.34,31
2596,2025-07-01,73,Beauty & Personal Care,39628.62,11877.7,24
2597,2025-07-01,73,Grocery & FMCG,51355.16,11740.02,26
2598,2025-07-01,73,Sports & Lifestyle,27762.97,6809.63,20
2599,2025-07-01,74,Electronics,56385.2,16611.72,47
2600,2025-07-01,74,Home & Kitchen,44783.48,12224.94,20
2601,2025-07-01,74,Fashion,54031.39,13298.49,30
2602,2025-07-01,74,Beauty & Personal Care,47144.96,11531.84,20
2603,2025-07-01,74,Grocery & FMCG,45376.48,8016.31,44
2604,2025-07-01,74,Sports & Lifestyle,24763.94,5201.01,20
2605,2025-07-01,75,Electronics,60129.63,14426.4,27
2606,2025-07-01,75,Home & Kitchen,54518.2,11874.55,64
2607,2025-07-01,75,Fashion,60676.58,16036.2,26
2608,2025-07-01,75,Beauty & Personal Care,46527.29,12605.47,28
2609,2025-07-01,75,Grocery & FMCG,45295.67,7495.58,20
2610,2025-07-01,75,Sports & Lifestyle,28760.32,6359.59,20
2611,2025-07-01,76,Electronics,31976.5,5549.37,22
2612,2025-07-01,76,Home & Kitchen,37947.43,9078.86,20
2613,2025-07-01,76,Fashion,44093.14,12746.94,25
2614,2025-07-01,76,Beauty & Personal Care,36167.91,6529.5,20
2615,2025-07-01,76,Grocery & FMCG,38224.36,9454.18,34
2616,2025-07-01,76,Sports & Lifestyle,20796.83,5797.93,20
2617,2025-07-01,77,Electronics,45475.6,13055.86,34
2618,2025-07-01,77,Home & Kitchen,40093.63,7887.41,20
2619,2025-07-01,77,Fashion,45771.78,13185.73,20
2620,2025-07-01,77,Beauty & Personal Care,43676.75,13031.88,37
2621,2025-07-01,77,Grocery & FMCG,40038.0,6391.71,26
2622,2025-07-01,77,Sports & Lifestyle,27260.97,6475.15,20
2623,2025-07-01,78,Electronics,44998.95,12590.71,22
2624,2025-07-01,78,Home & Kitchen,34117.82,6998.45,21
2625,2025-07-01,78,Fashion,42402.29,8028.33,42
2626,2025-07-01,78,Beauty & Personal Care,34184.84,10060.86,20
2627,2025-07-01,78,Grocery & FMCG,30436.86,8543.75,20
2628,2025-07-01,78,Sports & Lifestyle,18235.69,5316.38,20
2629,2025-07-01,79,Electronics,44798.17,13010.3,35
2630,2025-07-01,79,Home & Kitchen,41510.31,9698.61,20
2631,2025-07-01,79,Fashion,41146.16,6659.53,24
2632,2025-07-01,79,Beauty & Personal Care,33768.12,7612.49,40
2633,2025-07-01,79,Grocery & FMCG,41243.07,9783.93,50
2634,2025-07-01,79,Sports & Lifestyle,18196.9,3981.8,20
2635,2025-07-01,80,Electronics,44350.38,7136.08,25
2636,2025-07-01,80,Home & Kitchen,34438.81,6632.64,20
2637,2025-07-01,80,Fashion,43646.96,12333.39,20
2638,2025-07-01,80,Beauty & Personal Care,41852.59,7139.75,22
2639,2025-07-01,80,Grocery & FMCG,44636.25,11381.41,27
2640,2025-07-01,80,Sports & Lifestyle,28420.88,6759.25,21
2641,2025-07-01,81,Electronics,50435.74,12698.86,26
2642,2025-07-01,81,Home & Kitchen,47254.21,13807.81,34
2643,2025-07-01,81,Fashion,50984.01,14089.03,33
2644,2025-07-01,81,Beauty & Personal Care,49752.01,12933.27,29
2645,2025-07-01,81,Grocery & FMCG,47512.75,11467.4,26
2646,2025-07-01,81,Sports & Lifestyle,22853.82,6410.86,20
2647,2025-07-01,82,Electronics,68111.42,11941.13,37
2648,2025-07-01,82,Home & Kitchen,53379.03,13408.51,21
2649,2025-07-01,82,Fashion,52866.91,15518.75,43
2650,2025-07-01,82,Beauty & Personal Care,57727.65,12098.98,37
2651,2025-07-01,82,Grocery & FMCG,52037.8,14025.98,52
2652,2025-07-01,82,Sports & Lifestyle,36105.09,5561.62,34
2653,2025-07-01,83,Electronics,34771.67,7812.46,23
2654,2025-07-01,83,Home & Kitchen,29721.53,8791.68,23
2655,2025-07-01,83,Fashion,33285.63,7775.14,23
2656,2025-07-01,83,Beauty & Personal Care,32539.07,7059.99,20
2657,2025-07-01,83,Grocery & FMCG,31725.6,5399.7,20
2658,2025-07-01,83,Sports & Lifestyle,19710.69,3857.23,20
2659,2025-07-01,84,Electronics,44553.27,12476.93,45
2660,2025-07-01,84,Home & Kitchen,45874.57,7752.52,20
2661,2025-07-01,84,Fashion,50373.4,13136.91,21
2662,2025-07-01,84,Beauty & Personal Care,43940.07,11469.48,22
2663,2025-07-01,84,Grocery & FMCG,38361.71,8407.88,33
2664,2025-07-01,84,Sports & Lifestyle,24588.42,6690.86,26
2665,2025-07-01,85,Electronics,42820.89,12740.12,22
2666,2025-07-01,85,Home & Kitchen,38820.44,6488.47,26
2667,2025-07-01,85,Fashion,37344.69,10433.57,37
2668,2025-07-01,85,Beauty & Personal Care,31698.29,8557.13,29
2669,2025-07-01,85,Grocery & FMCG,36186.35,9095.84,20
2670,2025-07-01,85,Sports & Lifestyle,20618.91,5461.42,20
2671,2025-07-01,86,Electronics,42004.69,11081.78,21
2672,2025-07-01,86,Home & Kitchen,44070.47,11083.61,20
2673,2025-07-01,86,Fashion,43827.21,6512.91,20
2674,2025-07-01,86,Beauty & Personal Care,42148.42,8884.19,29
2675,2025-07-01,86,Grocery & FMCG,38954.49,6411.29,20
2676,2025-07-01,86,Sports & Lifestyle,26728.95,5579.73,20
2677,2025-07-01,87,Electronics,52041.62,11211.73,47
2678,2025-07-01,87,Home & Kitchen,62058.22,13854.17,29
2679,2025-07-01,87,Fashion,59213.3,11790.26,24
2680,2025-07-01,87,Beauty & Personal Care,50746.45,8635.49,47
2681,2025-07-01,87,Grocery & FMCG,46561.77,13430.95,21
2682,2025-07-01,87,Sports & Lifestyle,30085.23,8017.2,28
2683,2025-07-01,88,Electronics,57891.91,9849.7,54
2684,2025-07-01,88,Home & Kitchen,63112.73,12724.73,37
2685,2025-07-01,88,Fashion,70567.59,16279.36,38
2686,2025-07-01,88,Beauty & Personal Care,59957.04,10704.77,30
2687,2025-07-01,88,Grocery & FMCG,61741.94,8985.35,76
2688,2025-07-01,88,Sports & Lifestyle,34307.19,7972.8,20
2689,2025-07-01,89,Electronics,55767.35,15219.15,30
2690,2025-07-01,89,Home & Kitchen,48771.45,6959.85,22
2691,2025-07-01,89,Fashion,65797.11,16031.66,56
2692,2025-07-01,89,Beauty & Personal Care,39177.26,9381.36,39
2693,2025-07-01,89,Grocery & FMCG,49601.41,12466.82,38
2694,2025-07-01,89,Sports & Lifestyle,29677.68,5018.8,20
2695,2025-07-01,90,Electronics,51784.11,8353.19,35
2696,2025-07-01,90,Home & Kitchen,43903.06,9397.52,20
2697,2025-07-01,90,Fashion,50258.17,12174.09,25
2698,2025-07-01,90,Beauty & Personal Care,41003.02,6435.87,33
2699,2025-07-01,90,Grocery & FMCG,37512.33,7019.82,20
2700,2025-07-01,90,Sports & Lifestyle,18735.38,3534.15,20
2701,2025-07-01,91,Electronics,54285.59,11293.17,29
2702,2025-07-01,91,Home & Kitchen,54172.79,8635.43,65
2703,2025-07-01,91,Fashion,49204.08,8452.55,23
2704,2025-07-01,91,Beauty & Personal Care,41987.56,11276.08,20
2705,2025-07-01,91,Grocery & FMCG,46732.45,11706.24,41
2706,2025-07-01,91,Sports & Lifestyle,30060.38,6442.25,20
2707,2025-07-01,92,Electronics,28326.71,8369.34,21
2708,2025-07-01,92,Home & Kitchen,33023.93,5888.64,20
2709,2025-07-01,92,Fashion,33844.89,8705.93,32
2710,2025-07-01,92,Beauty & Personal Care,29175.96,5567.53,20
2711,2025-07-01,92,Grocery & FMCG,32994.12,7377.61,20
2712,2025-07-01,92,Sports & Lifestyle,17788.77,4351.73,20
2713,2025-07-01,93,Electronics,44339.32,7643.78,44
2714,2025-07-01,93,Home & Kitchen,43339.53,11135.67,30
2715,2025-07-01,93,Fashion,56018.97,11525.42,33
2716,2025-07-01,93,Beauty & Personal Care,36689.68,6303.22,37
2717,2025-07-01,93,Grocery & FMCG,38783.04,5644.19,25
2718,2025-07-01,93,Sports & Lifestyle,27455.86,3959.57,20
2719,2025-07-01,94,Electronics,52552.08,7625.97,21
2720,2025-07-01,94,Home & Kitchen,50045.35,9065.01,27
2721,2025-07-01,94,Fashion,54476.87,9329.97,47
2722,2025-07-01,94,Beauty & Personal Care,48411.13,11511.63,24
2723,2025-07-01,94,Grocery & FMCG,43572.86,6532.82,21
2724,2025-07-01,94,Sports & Lifestyle,24855.61,7406.14,20
2725,2025-07-01,95,Electronics,26307.99,6655.05,20
2726,2025-07-01,95,Home & Kitchen,24329.43,6529.23,20
2727,2025-07-01,95,Fashion,28668.33,6303.94,20
2728,2025-07-01,95,Beauty & Personal Care,24708.99,5131.08,20
2729,2025-07-01,95,Grocery & FMCG,21371.63,3130.16,20
2730,2025-07-01,95,Sports & Lifestyle,10852.26,2402.16,20
2731,2025-07-01,96,Electronics,61742.14,14230.47,46
2732,2025-07-01,96,Home & Kitchen,64851.76,16678.18,32
2733,2025-07-01,96,Fashion,54963.63,8169.97,34
2734,2025-07-01,96,Beauty & Personal Care,52706.71,15713.15,27
2735,2025-07-01,96,Grocery & FMCG,50171.13,14166.79,28
2736,2025-07-01,96,Sports & Lifestyle,28066.8,4564.87,20
2737,2025-07-01,97,Electronics,29184.02,8542.1,20
2738,2025-07-01,97,Home & Kitchen,30963.29,7212.42,28
2739,2025-07-01,97,Fashion,39187.78,9191.53,20
2740,2025-07-01,97,Beauty & Personal Care,26947.57,6073.61,25
2741,2025-07-01,97,Grocery & FMCG,28748.98,5956.71,25
2742,2025-07-01,97,Sports & Lifestyle,14521.67,2742.86,20
2743,2025-07-01,98,Electronics,22288.99,6127.18,23
2744,2025-07-01,98,Home & Kitchen,17874.96,2988.9,20
2745,2025-07-01,98,Fashion,24791.37,5010.92,20
2746,2025-07-01,98,Beauty & Personal Care,18911.18,2847.6,20
2747,2025-07-01,98,Grocery & FMCG,21916.06,3283.57,20
2748,2025-07-01,98,Sports & Lifestyle,12639.68,2972.6,20
2749,2025-07-01,99,Electronics,45059.04,10371.45,20
2750,2025-07-01,99,Home & Kitchen,49644.94,10045.52,54
2751,2025-07-01,99,Fashion,52119.43,14629.89,37
2752,2025-07-01,99,Beauty & Personal Care,44080.61,12129.66,20
2753,2025-07-01,99,Grocery & FMCG,39597.52,5797.47,20
2754,2025-07-01,99,Sports & Lifestyle,24115.54,7035.89,20
2755,2025-07-01,100,Electronics,45706.31,6790.69,20
2756,2025-07-01,100,Home & Kitchen,57303.02,16573.37,42
2757,2025-07-01,100,Fashion,51256.91,14342.92,29
2758,2025-07-01,100,Beauty & Personal Care,46209.54,11565.78,33
2759,2025-07-01,100,Grocery & FMCG,46229.2,11189.99,57
2760,2025-07-01,100,Sports & Lifestyle,29340.33,5906.97,20
2761,2025-07-01,101,Electronics,48914.09,12862.78,51
2762,2025-07-01,101,Home & Kitchen,45877.02,13426.65,25
2763,2025-07-01,101,Fashion,69160.99,17861.98,29
2764,2025-07-01,101,Beauty & Personal Care,47696.94,8351.72,24
2765,2025-07-01,101,Grocery & FMCG,43471.96,8760.12,41
2766,2025-07-01,101,Sports & Lifestyle,28098.98,5044.68,31
2767,2025-07-01,102,Electronics,25203.57,3634.44,20
2768,2025-07-01,102,Home & Kitchen,18908.46,2808.45,20
2769,2025-07-01,102,Fashion,27446.95,5458.17,20
2770,2025-07-01,102,Beauty & Personal Care,20163.67,4341.33,20
2771,2025-07-01,102,Grocery & FMCG,17658.42,3639.95,20
2772,2025-07-01,102,Sports & Lifestyle,12952.97,3145.71,20
2773,2025-07-01,103,Electronics,58793.13,11291.37,34
2774,2025-07-01,103,Home & Kitchen,54544.28,11313.6,66
2775,2025-07-01,103,Fashion,67568.1,16634.91,40
2776,2025-07-01,103,Beauty & Personal Care,43411.47,6388.85,20
2777,2025-07-01,103,Grocery & FMCG,66450.56,19609.88,78
2778,2025-07-01,103,Sports & Lifestyle,35459.22,7671.45,36
2779,2025-07-01,104,Electronics,46550.08,11025.21,33
2780,2025-07-01,104,Home & Kitchen,71126.43,21218.61,55
2781,2025-07-01,104,Fashion,58959.96,15400.34,29
2782,2025-07-01,104,Beauty & Personal Care,59855.23,8476.71,41
2783,2025-07-01,104,Grocery & FMCG,58495.74,9281.17,56
2784,2025-07-01,104,Sports & Lifestyle,28174.76,4664.45,20
2785,2025-07-01,105,Electronics,20944.94,3391.58,22
2786,2025-07-01,105,Home & Kitchen,17958.39,3947.57,20
2787,2025-07-01,105,Fashion,22657.4,6687.7,20
2788,2025-07-01,105,Beauty & Personal Care,15036.6,3897.06,20
2789,2025-07-01,105,Grocery & FMCG,18284.7,3383.79,20
2790,2025-07-01,105,Sports & Lifestyle,10545.39,1891.18,20
2791,2025-07-01,106,Electronics,48862.32,13158.57,26
2792,2025-07-01,106,Home & Kitchen,45069.4,12365.69,25
2793,2025-07-01,106,Fashion,50483.41,8767.63,49
2794,2025-07-01,106,Beauty & Personal Care,41160.54,7897.5,34
2795,2025-07-01,106,Grocery & FMCG,40656.87,9591.76,35
2796,2025-07-01,106,Sports & Lifestyle,22697.7,5732.87,20
2797,2025-07-01,107,Electronics,53120.01,15350.55,45
2798,2025-07-01,107,Home & Kitchen,48819.19,7771.73,53
2799,2025-07-01,107,Fashion,55759.57,9779.45,48
2800,2025-07-01,107,Beauty & Personal Care,48118.51,14258.2,25
2801,2025-07-01,107,Grocery & FMCG,50059.85,8770.75,22
2802,2025-07-01,107,Sports & Lifestyle,23217.95,4299.94,20
2803,2025-07-01,108,Electronics,29409.49,4891.0,20
2804,2025-07-01,108,Home & Kitchen,30143.36,7208.64,36
2805,2025-07-01,108,Fashion,34869.01,9832.3,20
2806,2025-07-01,108,Beauty & Personal Care,21305.56,4182.7,20
2807,2025-07-01,108,Grocery & FMCG,26022.47,7421.53,20
2808,2025-07-01,108,Sports & Lifestyle,15410.85,2541.18,20
2809,2025-07-01,109,Electronics,37412.08,6183.18,20
2810,2025-07-01,109,Home & Kitchen,34912.41,8680.78,21
2811,2025-07-01,109,Fashion,37001.47,8431.7,26
2812,2025-07-01,109,Beauty & Personal Care,32796.48,5322.72,30
2813,2025-07-01,109,Grocery & FMCG,34988.61,6968.33,20
2814,2025-07-01,109,Sports & Lifestyle,21499.0,6172.63,20
2815,2025-07-01,110,Electronics,53422.01,15447.72,23
2816,2025-07-01,110,Home & Kitchen,53184.57,10291.55,57
2817,2025-07-01,110,Fashion,56585.35,11322.95,38
2818,2025-07-01,110,Beauty & Personal Care,37147.48,6932.73,20
2819,2025-07-01,110,Grocery & FMCG,51087.19,9536.9,48
2820,2025-07-01,110,Sports & Lifestyle,25248.1,6442.46,20
2821,2025-07-01,111,Electronics,54193.25,9919.88,55
2822,2025-07-01,111,Home & Kitchen,54855.86,8971.07,37
2823,2025-07-01,111,Fashion,62634.29,11078.96,64
2824,2025-07-01,111,Beauty & Personal Care,39711.11,8021.59,20
2825,2025-07-01,111,Grocery & FMCG,52167.59,10186.26,50
2826,2025-07-01,111,Sports & Lifestyle,23920.87,5029.41,20
2827,2025-07-01,112,Electronics,51235.52,8078.53,40
2828,2025-07-01,112,Home & Kitchen,42671.35,8696.83,23
2829,2025-07-01,112,Fashion,55242.8,8330.64,28
2830,2025-07-01,112,Beauty & Personal Care,54532.85,14300.47,23
2831,2025-07-01,112,Grocery & FMCG,57419.75,10677.89,24
2832,2025-07-01,112,Sports & Lifestyle,38925.16,8698.66,20
2833,2025-07-01,113,Electronics,72229.39,12255.39,69
2834,2025-07-01,113,Home & Kitchen,62059.9,10911.93,34
2835,2025-07-01,113,Fashion,57669.64,12355.24,48
2836,2025-07-01,113,Beauty & Personal Care,56056.54,9548.26,22
2837,2025-07-01,113,Grocery & FMCG,49607.92,8513.9,20
2838,2025-07-01,113,Sports & Lifestyle,33688.52,6595.06,36
2839,2025-07-01,114,Electronics,53183.31,8584.4,37
2840,2025-07-01,114,Home & Kitchen,59194.18,11307.35,46
2841,2025-07-01,114,Fashion,70861.0,20042.52,31
2842,2025-07-01,114,Beauty & Personal Care,58387.27,9914.98,51
2843,2025-07-01,114,Grocery & FMCG,65090.74,17641.1,36
2844,2025-07-01,114,Sports & Lifestyle,32624.33,9708.52,20
2845,2025-07-01,115,Electronics,21869.76,4129.55,20
2846,2025-07-01,115,Home & Kitchen,29721.59,5042.72,20
2847,2025-07-01,115,Fashion,32824.9,5714.95,21
2848,2025-07-01,115,Beauty & Personal Care,25028.87,5378.83,20
2849,2025-07-01,115,Grocery & FMCG,21697.64,4023.38,20
2850,2025-07-01,115,Sports & Lifestyle,14431.97,3797.59,20
2851,2025-07-01,116,Electronics,64553.07,18093.77,32
2852,2025-07-01,116,Home & Kitchen,58256.88,15056.6,38
2853,2025-07-01,116,Fashion,55338.1,12135.22,27
2854,2025-07-01,116,Beauty & Personal Care,43126.77,8703.63,34
2855,2025-07-01,116,Grocery & FMCG,55793.39,15460.54,24
2856,2025-07-01,116,Sports & Lifestyle,30117.79,6873.99,20
2857,2025-07-01,117,Electronics,55093.02,15047.94,23
2858,2025-07-01,117,Home & Kitchen,41995.26,11324.74,40
2859,2025-07-01,117,Fashion,62821.92,15216.54,33
2860,2025-07-01,117,Beauty & Personal Care,49976.25,9296.61,29
2861,2025-07-01,117,Grocery & FMCG,57179.78,14148.32,37
2862,2025-07-01,117,Sports & Lifestyle,33061.04,9738.53,32
2863,2025-07-01,118,Electronics,23990.7,6298.52,29
2864,2025-07-01,118,Home & Kitchen,18879.19,4481.33,20
2865,2025-07-01,118,Fashion,23199.69,5505.36,28
2866,2025-07-01,118,Beauty & Personal Care,17410.6,4224.05,20
2867,2025-07-01,118,Grocery & FMCG,18141.14,4950.81,20
2868,2025-07-01,118,Sports & Lifestyle,13002.48,2416.44,20
2869,2025-07-01,119,Electronics,35121.25,5550.38,34
2870,2025-07-01,119,Home & Kitchen,33515.48,7995.09,28
2871,2025-07-01,119,Fashion,38581.36,7817.61,21
2872,2025-07-01,119,Beauty & Personal Care,25377.09,6853.86,20
2873,2025-07-01,119,Grocery & FMCG,37983.27,8260.5,20
2874,2025-07-01,119,Sports & Lifestyle,19843.12,3791.14,20
2875,2025-07-01,120,Electronics,28679.67,8269.65,20
2876,2025-07-01,120,Home & Kitchen,28227.97,8420.8,20
2877,2025-07-01,120,Fashion,26196.29,7139.99,20
2878,2025-07-01,120,Beauty & Personal Care,25756.18,4149.12,20
2879,2025-07-01,120,Grocery & FMCG,23473.08,5318.11,20
2880,2025-07-01,120,Sports & Lifestyle,14831.82,2808.53,20
2881,2025-08-01,1,Electronics,54100.09,11313.42,47
2882,2025-08-01,1,Home & Kitchen,63447.7,14319.79,26
2883,2025-08-01,1,Fashion,69335.0,11289.82,37
2884,2025-08-01,1,Beauty & Personal Care,59816.57,8792.6,47
2885,2025-08-01,1,Grocery & FMCG,55227.26,9886.54,39
2886,2025-08-01,1,Sports & Lifestyle,36243.19,5513.05,20
2887,2025-08-01,2,Electronics,46595.6,8241.36,39
2888,2025-08-01,2,Home & Kitchen,40034.93,6900.21,21
2889,2025-08-01,2,Fashion,45754.38,8148.74,31
2890,2025-08-01,2,Beauty & Personal Care,43347.7,9360.74,30
2891,2025-08-01,2,Grocery & FMCG,44601.88,11657.49,40
2892,2025-08-01,2,Sports & Lifestyle,23456.99,4555.01,27
2893,2025-08-01,3,Electronics,56394.21,13746.77,31
2894,2025-08-01,3,Home & Kitchen,48780.74,14408.99,21
2895,2025-08-01,3,Fashion,61072.03,12983.0,40
2896,2025-08-01,3,Beauty & Personal Care,45837.72,6775.06,26
2897,2025-08-01,3,Grocery & FMCG,54685.24,13245.45,30
2898,2025-08-01,3,Sports & Lifestyle,33496.89,9727.9,20
2899,2025-08-01,4,Electronics,46599.38,8874.62,32
2900,2025-08-01,4,Home & Kitchen,50378.63,12155.53,21
2901,2025-08-01,4,Fashion,62492.86,17365.08,35
2902,2025-08-01,4,Beauty & Personal Care,34613.99,9644.89,26
2903,2025-08-01,4,Grocery & FMCG,44475.34,13057.81,22
2904,2025-08-01,4,Sports & Lifestyle,20397.62,3213.94,20
2905,2025-08-01,5,Electronics,49633.73,7656.63,30
2906,2025-08-01,5,Home & Kitchen,59586.23,8785.3,53
2907,2025-08-01,5,Fashion,62018.83,15492.49,33
2908,2025-08-01,5,Beauty & Personal Care,47713.33,10965.31,33
2909,2025-08-01,5,Grocery & FMCG,48280.42,11376.46,38
2910,2025-08-01,5,Sports & Lifestyle,24837.32,7220.59,20
2911,2025-08-01,6,Electronics,29833.16,5599.69,20
2912,2025-08-01,6,Home & Kitchen,26853.72,3964.83,32
2913,2025-08-01,6,Fashion,25989.54,5699.93,21
2914,2025-08-01,6,Beauty & Personal Care,26175.72,4293.09,20
2915,2025-08-01,6,Grocery & FMCG,21429.38,4248.91,20
2916,2025-08-01,6,Sports & Lifestyle,13629.62,1929.58,20
2917,2025-08-01,7,Electronics,41546.75,8603.71,20
2918,2025-08-01,7,Home & Kitchen,33176.34,6295.72,20
2919,2025-08-01,7,Fashion,37238.28,6233.08,20
2920,2025-08-01,7,Beauty & Personal Care,34605.55,5847.8,20
2921,2025-08-01,7,Grocery & FMCG,31336.69,7490.39,20
2922,2025-08-01,7,Sports & Lifestyle,21219.95,3353.9,20
2923,2025-08-01,8,Electronics,55297.75,8990.39,38
2924,2025-08-01,8,Home & Kitchen,53173.24,8855.05,34
2925,2025-08-01,8,Fashion,53317.91,11593.03,39
2926,2025-08-01,8,Beauty & Personal Care,45482.06,8511.64,20
2927,2025-08-01,8,Grocery & FMCG,49066.89,13417.51,24
2928,2025-08-01,8,Sports & Lifestyle,31734.82,7338.14,20
2929,2025-08-01,9,Electronics,62365.38,13004.52,34
2930,2025-08-01,9,Home & Kitchen,62021.68,13661.27,32
2931,2025-08-01,9,Fashion,59964.53,13894.19,47
2932,2025-08-01,9,Beauty & Personal Care,45935.35,10389.51,38
2933,2025-08-01,9,Grocery & FMCG,50092.31,11109.15,48
2934,2025-08-01,9,Sports & Lifestyle,35082.4,6085.94,20
2935,2025-08-01,10,Electronics,63636.2,10436.46,41
2936,2025-08-01,10,Home & Kitchen,57001.1,10451.27,43
2937,2025-08-01,10,Fashion,84596.71,24573.7,35
2938,2025-08-01,10,Beauty & Personal Care,42731.04,9062.1,38
2939,2025-08-01,10,Grocery & FMCG,58332.34,11280.4,24
2940,2025-08-01,10,Sports & Lifestyle,29230.03,8409.86,20
2941,2025-08-01,11,Electronics,44346.61,11278.26,41
2942,2025-08-01,11,Home & Kitchen,44323.03,6552.65,41
2943,2025-08-01,11,Fashion,53263.22,10429.66,24
2944,2025-08-01,11,Beauty & Personal Care,32235.06,5088.0,20
2945,2025-08-01,11,Grocery & FMCG,35923.44,10681.02,29
2946,2025-08-01,11,Sports & Lifestyle,23966.48,3941.97,20
2947,2025-08-01,12,Electronics,43546.4,10113.03,20
2948,2025-08-01,12,Home & Kitchen,47359.62,10827.23,44
2949,2025-08-01,12,Fashion,51381.06,11480.09,38
2950,2025-08-01,12,Beauty & Personal Care,42419.85,12207.9,24
2951,2025-08-01,12,Grocery & FMCG,37694.27,7414.51,20
2952,2025-08-01,12,Sports & Lifestyle,23618.48,5232.47,20
2953,2025-08-01,13,Electronics,47737.13,11886.46,51
2954,2025-08-01,13,Home & Kitchen,37122.08,5955.05,37
2955,2025-08-01,13,Fashion,39493.83,6113.98,20
2956,2025-08-01,13,Beauty & Personal Care,39472.36,5777.74,36
2957,2025-08-01,13,Grocery & FMCG,31891.52,7266.08,37
2958,2025-08-01,13,Sports & Lifestyle,22706.25,5915.21,21
2959,2025-08-01,14,Electronics,62264.1,8795.95,45
2960,2025-08-01,14,Home & Kitchen,51061.4,10055.13,48
2961,2025-08-01,14,Fashion,50196.41,14527.98,28
2962,2025-08-01,14,Beauty & Personal Care,46447.67,6932.19,24
2963,2025-08-01,14,Grocery & FMCG,58222.18,8860.97,52
2964,2025-08-01,14,Sports & Lifestyle,24369.73,3929.24,20
2965,2025-08-01,15,Electronics,48018.41,10321.29,30
2966,2025-08-01,15,Home & Kitchen,47717.58,12663.49,22
2967,2025-08-01,15,Fashion,52188.71,14677.87,49
2968,2025-08-01,15,Beauty & Personal Care,36806.96,7495.67,31
2969,2025-08-01,15,Grocery & FMCG,45918.27,13208.71,35
2970,2025-08-01,15,Sports & Lifestyle,24833.03,5667.43,20
2971,2025-08-01,16,Electronics,56616.0,9778.22,56
2972,2025-08-01,16,Home & Kitchen,45792.32,8561.31,21
2973,2025-08-01,16,Fashion,62068.41,13220.21,68
2974,2025-08-01,16,Beauty & Personal Care,43377.31,12861.83,40
2975,2025-08-01,16,Grocery & FMCG,46929.78,10093.76,27
2976,2025-08-01,16,Sports & Lifestyle,28832.4,7206.64,20
2977,2025-08-01,17,Electronics,72453.89,11715.73,75
2978,2025-08-01,17,Home & Kitchen,68925.59,18458.71,36
2979,2025-08-01,17,Fashion,65494.51,15308.22,33
2980,2025-08-01,17,Beauty & Personal Care,52168.31,15442.13,36
2981,2025-08-01,17,Grocery & FMCG,50227.6,7342.83,40
2982,2025-08-01,17,Sports & Lifestyle,33496.91,9479.76,24
2983,2025-08-01,18,Electronics,26965.01,6191.47,20
2984,2025-08-01,18,Home & Kitchen,26167.67,6828.22,20
2985,2025-08-01,18,Fashion,28825.82,4501.29,20
2986,2025-08-01,18,Beauty & Personal Care,17283.68,2457.19,20
2987,2025-08-01,18,Grocery & FMCG,24796.51,6993.96,20
2988,2025-08-01,18,Sports & Lifestyle,17149.94,5054.63,20
2989,2025-08-01,19,Electronics,41885.47,6292.2,23
2990,2025-08-01,19,Home & Kitchen,35293.39,8104.92,21
2991,2025-08-01,19,Fashion,41868.14,7974.72,23
2992,2025-08-01,19,Beauty & Personal Care,31520.48,5265.68,27
2993,2025-08-01,19,Grocery & FMCG,33170.59,6479.07,20
2994,2025-08-01,19,Sports & Lifestyle,19057.78,2941.7,20
2995,2025-08-01,20,Electronics,42214.3,11543.28,28
2996,2025-08-01,20,Home & Kitchen,47549.98,12294.44,25
2997,2025-08-01,20,Fashion,39383.26,9657.89,28
2998,2025-08-01,20,Beauty & Personal Care,35995.76,6976.28,20
2999,2025-08-01,20,Grocery & FMCG,35115.23,6612.99,20
3000,2025-08-01,20,Sports & Lifestyle,21422.85,4820.83,26
3001,2025-08-01,21,Electronics,54052.05,14186.73,54
3002,2025-08-01,21,Home & Kitchen,47843.09,12344.99,21
3003,2025-08-01,21,Fashion,81205.77,18552.87,86
3004,2025-08-01,21,Beauty & Personal Care,47037.87,12602.75,21
3005,2025-08-01,21,Grocery & FMCG,52956.73,15418.36,25
3006,2025-08-01,21,Sports & Lifestyle,32080.64,4584.54,21
3007,2025-08-01,22,Electronics,55445.91,10415.67,36
3008,2025-08-01,22,Home & Kitchen,54222.78,12955.72,44
3009,2025-08-01,22,Fashion,72830.58,15926.26,42
3010,2025-08-01,22,Beauty & Personal Care,52453.99,9051.48,40
3011,2025-08-01,22,Grocery & FMCG,56673.12,11487.37,41
3012,2025-08-01,22,Sports & Lifestyle,37219.55,9798.72,45
3013,2025-08-01,23,Electronics,57016.71,9069.75,34
3014,2025-08-01,23,Home & Kitchen,48578.67,12835.3,28
3015,2025-08-01,23,Fashion,57058.9,13536.16,23
3016,2025-08-01,23,Beauty & Personal Care,41278.38,7003.96,20
3017,2025-08-01,23,Grocery & FMCG,48455.57,7186.74,35
3018,2025-08-01,23,Sports & Lifestyle,23379.62,3594.31,20
3019,2025-08-01,24,Electronics,51148.52,10479.01,55
3020,2025-08-01,24,Home & Kitchen,50160.16,7410.99,29
3021,2025-08-01,24,Fashion,55912.98,12824.98,39
3022,2025-08-01,24,Beauty & Personal Care,42243.59,8487.13,20
3023,2025-08-01,24,Grocery & FMCG,50146.81,8333.76,31
3024,2025-08-01,24,Sports & Lifestyle,26776.16,4357.26,20
3025,2025-08-01,25,Electronics,69130.65,10641.97,32
3026,2025-08-01,25,Home & Kitchen,63483.42,12713.66,61
3027,2025-08-01,25,Fashion,66339.04,18100.25,34
3028,2025-08-01,25,Beauty & Personal Care,43130.64,12733.02,39
3029,2025-08-01,25,Grocery & FMCG,43518.1,8456.31,20
3030,2025-08-01,25,Sports & Lifestyle,31773.22,5013.73,25
3031,2025-08-01,26,Electronics,45681.61,7997.3,20
3032,2025-08-01,26,Home & Kitchen,36510.7,9685.75,37
3033,2025-08-01,26,Fashion,41068.04,11143.92,22
3034,2025-08-01,26,Beauty & Personal Care,35361.76,6496.66,21
3035,2025-08-01,26,Grocery & FMCG,45947.07,11928.13,41
3036,2025-08-01,26,Sports & Lifestyle,21270.88,4420.22,20
3037,2025-08-01,27,Electronics,50267.58,13590.61,33
3038,2025-08-01,27,Home & Kitchen,52209.38,7467.88,28
3039,2025-08-01,27,Fashion,58138.63,15799.67,26
3040,2025-08-01,27,Beauty & Personal Care,36411.47,10264.91,32
3041,2025-08-01,27,Grocery & FMCG,47524.51,6841.93,53
3042,2025-08-01,27,Sports & Lifestyle,26514.53,5132.35,20
3043,2025-08-01,28,Electronics,58794.13,15161.94,40
3044,2025-08-01,28,Home & Kitchen,55364.65,13572.88,47
3045,2025-08-01,28,Fashion,65863.43,11469.13,28
3046,2025-08-01,28,Beauty & Personal Care,48211.93,9024.73,24
3047,2025-08-01,28,Grocery & FMCG,50364.33,11339.7,26
3048,2025-08-01,28,Sports & Lifestyle,27462.21,8180.49,20
3049,2025-08-01,29,Electronics,67004.4,18047.72,46
3050,2025-08-01,29,Home & Kitchen,65060.47,15315.69,40
3051,2025-08-01,29,Fashion,72847.36,16377.04,45
3052,2025-08-01,29,Beauty & Personal Care,42508.14,12288.0,21
3053,2025-08-01,29,Grocery & FMCG,55577.45,15422.63,22
3054,2025-08-01,29,Sports & Lifestyle,38350.99,7730.08,41
3055,2025-08-01,30,Electronics,53704.93,14046.56,33
3056,2025-08-01,30,Home & Kitchen,52803.72,12778.93,44
3057,2025-08-01,30,Fashion,48518.34,8081.27,29
3058,2025-08-01,30,Beauty & Personal Care,50928.62,15026.05,24
3059,2025-08-01,30,Grocery & FMCG,42591.93,9261.64,27
3060,2025-08-01,30,Sports & Lifestyle,31380.78,7230.52,20
3061,2025-08-01,31,Electronics,37893.32,10266.98,45
3062,2025-08-01,31,Home & Kitchen,29170.03,6844.21,20
3063,2025-08-01,31,Fashion,35254.61,6080.53,24
3064,2025-08-01,31,Beauty & Personal Care,27346.9,7223.19,20
3065,2025-08-01,31,Grocery & FMCG,29680.09,7945.71,20
3066,2025-08-01,31,Sports & Lifestyle,17508.1,3862.54,20
3067,2025-08-01,32,Electronics,38866.31,10655.3,20
3068,2025-08-01,32,Home & Kitchen,44019.65,13102.72,21
3069,2025-08-01,32,Fashion,38181.45,9352.31,45
3070,2025-08-01,32,Beauty & Personal Care,31285.61,7541.53,22
3071,2025-08-01,32,Grocery & FMCG,32236.63,8498.9,39
3072,2025-08-01,32,Sports & Lifestyle,21701.83,5202.67,20
3073,2025-08-01,33,Electronics,56871.72,15632.39,41
3074,2025-08-01,33,Home & Kitchen,49845.11,8854.97,40
3075,2025-08-01,33,Fashion,56390.3,13959.03,25
3076,2025-08-01,33,Beauty & Personal Care,47973.09,13366.78,26
3077,2025-08-01,33,Grocery & FMCG,60971.59,9226.27,68
3078,2025-08-01,33,Sports & Lifestyle,33265.01,8500.29,20
3079,2025-08-01,34,Electronics,30803.36,7069.16,20
3080,2025-08-01,34,Home & Kitchen,27315.25,3841.41,25
3081,2025-08-01,34,Fashion,38397.88,7416.16,20
3082,2025-08-01,34,Beauty & Personal Care,27125.26,3962.22,20
3083,2025-08-01,34,Grocery & FMCG,29492.08,6093.92,35
3084,2025-08-01,34,Sports & Lifestyle,14180.82,2807.75,20
3085,2025-08-01,35,Electronics,59816.2,14825.17,59
3086,2025-08-01,35,Home & Kitchen,41864.94,10353.11,21
3087,2025-08-01,35,Fashion,48300.48,11838.89,25
3088,2025-08-01,35,Beauty & Personal Care,37880.71,8476.53,41
3089,2025-08-01,35,Grocery & FMCG,44779.29,11222.71,25
3090,2025-08-01,35,Sports & Lifestyle,28380.74,8170.16,20
3091,2025-08-01,36,Electronics,29106.89,4848.15,33
3092,2025-08-01,36,Home & Kitchen,27857.11,7945.85,23
3093,2025-08-01,36,Fashion,39192.18,11376.85,25
3094,2025-08-01,36,Beauty & Personal Care,28779.38,5638.95,20
3095,2025-08-01,36,Grocery & FMCG,27874.83,5163.42,20
3096,2025-08-01,36,Sports & Lifestyle,18442.24,4335.88,20
3097,2025-08-01,37,Electronics,65806.66,16257.25,28
3098,2025-08-01,37,Home & Kitchen,65885.9,13914.4,27
3099,2025-08-01,37,Fashion,61887.66,10089.72,55
3100,2025-08-01,37,Beauty & Personal Care,50824.69,11728.51,22
3101,2025-08-01,37,Grocery & FMCG,50932.38,12720.58,27
3102,2025-08-01,37,Sports & Lifestyle,28053.85,7000.39,20
3103,2025-08-01,38,Electronics,66099.43,17955.44,58
3104,2025-08-01,38,Home & Kitchen,52175.62,11163.39,43
3105,2025-08-01,38,Fashion,62134.74,10248.38,48
3106,2025-08-01,38,Beauty & Personal Care,51749.82,9855.67,22
3107,2025-08-01,38,Grocery & FMCG,49954.66,14276.09,28
3108,2025-08-01,38,Sports & Lifestyle,32637.88,8022.28,20
3109,2025-08-01,39,Electronics,39587.35,10863.81,21
3110,2025-08-01,39,Home & Kitchen,61710.73,9679.6,24
3111,2025-08-01,39,Fashion,65198.3,9821.1,44
3112,2025-08-01,39,Beauty & Personal Care,48556.96,11295.43,27
3113,2025-08-01,39,Grocery & FMCG,65531.32,18428.47,66
3114,2025-08-01,39,Sports & Lifestyle,28853.85,5337.2,20
3115,2025-08-01,40,Electronics,48885.36,14214.48,36
3116,2025-08-01,40,Home & Kitchen,55004.91,15310.36,48
3117,2025-08-01,40,Fashion,57732.07,11339.05,71
3118,2025-08-01,40,Beauty & Personal Care,44130.59,10035.96,27
3119,2025-08-01,40,Grocery & FMCG,39754.87,11028.74,46
3120,2025-08-01,40,Sports & Lifestyle,28128.37,6108.09,20
3121,2025-08-01,41,Electronics,32993.96,6138.54,40
3122,2025-08-01,41,Home & Kitchen,29458.93,7287.63,20
3123,2025-08-01,41,Fashion,38442.14,10258.26,44
3124,2025-08-01,41,Beauty & Personal Care,33244.96,7416.38,34
3125,2025-08-01,41,Grocery & FMCG,29523.33,5010.28,20
3126,2025-08-01,41,Sports & Lifestyle,15035.4,3413.08,20
3127,2025-08-01,42,Electronics,50199.78,7587.69,33
3128,2025-08-01,42,Home & Kitchen,53171.86,15072.3,38
3129,2025-08-01,42,Fashion,65806.59,9787.16,68
3130,2025-08-01,42,Beauty & Personal Care,36907.35,7251.6,20
3131,2025-08-01,42,Grocery & FMCG,60060.61,13812.55,40
3132,2025-08-01,42,Sports & Lifestyle,30586.39,4596.23,20
3133,2025-08-01,43,Electronics,63020.78,18791.31,63
3134,2025-08-01,43,Home & Kitchen,56675.3,13355.89,49
3135,2025-08-01,43,Fashion,55561.17,9703.04,29
3136,2025-08-01,43,Beauty & Personal Care,37200.52,7781.03,24
3137,2025-08-01,43,Grocery & FMCG,45258.61,10064.69,20
3138,2025-08-01,43,Sports & Lifestyle,30199.09,4947.41,24
3139,2025-08-01,44,Electronics,69885.98,20625.4,59
3140,2025-08-01,44,Home & Kitchen,56591.05,15271.57,52
3141,2025-08-01,44,Fashion,64553.78,17590.89,34
3142,2025-08-01,44,Beauty & Personal Care,47736.93,9339.4,29
3143,2025-08-01,44,Grocery & FMCG,54741.32,8309.51,37
3144,2025-08-01,44,Sports & Lifestyle,36945.41,10250.69,42
3145,2025-08-01,45,Electronics,47457.57,10701.55,20
3146,2025-08-01,45,Home & Kitchen,36675.04,9763.18,27
3147,2025-08-01,45,Fashion,44108.55,12827.9,21
3148,2025-08-01,45,Beauty & Personal Care,27684.7,5154.94,25
3149,2025-08-01,45,Grocery & FMCG,33591.44,5582.58,25
3150,2025-08-01,45,Sports & Lifestyle,20381.38,4049.11,20
3151,2025-08-01,46,Electronics,46593.05,13620.1,20
3152,2025-08-01,46,Home & Kitchen,52067.65,8174.39,26
3153,2025-08-01,46,Fashion,68494.2,9778.64,29
3154,2025-08-01,46,Beauty & Personal Care,53893.87,14161.11,28
3155,2025-08-01,46,Grocery & FMCG,61123.56,9626.51,35
3156,2025-08-01,46,Sports & Lifestyle,31482.21,6247.36,28
3157,2025-08-01,47,Electronics,46518.64,10104.96,28
3158,2025-08-01,47,Home & Kitchen,50947.62,8798.32,29
3159,2025-08-01,47,Fashion,75815.43,11286.55,38
3160,2025-08-01,47,Beauty & Personal Care,55129.41,15337.23,37
3161,2025-08-01,47,Grocery & FMCG,58467.1,14443.12,30
3162,2025-08-01,47,Sports & Lifestyle,35087.63,7673.98,20
3163,2025-08-01,48,Electronics,76296.45,12517.47,34
3164,2025-08-01,48,Home & Kitchen,64481.01,14763.29,31
3165,2025-08-01,48,Fashion,67371.04,18550.52,37
3166,2025-08-01,48,Beauty & Personal Care,55650.46,15281.94,38
3167,2025-08-01,48,Grocery & FMCG,56419.81,11970.66,27
3168,2025-08-01,48,Sports & Lifestyle,38472.37,9937.57,20
3169,2025-08-01,49,Electronics,58078.1,10937.86,24
3170,2025-08-01,49,Home & Kitchen,60080.92,17246.61,37
3171,2025-08-01,49,Fashion,65715.58,19112.33,37
3172,2025-08-01,49,Beauty & Personal Care,47917.36,13691.58,29
3173,2025-08-01,49,Grocery & FMCG,63899.98,12053.17,49
3174,2025-08-01,49,Sports & Lifestyle,29922.49,5718.28,20
3175,2025-08-01,50,Electronics,31017.08,6092.06,20
3176,2025-08-01,50,Home & Kitchen,31625.77,6842.91,20
3177,2025-08-01,50,Fashion,33031.77,8124.08,20
3178,2025-08-01,50,Beauty & Personal Care,36840.25,8872.74,20
3179,2025-08-01,50,Grocery & FMCG,29056.81,4673.02,29
3180,2025-08-01,50,Sports & Lifestyle,23020.17,4179.72,20
3181,2025-08-01,51,Electronics,55660.24,16259.11,33
3182,2025-08-01,51,Home & Kitchen,48864.07,10527.4,24
3183,2025-08-01,51,Fashion,69996.5,18289.74,41
3184,2025-08-01,51,Beauty & Personal Care,54982.57,12303.23,34
3185,2025-08-01,51,Grocery & FMCG,64431.41,9170.58,26
3186,2025-08-01,51,Sports & Lifestyle,33156.7,4838.21,20
3187,2025-08-01,52,Electronics,62009.54,13287.05,25
3188,2025-08-01,52,Home & Kitchen,59097.14,15218.59,40
3189,2025-08-01,52,Fashion,70413.61,10036.85,44
3190,2025-08-01,52,Beauty & Personal Care,58222.38,8281.65,65
3191,2025-08-01,52,Grocery & FMCG,57120.04,15741.72,39
3192,2025-08-01,52,Sports & Lifestyle,32192.59,8086.45,20
3193,2025-08-01,53,Electronics,43689.65,10360.37,20
3194,2025-08-01,53,Home & Kitchen,51339.38,8755.79,57
3195,2025-08-01,53,Fashion,55616.42,16307.04,25
3196,2025-08-01,53,Beauty & Personal Care,44620.7,7958.91,23
3197,2025-08-01,53,Grocery & FMCG,47148.95,6752.05,52
3198,2025-08-01,53,Sports & Lifestyle,24704.01,5825.22,20
3199,2025-08-01,54,Electronics,25166.12,3960.63,24
3200,2025-08-01,54,Home & Kitchen,27168.05,7771.79,20
3201,2025-08-01,54,Fashion,33453.43,7478.53,20
3202,2025-08-01,54,Beauty & Personal Care,21358.37,4854.54,20
3203,2025-08-01,54,Grocery & FMCG,28960.04,6333.35,20
3204,2025-08-01,54,Sports & Lifestyle,14395.84,4184.22,20
3205,2025-08-01,55,Electronics,59592.83,14162.28,31
3206,2025-08-01,55,Home & Kitchen,52813.83,12352.21,26
3207,2025-08-01,55,Fashion,70087.93,19607.54,37
3208,2025-08-01,55,Beauty & Personal Care,46816.46,7561.31,20
3209,2025-08-01,55,Grocery & FMCG,61181.75,18144.5,64
3210,2025-08-01,55,Sports & Lifestyle,31541.8,7572.55,20
3211,2025-08-01,56,Electronics,40330.24,9216.5,20
3212,2025-08-01,56,Home & Kitchen,36404.19,6994.45,20
3213,2025-08-01,56,Fashion,42787.78,12768.18,24
3214,2025-08-01,56,Beauty & Personal Care,27469.07,7309.45,28
3215,2025-08-01,56,Grocery & FMCG,36543.3,8129.12,33
3216,2025-08-01,56,Sports & Lifestyle,20871.93,4967.77,20
3217,2025-08-01,57,Electronics,53010.85,10701.48,31
3218,2025-08-01,57,Home & Kitchen,44134.21,8084.23,22
3219,2025-08-01,57,Fashion,50697.25,8143.47,31
3220,2025-08-01,57,Beauty & Personal Care,39949.07,11441.51,47
3221,2025-08-01,57,Grocery & FMCG,48447.39,11078.74,28
3222,2025-08-01,57,Sports & Lifestyle,25872.65,6119.36,20
3223,2025-08-01,58,Electronics,37913.62,8716.13,20
3224,2025-08-01,58,Home & Kitchen,34453.05,8276.13,31
3225,2025-08-01,58,Fashion,37461.35,8199.38,42
3226,2025-08-01,58,Beauty & Personal Care,28765.65,6435.93,20
3227,2025-08-01,58,Grocery & FMCG,28886.53,7891.57,20
3228,2025-08-01,58,Sports & Lifestyle,20157.19,5887.98,20
3229,2025-08-01,59,Electronics,46296.8,9570.84,43
3230,2025-08-01,59,Home & Kitchen,49042.94,8724.22,26
3231,2025-08-01,59,Fashion,53873.67,15101.33,65
3232,2025-08-01,59,Beauty & Personal Care,38537.3,9865.07,31
3233,2025-08-01,59,Grocery & FMCG,40687.44,7688.13,20
3234,2025-08-01,59,Sports & Lifestyle,26075.68,6691.43,20
3235,2025-08-01,60,Electronics,42084.01,6374.45,20
3236,2025-08-01,60,Home & Kitchen,44602.64,12374.6,20
3237,2025-08-01,60,Fashion,50500.72,12638.27,25
3238,2025-08-01,60,Beauty & Personal Care,35504.09,6321.03,20
3239,2025-08-01,60,Grocery & FMCG,40893.0,6514.95,27
3240,2025-08-01,60,Sports & Lifestyle,25785.87,6719.48,20
3241,2025-08-01,61,Electronics,48884.81,12600.87,56
3242,2025-08-01,61,Home & Kitchen,51684.62,14367.97,41
3243,2025-08-01,61,Fashion,55293.25,16534.31,45
3244,2025-08-01,61,Beauty & Personal Care,45187.84,6910.03,39
3245,2025-08-01,61,Grocery & FMCG,43302.34,8262.49,36
3246,2025-08-01,61,Sports & Lifestyle,28821.67,7962.01,20
3247,2025-08-01,62,Electronics,46945.45,12483.74,50
3248,2025-08-01,62,Home & Kitchen,54372.02,15907.48,46
3249,2025-08-01,62,Fashion,59260.55,15549.94,73
3250,2025-08-01,62,Beauty & Personal Care,50464.65,10633.9,23
3251,2025-08-01,62,Grocery & FMCG,55133.35,8386.41,25
3252,2025-08-01,62,Sports & Lifestyle,27658.85,6761.51,29
3253,2025-08-01,63,Electronics,62285.01,17370.25,77
3254,2025-08-01,63,Home & Kitchen,60424.69,14354.47,27
3255,2025-08-01,63,Fashion,58189.75,10826.41,44
3256,2025-08-01,63,Beauty & Personal Care,50370.18,9415.04,46
3257,2025-08-01,63,Grocery & FMCG,48587.54,7026.28,22
3258,2025-08-01,63,Sports & Lifestyle,34569.28,5417.62,20
3259,2025-08-01,64,Electronics,42545.37,6767.06,20
3260,2025-08-01,64,Home & Kitchen,35080.49,7429.02,20
3261,2025-08-01,64,Fashion,47425.33,10397.0,25
3262,2025-08-01,64,Beauty & Personal Care,39806.42,7103.88,20
3263,2025-08-01,64,Grocery & FMCG,37080.71,9947.2,20
3264,2025-08-01,64,Sports & Lifestyle,20356.26,3140.29,20
3265,2025-08-01,65,Electronics,54836.44,12857.21,57
3266,2025-08-01,65,Home & Kitchen,59630.05,14468.18,33
3267,2025-08-01,65,Fashion,52702.17,9016.46,27
3268,2025-08-01,65,Beauty & Personal Care,37742.83,10329.76,20
3269,2025-08-01,65,Grocery & FMCG,49950.18,14840.48,22
3270,2025-08-01,65,Sports & Lifestyle,35897.74,7925.18,20
3271,2025-08-01,66,Electronics,59938.94,12569.52,66
3272,2025-08-01,66,Home & Kitchen,57434.36,15137.15,25
3273,2025-08-01,66,Fashion,60141.75,10591.03,30
3274,2025-08-01,66,Beauty & Personal Care,47676.28,11224.61,20
3275,2025-08-01,66,Grocery & FMCG,51316.27,8567.89,22
3276,2025-08-01,66,Sports & Lifestyle,28492.1,5930.12,20
3277,2025-08-01,67,Electronics,44620.37,7300.27,20
3278,2025-08-01,67,Home & Kitchen,54479.51,14026.72,27
3279,2025-08-01,67,Fashion,53678.84,14923.12,51
3280,2025-08-01,67,Beauty & Personal Care,49229.61,11669.04,28
3281,2025-08-01,67,Grocery & FMCG,49729.54,10508.62,22
3282,2025-08-01,67,Sports & Lifestyle,32311.16,7185.49,20
3283,2025-08-01,68,Electronics,28525.63,7920.5,34
3284,2025-08-01,68,Home & Kitchen,34149.72,6394.78,27
3285,2025-08-01,68,Fashion,38499.56,11480.41,25
3286,2025-08-01,68,Beauty & Personal Care,27035.7,4411.68,20
3287,2025-08-01,68,Grocery & FMCG,32803.9,7201.0,32
3288,2025-08-01,68,Sports & Lifestyle,18924.36,3071.36,20
3289,2025-08-01,69,Electronics,47479.37,8711.93,22
3290,2025-08-01,69,Home & Kitchen,48777.67,13769.65,21
3291,2025-08-01,69,Fashion,58209.58,13224.37,34
3292,2025-08-01,69,Beauty & Personal Care,41975.37,6968.33,20
3293,2025-08-01,69,Grocery & FMCG,40644.06,7838.23,24
3294,2025-08-01,69,Sports & Lifestyle,28706.8,6759.61,20
3295,2025-08-01,70,Electronics,48187.94,12163.81,33
3296,2025-08-01,70,Home & Kitchen,49476.76,13271.6,25
3297,2025-08-01,70,Fashion,54927.27,12195.88,25
3298,2025-08-01,70,Beauty & Personal Care,36920.32,5761.96,24
3299,2025-08-01,70,Grocery & FMCG,43317.1,12300.03,23
3300,2025-08-01,70,Sports & Lifestyle,25887.6,7464.44,20
3301,2025-08-01,71,Electronics,38201.91,5417.84,31
3302,2025-08-01,71,Home & Kitchen,40260.18,6592.91,35
3303,2025-08-01,71,Fashion,45691.67,10214.49,20
3304,2025-08-01,71,Beauty & Personal Care,44122.24,9618.22,23
3305,2025-08-01,71,Grocery & FMCG,35772.87,7044.93,20
3306,2025-08-01,71,Sports & Lifestyle,24915.46,6387.19,20
3307,2025-08-01,72,Electronics,56835.5,13983.31,30
3308,2025-08-01,72,Home & Kitchen,62929.22,14476.61,28
3309,2025-08-01,72,Fashion,59749.9,17319.43,35
3310,2025-08-01,72,Beauty & Personal Care,46204.49,8924.05,28
3311,2025-08-01,72,Grocery & FMCG,52175.83,7665.22,34
3312,2025-08-01,72,Sports & Lifestyle,32344.42,6331.17,25
3313,2025-08-01,73,Electronics,58993.68,14553.49,49
3314,2025-08-01,73,Home & Kitchen,47333.21,13341.9,20
3315,2025-08-01,73,Fashion,55818.85,10382.71,27
3316,2025-08-01,73,Beauty & Personal Care,40652.3,11656.82,20
3317,2025-08-01,73,Grocery & FMCG,46544.83,10177.61,22
3318,2025-08-01,73,Sports & Lifestyle,35763.85,6014.58,26
3319,2025-08-01,74,Electronics,51344.12,14034.94,22
3320,2025-08-01,74,Home & Kitchen,56621.4,8386.38,38
3321,2025-08-01,74,Fashion,63239.1,13870.4,32
3322,2025-08-01,74,Beauty & Personal Care,44300.7,11839.17,20
3323,2025-08-01,74,Grocery & FMCG,47196.45,9195.39,48
3324,2025-08-01,74,Sports & Lifestyle,32217.47,7899.54,20
3325,2025-08-01,75,Electronics,51044.88,12481.79,20
3326,2025-08-01,75,Home & Kitchen,60798.1,9082.57,37
3327,2025-08-01,75,Fashion,63598.15,15236.17,51
3328,2025-08-01,75,Beauty & Personal Care,45890.01,9424.74,24
3329,2025-08-01,75,Grocery & FMCG,44451.39,12638.5,23
3330,2025-08-01,75,Sports & Lifestyle,33186.43,5589.65,20
3331,2025-08-01,76,Electronics,46319.48,13277.21,23
3332,2025-08-01,76,Home & Kitchen,40234.25,5663.79,22
3333,2025-08-01,76,Fashion,46939.81,7376.93,21
3334,2025-08-01,76,Beauty & Personal Care,39586.08,9217.57,20
3335,2025-08-01,76,Grocery & FMCG,37202.28,6191.33,28
3336,2025-08-01,76,Sports & Lifestyle,25882.87,6105.34,20
3337,2025-08-01,77,Electronics,51330.7,14739.19,20
3338,2025-08-01,77,Home & Kitchen,42929.97,12280.4,26
3339,2025-08-01,77,Fashion,51536.94,11881.75,46
3340,2025-08-01,77,Beauty & Personal Care,31604.09,4887.48,20
3341,2025-08-01,77,Grocery & FMCG,46207.94,9248.07,25
3342,2025-08-01,77,Sports & Lifestyle,22965.86,4101.56,20
3343,2025-08-01,78,Electronics,39044.2,11192.07,20
3344,2025-08-01,78,Home & Kitchen,35542.1,5490.5,20
3345,2025-08-01,78,Fashion,39158.63,6911.59,32
3346,2025-08-01,78,Beauty & Personal Care,32607.86,5750.06,27
3347,2025-08-01,78,Grocery & FMCG,38999.35,8341.45,20
3348,2025-08-01,78,Sports & Lifestyle,20299.44,3776.67,20
3349,2025-08-01,79,Electronics,43265.8,12074.29,32
3350,2025-08-01,79,Home & Kitchen,49682.27,10549.31,26
3351,2025-08-01,79,Fashion,38360.24,8696.73,44
3352,2025-08-01,79,Beauty & Personal Care,35192.82,9586.6,20
3353,2025-08-01,79,Grocery & FMCG,39694.77,11330.7,21
3354,2025-08-01,79,Sports & Lifestyle,28879.56,4906.49,20
3355,2025-08-01,80,Electronics,47557.15,8486.83,29
3356,2025-08-01,80,Home & Kitchen,41988.7,9235.56,20
3357,2025-08-01,80,Fashion,46269.44,10557.08,23
3358,2025-08-01,80,Beauty & Personal Care,33745.86,9767.94,28
3359,2025-08-01,80,Grocery & FMCG,37166.22,8439.41,36
3360,2025-08-01,80,Sports & Lifestyle,25605.94,4225.67,20
3361,2025-08-01,81,Electronics,57158.89,15238.56,67
3362,2025-08-01,81,Home & Kitchen,51501.92,14231.9,55
3363,2025-08-01,81,Fashion,57987.55,16880.57,23
3364,2025-08-01,81,Beauty & Personal Care,42384.4,8293.37,20
3365,2025-08-01,81,Grocery & FMCG,46432.81,12205.51,32
3366,2025-08-01,81,Sports & Lifestyle,26942.35,5115.64,30
3367,2025-08-01,82,Electronics,72585.54,14185.68,59
3368,2025-08-01,82,Home & Kitchen,61031.6,15592.99,39
3369,2025-08-01,82,Fashion,73326.82,14946.08,34
3370,2025-08-01,82,Beauty & Personal Care,45025.9,11287.32,20
3371,2025-08-01,82,Grocery & FMCG,65042.17,11434.86,32
3372,2025-08-01,82,Sports & Lifestyle,37638.64,6221.5,20
3373,2025-08-01,83,Electronics,30616.14,6654.67,20
3374,2025-08-01,83,Home & Kitchen,29667.43,7386.24,20
3375,2025-08-01,83,Fashion,38690.5,10165.05,23
3376,2025-08-01,83,Beauty & Personal Care,28888.45,6261.67,24
3377,2025-08-01,83,Grocery & FMCG,35098.16,10216.66,21
3378,2025-08-01,83,Sports & Lifestyle,18541.56,3301.13,20
3379,2025-08-01,84,Electronics,38846.44,6691.02,37
3380,2025-08-01,84,Home & Kitchen,46486.02,11251.85,25
3381,2025-08-01,84,Fashion,53622.34,14703.66,65
3382,2025-08-01,84,Beauty & Personal Care,42524.54,9584.1,34
3383,2025-08-01,84,Grocery & FMCG,47238.17,7072.94,20
3384,2025-08-01,84,Sports & Lifestyle,28862.97,7245.74,20
3385,2025-08-01,85,Electronics,52279.92,12038.32,60
3386,2025-08-01,85,Home & Kitchen,47172.98,9932.01,40
3387,2025-08-01,85,Fashion,42657.3,7476.96,20
3388,2025-08-01,85,Beauty & Personal Care,41117.64,6875.15,20
3389,2025-08-01,85,Grocery & FMCG,37812.39,9667.14,25
3390,2025-08-01,85,Sports & Lifestyle,27410.26,8199.41,20
3391,2025-08-01,86,Electronics,43363.73,6393.21,31
3392,2025-08-01,86,Home & Kitchen,35932.32,9857.56,31
3393,2025-08-01,86,Fashion,53343.92,11424.24,47
3394,2025-08-01,86,Beauty & Personal Care,33486.51,8211.29,20
3395,2025-08-01,86,Grocery & FMCG,46099.33,13010.13,22
3396,2025-08-01,86,Sports & Lifestyle,24383.15,4506.67,20
3397,2025-08-01,87,Electronics,69192.65,18399.79,67
3398,2025-08-01,87,Home & Kitchen,60867.28,12422.6,24
3399,2025-08-01,87,Fashion,63572.27,14960.86,32
3400,2025-08-01,87,Beauty & Personal Care,56814.19,16681.47,29
3401,2025-08-01,87,Grocery & FMCG,64600.91,15610.35,26
3402,2025-08-01,87,Sports & Lifestyle,30540.63,7193.95,34
3403,2025-08-01,88,Electronics,63746.85,17652.22,33
3404,2025-08-01,88,Home & Kitchen,58132.98,16782.86,28
3405,2025-08-01,88,Fashion,73781.75,19557.9,85
3406,2025-08-01,88,Beauty & Personal Care,55853.04,10732.55,23
3407,2025-08-01,88,Grocery & FMCG,63718.39,10430.62,44
3408,2025-08-01,88,Sports & Lifestyle,30144.73,7656.25,23
3409,2025-08-01,89,Electronics,59347.37,11496.88,30
3410,2025-08-01,89,Home & Kitchen,44583.05,6588.01,20
3411,2025-08-01,89,Fashion,59352.59,9060.73,72
3412,2025-08-01,89,Beauty & Personal Care,53003.83,14626.45,46
3413,2025-08-01,89,Grocery & FMCG,57613.88,8085.61,50
3414,2025-08-01,89,Sports & Lifestyle,30627.31,6840.92,20
3415,2025-08-01,90,Electronics,47397.74,8584.1,20
3416,2025-08-01,90,Home & Kitchen,39153.5,10658.53,20
3417,2025-08-01,90,Fashion,54054.99,10730.2,26
3418,2025-08-01,90,Beauty & Personal Care,41977.84,12080.65,20
3419,2025-08-01,90,Grocery & FMCG,46245.59,8472.13,23
3420,2025-08-01,90,Sports & Lifestyle,24271.96,6040.14,20
3421,2025-08-01,91,Electronics,47704.57,7872.81,49
3422,2025-08-01,91,Home & Kitchen,51842.3,8618.62,25
3423,2025-08-01,91,Fashion,51899.84,12365.13,21
3424,2025-08-01,91,Beauty & Personal Care,47545.22,10753.41,20
3425,2025-08-01,91,Grocery & FMCG,46632.3,10402.71,21
3426,2025-08-01,91,Sports & Lifestyle,31859.42,7036.85,20
3427,2025-08-01,92,Electronics,35195.4,6758.1,20
3428,2025-08-01,92,Home & Kitchen,32673.3,8697.52,20
3429,2025-08-01,92,Fashion,37879.31,11332.72,26
3430,2025-08-01,92,Beauty & Personal Care,28041.72,6307.0,20
3431,2025-08-01,92,Grocery & FMCG,30532.02,6132.47,20
3432,2025-08-01,92,Sports & Lifestyle,18913.07,3940.74,20
3433,2025-08-01,93,Electronics,54436.6,7941.05,30
3434,2025-08-01,93,Home & Kitchen,53218.4,8437.67,26
3435,2025-08-01,93,Fashion,41250.18,10278.57,21
3436,2025-08-01,93,Beauty & Personal Care,44268.36,6515.64,40
3437,2025-08-01,93,Grocery & FMCG,44833.57,6686.97,27
3438,2025-08-01,93,Sports & Lifestyle,26469.95,6254.31,25
3439,2025-08-01,94,Electronics,54045.92,13175.48,44
3440,2025-08-01,94,Home & Kitchen,52608.52,12342.47,29
3441,2025-08-01,94,Fashion,58615.14,12214.49,36
3442,2025-08-01,94,Beauty & Personal Care,47713.46,7736.25,31
3443,2025-08-01,94,Grocery & FMCG,56234.1,9923.69,23
3444,2025-08-01,94,Sports & Lifestyle,23333.39,4161.41,20
3445,2025-08-01,95,Electronics,29469.8,5473.6,20
3446,2025-08-01,95,Home & Kitchen,24546.88,6703.07,20
3447,2025-08-01,95,Fashion,23290.6,4997.77,20
3448,2025-08-01,95,Beauty & Personal Care,22686.67,6746.58,20
3449,2025-08-01,95,Grocery & FMCG,24095.29,7205.67,20
3450,2025-08-01,95,Sports & Lifestyle,12694.51,3016.6,20
3451,2025-08-01,96,Electronics,58155.66,8793.67,31
3452,2025-08-01,96,Home & Kitchen,57488.31,14940.39,33
3453,2025-08-01,96,Fashion,59522.74,11155.58,24
3454,2025-08-01,96,Beauty & Personal Care,46007.21,8352.39,23
3455,2025-08-01,96,Grocery & FMCG,49708.77,8538.06,20
3456,2025-08-01,96,Sports & Lifestyle,33654.21,8134.55,34
3457,2025-08-01,97,Electronics,34912.41,9023.32,20
3458,2025-08-01,97,Home & Kitchen,35082.39,5722.56,20
3459,2025-08-01,97,Fashion,37219.6,7024.25,34
3460,2025-08-01,97,Beauty & Personal Care,32621.08,4730.53,35
3461,2025-08-01,97,Grocery & FMCG,31502.68,6297.02,20
3462,2025-08-01,97,Sports & Lifestyle,16568.31,2750.83,20
3463,2025-08-01,98,Electronics,24333.44,3802.64,20
3464,2025-08-01,98,Home & Kitchen,19649.51,5443.63,20
3465,2025-08-01,98,Fashion,22485.21,6034.9,20
3466,2025-08-01,98,Beauty & Personal Care,16219.74,2973.71,20
3467,2025-08-01,98,Grocery & FMCG,16627.13,4360.31,20
3468,2025-08-01,98,Sports & Lifestyle,12344.94,2882.21,20
3469,2025-08-01,99,Electronics,53759.79,12865.14,65
3470,2025-08-01,99,Home & Kitchen,39289.44,8292.66,20
3471,2025-08-01,99,Fashion,64853.65,15359.06,49
3472,2025-08-01,99,Beauty & Personal Care,39095.38,6062.5,20
3473,2025-08-01,99,Grocery & FMCG,54971.96,13663.27,59
3474,2025-08-01,99,Sports & Lifestyle,30691.75,6724.89,20
3475,2025-08-01,100,Electronics,71365.44,11984.73,41
3476,2025-08-01,100,Home & Kitchen,48794.36,9946.12,20
3477,2025-08-01,100,Fashion,52208.98,10617.14,49
3478,2025-08-01,100,Beauty & Personal Care,48116.62,11398.36,53
3479,2025-08-01,100,Grocery & FMCG,43790.63,9654.75,33
3480,2025-08-01,100,Sports & Lifestyle,29456.16,5928.66,20
3481,2025-08-01,101,Electronics,49810.56,9564.91,25
3482,2025-08-01,101,Home & Kitchen,50482.68,12030.61,40
3483,2025-08-01,101,Fashion,54640.67,13239.6,27
3484,2025-08-01,101,Beauty & Personal Care,46765.39,9734.87,28
3485,2025-08-01,101,Grocery & FMCG,53292.48,13762.76,34
3486,2025-08-01,101,Sports & Lifestyle,30620.63,8201.65,20
3487,2025-08-01,102,Electronics,28046.4,5966.04,32
3488,2025-08-01,102,Home & Kitchen,27862.11,4300.55,20
3489,2025-08-01,102,Fashion,25424.79,4647.78,20
3490,2025-08-01,102,Beauty & Personal Care,21827.17,4052.39,20
3491,2025-08-01,102,Grocery & FMCG,22066.01,4113.05,20
3492,2025-08-01,102,Sports & Lifestyle,11814.61,2277.74,20
3493,2025-08-01,103,Electronics,49816.11,10828.12,30
3494,2025-08-01,103,Home & Kitchen,63818.95,8978.94,29
3495,2025-08-01,103,Fashion,67407.53,12043.54,82
3496,2025-08-01,103,Beauty & Personal Care,58045.06,16374.28,26
3497,2025-08-01,103,Grocery & FMCG,62683.81,9392.83,29
3498,2025-08-01,103,Sports & Lifestyle,34692.86,6454.75,20
3499,2025-08-01,104,Electronics,65784.56,17326.31,35
3500,2025-08-01,104,Home & Kitchen,70215.3,14719.85,40
3501,2025-08-01,104,Fashion,75882.22,14090.7,85
3502,2025-08-01,104,Beauty & Personal Care,55006.61,12234.8,42
3503,2025-08-01,104,Grocery & FMCG,63251.48,8957.0,26
3504,2025-08-01,104,Sports & Lifestyle,32035.19,9215.3,20
3505,2025-08-01,105,Electronics,21407.9,4828.5,20
3506,2025-08-01,105,Home & Kitchen,21655.89,5565.57,20
3507,2025-08-01,105,Fashion,22756.08,4520.22,25
3508,2025-08-01,105,Beauty & Personal Care,16641.81,4847.62,20
3509,2025-08-01,105,Grocery & FMCG,17882.33,5361.17,20
3510,2025-08-01,105,Sports & Lifestyle,11573.56,2165.96,20
3511,2025-08-01,106,Electronics,38295.76,9377.92,20
3512,2025-08-01,106,Home & Kitchen,44492.9,12117.13,27
3513,2025-08-01,106,Fashion,46089.81,13649.72,21
3514,2025-08-01,106,Beauty & Personal Care,42641.54,11618.75,20
3515,2025-08-01,106,Grocery & FMCG,38296.21,9327.91,33
3516,2025-08-01,106,Sports & Lifestyle,22545.45,6731.16,21
3517,2025-08-01,107,Electronics,67217.32,18166.57,47
3518,2025-08-01,107,Home & Kitchen,49037.81,7381.48,22
3519,2025-08-01,107,Fashion,66194.96,19054.3,37
3520,2025-08-01,107,Beauty & Personal Care,48340.55,12027.88,53
3521,2025-08-01,107,Grocery & FMCG,43006.16,7537.39,42
3522,2025-08-01,107,Sports & Lifestyle,32525.48,8637.15,35
3523,2025-08-01,108,Electronics,28479.49,5270.41,20
3524,2025-08-01,108,Home & Kitchen,26896.12,7749.64,20
3525,2025-08-01,108,Fashion,33511.36,5324.1,23
3526,2025-08-01,108,Beauty & Personal Care,28586.59,5293.8,28
3527,2025-08-01,108,Grocery & FMCG,29216.68,5452.86,20
3528,2025-08-01,108,Sports & Lifestyle,15948.4,3983.55,20
3529,2025-08-01,109,Electronics,37508.49,10342.9,20
3530,2025-08-01,109,Home & Kitchen,42109.74,8436.04,49
3531,2025-08-01,109,Fashion,40977.95,10688.66,33
3532,2025-08-01,109,Beauty & Personal Care,39223.83,6711.83,20
3533,2025-08-01,109,Grocery & FMCG,30046.58,5312.52,20
3534,2025-08-01,109,Sports & Lifestyle,23662.72,3720.56,20
3535,2025-08-01,110,Electronics,65243.61,10305.08,28
3536,2025-08-01,110,Home & Kitchen,55358.36,12317.75,52
3537,2025-08-01,110,Fashion,64871.76,18647.06,32
3538,2025-08-01,110,Beauty & Personal Care,49718.06,7475.74,48
3539,2025-08-01,110,Grocery & FMCG,55203.78,11203.77,61
3540,2025-08-01,110,Sports & Lifestyle,31526.04,4877.91,23
3541,2025-08-01,111,Electronics,62683.05,14084.18,27
3542,2025-08-01,111,Home & Kitchen,63364.0,16046.99,28
3543,2025-08-01,111,Fashion,70728.19,16437.75,40
3544,2025-08-01,111,Beauty & Personal Care,47598.15,7509.97,20
3545,2025-08-01,111,Grocery & FMCG,50824.57,14880.48,21
3546,2025-08-01,111,Sports & Lifestyle,34030.83,9899.66,26
3547,2025-08-01,112,Electronics,66907.27,12970.83,50
3548,2025-08-01,112,Home & Kitchen,62754.36,12440.93,41
3549,2025-08-01,112,Fashion,63669.84,9264.52,28
3550,2025-08-01,112,Beauty & Personal Care,50122.37,8119.86,59
3551,2025-08-01,112,Grocery & FMCG,49433.14,14336.78,30
3552,2025-08-01,112,Sports & Lifestyle,27111.36,5685.59,24
3553,2025-08-01,113,Electronics,65236.5,18243.1,33
3554,2025-08-01,113,Home & Kitchen,67714.83,11173.6,61
3555,2025-08-01,113,Fashion,62820.03,12288.87,54
3556,2025-08-01,113,Beauty & Personal Care,58868.96,9996.31,27
3557,2025-08-01,113,Grocery & FMCG,70030.34,12012.12,36
3558,2025-08-01,113,Sports & Lifestyle,26050.08,3959.98,28
3559,2025-08-01,114,Electronics,58647.42,9090.13,27
3560,2025-08-01,114,Home & Kitchen,59301.71,10161.92,49
3561,2025-08-01,114,Fashion,66228.33,13978.75,36
3562,2025-08-01,114,Beauty & Personal Care,45943.78,9949.02,55
3563,2025-08-01,114,Grocery & FMCG,59316.18,10204.55,26
3564,2025-08-01,114,Sports & Lifestyle,37914.15,7271.17,20
3565,2025-08-01,115,Electronics,34000.83,5652.58,20
3566,2025-08-01,115,Home & Kitchen,28048.62,4437.47,20
3567,2025-08-01,115,Fashion,34482.68,9451.9,38
3568,2025-08-01,115,Beauty & Personal Care,24037.66,4987.15,20
3569,2025-08-01,115,Grocery & FMCG,28163.04,6253.05,20
3570,2025-08-01,115,Sports & Lifestyle,14928.62,3324.77,20
3571,2025-08-01,116,Electronics,54253.94,15780.97,28
3572,2025-08-01,116,Home & Kitchen,64445.9,17473.96,60
3573,2025-08-01,116,Fashion,65872.54,14678.89,30
3574,2025-08-01,116,Beauty & Personal Care,54959.89,12402.9,29
3575,2025-08-01,116,Grocery & FMCG,54063.03,8554.85,22
3576,2025-08-01,116,Sports & Lifestyle,35579.53,8144.28,20
3577,2025-08-01,117,Electronics,72616.86,19536.91,44
3578,2025-08-01,117,Home & Kitchen,62029.57,15172.35,47
3579,2025-08-01,117,Fashion,76970.21,15959.07,76
3580,2025-08-01,117,Beauty & Personal Care,60961.45,17877.08,37
3581,2025-08-01,117,Grocery & FMCG,45353.84,10827.55,26
3582,2025-08-01,117,Sports & Lifestyle,35436.11,7552.56,20
3583,2025-08-01,118,Electronics,25351.78,4034.51,20
3584,2025-08-01,118,Home & Kitchen,22101.6,3675.42,23
3585,2025-08-01,118,Fashion,26349.87,6636.61,20
3586,2025-08-01,118,Beauty & Personal Care,20408.03,4403.17,24
3587,2025-08-01,118,Grocery & FMCG,24689.26,3895.05,20
3588,2025-08-01,118,Sports & Lifestyle,13171.42,3313.74,20
3589,2025-08-01,119,Electronics,46772.83,12732.12,37
3590,2025-08-01,119,Home & Kitchen,42163.89,8614.03,38
3591,2025-08-01,119,Fashion,49851.2,13150.43,24
3592,2025-08-01,119,Beauty & Personal Care,33262.22,7478.99,20
3593,2025-08-01,119,Grocery & FMCG,38219.94,8857.91,32
3594,2025-08-01,119,Sports & Lifestyle,17327.38,3584.32,20
3595,2025-08-01,120,Electronics,32640.71,7876.82,20
3596,2025-08-01,120,Home & Kitchen,34374.37,6599.53,23
3597,2025-08-01,120,Fashion,24584.83,4865.41,20
3598,2025-08-01,120,Beauty & Personal Care,28062.15,6234.86,20
3599,2025-08-01,120,Grocery & FMCG,26061.1,5455.2,20
3600,2025-08-01,120,Sports & Lifestyle,14869.88,3171.42,20
3601,2025-09-01,1,Electronics,60181.94,12627.26,62
3602,2025-09-01,1,Home & Kitchen,63389.07,11702.16,32
3603,2025-09-01,1,Fashion,72498.59,20600.38,36
3604,2025-09-01,1,Beauty & Personal Care,58488.13,15177.07,26
3605,2025-09-01,1,Grocery & FMCG,61347.8,10509.58,68
3606,2025-09-01,1,Sports & Lifestyle,34027.23,10161.34,20
3607,2025-09-01,2,Electronics,55737.24,13279.75,24
3608,2025-09-01,2,Home & Kitchen,49975.62,8087.51,36
3609,2025-09-01,2,Fashion,48991.84,7601.68,20
3610,2025-09-01,2,Beauty & Personal Care,44803.08,10149.24,27
3611,2025-09-01,2,Grocery & FMCG,43441.16,10033.48,28
3612,2025-09-01,2,Sports & Lifestyle,22557.51,6626.0,26
3613,2025-09-01,3,Electronics,63018.21,14131.08,30
3614,2025-09-01,3,Home & Kitchen,56368.27,11422.74,24
3615,2025-09-01,3,Fashion,69471.23,14123.22,37
3616,2025-09-01,3,Beauty & Personal Care,54962.68,10825.91,25
3617,2025-09-01,3,Grocery & FMCG,48832.6,8137.86,20
3618,2025-09-01,3,Sports & Lifestyle,29834.65,4634.82,20
3619,2025-09-01,4,Electronics,48697.39,11197.6,45
3620,2025-09-01,4,Home & Kitchen,58763.43,10266.01,65
3621,2025-09-01,4,Fashion,48595.6,11086.79,38
3622,2025-09-01,4,Beauty & Personal Care,45037.44,7256.48,31
3623,2025-09-01,4,Grocery & FMCG,47982.24,6897.18,27
3624,2025-09-01,4,Sports & Lifestyle,29910.38,5984.64,34
3625,2025-09-01,5,Electronics,46573.32,11820.48,30
3626,2025-09-01,5,Home & Kitchen,48393.22,9548.13,45
3627,2025-09-01,5,Fashion,55732.07,14453.96,32
3628,2025-09-01,5,Beauty & Personal Care,46020.4,8166.16,25
3629,2025-09-01,5,Grocery & FMCG,44387.92,11908.86,23
3630,2025-09-01,5,Sports & Lifestyle,31692.61,4938.73,20
3631,2025-09-01,6,Electronics,30826.42,7753.46,34
3632,2025-09-01,6,Home & Kitchen,28573.28,5392.72,25
3633,2025-09-01,6,Fashion,34935.03,5357.97,42
3634,2025-09-01,6,Beauty & Personal Care,23906.8,4540.5,20
3635,2025-09-01,6,Grocery & FMCG,31692.28,9276.34,21
3636,2025-09-01,6,Sports & Lifestyle,15968.32,4255.96,20
3637,2025-09-01,7,Electronics,39789.72,9245.63,21
3638,2025-09-01,7,Home & Kitchen,42007.78,9363.04,24
3639,2025-09-01,7,Fashion,39159.94,7805.72,37
3640,2025-09-01,7,Beauty & Personal Care,34200.57,8614.47,26
3641,2025-09-01,7,Grocery & FMCG,32798.32,5183.22,21
3642,2025-09-01,7,Sports & Lifestyle,22097.97,3397.21,20
3643,2025-09-01,8,Electronics,52738.86,10861.47,31
3644,2025-09-01,8,Home & Kitchen,46925.07,9117.42,22
3645,2025-09-01,8,Fashion,60946.79,16403.18,26
3646,2025-09-01,8,Beauty & Personal Care,49703.0,8414.88,55
3647,2025-09-01,8,Grocery & FMCG,54116.84,8877.95,25
3648,2025-09-01,8,Sports & Lifestyle,27677.17,6407.29,24
3649,2025-09-01,9,Electronics,68888.0,18652.53,29
3650,2025-09-01,9,Home & Kitchen,55458.18,9620.08,33
3651,2025-09-01,9,Fashion,61305.59,15571.65,38
3652,2025-09-01,9,Beauty & Personal Care,59973.7,11004.0,32
3653,2025-09-01,9,Grocery & FMCG,53317.71,11260.05,26
3654,2025-09-01,9,Sports & Lifestyle,33511.58,8981.51,20
3655,2025-09-01,10,Electronics,59804.0,11304.9,49
3656,2025-09-01,10,Home & Kitchen,48273.31,10101.45,28
3657,2025-09-01,10,Fashion,51730.64,14251.59,30
3658,2025-09-01,10,Beauty & Personal Care,48829.18,9216.66,24
3659,2025-09-01,10,Grocery & FMCG,56891.2,10557.31,28
3660,2025-09-01,10,Sports & Lifestyle,31745.35,6337.7,20
3661,2025-09-01,11,Electronics,42489.0,11140.42,21
3662,2025-09-01,11,Home & Kitchen,44370.59,6387.42,29
3663,2025-09-01,11,Fashion,43585.71,7754.25,20
3664,2025-09-01,11,Beauty & Personal Care,38553.96,10582.39,20
3665,2025-09-01,11,Grocery & FMCG,48003.48,7870.25,21
3666,2025-09-01,11,Sports & Lifestyle,24136.97,3496.81,20
3667,2025-09-01,12,Electronics,47319.98,12545.71,49
3668,2025-09-01,12,Home & Kitchen,48709.71,8783.4,22
3669,2025-09-01,12,Fashion,59779.54,10877.55,53
3670,2025-09-01,12,Beauty & Personal Care,39882.44,5771.21,20
3671,2025-09-01,12,Grocery & FMCG,42278.85,6630.07,47
3672,2025-09-01,12,Sports & Lifestyle,27790.66,8053.93,20
3673,2025-09-01,13,Electronics,43296.75,9987.54,35
3674,2025-09-01,13,Home & Kitchen,37730.49,10217.78,43
3675,2025-09-01,13,Fashion,45387.73,11604.49,22
3676,2025-09-01,13,Beauty & Personal Care,36860.11,7328.98,20
3677,2025-09-01,13,Grocery & FMCG,37271.63,6646.27,26
3678,2025-09-01,13,Sports & Lifestyle,22678.18,5890.55,20
3679,2025-09-01,14,Electronics,64162.42,9070.49,30
3680,2025-09-01,14,Home & Kitchen,52226.4,7410.66,51
3681,2025-09-01,14,Fashion,82119.2,22370.24,34
3682,2025-09-01,14,Beauty & Personal Care,56269.16,10902.87,29
3683,2025-09-01,14,Grocery & FMCG,58008.05,12484.77,27
3684,2025-09-01,14,Sports & Lifestyle,28744.32,8114.55,20
3685,2025-09-01,15,Electronics,58903.06,11917.33,29
3686,2025-09-01,15,Home & Kitchen,50486.06,9582.3,26
3687,2025-09-01,15,Fashion,47568.65,11757.82,20
3688,2025-09-01,15,Beauty & Personal Care,45467.46,12797.99,35
3689,2025-09-01,15,Grocery & FMCG,48474.28,7133.7,59
3690,2025-09-01,15,Sports & Lifestyle,31699.89,8455.45,20
3691,2025-09-01,16,Electronics,66067.76,13054.59,45
3692,2025-09-01,16,Home & Kitchen,65184.12,16922.23,80
3693,2025-09-01,16,Fashion,69134.95,15427.97,41
3694,2025-09-01,16,Beauty & Personal Care,45833.88,13532.3,24
3695,2025-09-01,16,Grocery & FMCG,54700.22,10893.64,44
3696,2025-09-01,16,Sports & Lifestyle,26700.94,6438.68,20
3697,2025-09-01,17,Electronics,71207.47,14732.41,39
3698,2025-09-01,17,Home & Kitchen,57700.6,14224.38,52
3699,2025-09-01,17,Fashion,59224.26,11843.63,31
3700,2025-09-01,17,Beauty & Personal Care,47357.44,7721.0,25
3701,2025-09-01,17,Grocery & FMCG,48647.96,8755.89,24
3702,2025-09-01,17,Sports & Lifestyle,26785.14,7016.82,20
3703,2025-09-01,18,Electronics,22598.61,5896.65,28
3704,2025-09-01,18,Home & Kitchen,23939.01,3577.62,20
3705,2025-09-01,18,Fashion,29879.77,5586.85,20
3706,2025-09-01,18,Beauty & Personal Care,25412.5,6127.16,22
3707,2025-09-01,18,Grocery & FMCG,26858.88,7166.86,25
3708,2025-09-01,18,Sports & Lifestyle,12532.8,2557.72,20
3709,2025-09-01,19,Electronics,34246.88,5491.09,20
3710,2025-09-01,19,Home & Kitchen,38081.38,8781.06,27
3711,2025-09-01,19,Fashion,40129.27,7034.48,28
3712,2025-09-01,19,Beauty & Personal Care,40227.27,6736.88,22
3713,2025-09-01,19,Grocery & FMCG,35021.26,9310.98,20
3714,2025-09-01,19,Sports & Lifestyle,19988.62,5124.59,20
3715,2025-09-01,20,Electronics,48043.82,11761.07,28
3716,2025-09-01,20,Home & Kitchen,37848.9,11163.83,27
3717,2025-09-01,20,Fashion,38826.27,6992.04,32
3718,2025-09-01,20,Beauty & Personal Care,36904.28,9273.2,29
3719,2025-09-01,20,Grocery & FMCG,36058.24,5101.89,25
3720,2025-09-01,20,Sports & Lifestyle,22850.31,6004.47,26
3721,2025-09-01,21,Electronics,60800.21,11550.94,65
3722,2025-09-01,21,Home & Kitchen,67498.43,16071.22,31
3723,2025-09-01,21,Fashion,65575.45,19255.51,31
3724,2025-09-01,21,Beauty & Personal Care,51347.02,13211.86,51
3725,2025-09-01,21,Grocery & FMCG,65603.53,12434.17,60
3726,2025-09-01,21,Sports & Lifestyle,36948.15,10173.31,39
3727,2025-09-01,22,Electronics,65404.47,11030.05,28
3728,2025-09-01,22,Home & Kitchen,62595.47,15179.76,28
3729,2025-09-01,22,Fashion,67830.15,17602.62,64
3730,2025-09-01,22,Beauty & Personal Care,59970.94,11392.78,54
3731,2025-09-01,22,Grocery & FMCG,66954.93,10561.5,31
3732,2025-09-01,22,Sports & Lifestyle,32824.83,4902.08,20
3733,2025-09-01,23,Electronics,39063.65,10628.33,28
3734,2025-09-01,23,Home & Kitchen,58955.27,13867.79,25
3735,2025-09-01,23,Fashion,57446.99,16107.53,34
3736,2025-09-01,23,Beauty & Personal Care,45211.96,7158.14,54
3737,2025-09-01,23,Grocery & FMCG,49033.57,8160.13,49
3738,2025-09-01,23,Sports & Lifestyle,27641.75,5429.6,20
3739,2025-09-01,24,Electronics,56778.81,9981.67,39
3740,2025-09-01,24,Home & Kitchen,61589.62,18012.74,27
3741,2025-09-01,24,Fashion,50425.1,11729.47,60
3742,2025-09-01,24,Beauty & Personal Care,46548.28,8395.08,27
3743,2025-09-01,24,Grocery & FMCG,51409.78,10923.15,49
3744,2025-09-01,24,Sports & Lifestyle,26763.29,7330.08,20
3745,2025-09-01,25,Electronics,60466.12,18013.52,26
3746,2025-09-01,25,Home & Kitchen,56226.39,11216.67,33
3747,2025-09-01,25,Fashion,79365.08,19868.31,47
3748,2025-09-01,25,Beauty & Personal Care,55841.59,13784.42,25
3749,2025-09-01,25,Grocery & FMCG,49968.14,8963.62,21
3750,2025-09-01,25,Sports & Lifestyle,32581.91,8438.12,35
3751,2025-09-01,26,Electronics,36446.04,9324.72,20
3752,2025-09-01,26,Home & Kitchen,37984.12,10243.79,29
3753,2025-09-01,26,Fashion,46140.75,12364.65,26
3754,2025-09-01,26,Beauty & Personal Care,37785.72,10824.23,22
3755,2025-09-01,26,Grocery & FMCG,34908.7,9585.44,21
3756,2025-09-01,26,Sports & Lifestyle,24329.83,5864.5,20
3757,2025-09-01,27,Electronics,59468.2,13633.65,36
3758,2025-09-01,27,Home & Kitchen,50399.69,12003.83,51
3759,2025-09-01,27,Fashion,49476.56,9653.93,22
3760,2025-09-01,27,Beauty & Personal Care,45201.19,7645.55,40
3761,2025-09-01,27,Grocery & FMCG,46083.61,12212.32,21
3762,2025-09-01,27,Sports & Lifestyle,32610.9,7566.94,20
3763,2025-09-01,28,Electronics,64399.73,19259.07,28
3764,2025-09-01,28,Home & Kitchen,55766.72,15378.76,26
3765,2025-09-01,28,Fashion,58649.95,9811.84,67
3766,2025-09-01,28,Beauty & Personal Care,47177.03,7480.29,22
3767,2025-09-01,28,Grocery & FMCG,52462.6,10748.77,30
3768,2025-09-01,28,Sports & Lifestyle,36293.78,9687.1,20
3769,2025-09-01,29,Electronics,85990.7,24995.81,48
3770,2025-09-01,29,Home & Kitchen,76611.54,19283.0,35
3771,2025-09-01,29,Fashion,80148.93,21955.8,68
3772,2025-09-01,29,Beauty & Personal Care,62430.27,17368.4,54
3773,2025-09-01,29,Grocery & FMCG,58022.18,8782.2,65
3774,2025-09-01,29,Sports & Lifestyle,34959.46,6821.48,21
3775,2025-09-01,30,Electronics,58676.86,8466.76,56
3776,2025-09-01,30,Home & Kitchen,57956.96,13459.78,64
3777,2025-09-01,30,Fashion,75135.53,15519.93,46
3778,2025-09-01,30,Beauty & Personal Care,52961.77,15026.76,22
3779,2025-09-01,30,Grocery & FMCG,47341.39,8665.92,53
3780,2025-09-01,30,Sports & Lifestyle,31060.89,7672.94,20
3781,2025-09-01,31,Electronics,30664.82,5227.01,20
3782,2025-09-01,31,Home & Kitchen,26173.47,5379.62,20
3783,2025-09-01,31,Fashion,37396.75,9698.09,20
3784,2025-09-01,31,Beauty & Personal Care,34108.35,8344.93,20
3785,2025-09-01,31,Grocery & FMCG,26767.73,3878.97,22
3786,2025-09-01,31,Sports & Lifestyle,19790.69,5652.07,20
3787,2025-09-01,32,Electronics,38612.86,9289.51,20
3788,2025-09-01,32,Home & Kitchen,43873.66,9157.39,30
3789,2025-09-01,32,Fashion,41553.29,7269.81,20
3790,2025-09-01,32,Beauty & Personal Care,35525.69,7653.13,20
3791,2025-09-01,32,Grocery & FMCG,34535.45,9730.82,20
3792,2025-09-01,32,Sports & Lifestyle,23174.81,5094.72,20
3793,2025-09-01,33,Electronics,55857.27,14143.08,46
3794,2025-09-01,33,Home & Kitchen,48855.87,11775.1,30
3795,2025-09-01,33,Fashion,64784.5,12433.23,38
3796,2025-09-01,33,Beauty & Personal Care,48850.73,12325.86,47
3797,2025-09-01,33,Grocery & FMCG,57632.51,12304.97,29
3798,2025-09-01,33,Sports & Lifestyle,31993.0,9589.05,20
3799,2025-09-01,34,Electronics,38081.85,8298.18,43
3800,2025-09-01,34,Home & Kitchen,33009.05,9480.06,20
3801,2025-09-01,34,Fashion,31192.29,5162.84,20
3802,2025-09-01,34,Beauty & Personal Care,21524.49,4973.02,20
3803,2025-09-01,34,Grocery & FMCG,26695.45,5985.69,20
3804,2025-09-01,34,Sports & Lifestyle,18067.87,5388.32,20
3805,2025-09-01,35,Electronics,55970.97,10903.81,30
3806,2025-09-01,35,Home & Kitchen,60440.01,9910.09,32
3807,2025-09-01,35,Fashion,52554.69,8360.12,36
3808,2025-09-01,35,Beauty & Personal Care,48864.76,12371.07,59
3809,2025-09-01,35,Grocery & FMCG,56095.41,16391.59,55
3810,2025-09-01,35,Sports & Lifestyle,29798.92,7830.78,22
3811,2025-09-01,36,Electronics,33225.73,5406.34,20
3812,2025-09-01,36,Home & Kitchen,32492.2,9079.83,23
3813,2025-09-01,36,Fashion,35764.2,8774.23,20
3814,2025-09-01,36,Beauty & Personal Care,31870.82,8739.15,37
3815,2025-09-01,36,Grocery & FMCG,32580.66,8116.65,20
3816,2025-09-01,36,Sports & Lifestyle,16956.47,2487.69,20
3817,2025-09-01,37,Electronics,60527.24,17071.42,28
3818,2025-09-01,37,Home & Kitchen,53071.83,14476.85,26
3819,2025-09-01,37,Fashion,62286.76,16545.93,35
3820,2025-09-01,37,Beauty & Personal Care,47137.58,7464.89,40
3821,2025-09-01,37,Grocery & FMCG,50299.05,8884.88,32
3822,2025-09-01,37,Sports & Lifestyle,26989.52,7180.08,21
3823,2025-09-01,38,Electronics,67631.31,19395.99,42
3824,2025-09-01,38,Home & Kitchen,67560.27,13876.44,69
3825,2025-09-01,38,Fashion,64939.83,18715.38,55
3826,2025-09-01,38,Beauty & Personal Care,44823.59,11343.97,41
3827,2025-09-01,38,Grocery & FMCG,56273.83,16516.54,30
3828,2025-09-01,38,Sports & Lifestyle,32457.72,8993.1,30
3829,2025-09-01,39,Electronics,71505.31,17711.16,82
3830,2025-09-01,39,Home & Kitchen,70448.66,21007.92,34
3831,2025-09-01,39,Fashion,67562.23,20128.87,81
3832,2025-09-01,39,Beauty & Personal Care,55152.07,10344.0,27
3833,2025-09-01,39,Grocery & FMCG,65621.45,16278.76,67
3834,2025-09-01,39,Sports & Lifestyle,34104.0,6027.59,30
3835,2025-09-01,40,Electronics,53542.56,7497.46,59
3836,2025-09-01,40,Home & Kitchen,54078.51,10698.35,36
3837,2025-09-01,40,Fashion,58446.58,9357.17,29
3838,2025-09-01,40,Beauty & Personal Care,44282.55,8743.25,51
3839,2025-09-01,40,Grocery & FMCG,45410.29,10289.2,20
3840,2025-09-01,40,Sports & Lifestyle,28937.92,8575.7,28
3841,2025-09-01,41,Electronics,32907.25,9023.73,22
3842,2025-09-01,41,Home & Kitchen,32689.49,5798.76,20
3843,2025-09-01,41,Fashion,39575.88,6037.41,20
3844,2025-09-01,41,Beauty & Personal Care,25481.76,7543.9,20
3845,2025-09-01,41,Grocery & FMCG,32551.47,9559.37,36
3846,2025-09-01,41,Sports & Lifestyle,18677.36,4592.93,20
3847,2025-09-01,42,Electronics,57181.19,14778.42,44
3848,2025-09-01,42,Home & Kitchen,55834.68,15200.43,23
3849,2025-09-01,42,Fashion,68233.13,19183.98,50
3850,2025-09-01,42,Beauty & Personal Care,51301.88,14212.83,32
3851,2025-09-01,42,Grocery & FMCG,51594.89,9742.13,41
3852,2025-09-01,42,Sports & Lifestyle,31114.71,8929.06,20
3853,2025-09-01,43,Electronics,61850.15,18400.28,39
3854,2025-09-01,43,Home & Kitchen,47508.25,12307.22,34
3855,2025-09-01,43,Fashion,66648.14,17965.71,41
3856,2025-09-01,43,Beauty & Personal Care,45953.04,9995.09,22
3857,2025-09-01,43,Grocery & FMCG,46111.73,13054.03,29
3858,2025-09-01,43,Sports & Lifestyle,30263.4,6698.48,20
3859,2025-09-01,44,Electronics,67890.59,11382.69,80
3860,2025-09-01,44,Home & Kitchen,67737.91,12267.73,30
3861,2025-09-01,44,Fashion,67173.1,18154.56,43
3862,2025-09-01,44,Beauty & Personal Care,64465.49,12476.32,76
3863,2025-09-01,44,Grocery & FMCG,59245.05,16031.58,24
3864,2025-09-01,44,Sports & Lifestyle,35256.65,7533.14,20
3865,2025-09-01,45,Electronics,49190.92,8367.22,58
3866,2025-09-01,45,Home & Kitchen,42908.62,7907.54,42
3867,2025-09-01,45,Fashion,46514.9,12635.24,21
3868,2025-09-01,45,Beauty & Personal Care,35877.05,5556.05,23
3869,2025-09-01,45,Grocery & FMCG,38146.95,7103.25,20
3870,2025-09-01,45,Sports & Lifestyle,22223.79,5416.63,20
3871,2025-09-01,46,Electronics,61176.13,14798.81,52
3872,2025-09-01,46,Home & Kitchen,68410.98,19256.85,62
3873,2025-09-01,46,Fashion,72495.45,21700.87,57
3874,2025-09-01,46,Beauty & Personal Care,63190.22,15106.97,28
3875,2025-09-01,46,Grocery & FMCG,62769.39,9781.67,68
3876,2025-09-01,46,Sports & Lifestyle,37158.31,8445.81,31
3877,2025-09-01,47,Electronics,49028.92,13461.55,32
3878,2025-09-01,47,Home & Kitchen,59223.09,8979.92,29
3879,2025-09-01,47,Fashion,75149.64,21601.74,85
3880,2025-09-01,47,Beauty & Personal Care,52065.43,13686.88,30
3881,2025-09-01,47,Grocery & FMCG,66610.84,19571.15,27
3882,2025-09-01,47,Sports & Lifestyle,32153.42,5059.49,26
3883,2025-09-01,48,Electronics,66252.26,16374.37,57
3884,2025-09-01,48,Home & Kitchen,62507.1,17572.23,32
3885,2025-09-01,48,Fashion,69740.98,16373.57,51
3886,2025-09-01,48,Beauty & Personal Care,63804.35,11699.64,31
3887,2025-09-01,48,Grocery & FMCG,61839.78,13207.81,47
3888,2025-09-01,48,Sports & Lifestyle,39829.95,8836.91,27
3889,2025-09-01,49,Electronics,67615.83,11218.2,27
3890,2025-09-01,49,Home & Kitchen,52485.38,11922.47,21
3891,2025-09-01,49,Fashion,69276.78,12555.04,27
3892,2025-09-01,49,Beauty & Personal Care,53938.0,12118.63,23
3893,2025-09-01,49,Grocery & FMCG,60604.35,12546.3,66
3894,2025-09-01,49,Sports & Lifestyle,37538.87,11230.61,21
3895,2025-09-01,50,Electronics,37746.97,8604.06,23
3896,2025-09-01,50,Home & Kitchen,37820.18,9545.46,20
3897,2025-09-01,50,Fashion,38291.39,7046.47,36
3898,2025-09-01,50,Beauty & Personal Care,33809.16,6680.01,20
3899,2025-09-01,50,Grocery & FMCG,28955.24,8348.15,22
3900,2025-09-01,50,Sports & Lifestyle,21032.72,3272.75,20
3901,2025-09-01,51,Electronics,76856.11,16281.27,31
3902,2025-09-01,51,Home & Kitchen,70531.23,20665.61,50
3903,2025-09-01,51,Fashion,59577.56,15709.95,28
3904,2025-09-01,51,Beauty & Personal Care,63689.71,10810.21,48
3905,2025-09-01,51,Grocery & FMCG,73497.32,11939.08,33
3906,2025-09-01,51,Sports & Lifestyle,38061.97,7702.02,25
3907,2025-09-01,52,Electronics,69031.68,18490.27,61
3908,2025-09-01,52,Home & Kitchen,70253.92,14258.05,56
3909,2025-09-01,52,Fashion,69829.47,13482.89,45
3910,2025-09-01,52,Beauty & Personal Care,59476.63,14643.68,36
3911,2025-09-01,52,Grocery & FMCG,55546.87,11823.91,35
3912,2025-09-01,52,Sports & Lifestyle,39843.11,8763.78,33
3913,2025-09-01,53,Electronics,61436.27,18401.43,24
3914,2025-09-01,53,Home & Kitchen,52969.31,10871.1,41
3915,2025-09-01,53,Fashion,65526.37,12509.75,41
3916,2025-09-01,53,Beauty & Personal Care,57169.27,8863.69,38
3917,2025-09-01,53,Grocery & FMCG,56001.38,13526.68,37
3918,2025-09-01,53,Sports & Lifestyle,25145.63,5080.25,20
3919,2025-09-01,54,Electronics,32957.02,8740.19,22
3920,2025-09-01,54,Home & Kitchen,28614.8,4896.7,20
3921,2025-09-01,54,Fashion,26279.22,7413.07,20
3922,2025-09-01,54,Beauty & Personal Care,24261.93,6430.48,20
3923,2025-09-01,54,Grocery & FMCG,24435.96,6954.55,20
3924,2025-09-01,54,Sports & Lifestyle,14114.47,2652.38,20
3925,2025-09-01,55,Electronics,72767.24,12384.27,35
3926,2025-09-01,55,Home & Kitchen,55891.94,12367.22,41
3927,2025-09-01,55,Fashion,70039.19,10709.65,40
3928,2025-09-01,55,Beauty & Personal Care,58673.14,16799.52,25
3929,2025-09-01,55,Grocery & FMCG,44852.44,7089.67,30
3930,2025-09-01,55,Sports & Lifestyle,34611.94,8579.46,20
3931,2025-09-01,56,Electronics,39409.76,6301.93,28
3932,2025-09-01,56,Home & Kitchen,37358.88,7805.53,20
3933,2025-09-01,56,Fashion,39812.37,5719.45,20
3934,2025-09-01,56,Beauty & Personal Care,36723.17,6820.16,42
3935,2025-09-01,56,Grocery & FMCG,38431.61,11472.24,20
3936,2025-09-01,56,Sports & Lifestyle,17612.11,4914.2,20
3937,2025-09-01,57,Electronics,62074.28,16363.09,30
3938,2025-09-01,57,Home & Kitchen,52673.33,10154.4,21
3939,2025-09-01,57,Fashion,55218.69,12996.64,51
3940,2025-09-01,57,Beauty & Personal Care,41742.19,11068.59,21
3941,2025-09-01,57,Grocery & FMCG,46921.23,12343.68,20
3942,2025-09-01,57,Sports & Lifestyle,27579.49,6224.86,21
3943,2025-09-01,58,Electronics,42706.77,9952.44,25
3944,2025-09-01,58,Home & Kitchen,37800.98,6846.49,20
3945,2025-09-01,58,Fashion,41281.74,6715.26,26
3946,2025-09-01,58,Beauty & Personal Care,43896.04,9516.49,38
3947,2025-09-01,58,Grocery & FMCG,40054.57,10879.28,23
3948,2025-09-01,58,Sports & Lifestyle,19908.62,5027.95,20
3949,2025-09-01,59,Electronics,57496.71,9840.26,26
3950,2025-09-01,59,Home & Kitchen,52192.19,9872.94,28
3951,2025-09-01,59,Fashion,57073.2,10412.98,25
3952,2025-09-01,59,Beauty & Personal Care,44025.64,10753.6,44
3953,2025-09-01,59,Grocery & FMCG,49220.74,11442.7,30
3954,2025-09-01,59,Sports & Lifestyle,24129.19,3732.56,22
3955,2025-09-01,60,Electronics,50113.9,9720.72,43
3956,2025-09-01,60,Home & Kitchen,44145.64,9130.59,21
3957,2025-09-01,60,Fashion,46897.13,9165.09,21
3958,2025-09-01,60,Beauty & Personal Care,37386.85,9596.3,42
3959,2025-09-01,60,Grocery & FMCG,45313.24,11131.3,22
3960,2025-09-01,60,Sports & Lifestyle,25432.52,6274.65,20
3961,2025-09-01,61,Electronics,53622.86,9158.63,31
3962,2025-09-01,61,Home & Kitchen,59974.45,8475.87,43
3963,2025-09-01,61,Fashion,61634.2,13916.28,31
3964,2025-09-01,61,Beauty & Personal Care,46991.93,8731.25,43
3965,2025-09-01,61,Grocery & FMCG,55012.74,10779.89,45
3966,2025-09-01,61,Sports & Lifestyle,26213.39,4850.48,20
3967,2025-09-01,62,Electronics,75605.15,18363.24,48
3968,2025-09-01,62,Home & Kitchen,70027.21,14255.81,45
3969,2025-09-01,62,Fashion,58061.52,10253.08,25
3970,2025-09-01,62,Beauty & Personal Care,46374.72,10803.06,21
3971,2025-09-01,62,Grocery & FMCG,62416.74,13517.96,74
3972,2025-09-01,62,Sports & Lifestyle,29566.21,5092.46,20
3973,2025-09-01,63,Electronics,53250.93,13050.7,42
3974,2025-09-01,63,Home & Kitchen,57712.01,11181.58,25
3975,2025-09-01,63,Fashion,71076.28,12003.22,30
3976,2025-09-01,63,Beauty & Personal Care,56352.63,10748.03,40
3977,2025-09-01,63,Grocery & FMCG,62193.5,10755.73,25
3978,2025-09-01,63,Sports & Lifestyle,33497.99,9551.01,25
3979,2025-09-01,64,Electronics,49821.32,11640.04,26
3980,2025-09-01,64,Home & Kitchen,33352.76,9014.52,31
3981,2025-09-01,64,Fashion,38046.79,8596.63,40
3982,2025-09-01,64,Beauty & Personal Care,37049.65,11089.98,43
3983,2025-09-01,64,Grocery & FMCG,47373.97,9279.99,53
3984,2025-09-01,64,Sports & Lifestyle,26290.9,4283.11,20
3985,2025-09-01,65,Electronics,59357.1,15783.1,63
3986,2025-09-01,65,Home & Kitchen,64544.1,11367.51,74
3987,2025-09-01,65,Fashion,59433.71,11139.73,53
3988,2025-09-01,65,Beauty & Personal Care,48669.0,9392.67,50
3989,2025-09-01,65,Grocery & FMCG,54754.28,15447.82,26
3990,2025-09-01,65,Sports & Lifestyle,32997.09,7146.31,20
3991,2025-09-01,66,Electronics,53088.48,9725.32,37
3992,2025-09-01,66,Home & Kitchen,65647.56,14411.09,27
3993,2025-09-01,66,Fashion,60242.74,14021.9,58
3994,2025-09-01,66,Beauty & Personal Care,43891.61,11801.89,20
3995,2025-09-01,66,Grocery & FMCG,56207.6,13490.05,35
3996,2025-09-01,66,Sports & Lifestyle,22093.53,6017.08,20
3997,2025-09-01,67,Electronics,54735.78,14349.86,31
3998,2025-09-01,67,Home & Kitchen,49577.49,11636.75,45
3999,2025-09-01,67,Fashion,54703.56,12017.85,22
4000,2025-09-01,67,Beauty & Personal Care,48538.94,6925.16,31
4001,2025-09-01,67,Grocery & FMCG,49315.45,14300.56,23
4002,2025-09-01,67,Sports & Lifestyle,36385.62,9680.34,31
4003,2025-09-01,68,Electronics,28932.32,7260.86,20
4004,2025-09-01,68,Home & Kitchen,28273.6,6940.6,20
4005,2025-09-01,68,Fashion,39325.33,5883.4,20
4006,2025-09-01,68,Beauty & Personal Care,33654.31,7058.05,24
4007,2025-09-01,68,Grocery & FMCG,33216.99,8734.34,22
4008,2025-09-01,68,Sports & Lifestyle,16732.13,2517.38,20
4009,2025-09-01,69,Electronics,51779.12,14429.53,24
4010,2025-09-01,69,Home & Kitchen,33913.65,6676.66,20
4011,2025-09-01,69,Fashion,49207.36,9080.53,40
4012,2025-09-01,69,Beauty & Personal Care,35089.23,5163.11,30
4013,2025-09-01,69,Grocery & FMCG,44837.63,11943.78,20
4014,2025-09-01,69,Sports & Lifestyle,28843.62,8068.01,20
4015,2025-09-01,70,Electronics,48742.56,8069.69,37
4016,2025-09-01,70,Home & Kitchen,43720.27,7145.47,33
4017,2025-09-01,70,Fashion,63520.24,11218.33,29
4018,2025-09-01,70,Beauty & Personal Care,45252.54,8969.57,20
4019,2025-09-01,70,Grocery & FMCG,44930.72,8082.7,24
4020,2025-09-01,70,Sports & Lifestyle,31134.14,6614.68,20
4021,2025-09-01,71,Electronics,46795.22,6815.52,20
4022,2025-09-01,71,Home & Kitchen,44753.95,7564.51,22
4023,2025-09-01,71,Fashion,42781.97,11390.89,34
4024,2025-09-01,71,Beauty & Personal Care,37681.87,9749.34,31
4025,2025-09-01,71,Grocery & FMCG,37668.36,10226.54,26
4026,2025-09-01,71,Sports & Lifestyle,20742.47,3012.12,20
4027,2025-09-01,72,Electronics,54467.97,13140.68,30
4028,2025-09-01,72,Home & Kitchen,58989.63,14006.06,33
4029,2025-09-01,72,Fashion,54645.96,10224.84,27
4030,2025-09-01,72,Beauty & Personal Care,53111.23,14730.12,34
4031,2025-09-01,72,Grocery & FMCG,58596.18,10829.06,29
4032,2025-09-01,72,Sports & Lifestyle,35225.98,9464.61,24
4033,2025-09-01,73,Electronics,70649.01,11783.88,67
4034,2025-09-01,73,Home & Kitchen,67694.12,19694.87,42
4035,2025-09-01,73,Fashion,58127.72,16486.27,26
4036,2025-09-01,73,Beauty & Personal Care,55473.91,14407.51,43
4037,2025-09-01,73,Grocery & FMCG,54499.41,13344.75,26
4038,2025-09-01,73,Sports & Lifestyle,33871.21,8559.42,20
4039,2025-09-01,74,Electronics,64633.93,9848.78,27
4040,2025-09-01,74,Home & Kitchen,50047.25,10678.63,28
4041,2025-09-01,74,Fashion,62565.3,16808.5,30
4042,2025-09-01,74,Beauty & Personal Care,45809.22,6692.85,44
4043,2025-09-01,74,Grocery & FMCG,46088.47,7221.98,28
4044,2025-09-01,74,Sports & Lifestyle,32017.19,4791.31,29
4045,2025-09-01,75,Electronics,62467.45,13108.99,34
4046,2025-09-01,75,Home & Kitchen,53377.74,13654.1,21
4047,2025-09-01,75,Fashion,79558.76,14989.61,42
4048,2025-09-01,75,Beauty & Personal Care,46743.67,7629.88,51
4049,2025-09-01,75,Grocery & FMCG,51918.08,14999.42,26
4050,2025-09-01,75,Sports & Lifestyle,37228.04,7906.17,32
4051,2025-09-01,76,Electronics,51413.92,9047.01,63
4052,2025-09-01,76,Home & Kitchen,40292.86,7739.48,20
4053,2025-09-01,76,Fashion,48999.61,12656.63,30
4054,2025-09-01,76,Beauty & Personal Care,37375.54,8260.88,20
4055,2025-09-01,76,Grocery & FMCG,36723.42,8267.88,32
4056,2025-09-01,76,Sports & Lifestyle,23608.04,4376.42,20
4057,2025-09-01,77,Electronics,53100.23,15477.74,54
4058,2025-09-01,77,Home & Kitchen,56491.29,9763.8,23
4059,2025-09-01,77,Fashion,57452.19,13667.21,27
4060,2025-09-01,77,Beauty & Personal Care,41327.37,6032.24,25
4061,2025-09-01,77,Grocery & FMCG,44130.64,8931.83,21
4062,2025-09-01,77,Sports & Lifestyle,25041.29,3923.45,20
4063,2025-09-01,78,Electronics,48735.67,10815.93,27
4064,2025-09-01,78,Home & Kitchen,35401.9,10058.97,20
4065,2025-09-01,78,Fashion,40823.99,8721.17,20
4066,2025-09-01,78,Beauty & Personal Care,33776.13,8905.6,20
4067,2025-09-01,78,Grocery & FMCG,43762.79,10097.86,20
4068,2025-09-01,78,Sports & Lifestyle,21676.15,6087.65,20
4069,2025-09-01,79,Electronics,44760.05,11791.02,20
4070,2025-09-01,79,Home & Kitchen,48085.37,12433.26,37
4071,2025-09-01,79,Fashion,48029.26,11441.56,54
4072,2025-09-01,79,Beauty & Personal Care,43316.92,6280.03,47
4073,2025-09-01,79,Grocery & FMCG,42590.93,6436.51,31
4074,2025-09-01,79,Sports & Lifestyle,19788.41,5520.91,20
4075,2025-09-01,80,Electronics,53441.16,7732.41,21
4076,2025-09-01,80,Home & Kitchen,47125.67,12212.64,44
4077,2025-09-01,80,Fashion,53988.96,7751.66,30
4078,2025-09-01,80,Beauty & Personal Care,42564.51,9446.89,29
4079,2025-09-01,80,Grocery & FMCG,34139.44,5247.27,20
4080,2025-09-01,80,Sports & Lifestyle,27348.81,4819.47,20
4081,2025-09-01,81,Electronics,55195.29,10340.27,45
4082,2025-09-01,81,Home & Kitchen,54982.79,12065.03,42
4083,2025-09-01,81,Fashion,52260.74,15267.39,45
4084,2025-09-01,81,Beauty & Personal Care,49835.94,11761.97,21
4085,2025-09-01,81,Grocery & FMCG,44711.76,12251.02,23
4086,2025-09-01,81,Sports & Lifestyle,27372.04,6076.06,20
4087,2025-09-01,82,Electronics,65564.46,18644.41,60
4088,2025-09-01,82,Home & Kitchen,69096.58,15362.37,54
4089,2025-09-01,82,Fashion,73846.72,15942.51,63
4090,2025-09-01,82,Beauty & Personal Care,56145.14,15071.18,35
4091,2025-09-01,82,Grocery & FMCG,57672.35,13030.1,31
4092,2025-09-01,82,Sports & Lifestyle,35951.18,9890.79,20
4093,2025-09-01,83,Electronics,27874.38,6560.91,20
4094,2025-09-01,83,Home & Kitchen,38936.44,8909.94,21
4095,2025-09-01,83,Fashion,43612.7,9011.67,23
4096,2025-09-01,83,Beauty & Personal Care,29162.69,5448.16,21
4097,2025-09-01,83,Grocery & FMCG,40716.21,6665.71,27
4098,2025-09-01,83,Sports & Lifestyle,25441.21,5873.96,20
4099,2025-09-01,84,Electronics,48516.58,13220.0,32
4100,2025-09-01,84,Home & Kitchen,54178.98,11307.6,24
4101,2025-09-01,84,Fashion,59963.73,15278.21,72
4102,2025-09-01,84,Beauty & Personal Care,46545.03,13099.0,20
4103,2025-09-01,84,Grocery & FMCG,50602.8,12488.92,25
4104,2025-09-01,84,Sports & Lifestyle,32847.8,4955.06,26
4105,2025-09-01,85,Electronics,46647.82,12323.83,26
4106,2025-09-01,85,Home & Kitchen,43928.81,6234.54,25
4107,2025-09-01,85,Fashion,39289.78,11095.1,20
4108,2025-09-01,85,Beauty & Personal Care,42211.91,8629.72,32
4109,2025-09-01,85,Grocery & FMCG,39879.1,7150.02,37
4110,2025-09-01,85,Sports & Lifestyle,20418.59,5168.96,20
4111,2025-09-01,86,Electronics,46497.52,10367.57,33
4112,2025-09-01,86,Home & Kitchen,46698.6,13803.18,25
4113,2025-09-01,86,Fashion,48952.12,9709.3,35
4114,2025-09-01,86,Beauty & Personal Care,42969.62,9014.79,20
4115,2025-09-01,86,Grocery & FMCG,41482.15,10241.17,34
4116,2025-09-01,86,Sports & Lifestyle,27884.17,4471.99,20
4117,2025-09-01,87,Electronics,65630.96,19410.47,73
4118,2025-09-01,87,Home & Kitchen,60887.14,11201.37,30
4119,2025-09-01,87,Fashion,70163.6,9926.15,75
4120,2025-09-01,87,Beauty & Personal Care,52898.4,9586.31,37
4121,2025-09-01,87,Grocery & FMCG,61910.1,13908.91,29
4122,2025-09-01,87,Sports & Lifestyle,39740.17,8603.35,31
4123,2025-09-01,88,Electronics,61692.32,18195.44,28
4124,2025-09-01,88,Home & Kitchen,72607.41,17308.52,81
4125,2025-09-01,88,Fashion,79882.51,11385.55,72
4126,2025-09-01,88,Beauty & Personal Care,61820.31,12890.41,28
4127,2025-09-01,88,Grocery & FMCG,60817.3,10837.35,42
4128,2025-09-01,88,Sports & Lifestyle,35149.97,9281.54,26
4129,2025-09-01,89,Electronics,63322.28,9167.77,39
4130,2025-09-01,89,Home & Kitchen,59164.01,10512.94,66
4131,2025-09-01,89,Fashion,68780.4,15518.22,56
4132,2025-09-01,89,Beauty & Personal Care,49210.3,14375.22,42
4133,2025-09-01,89,Grocery & FMCG,55011.56,11556.68,58
4134,2025-09-01,89,Sports & Lifestyle,34913.29,7849.45,20
4135,2025-09-01,90,Electronics,58739.24,15338.96,32
4136,2025-09-01,90,Home & Kitchen,46459.5,13503.16,22
4137,2025-09-01,90,Fashion,53229.68,7608.57,32
4138,2025-09-01,90,Beauty & Personal Care,45036.18,8381.5,25
4139,2025-09-01,90,Grocery & FMCG,48236.44,10087.82,20
4140,2025-09-01,90,Sports & Lifestyle,26004.02,6719.14,20
4141,2025-09-01,91,Electronics,60812.15,14063.7,66
4142,2025-09-01,91,Home & Kitchen,51915.93,11861.81,28
4143,2025-09-01,91,Fashion,54827.1,12796.31,27
4144,2025-09-01,91,Beauty & Personal Care,61200.54,16749.51,28
4145,2025-09-01,91,Grocery & FMCG,65942.72,9323.48,39
4146,2025-09-01,91,Sports & Lifestyle,31785.53,6812.69,20
4147,2025-09-01,92,Electronics,36630.66,5202.44,22
4148,2025-09-01,92,Home & Kitchen,41537.73,9914.14,33
4149,2025-09-01,92,Fashion,42800.25,6285.46,47
4150,2025-09-01,92,Beauty & Personal Care,34112.09,9591.26,23
4151,2025-09-01,92,Grocery & FMCG,32932.21,5344.89,20
4152,2025-09-01,92,Sports & Lifestyle,22205.79,5409.68,21
4153,2025-09-01,93,Electronics,52614.69,14945.55,48
4154,2025-09-01,93,Home & Kitchen,49410.64,9923.86,43
4155,2025-09-01,93,Fashion,62309.81,16359.88,43
4156,2025-09-01,93,Beauty & Personal Care,51416.78,15351.54,21
4157,2025-09-01,93,Grocery & FMCG,45026.75,8843.91,29
4158,2025-09-01,93,Sports & Lifestyle,27168.52,7689.62,20
4159,2025-09-01,94,Electronics,50121.6,9155.98,24
4160,2025-09-01,94,Home & Kitchen,52626.99,14940.05,24
4161,2025-09-01,94,Fashion,54412.24,10103.99,29
4162,2025-09-01,94,Beauty & Personal Care,46673.79,10659.64,25
4163,2025-09-01,94,Grocery & FMCG,54090.36,15224.18,38
4164,2025-09-01,94,Sports & Lifestyle,27680.12,7673.38,20
4165,2025-09-01,95,Electronics,25986.02,4587.39,20
4166,2025-09-01,95,Home & Kitchen,23890.06,5574.84,20
4167,2025-09-01,95,Fashion,30824.47,8496.8,20
4168,2025-09-01,95,Beauty & Personal Care,24659.36,6905.99,20
4169,2025-09-01,95,Grocery & FMCG,26214.61,6689.62,20
4170,2025-09-01,95,Sports & Lifestyle,15618.54,2293.69,20
4171,2025-09-01,96,Electronics,61232.83,10932.04,30
4172,2025-09-01,96,Home & Kitchen,50905.36,8525.4,35
4173,2025-09-01,96,Fashion,66819.71,17293.76,62
4174,2025-09-01,96,Beauty & Personal Care,49281.17,7112.61,31
4175,2025-09-01,96,Grocery & FMCG,46842.07,14043.44,41
4176,2025-09-01,96,Sports & Lifestyle,37830.48,10915.05,47
4177,2025-09-01,97,Electronics,41069.34,9406.46,20
4178,2025-09-01,97,Home & Kitchen,35463.57,5416.43,20
4179,2025-09-01,97,Fashion,41188.74,8096.76,20
4180,2025-09-01,97,Beauty & Personal Care,31761.83,6621.95,25
4181,2025-09-01,97,Grocery & FMCG,31103.08,5713.16,20
4182,2025-09-01,97,Sports & Lifestyle,19224.64,5398.98,21
4183,2025-09-01,98,Electronics,25444.34,5677.47,20
4184,2025-09-01,98,Home & Kitchen,21061.15,5400.43,20
4185,2025-09-01,98,Fashion,25701.48,3654.58,28
4186,2025-09-01,98,Beauty & Personal Care,22928.31,6384.82,20
4187,2025-09-01,98,Grocery & FMCG,21440.63,5215.2,20
4188,2025-09-01,98,Sports & Lifestyle,13648.08,1992.47,20
4189,2025-09-01,99,Electronics,57868.08,12715.74,27
4190,2025-09-01,99,Home & Kitchen,56889.29,11048.1,32
4191,2025-09-01,99,Fashion,53079.12,10179.81,28
4192,2025-09-01,99,Beauty & Personal Care,40833.98,9659.07,25
4193,2025-09-01,99,Grocery & FMCG,53833.45,12450.26,47
4194,2025-09-01,99,Sports & Lifestyle,30918.98,8735.16,20
4195,2025-09-01,100,Electronics,58304.07,11399.99,42
4196,2025-09-01,100,Home & Kitchen,58392.13,9298.19,34
4197,2025-09-01,100,Fashion,66228.3,14061.06,35
4198,2025-09-01,100,Beauty & Personal Care,54754.54,14987.81,56
4199,2025-09-01,100,Grocery & FMCG,55208.93,15679.11,22
4200,2025-09-01,100,Sports & Lifestyle,27957.87,4432.16,20
4201,2025-09-01,101,Electronics,59344.37,15981.22,27
4202,2025-09-01,101,Home & Kitchen,43092.4,6626.31,21
4203,2025-09-01,101,Fashion,60306.44,9834.32,34
4204,2025-09-01,101,Beauty & Personal Care,45658.46,13580.72,37
4205,2025-09-01,101,Grocery & FMCG,68355.16,16073.29,38
4206,2025-09-01,101,Sports & Lifestyle,34328.76,6088.57,20
4207,2025-09-01,102,Electronics,27041.45,6436.8,32
4208,2025-09-01,102,Home & Kitchen,22460.58,4542.78,20
4209,2025-09-01,102,Fashion,34343.74,9430.24,34
4210,2025-09-01,102,Beauty & Personal Care,20039.03,4682.06,20
4211,2025-09-01,102,Grocery & FMCG,26763.97,7299.01,20
4212,2025-09-01,102,Sports & Lifestyle,12493.55,2684.38,20
4213,2025-09-01,103,Electronics,63830.4,11773.92,33
4214,2025-09-01,103,Home & Kitchen,69330.87,18365.96,37
4215,2025-09-01,103,Fashion,69835.86,17342.77,43
4216,2025-09-01,103,Beauty & Personal Care,59685.72,14566.48,42
4217,2025-09-01,103,Grocery & FMCG,63865.66,9288.18,45
4218,2025-09-01,103,Sports & Lifestyle,30800.12,8917.07,20
4219,2025-09-01,104,Electronics,67336.96,18647.67,71
4220,2025-09-01,104,Home & Kitchen,58139.41,16013.76,33
4221,2025-09-01,104,Fashion,67796.35,16192.19,29
4222,2025-09-01,104,Beauty & Personal Care,50031.87,9615.54,29
4223,2025-09-01,104,Grocery & FMCG,51172.47,12589.33,22
4224,2025-09-01,104,Sports & Lifestyle,35640.01,7948.53,26
4225,2025-09-01,105,Electronics,19810.61,5256.53,20
4226,2025-09-01,105,Home & Kitchen,22145.32,5056.29,20
4227,2025-09-01,105,Fashion,25525.72,4012.87,28
4228,2025-09-01,105,Beauty & Personal Care,16829.71,2607.19,20
4229,2025-09-01,105,Grocery & FMCG,15194.04,3350.12,20
4230,2025-09-01,105,Sports & Lifestyle,10591.2,2211.5,20
4231,2025-09-01,106,Electronics,56782.3,9672.6,26
4232,2025-09-01,106,Home & Kitchen,54897.89,11445.34,32
4233,2025-09-01,106,Fashion,43523.52,9191.75,41
4234,2025-09-01,106,Beauty & Personal Care,39395.86,8060.44,45
4235,2025-09-01,106,Grocery & FMCG,46644.22,11324.34,38
4236,2025-09-01,106,Sports & Lifestyle,32207.89,7014.56,21
4237,2025-09-01,107,Electronics,63495.96,14021.49,42
4238,2025-09-01,107,Home & Kitchen,53651.68,9261.28,51
4239,2025-09-01,107,Fashion,61236.54,13895.69,42
4240,2025-09-01,107,Beauty & Personal Care,45778.28,13419.35,20
4241,2025-09-01,107,Grocery & FMCG,61914.76,8933.54,71
4242,2025-09-01,107,Sports & Lifestyle,31204.55,9185.0,20
4243,2025-09-01,108,Electronics,38948.51,11042.0,31
4244,2025-09-01,108,Home & Kitchen,36371.75,6102.5,20
4245,2025-09-01,108,Fashion,38098.89,10178.26,41
4246,2025-09-01,108,Beauty & Personal Care,27874.56,7948.49,20
4247,2025-09-01,108,Grocery & FMCG,34975.77,9750.62,20
4248,2025-09-01,108,Sports & Lifestyle,17852.36,5326.76,20
4249,2025-09-01,109,Electronics,40177.58,6793.82,31
4250,2025-09-01,109,Home & Kitchen,39216.92,5758.3,20
4251,2025-09-01,109,Fashion,43740.09,6942.09,30
4252,2025-09-01,109,Beauty & Personal Care,38206.06,7502.82,20
4253,2025-09-01,109,Grocery & FMCG,38772.33,9266.6,24
4254,2025-09-01,109,Sports & Lifestyle,24828.8,4519.83,20
4255,2025-09-01,110,Electronics,58411.8,8945.74,40
4256,2025-09-01,110,Home & Kitchen,50049.68,13939.3,30
4257,2025-09-01,110,Fashion,62340.57,15574.68,43
4258,2025-09-01,110,Beauty & Personal Care,45186.23,9555.82,21
4259,2025-09-01,110,Grocery & FMCG,47382.3,11169.0,25
4260,2025-09-01,110,Sports & Lifestyle,30722.49,8255.0,20
4261,2025-09-01,111,Electronics,60016.21,15571.22,39
4262,2025-09-01,111,Home & Kitchen,54442.64,8073.18,41
4263,2025-09-01,111,Fashion,62735.82,18721.32,58
4264,2025-09-01,111,Beauty & Personal Care,58518.71,13569.24,31
4265,2025-09-01,111,Grocery & FMCG,57750.14,12003.01,58
4266,2025-09-01,111,Sports & Lifestyle,37012.2,9633.24,23
4267,2025-09-01,112,Electronics,69267.5,15192.75,34
4268,2025-09-01,112,Home & Kitchen,77378.37,19682.43,35
4269,2025-09-01,112,Fashion,71986.62,10347.4,62
4270,2025-09-01,112,Beauty & Personal Care,51217.3,10552.35,21
4271,2025-09-01,112,Grocery & FMCG,64350.72,18897.35,47
4272,2025-09-01,112,Sports & Lifestyle,30382.46,4361.23,20
4273,2025-09-01,113,Electronics,71418.51,18193.22,40
4274,2025-09-01,113,Home & Kitchen,56379.38,16602.56,46
4275,2025-09-01,113,Fashion,67746.77,14645.45,52
4276,2025-09-01,113,Beauty & Personal Care,54226.53,15808.37,35
4277,2025-09-01,113,Grocery & FMCG,60067.45,8627.24,42
4278,2025-09-01,113,Sports & Lifestyle,35487.67,6769.97,20
4279,2025-09-01,114,Electronics,77000.81,15226.89,34
4280,2025-09-01,114,Home & Kitchen,71134.74,21157.25,40
4281,2025-09-01,114,Fashion,69546.39,9997.85,49
4282,2025-09-01,114,Beauty & Personal Care,51348.12,12578.01,22
4283,2025-09-01,114,Grocery & FMCG,66094.85,19172.81,34
4284,2025-09-01,114,Sports & Lifestyle,27543.4,5990.09,20
4285,2025-09-01,115,Electronics,27884.53,5032.75,22
4286,2025-09-01,115,Home & Kitchen,33846.31,7721.59,20
4287,2025-09-01,115,Fashion,27922.25,7838.66,25
4288,2025-09-01,115,Beauty & Personal Care,25520.79,3779.91,20
4289,2025-09-01,115,Grocery & FMCG,25816.27,5164.69,20
4290,2025-09-01,115,Sports & Lifestyle,15227.19,4501.72,20
4291,2025-09-01,116,Electronics,64639.73,9376.17,28
4292,2025-09-01,116,Home & Kitchen,68893.71,17344.76,80
4293,2025-09-01,116,Fashion,65661.71,11683.21,47
4294,2025-09-01,116,Beauty & Personal Care,55318.03,11776.7,22
4295,2025-09-01,116,Grocery & FMCG,59965.27,14181.82,29
4296,2025-09-01,116,Sports & Lifestyle,36330.64,10186.49,20
4297,2025-09-01,117,Electronics,66454.01,14079.2,30
4298,2025-09-01,117,Home & Kitchen,70447.33,15556.05,28
4299,2025-09-01,117,Fashion,68308.57,10859.1,60
4300,2025-09-01,117,Beauty & Personal Care,59128.83,10641.19,68
4301,2025-09-01,117,Grocery & FMCG,54423.13,8990.46,43
4302,2025-09-01,117,Sports & Lifestyle,35244.15,9696.7,20
4303,2025-09-01,118,Electronics,26226.95,4325.22,20
4304,2025-09-01,118,Home & Kitchen,27086.45,3973.76,20
4305,2025-09-01,118,Fashion,28275.7,5795.99,24
4306,2025-09-01,118,Beauty & Personal Care,24309.42,5157.16,20
4307,2025-09-01,118,Grocery & FMCG,22686.46,4772.97,20
4308,2025-09-01,118,Sports & Lifestyle,13921.93,3700.53,20
4309,2025-09-01,119,Electronics,46989.85,12322.33,36
4310,2025-09-01,119,Home & Kitchen,42479.37,8730.11,20
4311,2025-09-01,119,Fashion,47731.25,8948.04,20
4312,2025-09-01,119,Beauty & Personal Care,37364.1,6924.72,33
4313,2025-09-01,119,Grocery & FMCG,33841.69,5594.74,31
4314,2025-09-01,119,Sports & Lifestyle,23140.89,6318.46,20
4315,2025-09-01,120,Electronics,37278.9,10321.65,20
4316,2025-09-01,120,Home & Kitchen,33173.06,6074.23,29
4317,2025-09-01,120,Fashion,31961.29,7714.97,39
4318,2025-09-01,120,Beauty & Personal Care,24968.29,3922.52,20
4319,2025-09-01,120,Grocery & FMCG,27003.25,7927.76,20
4320,2025-09-01,120,Sports & Lifestyle,16554.51,2651.4,20
4321,2025-10-01,1,Electronics,75630.09,18079.28,41
4322,2025-10-01,1,Home & Kitchen,66816.96,15470.87,60
4323,2025-10-01,1,Fashion,76685.42,17970.16,33
4324,2025-10-01,1,Beauty & Personal Care,70568.91,20691.76,62
4325,2025-10-01,1,Grocery & FMCG,72798.78,15739.43,64
4326,2025-10-01,1,Sports & Lifestyle,45869.74,10270.39,52
4327,2025-10-01,2,Electronics,53472.63,13958.04,30
4328,2025-10-01,2,Home & Kitchen,61066.06,15647.76,42
4329,2025-10-01,2,Fashion,54109.61,9467.44,31
4330,2025-10-01,2,Beauty & Personal Care,52110.45,13299.23,43
4331,2025-10-01,2,Grocery & FMCG,46804.8,7470.59,28
4332,2025-10-01,2,Sports & Lifestyle,29719.73,4530.54,21
4333,2025-10-01,3,Electronics,67814.58,12483.89,51
4334,2025-10-01,3,Home & Kitchen,55285.72,9955.25,27
4335,2025-10-01,3,Fashion,74759.93,14825.35,33
4336,2025-10-01,3,Beauty & Personal Care,56287.38,16258.19,64
4337,2025-10-01,3,Grocery & FMCG,64118.42,19068.71,28
4338,2025-10-01,3,Sports & Lifestyle,42639.81,6270.99,22
4339,2025-10-01,4,Electronics,58611.98,13890.59,63
4340,2025-10-01,4,Home & Kitchen,65344.82,15859.97,41
4341,2025-10-01,4,Fashion,77475.18,20454.15,40
4342,2025-10-01,4,Beauty & Personal Care,47922.49,11476.98,24
4343,2025-10-01,4,Grocery & FMCG,64505.39,14400.3,32
4344,2025-10-01,4,Sports & Lifestyle,30825.54,8445.74,20
4345,2025-10-01,5,Electronics,59364.32,11050.66,24
4346,2025-10-01,5,Home & Kitchen,62685.4,11233.81,41
4347,2025-10-01,5,Fashion,65304.66,16495.35,28
4348,2025-10-01,5,Beauty & Personal Care,54565.53,13984.76,35
4349,2025-10-01,5,Grocery & FMCG,56807.94,15937.74,57
4350,2025-10-01,5,Sports & Lifestyle,38674.3,6603.9,25
4351,2025-10-01,6,Electronics,38356.91,10102.48,28
4352,2025-10-01,6,Home & Kitchen,35088.81,8437.43,30
4353,2025-10-01,6,Fashion,39286.8,8418.47,22
4354,2025-10-01,6,Beauty & Personal Care,34171.09,6317.81,20
4355,2025-10-01,6,Grocery & FMCG,27146.96,5129.4,20
4356,2025-10-01,6,Sports & Lifestyle,22737.96,5846.84,20
4357,2025-10-01,7,Electronics,53389.8,7685.15,34
4358,2025-10-01,7,Home & Kitchen,52183.45,11861.98,25
4359,2025-10-01,7,Fashion,54946.25,13200.98,27
4360,2025-10-01,7,Beauty & Personal Care,50621.86,14879.7,59
4361,2025-10-01,7,Grocery & FMCG,35464.51,5227.66,33
4362,2025-10-01,7,Sports & Lifestyle,31064.75,6763.69,20
4363,2025-10-01,8,Electronics,62275.52,12657.0,29
4364,2025-10-01,8,Home & Kitchen,60488.62,16044.65,33
4365,2025-10-01,8,Fashion,82540.91,14026.11,38
4366,2025-10-01,8,Beauty & Personal Care,52143.04,13696.37,37
4367,2025-10-01,8,Grocery & FMCG,57145.5,13919.33,37
4368,2025-10-01,8,Sports & Lifestyle,37092.63,7146.28,37
4369,2025-10-01,9,Electronics,74575.51,13343.91,41
4370,2025-10-01,9,Home & Kitchen,65298.44,15953.52,49
4371,2025-10-01,9,Fashion,82700.8,19199.34,96
4372,2025-10-01,9,Beauty & Personal Care,53105.87,10476.95,60
4373,2025-10-01,9,Grocery & FMCG,70726.84,18880.72,30
4374,2025-10-01,9,Sports & Lifestyle,39149.18,7439.2,36
4375,2025-10-01,10,Electronics,64894.94,16503.75,28
4376,2025-10-01,10,Home & Kitchen,84360.04,18456.74,58
4377,2025-10-01,10,Fashion,71112.43,17190.46,31
4378,2025-10-01,10,Beauty & Personal Care,68488.93,19864.91,70
4379,2025-10-01,10,Grocery & FMCG,66528.4,17330.21,31
4380,2025-10-01,10,Sports & Lifestyle,40668.28,10913.52,26
4381,2025-10-01,11,Electronics,54419.46,15884.78,25
4382,2025-10-01,11,Home & Kitchen,58504.46,10102.28,44
4383,2025-10-01,11,Fashion,52385.0,15012.99,43
4384,2025-10-01,11,Beauty & Personal Care,49107.48,9776.32,59
4385,2025-10-01,11,Grocery & FMCG,53463.57,9013.03,44
4386,2025-10-01,11,Sports & Lifestyle,25619.25,4234.75,20
4387,2025-10-01,12,Electronics,65897.8,15356.69,36
4388,2025-10-01,12,Home & Kitchen,59288.32,9599.59,56
4389,2025-10-01,12,Fashion,69865.91,10957.1,42
4390,2025-10-01,12,Beauty & Personal Care,50088.97,10716.55,21
4391,2025-10-01,12,Grocery & FMCG,51537.5,7592.46,28
4392,2025-10-01,12,Sports & Lifestyle,33283.14,6047.16,20
4393,2025-10-01,13,Electronics,55927.67,15174.39,30
4394,2025-10-01,13,Home & Kitchen,60253.79,9366.61,33
4395,2025-10-01,13,Fashion,60003.78,17649.76,26
4396,2025-10-01,13,Beauty & Personal Care,40227.04,9384.38,20
4397,2025-10-01,13,Grocery & FMCG,58007.65,16781.94,26
4398,2025-10-01,13,Sports & Lifestyle,30936.2,7612.37,20
4399,2025-10-01,14,Electronics,64504.29,13821.63,44
4400,2025-10-01,14,Home & Kitchen,72110.69,14161.4,38
4401,2025-10-01,14,Fashion,84079.22,23553.61,57
4402,2025-10-01,14,Beauty & Personal Care,70321.43,20954.99,42
4403,2025-10-01,14,Grocery & FMCG,60140.46,15875.11,43
4404,2025-10-01,14,Sports & Lifestyle,35890.55,7173.55,42
4405,2025-10-01,15,Electronics,60482.32,15824.97,26
4406,2025-10-01,15,Home & Kitchen,56757.0,12649.31,51
4407,2025-10-01,15,Fashion,59063.67,16297.09,32
4408,2025-10-01,15,Beauty & Personal Care,46096.95,9679.06,21
4409,2025-10-01,15,Grocery & FMCG,61291.9,12796.33,53
4410,2025-10-01,15,Sports & Lifestyle,30291.25,5920.81,20
4411,2025-10-01,16,Electronics,63317.99,11960.26,31
4412,2025-10-01,16,Home & Kitchen,59899.36,17963.22,26
4413,2025-10-01,16,Fashion,80597.82,24152.54,43
4414,2025-10-01,16,Beauty & Personal Care,53761.16,11447.35,54
4415,2025-10-01,16,Grocery & FMCG,69613.1,10760.78,37
4416,2025-10-01,16,Sports & Lifestyle,33586.65,5237.73,20
4417,2025-10-01,17,Electronics,77004.96,14813.13,34
4418,2025-10-01,17,Home & Kitchen,81922.16,21098.77,46
4419,2025-10-01,17,Fashion,66297.11,17134.38,42
4420,2025-10-01,17,Beauty & Personal Care,66528.02,10094.92,48
4421,2025-10-01,17,Grocery & FMCG,64410.85,10909.37,30
4422,2025-10-01,17,Sports & Lifestyle,35084.03,6697.93,20
4423,2025-10-01,18,Electronics,28970.85,5465.5,20
4424,2025-10-01,18,Home & Kitchen,33704.28,9168.95,21
4425,2025-10-01,18,Fashion,35852.89,8540.25,20
4426,2025-10-01,18,Beauty & Personal Care,28206.51,7867.94,20
4427,2025-10-01,18,Grocery & FMCG,32999.74,6791.34,20
4428,2025-10-01,18,Sports & Lifestyle,18382.08,3837.66,20
4429,2025-10-01,19,Electronics,52266.7,15433.19,28
4430,2025-10-01,19,Home & Kitchen,40042.42,11385.46,25
4431,2025-10-01,19,Fashion,51706.68,13750.8,26
4432,2025-10-01,19,Beauty & Personal Care,41168.01,9423.02,20
4433,2025-10-01,19,Grocery & FMCG,38605.06,6391.1,20
4434,2025-10-01,19,Sports & Lifestyle,22264.12,5496.83,20
4435,2025-10-01,20,Electronics,55250.42,12688.59,26
4436,2025-10-01,20,Home & Kitchen,50930.4,8959.24,29
4437,2025-10-01,20,Fashion,45178.21,12747.83,22
4438,2025-10-01,20,Beauty & Personal Care,41321.79,9531.25,26
4439,2025-10-01,20,Grocery & FMCG,49673.25,13290.61,25
4440,2025-10-01,20,Sports & Lifestyle,24517.36,5459.18,20
4441,2025-10-01,21,Electronics,89120.04,23930.46,47
4442,2025-10-01,21,Home & Kitchen,68374.33,11159.23,54
4443,2025-10-01,21,Fashion,92848.89,20377.42,41
4444,2025-10-01,21,Beauty & Personal Care,70001.56,13040.57,34
4445,2025-10-01,21,Grocery & FMCG,72246.73,19975.55,73
4446,2025-10-01,21,Sports & Lifestyle,45917.9,6958.68,35
4447,2025-10-01,22,Electronics,104349.2,20674.91,101
4448,2025-10-01,22,Home & Kitchen,81770.61,15356.41,48
4449,2025-10-01,22,Fashion,72550.83,20296.27,41
4450,2025-10-01,22,Beauty & Personal Care,75894.63,21942.02,51
4451,2025-10-01,22,Grocery & FMCG,73130.56,20758.86,58
4452,2025-10-01,22,Sports & Lifestyle,51791.04,12070.18,26
4453,2025-10-01,23,Electronics,51332.62,12902.48,43
4454,2025-10-01,23,Home & Kitchen,77582.7,22277.05,35
4455,2025-10-01,23,Fashion,72169.08,18267.61,29
4456,2025-10-01,23,Beauty & Personal Care,51097.16,15030.83,20
4457,2025-10-01,23,Grocery & FMCG,52802.69,13012.93,39
4458,2025-10-01,23,Sports & Lifestyle,39178.78,11493.73,45
4459,2025-10-01,24,Electronics,66136.54,15730.9,30
4460,2025-10-01,24,Home & Kitchen,57843.38,13867.85,24
4461,2025-10-01,24,Fashion,73841.81,18368.11,39
4462,2025-10-01,24,Beauty & Personal Care,55853.81,15187.21,24
4463,2025-10-01,24,Grocery & FMCG,66812.83,19359.29,28
4464,2025-10-01,24,Sports & Lifestyle,35410.92,10320.17,23
4465,2025-10-01,25,Electronics,77573.95,13481.12,35
4466,2025-10-01,25,Home & Kitchen,67460.1,18073.21,43
4467,2025-10-01,25,Fashion,76483.33,11792.34,74
4468,2025-10-01,25,Beauty & Personal Care,69723.06,19953.95,35
4469,2025-10-01,25,Grocery & FMCG,69417.75,18372.46,27
4470,2025-10-01,25,Sports & Lifestyle,34639.24,9359.89,20
4471,2025-10-01,26,Electronics,49721.78,10826.96,43
4472,2025-10-01,26,Home & Kitchen,48208.52,8518.95,21
4473,2025-10-01,26,Fashion,55564.56,14525.28,46
4474,2025-10-01,26,Beauty & Personal Care,43309.24,6345.46,26
4475,2025-10-01,26,Grocery & FMCG,37777.07,10764.66,33
4476,2025-10-01,26,Sports & Lifestyle,24226.0,4085.73,20
4477,2025-10-01,27,Electronics,61930.74,9610.96,33
4478,2025-10-01,27,Home & Kitchen,51000.67,9353.09,21
4479,2025-10-01,27,Fashion,66957.16,19436.87,30
4480,2025-10-01,27,Beauty & Personal Care,52272.29,14861.26,37
4481,2025-10-01,27,Grocery & FMCG,58388.53,16228.05,29
4482,2025-10-01,27,Sports & Lifestyle,29895.8,7000.69,23
4483,2025-10-01,28,Electronics,81870.86,16434.81,58
4484,2025-10-01,28,Home & Kitchen,76920.22,21795.66,34
4485,2025-10-01,28,Fashion,67150.99,13469.79,61
4486,2025-10-01,28,Beauty & Personal Care,56606.42,10359.21,42
4487,2025-10-01,28,Grocery & FMCG,61038.39,17373.88,53
4488,2025-10-01,28,Sports & Lifestyle,41376.29,8682.79,28
4489,2025-10-01,29,Electronics,91741.01,16009.79,46
4490,2025-10-01,29,Home & Kitchen,77655.23,18394.73,93
4491,2025-10-01,29,Fashion,77593.65,15338.0,51
4492,2025-10-01,29,Beauty & Personal Care,66507.49,9561.79,31
4493,2025-10-01,29,Grocery & FMCG,63083.72,15204.62,61
4494,2025-10-01,29,Sports & Lifestyle,39464.26,9953.69,20
4495,2025-10-01,30,Electronics,69869.96,11073.43,34
4496,2025-10-01,30,Home & Kitchen,66557.4,9540.16,27
4497,2025-10-01,30,Fashion,80991.35,22218.74,38
4498,2025-10-01,30,Beauty & Personal Care,60311.47,16506.96,24
4499,2025-10-01,30,Grocery & FMCG,63451.26,12619.28,35
4500,2025-10-01,30,Sports & Lifestyle,34906.26,10273.64,21
4501,2025-10-01,31,Electronics,48048.35,8440.27,20
4502,2025-10-01,31,Home & Kitchen,41442.49,7590.32,50
4503,2025-10-01,31,Fashion,48455.04,11436.41,34
4504,2025-10-01,31,Beauty & Personal Care,35198.71,8168.75,20
4505,2025-10-01,31,Grocery & FMCG,39235.36,11299.03,20
4506,2025-10-01,31,Sports & Lifestyle,21519.77,4886.78,20
4507,2025-10-01,32,Electronics,57849.34,8863.46,45
4508,2025-10-01,32,Home & Kitchen,47574.26,7039.03,38
4509,2025-10-01,32,Fashion,51981.38,14529.6,25
4510,2025-10-01,32,Beauty & Personal Care,45403.64,8565.61,20
4511,2025-10-01,32,Grocery & FMCG,44190.23,10581.89,44
4512,2025-10-01,32,Sports & Lifestyle,28433.81,6854.78,20
4513,2025-10-01,33,Electronics,72019.89,19313.02,41
4514,2025-10-01,33,Home & Kitchen,63312.74,13458.63,55
4515,2025-10-01,33,Fashion,74548.23,20968.08,31
4516,2025-10-01,33,Beauty & Personal Care,53753.42,8161.17,39
4517,2025-10-01,33,Grocery & FMCG,63131.36,17992.72,48
4518,2025-10-01,33,Sports & Lifestyle,41527.99,7914.07,20
4519,2025-10-01,34,Electronics,35443.38,6345.69,20
4520,2025-10-01,34,Home & Kitchen,41716.59,8771.69,37
4521,2025-10-01,34,Fashion,39275.76,9249.42,20
4522,2025-10-01,34,Beauty & Personal Care,36547.31,7696.39,34
4523,2025-10-01,34,Grocery & FMCG,35097.67,9102.24,27
4524,2025-10-01,34,Sports & Lifestyle,17659.24,5241.55,20
4525,2025-10-01,35,Electronics,61982.9,15677.26,46
4526,2025-10-01,35,Home & Kitchen,53761.12,8301.16,30
4527,2025-10-01,35,Fashion,61228.98,11511.58,50
4528,2025-10-01,35,Beauty & Personal Care,56007.37,14932.74,35
4529,2025-10-01,35,Grocery & FMCG,60781.58,15570.73,57
4530,2025-10-01,35,Sports & Lifestyle,40310.84,10457.41,42
4531,2025-10-01,36,Electronics,42342.56,7506.05,20
4532,2025-10-01,36,Home & Kitchen,42546.05,8975.86,48
4533,2025-10-01,36,Fashion,54789.8,15821.48,47
4534,2025-10-01,36,Beauty & Personal Care,39786.94,6907.8,44
4535,2025-10-01,36,Grocery & FMCG,45653.45,12857.94,35
4536,2025-10-01,36,Sports & Lifestyle,23464.54,5662.96,20
4537,2025-10-01,37,Electronics,75887.79,15547.57,46
4538,2025-10-01,37,Home & Kitchen,69416.3,12619.23,45
4539,2025-10-01,37,Fashion,69556.35,10171.34,60
4540,2025-10-01,37,Beauty & Personal Care,49973.46,9878.61,20
4541,2025-10-01,37,Grocery & FMCG,56140.28,9453.56,28
4542,2025-10-01,37,Sports & Lifestyle,39946.64,10359.17,21
4543,2025-10-01,38,Electronics,69306.38,17195.43,30
4544,2025-10-01,38,Home & Kitchen,77825.13,18261.45,56
4545,2025-10-01,38,Fashion,85460.11,14396.13,83
4546,2025-10-01,38,Beauty & Personal Care,73002.17,14329.18,32
4547,2025-10-01,38,Grocery & FMCG,58767.63,17388.86,32
4548,2025-10-01,38,Sports & Lifestyle,37129.8,6947.86,20
4549,2025-10-01,39,Electronics,75416.77,19728.14,64
4550,2025-10-01,39,Home & Kitchen,80647.24,14925.77,39
4551,2025-10-01,39,Fashion,84657.12,23645.02,78
4552,2025-10-01,39,Beauty & Personal Care,61565.67,15079.86,65
4553,2025-10-01,39,Grocery & FMCG,68571.76,15042.76,53
4554,2025-10-01,39,Sports & Lifestyle,40888.51,10516.1,45
4555,2025-10-01,40,Electronics,68703.5,11619.45,59
4556,2025-10-01,40,Home & Kitchen,57132.37,12576.08,27
4557,2025-10-01,40,Fashion,58703.38,9453.52,24
4558,2025-10-01,40,Beauty & Personal Care,57206.14,11298.08,23
4559,2025-10-01,40,Grocery & FMCG,68386.73,11483.55,27
4560,2025-10-01,40,Sports & Lifestyle,36396.73,6804.25,20
4561,2025-10-01,41,Electronics,50452.63,12600.93,40
4562,2025-10-01,41,Home & Kitchen,34665.14,8597.51,27
4563,2025-10-01,41,Fashion,46330.49,12496.5,35
4564,2025-10-01,41,Beauty & Personal Care,39991.99,7916.6,27
4565,2025-10-01,41,Grocery & FMCG,34842.73,6596.7,20
4566,2025-10-01,41,Sports & Lifestyle,23397.39,5747.29,28
4567,2025-10-01,42,Electronics,81297.33,13794.79,99
4568,2025-10-01,42,Home & Kitchen,65943.87,15473.76,45
4569,2025-10-01,42,Fashion,73078.51,10955.52,33
4570,2025-10-01,42,Beauty & Personal Care,67033.26,16084.32,41
4571,2025-10-01,42,Grocery & FMCG,73196.04,15200.0,59
4572,2025-10-01,42,Sports & Lifestyle,39434.47,11113.22,31
4573,2025-10-01,43,Electronics,54330.48,15437.03,22
4574,2025-10-01,43,Home & Kitchen,59785.34,10796.6,26
4575,2025-10-01,43,Fashion,67632.1,12026.44,50
4576,2025-10-01,43,Beauty & Personal Care,55450.38,8068.39,24
4577,2025-10-01,43,Grocery & FMCG,56115.44,12901.74,30
4578,2025-10-01,43,Sports & Lifestyle,38574.69,7312.71,20
4579,2025-10-01,44,Electronics,84337.01,12697.52,95
4580,2025-10-01,44,Home & Kitchen,80314.55,18315.59,68
4581,2025-10-01,44,Fashion,82330.95,23809.82,46
4582,2025-10-01,44,Beauty & Personal Care,72933.79,11051.47,71
4583,2025-10-01,44,Grocery & FMCG,73331.81,16466.97,33
4584,2025-10-01,44,Sports & Lifestyle,39000.47,7936.15,20
4585,2025-10-01,45,Electronics,58827.16,12174.75,33
4586,2025-10-01,45,Home & Kitchen,56308.22,11133.62,42
4587,2025-10-01,45,Fashion,58583.48,16551.3,30
4588,2025-10-01,45,Beauty & Personal Care,38343.82,7309.47,20
4589,2025-10-01,45,Grocery & FMCG,45178.01,12972.16,29
4590,2025-10-01,45,Sports & Lifestyle,27052.29,6196.95,20
4591,2025-10-01,46,Electronics,78658.55,19404.24,67
4592,2025-10-01,46,Home & Kitchen,72322.02,17193.28,36
4593,2025-10-01,46,Fashion,92084.03,22812.48,56
4594,2025-10-01,46,Beauty & Personal Care,70354.43,11852.56,67
4595,2025-10-01,46,Grocery & FMCG,71706.56,10161.03,31
4596,2025-10-01,46,Sports & Lifestyle,37195.31,6369.03,37
4597,2025-10-01,47,Electronics,79776.8,13161.32,53
4598,2025-10-01,47,Home & Kitchen,68778.58,12350.08,42
4599,2025-10-01,47,Fashion,84697.72,13517.21,37
4600,2025-10-01,47,Beauty & Personal Care,69114.85,20092.51,28
4601,2025-10-01,47,Grocery & FMCG,67783.65,13974.69,48
4602,2025-10-01,47,Sports & Lifestyle,42623.91,12528.29,26
4603,2025-10-01,48,Electronics,79084.4,19544.56,47
4604,2025-10-01,48,Home & Kitchen,90127.35,14423.59,80
4605,2025-10-01,48,Fashion,85989.8,13145.26,47
4606,2025-10-01,48,Beauty & Personal Care,70561.06,20180.76,29
4607,2025-10-01,48,Grocery & FMCG,85764.85,14894.83,50
4608,2025-10-01,48,Sports & Lifestyle,39267.63,6416.23,20
4609,2025-10-01,49,Electronics,88593.56,15234.03,60
4610,2025-10-01,49,Home & Kitchen,82440.02,24713.16,84
4611,2025-10-01,49,Fashion,75649.62,21550.85,77
4612,2025-10-01,49,Beauty & Personal Care,64818.59,19306.45,49
4613,2025-10-01,49,Grocery & FMCG,72597.1,16177.02,43
4614,2025-10-01,49,Sports & Lifestyle,35263.58,10486.82,20
4615,2025-10-01,50,Electronics,44943.29,11151.65,20
4616,2025-10-01,50,Home & Kitchen,41887.04,10034.91,20
4617,2025-10-01,50,Fashion,49774.4,13339.25,31
4618,2025-10-01,50,Beauty & Personal Care,33628.38,7952.72,20
4619,2025-10-01,50,Grocery & FMCG,40811.93,11045.4,20
4620,2025-10-01,50,Sports & Lifestyle,20421.59,5912.74,20
4621,2025-10-01,51,Electronics,82126.6,17671.63,44
4622,2025-10-01,51,Home & Kitchen,87325.17,15970.12,44
4623,2025-10-01,51,Fashion,83027.27,22370.74,33
4624,2025-10-01,51,Beauty & Personal Care,63052.58,13042.47,51
4625,2025-10-01,51,Grocery & FMCG,90088.59,15546.0,58
4626,2025-10-01,51,Sports & Lifestyle,39282.95,7676.36,29
4627,2025-10-01,52,Electronics,77479.28,11778.35,87
4628,2025-10-01,52,Home & Kitchen,86391.95,16004.65,37
4629,2025-10-01,52,Fashion,83653.08,21951.34,35
4630,2025-10-01,52,Beauty & Personal Care,68506.66,16019.44,49
4631,2025-10-01,52,Grocery & FMCG,71349.78,10899.75,37
4632,2025-10-01,52,Sports & Lifestyle,44608.0,6308.77,46
4633,2025-10-01,53,Electronics,59734.6,11449.3,34
4634,2025-10-01,53,Home & Kitchen,64595.31,13215.33,33
4635,2025-10-01,53,Fashion,60871.48,17193.86,27
4636,2025-10-01,53,Beauty & Personal Care,48889.85,12050.11,28
4637,2025-10-01,53,Grocery & FMCG,39424.6,10576.96,39
4638,2025-10-01,53,Sports & Lifestyle,32783.63,9344.79,23
4639,2025-10-01,54,Electronics,36970.11,5256.22,41
4640,2025-10-01,54,Home & Kitchen,31276.59,5577.85,20
4641,2025-10-01,54,Fashion,38176.24,11321.2,34
4642,2025-10-01,54,Beauty & Personal Care,28437.13,6411.58,24
4643,2025-10-01,54,Grocery & FMCG,27110.72,7650.65,21
4644,2025-10-01,54,Sports & Lifestyle,17827.97,3216.31,20
4645,2025-10-01,55,Electronics,59991.42,17920.66,34
4646,2025-10-01,55,Home & Kitchen,79182.79,23048.91,37
4647,2025-10-01,55,Fashion,77629.36,16809.27,32
4648,2025-10-01,55,Beauty & Personal Care,64484.77,9846.09,27
4649,2025-10-01,55,Grocery & FMCG,76717.3,19491.42,85
4650,2025-10-01,55,Sports & Lifestyle,37387.77,10960.9,22
4651,2025-10-01,56,Electronics,57506.1,17164.9,34
4652,2025-10-01,56,Home & Kitchen,46295.95,9901.34,56
4653,2025-10-01,56,Fashion,51834.6,10812.64,30
4654,2025-10-01,56,Beauty & Personal Care,46345.83,10276.07,25
4655,2025-10-01,56,Grocery & FMCG,48893.37,12720.75,54
4656,2025-10-01,56,Sports & Lifestyle,31516.11,5561.04,20
4657,2025-10-01,57,Electronics,69985.78,11771.76,32
4658,2025-10-01,57,Home & Kitchen,56969.61,10530.75,26
4659,2025-10-01,57,Fashion,64899.92,11861.51,31
4660,2025-10-01,57,Beauty & Personal Care,53316.53,10636.58,52
4661,2025-10-01,57,Grocery & FMCG,54799.91,15319.29,59
4662,2025-10-01,57,Sports & Lifestyle,32993.63,5010.22,20
4663,2025-10-01,58,Electronics,40403.0,5824.36,30
4664,2025-10-01,58,Home & Kitchen,42359.96,8305.79,28
4665,2025-10-01,58,Fashion,43150.08,6897.49,28
4666,2025-10-01,58,Beauty & Personal Care,43674.43,11093.12,25
4667,2025-10-01,58,Grocery & FMCG,46205.66,9707.35,27
4668,2025-10-01,58,Sports & Lifestyle,21658.37,4297.77,20
4669,2025-10-01,59,Electronics,48526.63,7372.8,22
4670,2025-10-01,59,Home & Kitchen,52884.48,14527.41,32
4671,2025-10-01,59,Fashion,60118.64,11080.39,30
4672,2025-10-01,59,Beauty & Personal Care,46971.17,7603.78,41
4673,2025-10-01,59,Grocery & FMCG,59310.43,12333.53,29
4674,2025-10-01,59,Sports & Lifestyle,32672.68,9313.18,21
4675,2025-10-01,60,Electronics,55478.55,10480.36,28
4676,2025-10-01,60,Home & Kitchen,47267.85,7538.89,20
4677,2025-10-01,60,Fashion,60436.83,9430.79,58
4678,2025-10-01,60,Beauty & Personal Care,44288.68,12332.38,25
4679,2025-10-01,60,Grocery & FMCG,54139.76,16237.41,27
4680,2025-10-01,60,Sports & Lifestyle,25171.64,7500.34,20
4681,2025-10-01,61,Electronics,68064.79,17048.07,48
4682,2025-10-01,61,Home & Kitchen,58972.79,8651.86,31
4683,2025-10-01,61,Fashion,73363.57,19538.33,79
4684,2025-10-01,61,Beauty & Personal Care,50394.21,12405.81,24
4685,2025-10-01,61,Grocery & FMCG,52820.7,10286.83,27
4686,2025-10-01,61,Sports & Lifestyle,39365.08,10401.61,27
4687,2025-10-01,62,Electronics,77921.26,20914.02,42
4688,2025-10-01,62,Home & Kitchen,64534.62,9546.26,29
4689,2025-10-01,62,Fashion,60670.27,8642.4,66
4690,2025-10-01,62,Beauty & Personal Care,62718.54,9123.55,27
4691,2025-10-01,62,Grocery & FMCG,64962.3,11193.18,60
4692,2025-10-01,62,Sports & Lifestyle,40252.04,7333.71,22
4693,2025-10-01,63,Electronics,75185.86,20815.41,77
4694,2025-10-01,63,Home & Kitchen,61862.19,16683.39,43
4695,2025-10-01,63,Fashion,72648.39,10469.39,60
4696,2025-10-01,63,Beauty & Personal Care,69822.33,16219.33,31
4697,2025-10-01,63,Grocery & FMCG,52452.78,8675.52,23
4698,2025-10-01,63,Sports & Lifestyle,35144.53,8593.96,20
4699,2025-10-01,64,Electronics,49743.84,9393.3,22
4700,2025-10-01,64,Home & Kitchen,56964.84,15391.9,22
4701,2025-10-01,64,Fashion,55427.59,14348.07,42
4702,2025-10-01,64,Beauty & Personal Care,50523.34,11339.79,25
4703,2025-10-01,64,Grocery & FMCG,54059.19,14294.63,28
4704,2025-10-01,64,Sports & Lifestyle,29745.88,4643.21,33
4705,2025-10-01,65,Electronics,67574.02,16078.79,32
4706,2025-10-01,65,Home & Kitchen,55560.76,7805.75,24
4707,2025-10-01,65,Fashion,73788.21,18580.99,63
4708,2025-10-01,65,Beauty & Personal Care,56966.33,12318.79,35
4709,2025-10-01,65,Grocery & FMCG,72727.7,19479.08,90
4710,2025-10-01,65,Sports & Lifestyle,37011.73,7260.08,20
4711,2025-10-01,66,Electronics,81847.08,16107.12,56
4712,2025-10-01,66,Home & Kitchen,69658.09,14434.66,65
4713,2025-10-01,66,Fashion,57679.77,8811.62,24
4714,2025-10-01,66,Beauty & Personal Care,54606.22,10858.87,36
4715,2025-10-01,66,Grocery & FMCG,60598.97,10016.26,28
4716,2025-10-01,66,Sports & Lifestyle,35679.1,5361.48,20
4717,2025-10-01,67,Electronics,65991.03,18025.2,44
4718,2025-10-01,67,Home & Kitchen,68427.22,11822.96,30
4719,2025-10-01,67,Fashion,68302.9,18998.5,72
4720,2025-10-01,67,Beauty & Personal Care,48546.45,11184.08,28
4721,2025-10-01,67,Grocery & FMCG,54330.68,8204.69,24
4722,2025-10-01,67,Sports & Lifestyle,33949.8,6522.48,20
4723,2025-10-01,68,Electronics,38244.94,7275.22,31
4724,2025-10-01,68,Home & Kitchen,39715.12,7653.92,21
4725,2025-10-01,68,Fashion,51391.21,12005.39,37
4726,2025-10-01,68,Beauty & Personal Care,37574.78,5590.47,41
4727,2025-10-01,68,Grocery & FMCG,43120.72,8511.7,43
4728,2025-10-01,68,Sports & Lifestyle,23702.46,4677.1,20
4729,2025-10-01,69,Electronics,62619.83,9595.29,32
4730,2025-10-01,69,Home & Kitchen,49366.48,10356.2,34
4731,2025-10-01,69,Fashion,74882.83,14972.91,60
4732,2025-10-01,69,Beauty & Personal Care,49451.24,12958.95,25
4733,2025-10-01,69,Grocery & FMCG,49280.75,8958.71,30
4734,2025-10-01,69,Sports & Lifestyle,25348.36,3596.47,20
4735,2025-10-01,70,Electronics,65551.05,14936.67,39
4736,2025-10-01,70,Home & Kitchen,67539.38,14633.29,54
4737,2025-10-01,70,Fashion,69091.31,20575.69,34
4738,2025-10-01,70,Beauty & Personal Care,55517.86,13292.84,26
4739,2025-10-01,70,Grocery & FMCG,47152.27,12685.46,20
4740,2025-10-01,70,Sports & Lifestyle,32953.2,4636.3,27
4741,2025-10-01,71,Electronics,56552.96,12593.57,26
4742,2025-10-01,71,Home & Kitchen,42822.03,8411.46,28
4743,2025-10-01,71,Fashion,53867.92,7928.24,42
4744,2025-10-01,71,Beauty & Personal Care,42519.73,9468.05,20
4745,2025-10-01,71,Grocery & FMCG,42217.26,12027.84,29
4746,2025-10-01,71,Sports & Lifestyle,28022.03,4825.25,20
4747,2025-10-01,72,Electronics,79521.0,11330.5,79
4748,2025-10-01,72,Home & Kitchen,76248.53,21404.36,89
4749,2025-10-01,72,Fashion,90404.41,21521.65,45
4750,2025-10-01,72,Beauty & Personal Care,59507.8,9433.58,29
4751,2025-10-01,72,Grocery & FMCG,70612.46,14514.78,42
4752,2025-10-01,72,Sports & Lifestyle,42110.5,11597.85,32
4753,2025-10-01,73,Electronics,70984.04,11352.73,65
4754,2025-10-01,73,Home & Kitchen,71298.7,17352.5,29
4755,2025-10-01,73,Fashion,76503.47,11230.58,32
4756,2025-10-01,73,Beauty & Personal Care,63929.14,15907.96,56
4757,2025-10-01,73,Grocery & FMCG,59396.51,12305.82,42
4758,2025-10-01,73,Sports & Lifestyle,43403.35,8807.87,23
4759,2025-10-01,74,Electronics,64098.37,9736.37,31
4760,2025-10-01,74,Home & Kitchen,65007.53,16533.52,52
4761,2025-10-01,74,Fashion,81229.46,16926.34,61
4762,2025-10-01,74,Beauty & Personal Care,64228.49,18644.28,32
4763,2025-10-01,74,Grocery & FMCG,47887.0,7533.76,23
4764,2025-10-01,74,Sports & Lifestyle,33858.48,5906.51,35
4765,2025-10-01,75,Electronics,78959.25,15644.65,33
4766,2025-10-01,75,Home & Kitchen,79905.67,17062.34,37
4767,2025-10-01,75,Fashion,75161.68,21733.99,32
4768,2025-10-01,75,Beauty & Personal Care,65542.48,12557.39,32
4769,2025-10-01,75,Grocery & FMCG,59681.83,13327.29,32
4770,2025-10-01,75,Sports & Lifestyle,38712.12,6715.35,20
4771,2025-10-01,76,Electronics,50496.31,7659.3,20
4772,2025-10-01,76,Home & Kitchen,57830.51,17256.67,25
4773,2025-10-01,76,Fashion,54186.21,15491.1,28
4774,2025-10-01,76,Beauty & Personal Care,48269.74,11828.28,37
4775,2025-10-01,76,Grocery & FMCG,47700.65,11210.33,20
4776,2025-10-01,76,Sports & Lifestyle,26867.89,5577.68,20
4777,2025-10-01,77,Electronics,61873.66,18115.85,62
4778,2025-10-01,77,Home & Kitchen,56297.09,16114.5,36
4779,2025-10-01,77,Fashion,67113.09,13967.47,35
4780,2025-10-01,77,Beauty & Personal Care,52070.53,11483.76,34
4781,2025-10-01,77,Grocery & FMCG,57352.19,12107.83,56
4782,2025-10-01,77,Sports & Lifestyle,27928.47,8213.49,20
4783,2025-10-01,78,Electronics,46271.6,7263.88,44
4784,2025-10-01,78,Home & Kitchen,54083.82,11938.68,42
4785,2025-10-01,78,Fashion,55061.26,11239.8,26
4786,2025-10-01,78,Beauty & Personal Care,38647.48,9445.19,31
4787,2025-10-01,78,Grocery & FMCG,47014.85,12042.0,25
4788,2025-10-01,78,Sports & Lifestyle,31366.26,8644.0,20
4789,2025-10-01,79,Electronics,61511.09,14528.04,38
4790,2025-10-01,79,Home & Kitchen,51732.6,7508.97,28
4791,2025-10-01,79,Fashion,58074.44,14827.13,32
4792,2025-10-01,79,Beauty & Personal Care,51695.74,11940.11,33
4793,2025-10-01,79,Grocery & FMCG,40560.07,12150.08,25
4794,2025-10-01,79,Sports & Lifestyle,25426.49,7311.16,20
4795,2025-10-01,80,Electronics,65872.19,11166.44,33
4796,2025-10-01,80,Home & Kitchen,53185.91,10606.16,24
4797,2025-10-01,80,Fashion,72491.24,10997.76,65
4798,2025-10-01,80,Beauty & Personal Care,47366.73,8855.57,26
4799,2025-10-01,80,Grocery & FMCG,51657.75,7880.77,64
4800,2025-10-01,80,Sports & Lifestyle,35100.9,7284.72,20
4801,2025-10-01,81,Electronics,68084.67,18015.61,52
4802,2025-10-01,81,Home & Kitchen,62444.0,9779.01,28
4803,2025-10-01,81,Fashion,72027.25,20392.51,36
4804,2025-10-01,81,Beauty & Personal Care,63672.13,9147.79,27
4805,2025-10-01,81,Grocery & FMCG,60033.43,11179.62,24
4806,2025-10-01,81,Sports & Lifestyle,28623.06,7726.27,20
4807,2025-10-01,82,Electronics,80863.68,23001.46,37
4808,2025-10-01,82,Home & Kitchen,59563.71,14026.79,50
4809,2025-10-01,82,Fashion,90412.27,19094.12,39
4810,2025-10-01,82,Beauty & Personal Care,54641.03,9241.0,23
4811,2025-10-01,82,Grocery & FMCG,69389.64,13836.01,28
4812,2025-10-01,82,Sports & Lifestyle,35955.36,6918.68,26
4813,2025-10-01,83,Electronics,44680.27,12352.94,30
4814,2025-10-01,83,Home & Kitchen,43900.05,10735.22,22
4815,2025-10-01,83,Fashion,45134.99,6382.72,45
4816,2025-10-01,83,Beauty & Personal Care,35523.78,9637.28,33
4817,2025-10-01,83,Grocery & FMCG,39082.78,8756.17,24
4818,2025-10-01,83,Sports & Lifestyle,24417.18,6204.92,20
4819,2025-10-01,84,Electronics,49674.63,12349.83,20
4820,2025-10-01,84,Home & Kitchen,62063.68,16491.04,31
4821,2025-10-01,84,Fashion,60926.78,11730.94,70
4822,2025-10-01,84,Beauty & Personal Care,59112.99,12310.51,66
4823,2025-10-01,84,Grocery & FMCG,55652.33,10712.2,31
4824,2025-10-01,84,Sports & Lifestyle,38100.91,10090.83,21
4825,2025-10-01,85,Electronics,53731.27,13068.74,63
4826,2025-10-01,85,Home & Kitchen,53289.26,8956.68,38
4827,2025-10-01,85,Fashion,54405.18,15397.24,56
4828,2025-10-01,85,Beauty & Personal Care,47764.81,9028.17,39
4829,2025-10-01,85,Grocery & FMCG,53889.31,14540.11,30
4830,2025-10-01,85,Sports & Lifestyle,30587.45,5915.41,32
4831,2025-10-01,86,Electronics,67083.74,15295.39,40
4832,2025-10-01,86,Home & Kitchen,53901.27,14295.8,49
4833,2025-10-01,86,Fashion,54894.07,12977.31,33
4834,2025-10-01,86,Beauty & Personal Care,52831.74,13825.51,21
4835,2025-10-01,86,Grocery & FMCG,53421.16,14109.43,31
4836,2025-10-01,86,Sports & Lifestyle,32525.1,6638.04,21
4837,2025-10-01,87,Electronics,97777.64,27563.17,71
4838,2025-10-01,87,Home & Kitchen,75882.71,18362.86,70
4839,2025-10-01,87,Fashion,99118.84,22546.21,45
4840,2025-10-01,87,Beauty & Personal Care,81172.46,15773.35,43
4841,2025-10-01,87,Grocery & FMCG,64451.23,11272.77,31
4842,2025-10-01,87,Sports & Lifestyle,39075.2,11581.14,20
4843,2025-10-01,88,Electronics,83267.92,17377.67,43
4844,2025-10-01,88,Home & Kitchen,82595.44,16763.16,102
4845,2025-10-01,88,Fashion,84557.97,16648.7,38
4846,2025-10-01,88,Beauty & Personal Care,59565.94,10231.32,49
4847,2025-10-01,88,Grocery & FMCG,58879.58,16270.06,45
4848,2025-10-01,88,Sports & Lifestyle,46817.44,10815.88,36
4849,2025-10-01,89,Electronics,63180.54,13112.27,37
4850,2025-10-01,89,Home & Kitchen,69524.56,16365.53,78
4851,2025-10-01,89,Fashion,79019.07,11988.14,77
4852,2025-10-01,89,Beauty & Personal Care,69888.03,20147.02,35
4853,2025-10-01,89,Grocery & FMCG,59576.26,17298.64,61
4854,2025-10-01,89,Sports & Lifestyle,46369.91,11028.73,21
4855,2025-10-01,90,Electronics,68095.62,15454.86,34
4856,2025-10-01,90,Home & Kitchen,64639.76,17284.73,26
4857,2025-10-01,90,Fashion,61520.91,17726.74,35
4858,2025-10-01,90,Beauty & Personal Care,48920.33,11127.07,20
4859,2025-10-01,90,Grocery & FMCG,55681.26,8232.56,28
4860,2025-10-01,90,Sports & Lifestyle,34320.2,8287.49,20
4861,2025-10-01,91,Electronics,76873.03,11687.39,39
4862,2025-10-01,91,Home & Kitchen,65247.13,13042.71,68
4863,2025-10-01,91,Fashion,82098.61,22802.25,82
4864,2025-10-01,91,Beauty & Personal Care,62613.32,9861.8,27
4865,2025-10-01,91,Grocery & FMCG,66356.03,16550.74,49
4866,2025-10-01,91,Sports & Lifestyle,36943.93,9726.06,27
4867,2025-10-01,92,Electronics,42679.04,7820.31,24
4868,2025-10-01,92,Home & Kitchen,45995.62,10054.73,40
4869,2025-10-01,92,Fashion,49280.51,8098.73,37
4870,2025-10-01,92,Beauty & Personal Care,37737.73,6397.64,20
4871,2025-10-01,92,Grocery & FMCG,38528.45,10661.12,20
4872,2025-10-01,92,Sports & Lifestyle,23740.42,5608.39,20
4873,2025-10-01,93,Electronics,59641.5,13403.18,71
4874,2025-10-01,93,Home & Kitchen,63359.95,16791.96,39
4875,2025-10-01,93,Fashion,72027.47,11949.78,33
4876,2025-10-01,93,Beauty & Personal Care,45056.62,9281.3,22
4877,2025-10-01,93,Grocery & FMCG,57982.32,10270.82,24
4878,2025-10-01,93,Sports & Lifestyle,31485.62,7013.38,20
4879,2025-10-01,94,Electronics,61987.91,18020.55,29
4880,2025-10-01,94,Home & Kitchen,62657.64,15852.52,39
4881,2025-10-01,94,Fashion,70643.57,20192.94,87
4882,2025-10-01,94,Beauty & Personal Care,62133.65,17265.43,44
4883,2025-10-01,94,Grocery & FMCG,58633.95,9019.19,31
4884,2025-10-01,94,Sports & Lifestyle,31263.44,8227.33,33
4885,2025-10-01,95,Electronics,39421.24,9099.43,23
4886,2025-10-01,95,Home & Kitchen,33142.21,8084.38,22
4887,2025-10-01,95,Fashion,40037.68,10394.32,31
4888,2025-10-01,95,Beauty & Personal Care,25581.33,5018.64,20
4889,2025-10-01,95,Grocery & FMCG,29838.82,7161.7,20
4890,2025-10-01,95,Sports & Lifestyle,16816.95,4740.85,20
4891,2025-10-01,96,Electronics,70096.54,14650.77,42
4892,2025-10-01,96,Home & Kitchen,74851.28,21551.74,32
4893,2025-10-01,96,Fashion,70747.18,13199.99,46
4894,2025-10-01,96,Beauty & Personal Care,72128.21,16074.35,29
4895,2025-10-01,96,Grocery & FMCG,64254.36,9560.67,27
4896,2025-10-01,96,Sports & Lifestyle,36679.02,9162.71,20
4897,2025-10-01,97,Electronics,47475.23,14236.71,33
4898,2025-10-01,97,Home & Kitchen,39931.8,8117.16,34
4899,2025-10-01,97,Fashion,38077.72,11212.9,20
4900,2025-10-01,97,Beauty & Personal Care,40315.47,8848.2,26
4901,2025-10-01,97,Grocery & FMCG,36674.58,6906.33,21
4902,2025-10-01,97,Sports & Lifestyle,21121.51,5008.04,20
4903,2025-10-01,98,Electronics,31860.22,8896.74,20
4904,2025-10-01,98,Home & Kitchen,24434.53,4422.74,20
4905,2025-10-01,98,Fashion,24627.15,6472.55,20
4906,2025-10-01,98,Beauty & Personal Care,25128.1,6640.98,28
4907,2025-10-01,98,Grocery & FMCG,26509.5,5217.37,20
4908,2025-10-01,98,Sports & Lifestyle,13733.96,3232.35,20
4909,2025-10-01,99,Electronics,57713.34,11732.86,35
4910,2025-10-01,99,Home & Kitchen,62574.61,16274.54,33
4911,2025-10-01,99,Fashion,58476.3,17306.44,26
4912,2025-10-01,99,Beauty & Personal Care,58113.04,8911.21,56
4913,2025-10-01,99,Grocery & FMCG,62410.7,9093.09,28
4914,2025-10-01,99,Sports & Lifestyle,35804.03,7340.97,39
4915,2025-10-01,100,Electronics,67360.25,15350.15,48
4916,2025-10-01,100,Home & Kitchen,69269.58,12607.69,53
4917,2025-10-01,100,Fashion,91513.42,22642.68,77
4918,2025-10-01,100,Beauty & Personal Care,65848.03,14545.45,34
4919,2025-10-01,100,Grocery & FMCG,59680.73,13845.71,28
4920,2025-10-01,100,Sports & Lifestyle,32477.91,8139.62,20
4921,2025-10-01,101,Electronics,67858.32,10984.69,35
4922,2025-10-01,101,Home & Kitchen,52091.44,15060.66,20
4923,2025-10-01,101,Fashion,83068.55,19782.61,59
4924,2025-10-01,101,Beauty & Personal Care,65139.67,13763.27,32
4925,2025-10-01,101,Grocery & FMCG,64199.39,19043.17,42
4926,2025-10-01,101,Sports & Lifestyle,44467.16,8015.86,41
4927,2025-10-01,102,Electronics,29974.1,7486.01,20
4928,2025-10-01,102,Home & Kitchen,30103.94,4851.04,31
4929,2025-10-01,102,Fashion,36055.07,8764.52,20
4930,2025-10-01,102,Beauty & Personal Care,27515.79,4921.41,27
4931,2025-10-01,102,Grocery & FMCG,32044.87,8622.81,20
4932,2025-10-01,102,Sports & Lifestyle,18122.45,2587.85,20
4933,2025-10-01,103,Electronics,81682.45,23934.75,42
4934,2025-10-01,103,Home & Kitchen,70870.7,20747.08,62
4935,2025-10-01,103,Fashion,67140.97,10430.63,36
4936,2025-10-01,103,Beauty & Personal Care,67848.3,18951.98,58
4937,2025-10-01,103,Grocery & FMCG,73983.76,21827.68,44
4938,2025-10-01,103,Sports & Lifestyle,40522.92,6058.06,30
4939,2025-10-01,104,Electronics,93436.31,14715.31,51
4940,2025-10-01,104,Home & Kitchen,87408.9,21724.15,42
4941,2025-10-01,104,Fashion,81720.61,22419.91,54
4942,2025-10-01,104,Beauty & Personal Care,79478.53,16759.41,33
4943,2025-10-01,104,Grocery & FMCG,72568.37,12830.84,30
4944,2025-10-01,104,Sports & Lifestyle,45854.05,6880.76,30
4945,2025-10-01,105,Electronics,25427.32,5386.95,28
4946,2025-10-01,105,Home & Kitchen,29257.8,7036.55,20
4947,2025-10-01,105,Fashion,27272.51,4065.1,20
4948,2025-10-01,105,Beauty & Personal Care,21591.19,5589.15,20
4949,2025-10-01,105,Grocery & FMCG,23182.02,3787.38,20
4950,2025-10-01,105,Sports & Lifestyle,12375.29,2669.73,20
4951,2025-10-01,106,Electronics,66020.44,10473.04,29
4952,2025-10-01,106,Home & Kitchen,54607.91,10686.76,40
4953,2025-10-01,106,Fashion,61043.14,16765.14,30
4954,2025-10-01,106,Beauty & Personal Care,52522.06,11468.33,33
4955,2025-10-01,106,Grocery & FMCG,55636.51,9130.01,27
4956,2025-10-01,106,Sports & Lifestyle,29435.21,7359.55,20
4957,2025-10-01,107,Electronics,77413.99,18030.9,68
4958,2025-10-01,107,Home & Kitchen,66464.74,11411.52,73
4959,2025-10-01,107,Fashion,68418.91,14021.0,32
4960,2025-10-01,107,Beauty & Personal Care,63969.14,11404.42,57
4961,2025-10-01,107,Grocery & FMCG,65365.72,18165.18,73
4962,2025-10-01,107,Sports & Lifestyle,39313.56,7218.01,20
4963,2025-10-01,108,Electronics,42992.37,10864.56,31
4964,2025-10-01,108,Home & Kitchen,40131.58,7449.51,33
4965,2025-10-01,108,Fashion,40582.26,11735.55,20
4966,2025-10-01,108,Beauty & Personal Care,32280.03,5152.75,21
4967,2025-10-01,108,Grocery & FMCG,37973.74,10561.9,28
4968,2025-10-01,108,Sports & Lifestyle,25537.87,4252.16,20
4969,2025-10-01,109,Electronics,45773.73,9144.66,40
4970,2025-10-01,109,Home & Kitchen,54506.73,11312.01,35
4971,2025-10-01,109,Fashion,57253.84,10629.59,60
4972,2025-10-01,109,Beauty & Personal Care,42415.06,11341.13,35
4973,2025-10-01,109,Grocery & FMCG,50807.03,7531.81,27
4974,2025-10-01,109,Sports & Lifestyle,20164.52,5392.17,20
4975,2025-10-01,110,Electronics,84125.95,21857.96,47
4976,2025-10-01,110,Home & Kitchen,54507.31,15585.44,32
4977,2025-10-01,110,Fashion,70531.79,16395.35,43
4978,2025-10-01,110,Beauty & Personal Care,48926.47,14406.17,20
4979,2025-10-01,110,Grocery & FMCG,61029.82,10562.03,56
4980,2025-10-01,110,Sports & Lifestyle,40536.79,11046.29,31
4981,2025-10-01,111,Electronics,73137.46,10288.12,36
4982,2025-10-01,111,Home & Kitchen,78069.63,14868.13,42
4983,2025-10-01,111,Fashion,80734.89,17500.82,54
4984,2025-10-01,111,Beauty & Personal Care,74250.2,13831.59,59
4985,2025-10-01,111,Grocery & FMCG,65497.45,9924.45,52
4986,2025-10-01,111,Sports & Lifestyle,33955.99,4912.8,42
4987,2025-10-01,112,Electronics,79330.27,13897.6,55
4988,2025-10-01,112,Home & Kitchen,63237.22,16581.66,26
4989,2025-10-01,112,Fashion,88268.99,18335.32,44
4990,2025-10-01,112,Beauty & Personal Care,62200.53,12822.1,33
4991,2025-10-01,112,Grocery & FMCG,56451.24,16678.49,38
4992,2025-10-01,112,Sports & Lifestyle,40011.0,9347.07,20
4993,2025-10-01,113,Electronics,75304.86,11069.62,78
4994,2025-10-01,113,Home & Kitchen,78268.95,21836.39,55
4995,2025-10-01,113,Fashion,85507.43,20942.5,40
4996,2025-10-01,113,Beauty & Personal Care,64878.27,17357.23,28
4997,2025-10-01,113,Grocery & FMCG,80659.37,14618.68,35
4998,2025-10-01,113,Sports & Lifestyle,35736.53,5452.92,20
4999,2025-10-01,114,Electronics,89421.4,26070.69,40
5000,2025-10-01,114,Home & Kitchen,76984.08,20388.63,46
5001,2025-10-01,114,Fashion,77749.59,23208.9,34
5002,2025-10-01,114,Beauty & Personal Care,65325.65,9413.5,34
5003,2025-10-01,114,Grocery & FMCG,70730.69,10464.47,33
5004,2025-10-01,114,Sports & Lifestyle,35224.5,7713.73,32
5005,2025-10-01,115,Electronics,40886.1,9810.94,20
5006,2025-10-01,115,Home & Kitchen,33930.42,6478.62,23
5007,2025-10-01,115,Fashion,34273.16,7926.63,20
5008,2025-10-01,115,Beauty & Personal Care,30386.15,7129.0,20
5009,2025-10-01,115,Grocery & FMCG,32800.6,8597.63,25
5010,2025-10-01,115,Sports & Lifestyle,19011.31,5108.55,20
5011,2025-10-01,116,Electronics,85236.59,22821.71,80
5012,2025-10-01,116,Home & Kitchen,85091.96,22155.47,59
5013,2025-10-01,116,Fashion,83912.42,13810.73,68
5014,2025-10-01,116,Beauty & Personal Care,65472.75,18914.72,32
5015,2025-10-01,116,Grocery & FMCG,65757.43,15884.39,28
5016,2025-10-01,116,Sports & Lifestyle,43113.61,7334.32,20
5017,2025-10-01,117,Electronics,91736.55,26635.18,53
5018,2025-10-01,117,Home & Kitchen,74311.02,17706.26,48
5019,2025-10-01,117,Fashion,76039.98,17199.47,31
5020,2025-10-01,117,Beauty & Personal Care,65440.8,9480.86,26
5021,2025-10-01,117,Grocery & FMCG,80918.48,23415.79,33
5022,2025-10-01,117,Sports & Lifestyle,39278.3,10090.99,20
5023,2025-10-01,118,Electronics,29875.75,5592.08,20
5024,2025-10-01,118,Home & Kitchen,25174.0,5203.98,20
5025,2025-10-01,118,Fashion,29369.39,7544.98,20
5026,2025-10-01,118,Beauty & Personal Care,23633.34,6862.78,20
5027,2025-10-01,118,Grocery & FMCG,28798.24,6315.9,20
5028,2025-10-01,118,Sports & Lifestyle,16328.23,4722.35,20
5029,2025-10-01,119,Electronics,56935.52,12864.57,46
5030,2025-10-01,119,Home & Kitchen,43369.5,12756.26,33
5031,2025-10-01,119,Fashion,57831.03,16999.18,31
5032,2025-10-01,119,Beauty & Personal Care,44841.18,7819.44,32
5033,2025-10-01,119,Grocery & FMCG,48534.54,8927.9,24
5034,2025-10-01,119,Sports & Lifestyle,28323.34,7257.46,22
5035,2025-10-01,120,Electronics,38726.34,10174.58,20
5036,2025-10-01,120,Home & Kitchen,35018.49,6463.2,20
5037,2025-10-01,120,Fashion,38660.57,6585.88,46
5038,2025-10-01,120,Beauty & Personal Care,31680.39,7353.9,27
5039,2025-10-01,120,Grocery & FMCG,31200.05,6831.02,20
5040,2025-10-01,120,Sports & Lifestyle,20107.9,5751.5,20
5041,2025-11-01,1,Electronics,103571.89,15246.89,66
5042,2025-11-01,1,Home & Kitchen,72607.82,20022.99,59
5043,2025-11-01,1,Fashion,77974.07,13377.42,34
5044,2025-11-01,1,Beauty & Personal Care,74396.3,16148.23,29
5045,2025-11-01,1,Grocery & FMCG,75588.71,16243.3,33
5046,2025-11-01,1,Sports & Lifestyle,53559.76,14810.54,25
5047,2025-11-01,2,Electronics,74445.46,16369.5,29
5048,2025-11-01,2,Home & Kitchen,58486.87,16045.56,26
5049,2025-11-01,2,Fashion,82844.07,13270.37,44
5050,2025-11-01,2,Beauty & Personal Care,53116.0,12202.83,54
5051,2025-11-01,2,Grocery & FMCG,55646.24,9092.2,29
5052,2025-11-01,2,Sports & Lifestyle,36129.44,9840.92,24
5053,2025-11-01,3,Electronics,73238.15,14391.41,55
5054,2025-11-01,3,Home & Kitchen,73432.12,10659.72,60
5055,2025-11-01,3,Fashion,92682.1,14665.88,47
5056,2025-11-01,3,Beauty & Personal Care,55809.6,15781.66,68
5057,2025-11-01,3,Grocery & FMCG,79431.0,16770.08,35
5058,2025-11-01,3,Sports & Lifestyle,39171.9,8361.62,48
5059,2025-11-01,4,Electronics,69852.21,15294.67,61
5060,2025-11-01,4,Home & Kitchen,66259.41,11624.42,47
5061,2025-11-01,4,Fashion,66759.03,17274.81,45
5062,2025-11-01,4,Beauty & Personal Care,54690.41,12643.77,38
5063,2025-11-01,4,Grocery & FMCG,52936.55,11658.42,41
5064,2025-11-01,4,Sports & Lifestyle,37802.94,9952.09,23
5065,2025-11-01,5,Electronics,69124.75,17902.64,37
5066,2025-11-01,5,Home & Kitchen,58109.92,15619.97,37
5067,2025-11-01,5,Fashion,80760.76,23006.47,53
5068,2025-11-01,5,Beauty & Personal Care,60007.14,8607.12,72
5069,2025-11-01,5,Grocery & FMCG,58540.52,11473.07,39
5070,2025-11-01,5,Sports & Lifestyle,36133.75,6575.3,28
5071,2025-11-01,6,Electronics,42450.09,11829.01,34
5072,2025-11-01,6,Home & Kitchen,43158.69,12739.69,36
5073,2025-11-01,6,Fashion,43362.86,9441.88,20
5074,2025-11-01,6,Beauty & Personal Care,42865.59,12697.95,22
5075,2025-11-01,6,Grocery & FMCG,34271.53,8415.65,20
5076,2025-11-01,6,Sports & Lifestyle,21525.62,5246.18,20
5077,2025-11-01,7,Electronics,54713.24,12541.82,24
5078,2025-11-01,7,Home & Kitchen,53640.33,15050.88,41
5079,2025-11-01,7,Fashion,55717.36,13251.96,24
5080,2025-11-01,7,Beauty & Personal Care,50070.21,14809.35,40
5081,2025-11-01,7,Grocery & FMCG,51555.31,8121.3,24
5082,2025-11-01,7,Sports & Lifestyle,30126.56,4337.17,28
5083,2025-11-01,8,Electronics,67714.64,15269.54,53
5084,2025-11-01,8,Home & Kitchen,59688.73,10370.7,38
5085,2025-11-01,8,Fashion,85308.89,21655.13,41
5086,2025-11-01,8,Beauty & Personal Care,62169.63,9545.88,25
5087,2025-11-01,8,Grocery & FMCG,67837.84,17494.85,56
5088,2025-11-01,8,Sports & Lifestyle,34793.62,7309.83,35
5089,2025-11-01,9,Electronics,86654.12,18725.4,102
5090,2025-11-01,9,Home & Kitchen,76029.54,21511.89,74
5091,2025-11-01,9,Fashion,72658.95,12701.96,54
5092,2025-11-01,9,Beauty & Personal Care,67963.96,10065.83,50
5093,2025-11-01,9,Grocery & FMCG,78819.88,21872.19,54
5094,2025-11-01,9,Sports & Lifestyle,41346.89,8178.21,20
5095,2025-11-01,10,Electronics,81719.63,23761.01,35
5096,2025-11-01,10,Home & Kitchen,74644.26,17239.35,47
5097,2025-11-01,10,Fashion,75515.33,18313.16,30
5098,2025-11-01,10,Beauty & Personal Care,75727.61,12238.84,41
5099,2025-11-01,10,Grocery & FMCG,85150.28,14425.86,52
5100,2025-11-01,10,Sports & Lifestyle,39944.96,10319.59,31
5101,2025-11-01,11,Electronics,67428.35,11218.81,73
5102,2025-11-01,11,Home & Kitchen,55010.29,15799.29,36
5103,2025-11-01,11,Fashion,57846.22,10066.79,23
5104,2025-11-01,11,Beauty & Personal Care,55566.57,9427.96,59
5105,2025-11-01,11,Grocery & FMCG,51153.38,8157.12,24
5106,2025-11-01,11,Sports & Lifestyle,31407.2,4449.49,20
5107,2025-11-01,12,Electronics,50649.0,9553.57,23
5108,2025-11-01,12,Home & Kitchen,78684.82,15680.77,41
5109,2025-11-01,12,Fashion,55427.77,11834.0,23
5110,2025-11-01,12,Beauty & Personal Care,54792.41,13836.92,47
5111,2025-11-01,12,Grocery & FMCG,54358.42,13521.16,29
5112,2025-11-01,12,Sports & Lifestyle,41121.33,11097.78,43
5113,2025-11-01,13,Electronics,54399.93,8136.02,26
5114,2025-11-01,13,Home & Kitchen,57929.43,14179.33,70
5115,2025-11-01,13,Fashion,72278.17,17604.8,85
5116,2025-11-01,13,Beauty & Personal Care,59941.2,14626.42,26
5117,2025-11-01,13,Grocery & FMCG,59098.68,9331.63,27
5118,2025-11-01,13,Sports & Lifestyle,28711.17,5236.82,20
5119,2025-11-01,14,Electronics,80585.65,18739.84,48
5120,2025-11-01,14,Home & Kitchen,77759.13,21416.85,61
5121,2025-11-01,14,Fashion,90550.68,19417.9,39
5122,2025-11-01,14,Beauty & Personal Care,59078.73,8708.2,26
5123,2025-11-01,14,Grocery & FMCG,72596.4,10341.8,77
5124,2025-11-01,14,Sports & Lifestyle,43988.08,7679.4,34
5125,2025-11-01,15,Electronics,60660.35,16263.59,48
5126,2025-11-01,15,Home & Kitchen,69399.68,9742.21,35
5127,2025-11-01,15,Fashion,68266.49,10600.34,46
5128,2025-11-01,15,Beauty & Personal Care,47187.08,11046.14,24
5129,2025-11-01,15,Grocery & FMCG,55828.92,12405.5,38
5130,2025-11-01,15,Sports & Lifestyle,38430.57,9714.36,20
5131,2025-11-01,16,Electronics,72940.72,15802.36,34
5132,2025-11-01,16,Home & Kitchen,75838.03,21660.74,59
5133,2025-11-01,16,Fashion,82852.58,21082.68,50
5134,2025-11-01,16,Beauty & Personal Care,62291.79,10362.65,30
5135,2025-11-01,16,Grocery & FMCG,69071.39,9924.22,27
5136,2025-11-01,16,Sports & Lifestyle,47284.99,12325.55,21
5137,2025-11-01,17,Electronics,88138.12,15831.66,45
5138,2025-11-01,17,Home & Kitchen,70979.79,16021.93,52
5139,2025-11-01,17,Fashion,88841.09,13247.29,51
5140,2025-11-01,17,Beauty & Personal Care,64215.49,13216.11,47
5141,2025-11-01,17,Grocery & FMCG,88731.4,12876.58,70
5142,2025-11-01,17,Sports & Lifestyle,39644.69,7919.85,33
5143,2025-11-01,18,Electronics,37079.01,6531.22,29
5144,2025-11-01,18,Home & Kitchen,31293.34,8112.22,20
5145,2025-11-01,18,Fashion,37988.86,6543.67,20
5146,2025-11-01,18,Beauty & Personal Care,34316.72,7604.27,21
5147,2025-11-01,18,Grocery & FMCG,34469.27,7751.25,20
5148,2025-11-01,18,Sports & Lifestyle,19939.32,3346.92,20
5149,2025-11-01,19,Electronics,47982.85,10694.69,40
5150,2025-11-01,19,Home & Kitchen,46704.04,8987.6,30
5151,2025-11-01,19,Fashion,46667.93,7382.85,23
5152,2025-11-01,19,Beauty & Personal Care,37912.33,6860.69,25
5153,2025-11-01,19,Grocery & FMCG,42848.41,7330.23,20
5154,2025-11-01,19,Sports & Lifestyle,27443.23,4458.35,20
5155,2025-11-01,20,Electronics,55577.94,9662.32,22
5156,2025-11-01,20,Home & Kitchen,60273.07,14005.46,39
5157,2025-11-01,20,Fashion,61594.51,15469.64,27
5158,2025-11-01,20,Beauty & Personal Care,47735.74,9646.1,37
5159,2025-11-01,20,Grocery & FMCG,56010.68,12283.09,42
5160,2025-11-01,20,Sports & Lifestyle,29564.18,4750.7,29
5161,2025-11-01,21,Electronics,75731.92,11212.76,38
5162,2025-11-01,21,Home & Kitchen,88433.94,25063.64,52
5163,2025-11-01,21,Fashion,91211.87,15317.05,49
5164,2025-11-01,21,Beauty & Personal Care,70587.42,17316.36,41
5165,2025-11-01,21,Grocery & FMCG,88927.72,17843.22,109
5166,2025-11-01,21,Sports & Lifestyle,43565.13,9275.38,20
5167,2025-11-01,22,Electronics,96166.6,24364.22,63
5168,2025-11-01,22,Home & Kitchen,85175.71,22183.68,87
5169,2025-11-01,22,Fashion,76640.82,19047.12,67
5170,2025-11-01,22,Beauty & Personal Care,77933.59,19498.93,31
5171,2025-11-01,22,Grocery & FMCG,79171.27,16926.36,32
5172,2025-11-01,22,Sports & Lifestyle,42955.22,8835.86,24
5173,2025-11-01,23,Electronics,68281.08,20197.13,71
5174,2025-11-01,23,Home & Kitchen,63826.03,18387.35,35
5175,2025-11-01,23,Fashion,72072.3,18180.05,44
5176,2025-11-01,23,Beauty & Personal Care,57304.71,16398.15,23
5177,2025-11-01,23,Grocery & FMCG,57683.81,12806.37,52
5178,2025-11-01,23,Sports & Lifestyle,38629.38,7063.82,20
5179,2025-11-01,24,Electronics,68334.65,10290.0,33
5180,2025-11-01,24,Home & Kitchen,65078.34,13574.53,56
5181,2025-11-01,24,Fashion,74847.31,19464.34,37
5182,2025-11-01,24,Beauty & Personal Care,57249.2,13287.74,24
5183,2025-11-01,24,Grocery & FMCG,64073.81,11416.4,52
5184,2025-11-01,24,Sports & Lifestyle,42045.41,11632.51,27
5185,2025-11-01,25,Electronics,75544.71,13119.92,44
5186,2025-11-01,25,Home & Kitchen,76760.52,18303.24,34
5187,2025-11-01,25,Fashion,98802.05,18642.94,80
5188,2025-11-01,25,Beauty & Personal Care,62501.85,12925.74,29
5189,2025-11-01,25,Grocery & FMCG,71680.67,14982.31,62
5190,2025-11-01,25,Sports & Lifestyle,37313.4,9958.13,21
5191,2025-11-01,26,Electronics,59934.71,17397.13,35
5192,2025-11-01,26,Home & Kitchen,47424.59,9149.01,50
5193,2025-11-01,26,Fashion,62109.83,10304.1,37
5194,2025-11-01,26,Beauty & Personal Care,50302.18,8437.13,22
5195,2025-11-01,26,Grocery & FMCG,45567.01,10705.2,20
5196,2025-11-01,26,Sports & Lifestyle,28785.32,8612.27,20
5197,2025-11-01,27,Electronics,55378.24,15245.56,48
5198,2025-11-01,27,Home & Kitchen,64902.85,13169.21,39
5199,2025-11-01,27,Fashion,72570.15,13694.18,29
5200,2025-11-01,27,Beauty & Personal Care,59013.46,15881.64,36
5201,2025-11-01,27,Grocery & FMCG,61488.76,10868.8,40
5202,2025-11-01,27,Sports & Lifestyle,32626.95,7270.01,20
5203,2025-11-01,28,Electronics,70771.31,13138.07,43
5204,2025-11-01,28,Home & Kitchen,72918.1,21872.71,36
5205,2025-11-01,28,Fashion,89201.04,21305.19,49
5206,2025-11-01,28,Beauty & Personal Care,67475.79,18627.62,35
5207,2025-11-01,28,Grocery & FMCG,71524.35,15176.94,39
5208,2025-11-01,28,Sports & Lifestyle,47807.36,13963.05,32
5209,2025-11-01,29,Electronics,87375.88,19432.55,73
5210,2025-11-01,29,Home & Kitchen,85189.8,13190.53,38
5211,2025-11-01,29,Fashion,101544.27,27226.72,66
5212,2025-11-01,29,Beauty & Personal Care,70594.49,17849.9,45
5213,2025-11-01,29,Grocery & FMCG,79167.33,20777.31,47
5214,2025-11-01,29,Sports & Lifestyle,42202.49,8651.08,20
5215,2025-11-01,30,Electronics,61308.9,14558.24,49
5216,2025-11-01,30,Home & Kitchen,85848.26,14814.84,53
5217,2025-11-01,30,Fashion,61993.7,16801.84,47
5218,2025-11-01,30,Beauty & Personal Care,64018.01,17383.06,28
5219,2025-11-01,30,Grocery & FMCG,56922.79,8080.46,37
5220,2025-11-01,30,Sports & Lifestyle,43561.04,12765.13,45
5221,2025-11-01,31,Electronics,43823.5,8976.99,20
5222,2025-11-01,31,Home & Kitchen,39847.31,7002.67,20
5223,2025-11-01,31,Fashion,33927.96,8735.01,40
5224,2025-11-01,31,Beauty & Personal Care,34650.6,6625.6,21
5225,2025-11-01,31,Grocery & FMCG,44394.1,13038.87,34
5226,2025-11-01,31,Sports & Lifestyle,25887.93,6364.0,20
5227,2025-11-01,32,Electronics,46633.85,13408.28,53
5228,2025-11-01,32,Home & Kitchen,42478.13,8780.8,37
5229,2025-11-01,32,Fashion,53518.31,10458.15,43
5230,2025-11-01,32,Beauty & Personal Care,47513.11,11759.82,20
5231,2025-11-01,32,Grocery & FMCG,60784.99,15089.84,57
5232,2025-11-01,32,Sports & Lifestyle,27222.14,5882.83,28
5233,2025-11-01,33,Electronics,81094.48,22732.48,33
5234,2025-11-01,33,Home & Kitchen,82337.01,13257.55,33
5235,2025-11-01,33,Fashion,87931.0,24164.47,44
5236,2025-11-01,33,Beauty & Personal Care,64454.75,12899.29,27
5237,2025-11-01,33,Grocery & FMCG,56515.18,14665.1,25
5238,2025-11-01,33,Sports & Lifestyle,39817.33,8934.79,25
5239,2025-11-01,34,Electronics,35684.31,7309.66,24
5240,2025-11-01,34,Home & Kitchen,36472.88,6588.75,35
5241,2025-11-01,34,Fashion,41976.03,9704.42,20
5242,2025-11-01,34,Beauty & Personal Care,29029.01,7622.61,20
5243,2025-11-01,34,Grocery & FMCG,45547.01,6548.53,20
5244,2025-11-01,34,Sports & Lifestyle,24162.08,6017.52,20
5245,2025-11-01,35,Electronics,82806.23,21104.97,51
5246,2025-11-01,35,Home & Kitchen,71451.2,18124.7,29
5247,2025-11-01,35,Fashion,57481.69,17238.75,55
5248,2025-11-01,35,Beauty & Personal Care,68772.0,18927.03,64
5249,2025-11-01,35,Grocery & FMCG,69374.16,13555.65,80
5250,2025-11-01,35,Sports & Lifestyle,29410.57,6949.26,20
5251,2025-11-01,36,Electronics,43501.17,10559.07,20
5252,2025-11-01,36,Home & Kitchen,46713.85,12921.14,44
5253,2025-11-01,36,Fashion,47956.98,12038.63,41
5254,2025-11-01,36,Beauty & Personal Care,31630.16,4613.02,23
5255,2025-11-01,36,Grocery & FMCG,35676.08,6762.87,20
5256,2025-11-01,36,Sports & Lifestyle,22661.66,6271.47,20
5257,2025-11-01,37,Electronics,74749.31,12342.2,32
5258,2025-11-01,37,Home & Kitchen,67706.16,19630.4,34
5259,2025-11-01,37,Fashion,76526.29,11942.24,50
5260,2025-11-01,37,Beauty & Personal Care,63677.91,8971.36,63
5261,2025-11-01,37,Grocery & FMCG,68262.15,18925.25,37
5262,2025-11-01,37,Sports & Lifestyle,39671.05,9960.97,22
5263,2025-11-01,38,Electronics,85950.77,18530.61,44
5264,2025-11-01,38,Home & Kitchen,79168.71,19827.21,47
5265,2025-11-01,38,Fashion,92586.7,25898.19,53
5266,2025-11-01,38,Beauty & Personal Care,69208.41,16721.62,49
5267,2025-11-01,38,Grocery & FMCG,77326.01,21963.36,86
5268,2025-11-01,38,Sports & Lifestyle,37883.47,10280.76,20
5269,2025-11-01,39,Electronics,82425.38,14501.1,53
5270,2025-11-01,39,Home & Kitchen,83298.09,11857.43,77
5271,2025-11-01,39,Fashion,76801.21,18923.26,38
5272,2025-11-01,39,Beauty & Personal Care,66277.61,12540.33,31
5273,2025-11-01,39,Grocery & FMCG,68259.21,14772.91,44
5274,2025-11-01,39,Sports & Lifestyle,47445.44,7741.54,46
5275,2025-11-01,40,Electronics,69202.36,18846.43,48
5276,2025-11-01,40,Home & Kitchen,55654.79,8556.56,39
5277,2025-11-01,40,Fashion,66506.53,10775.11,37
5278,2025-11-01,40,Beauty & Personal Care,59883.16,12229.83,24
5279,2025-11-01,40,Grocery & FMCG,63583.14,15715.49,40
5280,2025-11-01,40,Sports & Lifestyle,40643.97,7297.62,20
5281,2025-11-01,41,Electronics,41380.31,10056.31,27
5282,2025-11-01,41,Home & Kitchen,43578.52,8486.7,27
5283,2025-11-01,41,Fashion,52768.61,8177.55,21
5284,2025-11-01,41,Beauty & Personal Care,41964.22,7566.63,29
5285,2025-11-01,41,Grocery & FMCG,35662.41,7461.33,24
5286,2025-11-01,41,Sports & Lifestyle,22592.32,3758.34,20
5287,2025-11-01,42,Electronics,68853.69,9693.41,57
5288,2025-11-01,42,Home & Kitchen,68881.54,9769.5,46
5289,2025-11-01,42,Fashion,93787.19,24951.39,39
5290,2025-11-01,42,Beauty & Personal Care,65151.91,18838.0,70
5291,2025-11-01,42,Grocery & FMCG,61027.72,16315.91,47
5292,2025-11-01,42,Sports & Lifestyle,46591.53,11249.59,25
5293,2025-11-01,43,Electronics,80332.65,14882.29,60
5294,2025-11-01,43,Home & Kitchen,69037.17,13402.9,56
5295,2025-11-01,43,Fashion,84685.31,12615.31,56
5296,2025-11-01,43,Beauty & Personal Care,65053.0,14578.11,77
5297,2025-11-01,43,Grocery & FMCG,63618.25,16954.14,39
5298,2025-11-01,43,Sports & Lifestyle,34450.61,9770.98,20
5299,2025-11-01,44,Electronics,83351.2,24366.81,54
5300,2025-11-01,44,Home & Kitchen,92227.85,13145.41,39
5301,2025-11-01,44,Fashion,102726.66,23261.54,44
5302,2025-11-01,44,Beauty & Personal Care,73432.31,16162.98,62
5303,2025-11-01,44,Grocery & FMCG,83780.58,14482.7,34
5304,2025-11-01,44,Sports & Lifestyle,45583.51,7620.84,37
5305,2025-11-01,45,Electronics,56615.87,13056.59,29
5306,2025-11-01,45,Home & Kitchen,57542.1,13293.07,30
5307,2025-11-01,45,Fashion,63626.03,10233.74,30
5308,2025-11-01,45,Beauty & Personal Care,48107.25,12823.96,57
5309,2025-11-01,45,Grocery & FMCG,50732.93,11148.84,26
5310,2025-11-01,45,Sports & Lifestyle,29600.55,8231.14,20
5311,2025-11-01,46,Electronics,86397.21,15206.36,36
5312,2025-11-01,46,Home & Kitchen,85556.99,19568.99,76
5313,2025-11-01,46,Fashion,92778.88,27642.64,44
5314,2025-11-01,46,Beauty & Personal Care,78243.12,15340.3,48
5315,2025-11-01,46,Grocery & FMCG,74646.31,17232.2,36
5316,2025-11-01,46,Sports & Lifestyle,55722.92,8823.04,59
5317,2025-11-01,47,Electronics,88866.9,17410.36,61
5318,2025-11-01,47,Home & Kitchen,68164.29,14670.23,50
5319,2025-11-01,47,Fashion,67783.47,11969.14,51
5320,2025-11-01,47,Beauty & Personal Care,76352.9,15848.84,38
5321,2025-11-01,47,Grocery & FMCG,83616.41,24823.99,37
5322,2025-11-01,47,Sports & Lifestyle,43965.34,12559.99,51
5323,2025-11-01,48,Electronics,97570.07,28787.16,108
5324,2025-11-01,48,Home & Kitchen,101887.35,28111.66,57
5325,2025-11-01,48,Fashion,87346.55,15669.24,85
5326,2025-11-01,48,Beauty & Personal Care,73385.14,10739.93,79
5327,2025-11-01,48,Grocery & FMCG,80792.91,13939.92,58
5328,2025-11-01,48,Sports & Lifestyle,50241.22,8681.79,42
5329,2025-11-01,49,Electronics,107716.16,26931.82,49
5330,2025-11-01,49,Home & Kitchen,78650.33,22083.11,33
5331,2025-11-01,49,Fashion,95072.48,15892.1,61
5332,2025-11-01,49,Beauty & Personal Care,72972.96,12194.38,91
5333,2025-11-01,49,Grocery & FMCG,81746.04,23452.93,39
5334,2025-11-01,49,Sports & Lifestyle,51613.99,13554.22,22
5335,2025-11-01,50,Electronics,43319.11,8494.52,21
5336,2025-11-01,50,Home & Kitchen,45143.65,13138.94,30
5337,2025-11-01,50,Fashion,47364.29,9093.03,21
5338,2025-11-01,50,Beauty & Personal Care,36411.73,10709.56,26
5339,2025-11-01,50,Grocery & FMCG,41639.39,7454.52,36
5340,2025-11-01,50,Sports & Lifestyle,28004.53,7675.42,20
5341,2025-11-01,51,Electronics,100131.25,23100.09,47
5342,2025-11-01,51,Home & Kitchen,87784.6,23436.61,103
5343,2025-11-01,51,Fashion,98415.51,15101.94,54
5344,2025-11-01,51,Beauty & Personal Care,81981.31,13594.4,41
5345,2025-11-01,51,Grocery & FMCG,73763.06,12280.38,39
5346,2025-11-01,51,Sports & Lifestyle,42601.06,7120.94,40
5347,2025-11-01,52,Electronics,82022.54,15799.01,46
5348,2025-11-01,52,Home & Kitchen,87479.39,17280.76,47
5349,2025-11-01,52,Fashion,102671.85,28709.54,43
5350,2025-11-01,52,Beauty & Personal Care,69442.03,18331.03,35
5351,2025-11-01,52,Grocery & FMCG,68214.54,16416.85,45
5352,2025-11-01,52,Sports & Lifestyle,44348.68,7902.44,29
5353,2025-11-01,53,Electronics,71823.06,11051.64,33
5354,2025-11-01,53,Home & Kitchen,74601.17,18513.22,88
5355,2025-11-01,53,Fashion,77785.79,20669.0,38
5356,2025-11-01,53,Beauty & Personal Care,48528.77,6797.85,51
5357,2025-11-01,53,Grocery & FMCG,55739.8,13496.75,34
5358,2025-11-01,53,Sports & Lifestyle,34590.75,7318.66,20
5359,2025-11-01,54,Electronics,39175.68,8127.99,40
5360,2025-11-01,54,Home & Kitchen,36704.87,6129.39,21
5361,2025-11-01,54,Fashion,36160.89,7192.82,23
5362,2025-11-01,54,Beauty & Personal Care,34875.12,5221.09,20
5363,2025-11-01,54,Grocery & FMCG,38149.76,9344.21,20
5364,2025-11-01,54,Sports & Lifestyle,20141.34,5497.61,20
5365,2025-11-01,55,Electronics,80966.15,13196.52,41
5366,2025-11-01,55,Home & Kitchen,84918.55,21672.19,75
5367,2025-11-01,55,Fashion,94592.98,17256.98,72
5368,2025-11-01,55,Beauty & Personal Care,70732.85,16836.55,40
5369,2025-11-01,55,Grocery & FMCG,81052.85,20557.82,34
5370,2025-11-01,55,Sports & Lifestyle,42822.17,7499.26,38
5371,2025-11-01,56,Electronics,60893.29,17309.79,32
5372,2025-11-01,56,Home & Kitchen,43943.62,10978.08,33
5373,2025-11-01,56,Fashion,51130.76,9545.11,24
5374,2025-11-01,56,Beauty & Personal Care,44549.89,10036.39,25
5375,2025-11-01,56,Grocery & FMCG,50367.62,10314.43,35
5376,2025-11-01,56,Sports & Lifestyle,29318.46,6993.49,20
5377,2025-11-01,57,Electronics,57960.25,13401.28,32
5378,2025-11-01,57,Home & Kitchen,58725.32,10545.33,72
5379,2025-11-01,57,Fashion,75716.13,17164.05,48
5380,2025-11-01,57,Beauty & Personal Care,65105.55,12078.88,30
5381,2025-11-01,57,Grocery & FMCG,54615.62,15275.32,47
5382,2025-11-01,57,Sports & Lifestyle,42245.85,9002.99,34
5383,2025-11-01,58,Electronics,47344.51,10007.49,52
5384,2025-11-01,58,Home & Kitchen,54076.25,14567.49,39
5385,2025-11-01,58,Fashion,53317.88,9867.65,35
5386,2025-11-01,58,Beauty & Personal Care,42469.43,8761.01,20
5387,2025-11-01,58,Grocery & FMCG,50497.83,7310.18,57
5388,2025-11-01,58,Sports & Lifestyle,26700.43,6482.44,20
5389,2025-11-01,59,Electronics,64999.08,11272.38,28
5390,2025-11-01,59,Home & Kitchen,58285.95,9831.33,32
5391,2025-11-01,59,Fashion,72273.65,19002.66,70
5392,2025-11-01,59,Beauty & Personal Care,58817.14,16554.8,25
5393,2025-11-01,59,Grocery & FMCG,52219.97,10182.11,22
5394,2025-11-01,59,Sports & Lifestyle,32935.1,9676.95,20
5395,2025-11-01,60,Electronics,56815.51,10139.75,48
5396,2025-11-01,60,Home & Kitchen,53054.46,11984.82,65
5397,2025-11-01,60,Fashion,65899.9,18460.37,38
5398,2025-11-01,60,Beauty & Personal Care,52208.92,15404.22,26
5399,2025-11-01,60,Grocery & FMCG,49364.92,14163.72,21
5400,2025-11-01,60,Sports & Lifestyle,28787.08,6270.48,20
5401,2025-11-01,61,Electronics,63982.57,9670.95,63
5402,2025-11-01,61,Home & Kitchen,61607.19,9693.19,27
5403,2025-11-01,61,Fashion,67801.38,18206.47,61
5404,2025-11-01,61,Beauty & Personal Care,57228.19,12827.35,32
5405,2025-11-01,61,Grocery & FMCG,65744.25,18028.08,29
5406,2025-11-01,61,Sports & Lifestyle,38726.3,5904.7,46
5407,2025-11-01,62,Electronics,94939.37,21965.91,67
5408,2025-11-01,62,Home & Kitchen,79783.95,23153.44,44
5409,2025-11-01,62,Fashion,84135.31,17681.85,57
5410,2025-11-01,62,Beauty & Personal Care,61177.62,11430.65,71
5411,2025-11-01,62,Grocery & FMCG,78190.79,19134.49,42
5412,2025-11-01,62,Sports & Lifestyle,44831.45,11077.56,25
5413,2025-11-01,63,Electronics,81559.06,22649.38,74
5414,2025-11-01,63,Home & Kitchen,67489.85,16547.83,47
5415,2025-11-01,63,Fashion,84732.01,19031.49,76
5416,2025-11-01,63,Beauty & Personal Care,67149.91,17215.76,49
5417,2025-11-01,63,Grocery & FMCG,61901.5,9950.93,47
5418,2025-11-01,63,Sports & Lifestyle,43778.53,9508.0,21
5419,2025-11-01,64,Electronics,52750.21,15638.76,40
5420,2025-11-01,64,Home & Kitchen,58549.01,10596.1,47
5421,2025-11-01,64,Fashion,56981.35,14798.16,27
5422,2025-11-01,64,Beauty & Personal Care,45823.95,9919.02,53
5423,2025-11-01,64,Grocery & FMCG,53717.95,12753.38,46
5424,2025-11-01,64,Sports & Lifestyle,31734.37,6406.47,22
5425,2025-11-01,65,Electronics,66991.79,16115.86,54
5426,2025-11-01,65,Home & Kitchen,72098.63,19322.29,32
5427,2025-11-01,65,Fashion,93238.72,13090.94,41
5428,2025-11-01,65,Beauty & Personal Care,60700.15,17155.66,50
5429,2025-11-01,65,Grocery & FMCG,66999.34,14587.12,35
5430,2025-11-01,65,Sports & Lifestyle,49447.84,7414.78,22
5431,2025-11-01,66,Electronics,78755.74,19345.35,65
5432,2025-11-01,66,Home & Kitchen,54540.05,11594.84,25
5433,2025-11-01,66,Fashion,73375.72,15613.03,75
5434,2025-11-01,66,Beauty & Personal Care,59306.93,13399.75,59
5435,2025-11-01,66,Grocery & FMCG,66220.04,19159.23,36
5436,2025-11-01,66,Sports & Lifestyle,39541.62,10556.36,20
5437,2025-11-01,67,Electronics,76568.91,19521.82,31
5438,2025-11-01,67,Home & Kitchen,74438.65,19178.2,49
5439,2025-11-01,67,Fashion,81359.15,15030.42,63
5440,2025-11-01,67,Beauty & Personal Care,58285.84,12390.05,52
5441,2025-11-01,67,Grocery & FMCG,67574.9,16696.82,51
5442,2025-11-01,67,Sports & Lifestyle,45601.16,8653.61,27
5443,2025-11-01,68,Electronics,40983.85,7568.03,31
5444,2025-11-01,68,Home & Kitchen,38505.81,8119.57,23
5445,2025-11-01,68,Fashion,43669.0,8057.74,26
5446,2025-11-01,68,Beauty & Personal Care,36195.71,6402.95,26
5447,2025-11-01,68,Grocery & FMCG,46771.21,10813.35,38
5448,2025-11-01,68,Sports & Lifestyle,27026.86,4938.69,23
5449,2025-11-01,69,Electronics,52470.03,12484.14,21
5450,2025-11-01,69,Home & Kitchen,58946.52,12485.43,50
5451,2025-11-01,69,Fashion,75787.74,21931.64,65
5452,2025-11-01,69,Beauty & Personal Care,48463.28,8604.83,45
5453,2025-11-01,69,Grocery & FMCG,61057.33,9323.22,40
5454,2025-11-01,69,Sports & Lifestyle,36442.28,6776.97,32
5455,2025-11-01,70,Electronics,61928.02,15863.07,34
5456,2025-11-01,70,Home & Kitchen,64688.23,15958.28,36
5457,2025-11-01,70,Fashion,64587.65,15999.21,43
5458,2025-11-01,70,Beauty & Personal Care,52234.4,14504.82,23
5459,2025-11-01,70,Grocery & FMCG,66573.29,11892.15,54
5460,2025-11-01,70,Sports & Lifestyle,38636.9,9209.32,20
5461,2025-11-01,71,Electronics,60508.93,11965.07,53
5462,2025-11-01,71,Home & Kitchen,49699.05,11289.05,45
5463,2025-11-01,71,Fashion,55026.64,9272.06,39
5464,2025-11-01,71,Beauty & Personal Care,46223.52,8982.38,27
5465,2025-11-01,71,Grocery & FMCG,50508.81,9318.06,38
5466,2025-11-01,71,Sports & Lifestyle,31678.89,7495.25,20
5467,2025-11-01,72,Electronics,82509.62,15078.85,67
5468,2025-11-01,72,Home & Kitchen,85671.77,16418.93,85
5469,2025-11-01,72,Fashion,81666.83,12447.14,33
5470,2025-11-01,72,Beauty & Personal Care,69280.05,19006.44,52
5471,2025-11-01,72,Grocery & FMCG,70215.31,15271.3,35
5472,2025-11-01,72,Sports & Lifestyle,36486.92,9402.49,28
5473,2025-11-01,73,Electronics,70276.81,9903.4,79
5474,2025-11-01,73,Home & Kitchen,78739.58,22014.61,53
5475,2025-11-01,73,Fashion,77293.6,13386.57,31
5476,2025-11-01,73,Beauty & Personal Care,64724.2,11389.98,28
5477,2025-11-01,73,Grocery & FMCG,59746.33,11920.44,59
5478,2025-11-01,73,Sports & Lifestyle,42392.33,11850.31,22
5479,2025-11-01,74,Electronics,48065.1,9656.78,34
5480,2025-11-01,74,Home & Kitchen,72424.87,18212.23,30
5481,2025-11-01,74,Fashion,89290.28,23976.64,55
5482,2025-11-01,74,Beauty & Personal Care,66601.7,14492.24,41
5483,2025-11-01,74,Grocery & FMCG,63152.89,12472.61,58
5484,2025-11-01,74,Sports & Lifestyle,35434.97,7814.51,21
5485,2025-11-01,75,Electronics,77614.55,15253.7,45
5486,2025-11-01,75,Home & Kitchen,81826.62,16394.61,55
5487,2025-11-01,75,Fashion,89001.04,26176.51,96
5488,2025-11-01,75,Beauty & Personal Care,63667.13,14949.31,47
5489,2025-11-01,75,Grocery & FMCG,62002.34,13238.37,27
5490,2025-11-01,75,Sports & Lifestyle,46149.46,8020.08,34
5491,2025-11-01,76,Electronics,66725.48,16791.82,42
5492,2025-11-01,76,Home & Kitchen,58357.07,11475.38,63
5493,2025-11-01,76,Fashion,55742.84,13026.87,23
5494,2025-11-01,76,Beauty & Personal Care,49555.96,7087.53,30
5495,2025-11-01,76,Grocery & FMCG,54807.21,12869.48,31
5496,2025-11-01,76,Sports & Lifestyle,32558.44,6743.4,20
5497,2025-11-01,77,Electronics,60440.46,16108.26,45
5498,2025-11-01,77,Home & Kitchen,59133.13,9528.44,24
5499,2025-11-01,77,Fashion,68750.82,16621.84,30
5500,2025-11-01,77,Beauty & Personal Care,40296.25,8352.84,24
5501,2025-11-01,77,Grocery & FMCG,59856.67,11592.02,64
5502,2025-11-01,77,Sports & Lifestyle,32840.25,5604.11,20
5503,2025-11-01,78,Electronics,54283.34,14672.21,29
5504,2025-11-01,78,Home & Kitchen,50935.72,9806.12,34
5505,2025-11-01,78,Fashion,57852.83,15787.64,60
5506,2025-11-01,78,Beauty & Personal Care,49700.85,13933.92,22
5507,2025-11-01,78,Grocery & FMCG,52635.54,15149.59,25
5508,2025-11-01,78,Sports & Lifestyle,27993.13,7826.35,22
5509,2025-11-01,79,Electronics,63750.53,13212.05,43
5510,2025-11-01,79,Home & Kitchen,56090.85,13231.41,33
5511,2025-11-01,79,Fashion,52150.44,15483.22,24
5512,2025-11-01,79,Beauty & Personal Care,48910.39,8641.37,21
5513,2025-11-01,79,Grocery & FMCG,58085.26,16160.04,24
5514,2025-11-01,79,Sports & Lifestyle,29684.46,6479.17,20
5515,2025-11-01,80,Electronics,67192.39,14636.23,67
5516,2025-11-01,80,Home & Kitchen,70874.41,20413.36,58
5517,2025-11-01,80,Fashion,65930.81,15799.78,42
5518,2025-11-01,80,Beauty & Personal Care,51544.91,7708.15,28
5519,2025-11-01,80,Grocery & FMCG,67763.66,19752.18,28
5520,2025-11-01,80,Sports & Lifestyle,36820.17,10671.48,28
5521,2025-11-01,81,Electronics,76198.92,18233.66,84
5522,2025-11-01,81,Home & Kitchen,65958.24,13739.14,35
5523,2025-11-01,81,Fashion,81956.43,15281.67,36
5524,2025-11-01,81,Beauty & Personal Care,65440.71,10032.88,32
5525,2025-11-01,81,Grocery & FMCG,64535.91,12949.43,29
5526,2025-11-01,81,Sports & Lifestyle,33599.79,7474.88,20
5527,2025-11-01,82,Electronics,94002.85,16587.36,63
5528,2025-11-01,82,Home & Kitchen,82211.23,12795.59,64
5529,2025-11-01,82,Fashion,77386.61,15758.46,31
5530,2025-11-01,82,Beauty & Personal Care,61859.4,15078.69,56
5531,2025-11-01,82,Grocery & FMCG,88304.97,14303.66,72
5532,2025-11-01,82,Sports & Lifestyle,47550.22,14015.22,27
5533,2025-11-01,83,Electronics,51891.16,12887.87,47
5534,2025-11-01,83,Home & Kitchen,46409.77,6939.75,31
5535,2025-11-01,83,Fashion,54338.44,14858.17,49
5536,2025-11-01,83,Beauty & Personal Care,45839.57,11121.94,20
5537,2025-11-01,83,Grocery & FMCG,46252.4,8735.71,20
5538,2025-11-01,83,Sports & Lifestyle,24385.21,6534.42,22
5539,2025-11-01,84,Electronics,71372.22,12304.82,52
5540,2025-11-01,84,Home & Kitchen,65949.45,10266.83,33
5541,2025-11-01,84,Fashion,69268.75,20238.28,47
5542,2025-11-01,84,Beauty & Personal Care,59417.7,10781.72,24
5543,2025-11-01,84,Grocery & FMCG,51095.41,10773.85,26
5544,2025-11-01,84,Sports & Lifestyle,40435.13,11574.08,20
5545,2025-11-01,85,Electronics,48464.43,10610.74,56
5546,2025-11-01,85,Home & Kitchen,54558.12,13063.23,25
5547,2025-11-01,85,Fashion,60009.18,8816.12,59
5548,2025-11-01,85,Beauty & Personal Care,44925.05,9099.14,43
5549,2025-11-01,85,Grocery & FMCG,57457.83,17071.11,24
5550,2025-11-01,85,Sports & Lifestyle,29488.8,6111.22,20
5551,2025-11-01,86,Electronics,54869.73,7863.77,35
5552,2025-11-01,86,Home & Kitchen,66380.34,12174.54,71
5553,2025-11-01,86,Fashion,46798.75,10446.32,34
5554,2025-11-01,86,Beauty & Personal Care,59256.71,9579.05,24
5555,2025-11-01,86,Grocery & FMCG,52016.28,13828.19,21
5556,2025-11-01,86,Sports & Lifestyle,33699.89,6407.26,20
5557,2025-11-01,87,Electronics,87462.37,22560.69,39
5558,2025-11-01,87,Home & Kitchen,79323.95,22760.63,76
5559,2025-11-01,87,Fashion,93605.38,25244.12,42
5560,2025-11-01,87,Beauty & Personal Care,73713.87,17482.36,30
5561,2025-11-01,87,Grocery & FMCG,68367.51,16951.89,40
5562,2025-11-01,87,Sports & Lifestyle,38094.2,6971.36,20
5563,2025-11-01,88,Electronics,101257.95,20820.79,46
5564,2025-11-01,88,Home & Kitchen,84200.98,18787.89,46
5565,2025-11-01,88,Fashion,83508.12,21088.0,33
5566,2025-11-01,88,Beauty & Personal Care,75495.42,15644.02,74
5567,2025-11-01,88,Grocery & FMCG,90056.29,20915.02,46
5568,2025-11-01,88,Sports & Lifestyle,54476.12,11703.72,41
5569,2025-11-01,89,Electronics,83544.79,17279.61,62
5570,2025-11-01,89,Home & Kitchen,79456.52,12703.62,52
5571,2025-11-01,89,Fashion,85314.5,20288.87,104
5572,2025-11-01,89,Beauty & Personal Care,58344.16,12691.19,50
5573,2025-11-01,89,Grocery & FMCG,72479.37,16753.48,51
5574,2025-11-01,89,Sports & Lifestyle,46794.79,9806.87,20
5575,2025-11-01,90,Electronics,65494.97,13656.06,61
5576,2025-11-01,90,Home & Kitchen,67270.83,15446.07,33
5577,2025-11-01,90,Fashion,68031.4,11840.89,31
5578,2025-11-01,90,Beauty & Personal Care,47393.55,8570.08,23
5579,2025-11-01,90,Grocery & FMCG,61938.28,9563.04,52
5580,2025-11-01,90,Sports & Lifestyle,38699.65,9321.84,32
5581,2025-11-01,91,Electronics,78343.43,19993.47,95
5582,2025-11-01,91,Home & Kitchen,74657.38,12907.47,47
5583,2025-11-01,91,Fashion,83079.13,14033.96,44
5584,2025-11-01,91,Beauty & Personal Care,62565.92,14067.13,35
5585,2025-11-01,91,Grocery & FMCG,79556.73,11647.91,40
5586,2025-11-01,91,Sports & Lifestyle,36864.14,6393.58,34
5587,2025-11-01,92,Electronics,46372.32,6736.17,24
5588,2025-11-01,92,Home & Kitchen,43620.88,7130.62,50
5589,2025-11-01,92,Fashion,39178.81,6695.52,20
5590,2025-11-01,92,Beauty & Personal Care,40767.51,9710.8,20
5591,2025-11-01,92,Grocery & FMCG,42042.19,6373.7,21
5592,2025-11-01,92,Sports & Lifestyle,24303.96,4019.48,20
5593,2025-11-01,93,Electronics,83129.62,15014.38,37
5594,2025-11-01,93,Home & Kitchen,63703.07,9047.02,76
5595,2025-11-01,93,Fashion,70791.82,18272.16,29
5596,2025-11-01,93,Beauty & Personal Care,62315.22,10002.49,59
5597,2025-11-01,93,Grocery & FMCG,64011.22,16254.79,68
5598,2025-11-01,93,Sports & Lifestyle,37016.62,11093.54,24
5599,2025-11-01,94,Electronics,78624.39,13231.0,32
5600,2025-11-01,94,Home & Kitchen,64668.2,13671.76,56
5601,2025-11-01,94,Fashion,82369.85,13866.93,46
5602,2025-11-01,94,Beauty & Personal Care,64694.02,16309.14,30
5603,2025-11-01,94,Grocery & FMCG,80427.59,19541.18,37
5604,2025-11-01,94,Sports & Lifestyle,41482.74,6408.92,38
5605,2025-11-01,95,Electronics,37016.74,5980.63,20
5606,2025-11-01,95,Home & Kitchen,39669.42,5781.24,48
5607,2025-11-01,95,Fashion,35222.51,5866.99,20
5608,2025-11-01,95,Beauty & Personal Care,26485.94,6898.24,20
5609,2025-11-01,95,Grocery & FMCG,30201.01,7720.09,20
5610,2025-11-01,95,Sports & Lifestyle,14101.31,2185.37,20
5611,2025-11-01,96,Electronics,84744.94,12129.87,38
5612,2025-11-01,96,Home & Kitchen,79307.87,13769.75,38
5613,2025-11-01,96,Fashion,75887.29,16339.86,44
5614,2025-11-01,96,Beauty & Personal Care,57575.48,12963.74,55
5615,2025-11-01,96,Grocery & FMCG,67816.64,15352.13,41
5616,2025-11-01,96,Sports & Lifestyle,48258.19,7690.42,24
5617,2025-11-01,97,Electronics,47636.86,8756.19,25
5618,2025-11-01,97,Home & Kitchen,46392.38,8526.35,26
5619,2025-11-01,97,Fashion,47871.43,7967.39,53
5620,2025-11-01,97,Beauty & Personal Care,35698.29,8259.74,20
5621,2025-11-01,97,Grocery & FMCG,37230.16,9930.52,20
5622,2025-11-01,97,Sports & Lifestyle,23878.69,5650.5,20
5623,2025-11-01,98,Electronics,34879.87,10115.28,29
5624,2025-11-01,98,Home & Kitchen,21163.56,5222.89,20
5625,2025-11-01,98,Fashion,27343.52,6161.08,20
5626,2025-11-01,98,Beauty & Personal Care,22188.34,6306.14,20
5627,2025-11-01,98,Grocery & FMCG,24819.87,4518.01,22
5628,2025-11-01,98,Sports & Lifestyle,17790.82,3592.55,20
5629,2025-11-01,99,Electronics,74469.38,16222.4,54
5630,2025-11-01,99,Home & Kitchen,55175.14,7924.7,33
5631,2025-11-01,99,Fashion,65775.68,13266.3,60
5632,2025-11-01,99,Beauty & Personal Care,60250.88,11278.53,62
5633,2025-11-01,99,Grocery & FMCG,50144.92,9322.12,42
5634,2025-11-01,99,Sports & Lifestyle,34006.34,4857.46,20
5635,2025-11-01,100,Electronics,82184.81,21263.32,54
5636,2025-11-01,100,Home & Kitchen,80084.33,23470.77,57
5637,2025-11-01,100,Fashion,87889.6,18639.48,103
5638,2025-11-01,100,Beauty & Personal Care,80136.98,12228.34,66
5639,2025-11-01,100,Grocery & FMCG,59244.97,16417.68,29
5640,2025-11-01,100,Sports & Lifestyle,40985.31,11607.51,20
5641,2025-11-01,101,Electronics,79069.31,21906.2,39
5642,2025-11-01,101,Home & Kitchen,77542.71,22050.33,33
5643,2025-11-01,101,Fashion,82976.0,21700.21,37
5644,2025-11-01,101,Beauty & Personal Care,58473.85,10264.18,35
5645,2025-11-01,101,Grocery & FMCG,70589.77,18646.01,69
5646,2025-11-01,101,Sports & Lifestyle,50930.45,10041.35,22
5647,2025-11-01,102,Electronics,27876.43,7252.62,29
5648,2025-11-01,102,Home & Kitchen,31958.34,8944.72,20
5649,2025-11-01,102,Fashion,30746.44,6282.84,20
5650,2025-11-01,102,Beauty & Personal Care,29393.96,5015.01,20
5651,2025-11-01,102,Grocery & FMCG,29970.15,7242.66,20
5652,2025-11-01,102,Sports & Lifestyle,18898.64,4042.08,20
5653,2025-11-01,103,Electronics,84131.33,15523.35,85
5654,2025-11-01,103,Home & Kitchen,90171.42,24464.85,89
5655,2025-11-01,103,Fashion,97603.56,13779.23,61
5656,2025-11-01,103,Beauty & Personal Care,67638.41,17970.38,70
5657,2025-11-01,103,Grocery & FMCG,77918.99,12946.39,33
5658,2025-11-01,103,Sports & Lifestyle,39904.0,7511.69,36
5659,2025-11-01,104,Electronics,85526.57,13858.21,106
5660,2025-11-01,104,Home & Kitchen,89969.88,23819.95,97
5661,2025-11-01,104,Fashion,93372.81,15873.91,42
5662,2025-11-01,104,Beauty & Personal Care,83365.82,17847.83,51
5663,2025-11-01,104,Grocery & FMCG,78605.88,19062.1,42
5664,2025-11-01,104,Sports & Lifestyle,40996.02,5758.02,20
5665,2025-11-01,105,Electronics,22526.64,3802.74,25
5666,2025-11-01,105,Home & Kitchen,22872.86,6376.21,20
5667,2025-11-01,105,Fashion,35047.97,9716.49,20
5668,2025-11-01,105,Beauty & Personal Care,22119.59,6266.69,20
5669,2025-11-01,105,Grocery & FMCG,28185.55,5066.91,20
5670,2025-11-01,105,Sports & Lifestyle,16789.85,3058.81,20
5671,2025-11-01,106,Electronics,73926.47,13874.79,91
5672,2025-11-01,106,Home & Kitchen,60950.39,15441.48,39
5673,2025-11-01,106,Fashion,74607.73,15273.17,33
5674,2025-11-01,106,Beauty & Personal Care,55049.32,12546.8,38
5675,2025-11-01,106,Grocery & FMCG,65907.89,19690.71,74
5676,2025-11-01,106,Sports & Lifestyle,39471.66,7133.14,20
5677,2025-11-01,107,Electronics,91086.01,15383.41,47
5678,2025-11-01,107,Home & Kitchen,69730.52,15688.19,33
5679,2025-11-01,107,Fashion,81570.57,21832.14,49
5680,2025-11-01,107,Beauty & Personal Care,64773.45,10994.69,29
5681,2025-11-01,107,Grocery & FMCG,70656.46,20138.0,43
5682,2025-11-01,107,Sports & Lifestyle,37515.88,5665.27,23
5683,2025-11-01,108,Electronics,46341.29,13755.67,21
5684,2025-11-01,108,Home & Kitchen,45549.45,13166.39,52
5685,2025-11-01,108,Fashion,48534.47,7556.5,21
5686,2025-11-01,108,Beauty & Personal Care,36163.37,8118.47,20
5687,2025-11-01,108,Grocery & FMCG,41135.94,7152.16,48
5688,2025-11-01,108,Sports & Lifestyle,22504.42,3197.11,20
5689,2025-11-01,109,Electronics,58133.24,12761.59,28
5690,2025-11-01,109,Home & Kitchen,56565.0,9187.74,25
5691,2025-11-01,109,Fashion,62435.81,17446.21,31
5692,2025-11-01,109,Beauty & Personal Care,52439.81,8295.6,23
5693,2025-11-01,109,Grocery & FMCG,53290.85,10903.97,31
5694,2025-11-01,109,Sports & Lifestyle,32341.2,5267.27,20
5695,2025-11-01,110,Electronics,84642.2,22810.72,59
5696,2025-11-01,110,Home & Kitchen,83621.29,12415.69,69
5697,2025-11-01,110,Fashion,81685.78,15099.34,50
5698,2025-11-01,110,Beauty & Personal Care,76754.13,13301.73,41
5699,2025-11-01,110,Grocery & FMCG,69202.69,12270.74,44
5700,2025-11-01,110,Sports & Lifestyle,40200.8,7711.62,27
5701,2025-11-01,111,Electronics,83388.34,14780.58,74
5702,2025-11-01,111,Home & Kitchen,62417.05,16385.35,25
5703,2025-11-01,111,Fashion,97180.41,28627.23,115
5704,2025-11-01,111,Beauty & Personal Care,76175.6,17900.81,33
5705,2025-11-01,111,Grocery & FMCG,73516.98,11176.74,34
5706,2025-11-01,111,Sports & Lifestyle,40360.21,8012.27,35
5707,2025-11-01,112,Electronics,79370.54,18801.22,82
5708,2025-11-01,112,Home & Kitchen,73423.58,11708.33,81
5709,2025-11-01,112,Fashion,102363.35,18818.37,41
5710,2025-11-01,112,Beauty & Personal Care,68832.75,15297.96,36
5711,2025-11-01,112,Grocery & FMCG,84877.14,23978.07,43
5712,2025-11-01,112,Sports & Lifestyle,40916.75,10649.28,20
5713,2025-11-01,113,Electronics,82018.15,17776.64,37
5714,2025-11-01,113,Home & Kitchen,71948.42,21502.5,41
5715,2025-11-01,113,Fashion,92902.56,15666.44,50
5716,2025-11-01,113,Beauty & Personal Care,71183.95,15567.93,45
5717,2025-11-01,113,Grocery & FMCG,91619.71,20208.5,51
5718,2025-11-01,113,Sports & Lifestyle,49191.54,11943.58,29
5719,2025-11-01,114,Electronics,84693.26,20529.05,58
5720,2025-11-01,114,Home & Kitchen,90324.56,16402.26,77
5721,2025-11-01,114,Fashion,92519.87,17720.49,55
5722,2025-11-01,114,Beauty & Personal Care,77819.89,15879.22,49
5723,2025-11-01,114,Grocery & FMCG,77836.91,12400.17,64
5724,2025-11-01,114,Sports & Lifestyle,53480.09,9568.52,50
5725,2025-11-01,115,Electronics,42685.94,8934.37,31
5726,2025-11-01,115,Home & Kitchen,39167.07,6171.82,21
5727,2025-11-01,115,Fashion,40486.78,10907.27,22
5728,2025-11-01,115,Beauty & Personal Care,27995.39,7139.02,20
5729,2025-11-01,115,Grocery & FMCG,37701.07,5778.2,25
5730,2025-11-01,115,Sports & Lifestyle,18362.25,3134.34,20
5731,2025-11-01,116,Electronics,102936.84,23421.71,59
5732,2025-11-01,116,Home & Kitchen,80618.22,22508.3,37
5733,2025-11-01,116,Fashion,82782.35,17871.6,59
5734,2025-11-01,116,Beauty & Personal Care,58514.73,8460.23,63
5735,2025-11-01,116,Grocery & FMCG,68516.25,12320.48,28
5736,2025-11-01,116,Sports & Lifestyle,45488.56,10101.68,40
5737,2025-11-01,117,Electronics,96529.71,27359.34,70
5738,2025-11-01,117,Home & Kitchen,74548.15,10555.65,88
5739,2025-11-01,117,Fashion,74347.03,11617.93,43
5740,2025-11-01,117,Beauty & Personal Care,73504.83,15851.16,30
5741,2025-11-01,117,Grocery & FMCG,72704.94,12762.06,63
5742,2025-11-01,117,Sports & Lifestyle,48331.12,8547.77,20
5743,2025-11-01,118,Electronics,31661.64,7558.95,20
5744,2025-11-01,118,Home & Kitchen,32868.93,9700.13,36
5745,2025-11-01,118,Fashion,32325.32,9502.38,20
5746,2025-11-01,118,Beauty & Personal Care,22079.61,5464.48,20
5747,2025-11-01,118,Grocery & FMCG,23982.42,3924.03,20
5748,2025-11-01,118,Sports & Lifestyle,18260.27,4280.35,20
5749,2025-11-01,119,Electronics,53563.11,8158.0,22
5750,2025-11-01,119,Home & Kitchen,43163.61,11001.15,20
5751,2025-11-01,119,Fashion,53929.18,10781.93,22
5752,2025-11-01,119,Beauty & Personal Care,47408.98,8948.15,29
5753,2025-11-01,119,Grocery & FMCG,47485.74,9243.52,51
5754,2025-11-01,119,Sports & Lifestyle,27816.83,5840.66,20
5755,2025-11-01,120,Electronics,41323.13,7209.39,20
5756,2025-11-01,120,Home & Kitchen,38477.67,9455.86,20
5757,2025-11-01,120,Fashion,42819.33,6478.5,39
5758,2025-11-01,120,Beauty & Personal Care,34894.94,10372.49,23
5759,2025-11-01,120,Grocery & FMCG,40140.36,7729.56,26
5760,2025-11-01,120,Sports & Lifestyle,22499.73,5651.19,20
5761,2025-12-01,1,Electronics,67304.33,11651.2,51
5762,2025-12-01,1,Home & Kitchen,77188.11,16320.03,86
5763,2025-12-01,1,Fashion,73650.01,19992.04,49
5764,2025-12-01,1,Beauty & Personal Care,57056.14,16763.07,38
5765,2025-12-01,1,Grocery & FMCG,56677.53,10493.27,23
5766,2025-12-01,1,Sports & Lifestyle,32597.98,5459.93,20
5767,2025-12-01,2,Electronics,52837.3,13321.27,24
5768,2025-12-01,2,Home & Kitchen,48616.8,12444.33,22
5769,2025-12-01,2,Fashion,60137.86,15868.45,30
5770,2025-12-01,2,Beauty & Personal Care,41158.18,6622.86,39
5771,2025-12-01,2,Grocery & FMCG,42254.41,12616.27,39
5772,2025-12-01,2,Sports & Lifestyle,31909.71,7270.18,23
5773,2025-12-01,3,Electronics,66469.04,12843.72,66
5774,2025-12-01,3,Home & Kitchen,60501.82,8515.74,41
5775,2025-12-01,3,Fashion,61749.68,13391.46,61
5776,2025-12-01,3,Beauty & Personal Care,56819.11,10136.33,45
5777,2025-12-01,3,Grocery & FMCG,59340.25,11729.24,30
5778,2025-12-01,3,Sports & Lifestyle,34787.66,6471.33,21
5779,2025-12-01,4,Electronics,55592.96,12951.18,51
5780,2025-12-01,4,Home & Kitchen,53351.19,10158.23,24
5781,2025-12-01,4,Fashion,58223.41,12132.89,23
5782,2025-12-01,4,Beauty & Personal Care,41666.7,6504.65,29
5783,2025-12-01,4,Grocery & FMCG,52388.94,15086.24,23
5784,2025-12-01,4,Sports & Lifestyle,27022.27,4366.94,27
5785,2025-12-01,5,Electronics,55611.95,15290.56,30
5786,2025-12-01,5,Home & Kitchen,59935.56,10632.47,25
5787,2025-12-01,5,Fashion,57248.28,15031.24,46
5788,2025-12-01,5,Beauty & Personal Care,52080.88,8336.44,36
5789,2025-12-01,5,Grocery & FMCG,60020.68,9357.2,25
5790,2025-12-01,5,Sports & Lifestyle,36940.71,7907.73,28
5791,2025-12-01,6,Electronics,39300.34,6597.52,37
5792,2025-12-01,6,Home & Kitchen,37026.74,8766.98,20
5793,2025-12-01,6,Fashion,27439.4,7100.74,24
5794,2025-12-01,6,Beauty & Personal Care,29514.23,5067.1,27
5795,2025-12-01,6,Grocery & FMCG,27946.0,4099.9,20
5796,2025-12-01,6,Sports & Lifestyle,18794.58,5414.58,20
5797,2025-12-01,7,Electronics,49406.31,12760.99,34
5798,2025-12-01,7,Home & Kitchen,47543.33,11728.72,55
5799,2025-12-01,7,Fashion,49157.99,11327.09,23
5800,2025-12-01,7,Beauty & Personal Care,35270.22,7145.1,20
5801,2025-12-01,7,Grocery & FMCG,32672.43,9197.16,20
5802,2025-12-01,7,Sports & Lifestyle,24363.42,5383.47,21
5803,2025-12-01,8,Electronics,75283.42,20256.5,54
5804,2025-12-01,8,Home & Kitchen,65659.69,13918.54,69
5805,2025-12-01,8,Fashion,54238.68,8952.59,41
5806,2025-12-01,8,Beauty & Personal Care,53480.32,14500.49,36
5807,2025-12-01,8,Grocery & FMCG,63313.31,18253.99,33
5808,2025-12-01,8,Sports & Lifestyle,35787.0,9924.15,20
5809,2025-12-01,9,Electronics,72730.4,21270.8,58
5810,2025-12-01,9,Home & Kitchen,45789.74,10778.42,38
5811,2025-12-01,9,Fashion,80302.09,11530.81,39
5812,2025-12-01,9,Beauty & Personal Care,64741.28,17024.2,27
5813,2025-12-01,9,Grocery & FMCG,59990.49,8593.73,26
5814,2025-12-01,9,Sports & Lifestyle,37154.95,8751.12,30
5815,2025-12-01,10,Electronics,64496.35,10706.87,78
5816,2025-12-01,10,Home & Kitchen,77638.2,16239.52,80
5817,2025-12-01,10,Fashion,72056.36,18707.27,48
5818,2025-12-01,10,Beauty & Personal Care,62561.64,13754.15,41
5819,2025-12-01,10,Grocery & FMCG,65539.67,11782.89,28
5820,2025-12-01,10,Sports & Lifestyle,31962.18,9375.69,20
5821,2025-12-01,11,Electronics,49925.89,12042.44,21
5822,2025-12-01,11,Home & Kitchen,44680.07,7551.76,20
5823,2025-12-01,11,Fashion,53555.16,9464.52,66
5824,2025-12-01,11,Beauty & Personal Care,37319.95,8264.56,21
5825,2025-12-01,11,Grocery & FMCG,43145.73,6073.41,29
5826,2025-12-01,11,Sports & Lifestyle,23221.19,3820.54,20
5827,2025-12-01,12,Electronics,47995.24,10423.73,22
5828,2025-12-01,12,Home & Kitchen,54273.19,10306.17,57
5829,2025-12-01,12,Fashion,56093.8,16586.25,45
5830,2025-12-01,12,Beauty & Personal Care,43398.0,7402.58,37
5831,2025-12-01,12,Grocery & FMCG,47105.49,6812.05,22
5832,2025-12-01,12,Sports & Lifestyle,31002.18,8882.43,29
5833,2025-12-01,13,Electronics,50084.01,10213.06,21
5834,2025-12-01,13,Home & Kitchen,43598.31,10138.99,33
5835,2025-12-01,13,Fashion,48576.98,7444.23,32
5836,2025-12-01,13,Beauty & Personal Care,37018.65,8760.59,20
5837,2025-12-01,13,Grocery & FMCG,46961.07,10505.83,50
5838,2025-12-01,13,Sports & Lifestyle,26447.85,4702.18,20
5839,2025-12-01,14,Electronics,64049.06,15995.94,26
5840,2025-12-01,14,Home & Kitchen,65261.37,10340.35,55
5841,2025-12-01,14,Fashion,69256.3,19412.13,43
5842,2025-12-01,14,Beauty & Personal Care,54340.75,8897.54,57
5843,2025-12-01,14,Grocery & FMCG,52724.13,7933.99,23
5844,2025-12-01,14,Sports & Lifestyle,39773.37,10770.74,29
5845,2025-12-01,15,Electronics,47632.28,9092.63,21
5846,2025-12-01,15,Home & Kitchen,51040.62,10540.45,22
5847,2025-12-01,15,Fashion,65344.61,18694.0,31
5848,2025-12-01,15,Beauty & Personal Care,49036.86,8939.52,33
5849,2025-12-01,15,Grocery & FMCG,45764.92,6519.89,23
5850,2025-12-01,15,Sports & Lifestyle,28896.78,5129.95,20
5851,2025-12-01,16,Electronics,78782.31,19792.88,62
5852,2025-12-01,16,Home & Kitchen,58157.25,11401.3,23
5853,2025-12-01,16,Fashion,63954.49,16443.99,52
5854,2025-12-01,16,Beauty & Personal Care,44415.44,9320.81,34
5855,2025-12-01,16,Grocery & FMCG,61397.23,15893.83,26
5856,2025-12-01,16,Sports & Lifestyle,35570.64,8859.44,20
5857,2025-12-01,17,Electronics,71803.24,19989.91,74
5858,2025-12-01,17,Home & Kitchen,64067.99,12901.71,72
5859,2025-12-01,17,Fashion,70614.18,19009.44,34
5860,2025-12-01,17,Beauty & Personal Care,59395.08,12093.56,25
5861,2025-12-01,17,Grocery & FMCG,71111.41,10080.75,29
5862,2025-12-01,17,Sports & Lifestyle,38580.51,8239.94,20
5863,2025-12-01,18,Electronics,31747.09,5686.14,35
5864,2025-12-01,18,Home & Kitchen,24447.11,5712.9,20
5865,2025-12-01,18,Fashion,25535.67,3916.1,20
5866,2025-12-01,18,Beauty & Personal Care,27237.62,6431.17,20
5867,2025-12-01,18,Grocery & FMCG,27000.82,6266.81,20
5868,2025-12-01,18,Sports & Lifestyle,15395.28,3066.27,20
5869,2025-12-01,19,Electronics,38881.68,11457.59,20
5870,2025-12-01,19,Home & Kitchen,42780.75,9192.1,30
5871,2025-12-01,19,Fashion,44335.79,8032.0,45
5872,2025-12-01,19,Beauty & Personal Care,35575.14,8503.17,30
5873,2025-12-01,19,Grocery & FMCG,40141.32,10827.6,30
5874,2025-12-01,19,Sports & Lifestyle,23000.78,3223.94,24
5875,2025-12-01,20,Electronics,43393.09,6515.25,21
5876,2025-12-01,20,Home & Kitchen,43073.53,11122.2,47
5877,2025-12-01,20,Fashion,44619.74,9381.44,32
5878,2025-12-01,20,Beauty & Personal Care,40438.58,9436.93,35
5879,2025-12-01,20,Grocery & FMCG,47187.68,12143.88,21
5880,2025-12-01,20,Sports & Lifestyle,28227.34,4495.18,20
5881,2025-12-01,21,Electronics,62508.69,17082.18,64
5882,2025-12-01,21,Home & Kitchen,67750.95,15589.6,28
5883,2025-12-01,21,Fashion,87256.92,15852.91,38
5884,2025-12-01,21,Beauty & Personal Care,59427.45,15147.61,33
5885,2025-12-01,21,Grocery & FMCG,53868.05,14143.54,39
5886,2025-12-01,21,Sports & Lifestyle,29194.75,6676.39,20
5887,2025-12-01,22,Electronics,78311.8,13406.58,34
5888,2025-12-01,22,Home & Kitchen,71174.61,17418.45,38
5889,2025-12-01,22,Fashion,86260.15,21997.64,92
5890,2025-12-01,22,Beauty & Personal Care,68006.32,9952.8,70
5891,2025-12-01,22,Grocery & FMCG,68845.62,14467.13,65
5892,2025-12-01,22,Sports & Lifestyle,37157.05,8649.81,30
5893,2025-12-01,23,Electronics,44510.81,11411.41,32
5894,2025-12-01,23,Home & Kitchen,53348.05,10610.69,33
5895,2025-12-01,23,Fashion,60826.48,16056.61,55
5896,2025-12-01,23,Beauty & Personal Care,54007.71,13787.85,46
5897,2025-12-01,23,Grocery & FMCG,52554.48,8207.31,32
5898,2025-12-01,23,Sports & Lifestyle,33764.98,5203.55,24
5899,2025-12-01,24,Electronics,56993.12,10104.45,28
5900,2025-12-01,24,Home & Kitchen,60410.36,9459.96,27
5901,2025-12-01,24,Fashion,60627.69,17657.67,39
5902,2025-12-01,24,Beauty & Personal Care,47787.42,7888.72,50
5903,2025-12-01,24,Grocery & FMCG,49780.96,13111.93,51
5904,2025-12-01,24,Sports & Lifestyle,30706.22,8163.1,20
5905,2025-12-01,25,Electronics,56649.91,15762.56,53
5906,2025-12-01,25,Home & Kitchen,52417.76,14713.86,45
5907,2025-12-01,25,Fashion,67426.97,18786.53,59
5908,2025-12-01,25,Beauty & Personal Care,51973.27,12631.43,29
5909,2025-12-01,25,Grocery & FMCG,57875.58,10917.06,27
5910,2025-12-01,25,Sports & Lifestyle,36400.05,8644.33,20
5911,2025-12-01,26,Electronics,42850.29,9614.9,20
5912,2025-12-01,26,Home & Kitchen,45193.06,12288.13,24
5913,2025-12-01,26,Fashion,46040.19,6721.07,32
5914,2025-12-01,26,Beauty & Personal Care,38667.12,9394.22,25
5915,2025-12-01,26,Grocery & FMCG,38204.99,7212.79,22
5916,2025-12-01,26,Sports & Lifestyle,24711.3,6103.47,20
5917,2025-12-01,27,Electronics,57922.03,16728.68,30
5918,2025-12-01,27,Home & Kitchen,46039.37,11529.55,23
5919,2025-12-01,27,Fashion,59004.72,15229.05,52
5920,2025-12-01,27,Beauty & Personal Care,47934.13,11540.54,27
5921,2025-12-01,27,Grocery & FMCG,50056.84,13536.3,45
5922,2025-12-01,27,Sports & Lifestyle,31704.34,8415.65,35
5923,2025-12-01,28,Electronics,59550.61,15275.98,34
5924,2025-12-01,28,Home & Kitchen,74507.41,14780.99,70
5925,2025-12-01,28,Fashion,65410.55,11366.48,32
5926,2025-12-01,28,Beauty & Personal Care,49756.72,11081.49,20
5927,2025-12-01,28,Grocery & FMCG,59125.3,11692.86,26
5928,2025-12-01,28,Sports & Lifestyle,38464.56,6184.53,20
5929,2025-12-01,29,Electronics,75791.68,16225.17,92
5930,2025-12-01,29,Home & Kitchen,60355.12,14017.63,44
5931,2025-12-01,29,Fashion,77075.61,22431.81,75
5932,2025-12-01,29,Beauty & Personal Care,60992.71,15892.92,25
5933,2025-12-01,29,Grocery & FMCG,68412.66,10855.33,40
5934,2025-12-01,29,Sports & Lifestyle,39239.76,7130.74,25
5935,2025-12-01,30,Electronics,63919.29,9830.05,31
5936,2025-12-01,30,Home & Kitchen,59489.95,13077.63,34
5937,2025-12-01,30,Fashion,65126.49,11758.09,54
5938,2025-12-01,30,Beauty & Personal Care,44042.31,10444.92,50
5939,2025-12-01,30,Grocery & FMCG,52467.28,10021.46,27
5940,2025-12-01,30,Sports & Lifestyle,38841.96,7014.19,36
5941,2025-12-01,31,Electronics,34412.54,9963.09,20
5942,2025-12-01,31,Home & Kitchen,32945.47,5861.96,29
5943,2025-12-01,31,Fashion,44759.19,13066.11,27
5944,2025-12-01,31,Beauty & Personal Care,27610.52,3967.95,26
5945,2025-12-01,31,Grocery & FMCG,32862.63,5982.59,20
5946,2025-12-01,31,Sports & Lifestyle,17103.16,3582.58,20
5947,2025-12-01,32,Electronics,47818.56,11293.39,24
5948,2025-12-01,32,Home & Kitchen,42282.54,6631.39,20
5949,2025-12-01,32,Fashion,47716.51,14014.82,26
5950,2025-12-01,32,Beauty & Personal Care,37326.07,11028.96,45
5951,2025-12-01,32,Grocery & FMCG,39508.46,9897.4,21
5952,2025-12-01,32,Sports & Lifestyle,26997.43,5970.25,23
5953,2025-12-01,33,Electronics,67043.61,17827.38,27
5954,2025-12-01,33,Home & Kitchen,62657.04,13729.25,37
5955,2025-12-01,33,Fashion,75099.89,13323.39,56
5956,2025-12-01,33,Beauty & Personal Care,52962.4,8008.67,33
5957,2025-12-01,33,Grocery & FMCG,51391.17,10633.42,29
5958,2025-12-01,33,Sports & Lifestyle,35184.62,6534.24,22
5959,2025-12-01,34,Electronics,33826.29,8567.38,20
5960,2025-12-01,34,Home & Kitchen,34356.99,10170.47,20
5961,2025-12-01,34,Fashion,35079.91,7860.36,24
5962,2025-12-01,34,Beauty & Personal Care,27058.44,7362.11,25
5963,2025-12-01,34,Grocery & FMCG,30795.1,5165.26,27
5964,2025-12-01,34,Sports & Lifestyle,20432.48,4919.78,20
5965,2025-12-01,35,Electronics,57538.44,8422.19,27
5966,2025-12-01,35,Home & Kitchen,49583.53,9090.74,45
5967,2025-12-01,35,Fashion,59010.65,11575.75,45
5968,2025-12-01,35,Beauty & Personal Care,61536.4,9878.37,72
5969,2025-12-01,35,Grocery & FMCG,52902.56,7509.64,26
5970,2025-12-01,35,Sports & Lifestyle,32903.88,8450.01,20
5971,2025-12-01,36,Electronics,32181.79,9205.58,23
5972,2025-12-01,36,Home & Kitchen,31314.43,4444.34,33
5973,2025-12-01,36,Fashion,40650.52,8322.68,36
5974,2025-12-01,36,Beauty & Personal Care,30240.74,4776.71,30
5975,2025-12-01,36,Grocery & FMCG,33257.01,7779.97,20
5976,2025-12-01,36,Sports & Lifestyle,22038.28,4726.21,20
5977,2025-12-01,37,Electronics,59178.06,9434.73,34
5978,2025-12-01,37,Home & Kitchen,61331.28,17576.23,33
5979,2025-12-01,37,Fashion,50685.6,8854.1,27
5980,2025-12-01,37,Beauty & Personal Care,58082.18,16145.47,44
5981,2025-12-01,37,Grocery & FMCG,49411.09,7639.36,28
5982,2025-12-01,37,Sports & Lifestyle,32216.63,8700.64,20
5983,2025-12-01,38,Electronics,79595.21,18575.54,44
5984,2025-12-01,38,Home & Kitchen,68479.17,19185.24,54
5985,2025-12-01,38,Fashion,61486.05,17646.29,44
5986,2025-12-01,38,Beauty & Personal Care,59781.03,10818.89,69
5987,2025-12-01,38,Grocery & FMCG,57777.85,16512.89,31
5988,2025-12-01,38,Sports & Lifestyle,43520.87,11366.52,35
5989,2025-12-01,39,Electronics,80225.52,19807.21,53
5990,2025-12-01,39,Home & Kitchen,73115.72,13612.65,34
5991,2025-12-01,39,Fashion,71885.37,18540.17,46
5992,2025-12-01,39,Beauty & Personal Care,51933.27,10338.78,21
5993,2025-12-01,39,Grocery & FMCG,63739.77,16693.19,57
5994,2025-12-01,39,Sports & Lifestyle,34696.33,7292.98,20
5995,2025-12-01,40,Electronics,56653.62,12432.27,29
5996,2025-12-01,40,Home & Kitchen,52169.19,11127.0,49
5997,2025-12-01,40,Fashion,65541.49,16584.87,72
5998,2025-12-01,40,Beauty & Personal Care,54090.98,9111.71,28
5999,2025-12-01,40,Grocery & FMCG,51119.93,11860.77,31
6000,2025-12-01,40,Sports & Lifestyle,29070.97,7829.25,34
6001,2025-12-01,41,Electronics,40370.25,10286.43,29
6002,2025-12-01,41,Home & Kitchen,32621.89,5394.28,28
6003,2025-12-01,41,Fashion,34153.88,9090.91,20
6004,2025-12-01,41,Beauty & Personal Care,33670.68,8208.65,25
6005,2025-12-01,41,Grocery & FMCG,27395.58,6222.62,26
6006,2025-12-01,41,Sports & Lifestyle,16276.29,3592.28,20
6007,2025-12-01,42,Electronics,66135.2,14280.28,26
6008,2025-12-01,42,Home & Kitchen,54072.19,13860.55,31
6009,2025-12-01,42,Fashion,53956.09,14443.96,33
6010,2025-12-01,42,Beauty & Personal Care,52359.14,9418.53,37
6011,2025-12-01,42,Grocery & FMCG,54654.28,13957.17,25
6012,2025-12-01,42,Sports & Lifestyle,27421.38,4431.1,34
6013,2025-12-01,43,Electronics,58503.28,16521.83,25
6014,2025-12-01,43,Home & Kitchen,58996.19,17117.49,28
6015,2025-12-01,43,Fashion,55398.44,16214.72,48
6016,2025-12-01,43,Beauty & Personal Care,47047.59,7473.89,23
6017,2025-12-01,43,Grocery & FMCG,49770.02,10636.7,25
6018,2025-12-01,43,Sports & Lifestyle,27182.01,6115.61,20
6019,2025-12-01,44,Electronics,64616.32,16880.68,31
6020,2025-12-01,44,Home & Kitchen,70298.7,16319.44,56
6021,2025-12-01,44,Fashion,74281.08,19505.67,36
6022,2025-12-01,44,Beauty & Personal Care,46771.79,12627.52,23
6023,2025-12-01,44,Grocery & FMCG,79330.87,19884.44,42
6024,2025-12-01,44,Sports & Lifestyle,40858.75,9372.89,20
6025,2025-12-01,45,Electronics,45262.47,11905.81,22
6026,2025-12-01,45,Home & Kitchen,44952.76,6413.51,22
6027,2025-12-01,45,Fashion,42504.24,6821.3,25
6028,2025-12-01,45,Beauty & Personal Care,38084.22,7916.36,27
6029,2025-12-01,45,Grocery & FMCG,45842.91,8574.85,29
6030,2025-12-01,45,Sports & Lifestyle,24655.23,4311.3,20
6031,2025-12-01,46,Electronics,63179.0,12892.77,29
6032,2025-12-01,46,Home & Kitchen,73096.28,13023.73,61
6033,2025-12-01,46,Fashion,74077.03,18956.82,29
6034,2025-12-01,46,Beauty & Personal Care,67493.51,15875.85,30
6035,2025-12-01,46,Grocery & FMCG,67943.15,18916.76,62
6036,2025-12-01,46,Sports & Lifestyle,36147.64,5125.76,20
6037,2025-12-01,47,Electronics,66274.95,16762.51,52
6038,2025-12-01,47,Home & Kitchen,68764.02,17222.11,34
6039,2025-12-01,47,Fashion,65106.46,9709.38,27
6040,2025-12-01,47,Beauty & Personal Care,60285.29,17151.42,70
6041,2025-12-01,47,Grocery & FMCG,60374.78,13216.08,52
6042,2025-12-01,47,Sports & Lifestyle,36313.5,7884.37,20
6043,2025-12-01,48,Electronics,75327.42,18644.22,75
6044,2025-12-01,48,Home & Kitchen,72510.15,11144.46,33
6045,2025-12-01,48,Fashion,75667.67,21835.47,64
6046,2025-12-01,48,Beauty & Personal Care,53137.35,10245.12,66
6047,2025-12-01,48,Grocery & FMCG,72052.27,16993.64,78
6048,2025-12-01,48,Sports & Lifestyle,38871.68,6693.13,20
6049,2025-12-01,49,Electronics,70112.35,10891.42,37
6050,2025-12-01,49,Home & Kitchen,67828.28,19650.05,31
6051,2025-12-01,49,Fashion,71429.87,14001.01,36
6052,2025-12-01,49,Beauty & Personal Care,49493.01,10895.38,20
6053,2025-12-01,49,Grocery & FMCG,65322.7,18720.54,34
6054,2025-12-01,49,Sports & Lifestyle,31865.14,4561.59,20
6055,2025-12-01,50,Electronics,34472.1,8373.84,20
6056,2025-12-01,50,Home & Kitchen,36359.28,6112.48,29
6057,2025-12-01,50,Fashion,44892.79,12576.12,23
6058,2025-12-01,50,Beauty & Personal Care,35349.03,10128.78,32
6059,2025-12-01,50,Grocery & FMCG,33652.6,5059.22,20
6060,2025-12-01,50,Sports & Lifestyle,19410.82,2826.03,20
6061,2025-12-01,51,Electronics,80816.88,18324.67,35
6062,2025-12-01,51,Home & Kitchen,70428.32,13967.14,30
6063,2025-12-01,51,Fashion,75169.96,16421.57,73
6064,2025-12-01,51,Beauty & Personal Care,60296.96,13441.68,37
6065,2025-12-01,51,Grocery & FMCG,65519.82,10563.19,40
6066,2025-12-01,51,Sports & Lifestyle,34970.84,5011.09,20
6067,2025-12-01,52,Electronics,78643.61,17445.71,87
6068,2025-12-01,52,Home & Kitchen,55108.37,12716.29,30
6069,2025-12-01,52,Fashion,70513.77,19047.42,37
6070,2025-12-01,52,Beauty & Personal Care,51893.14,10600.35,25
6071,2025-12-01,52,Grocery & FMCG,55151.96,9124.8,22
6072,2025-12-01,52,Sports & Lifestyle,30834.62,4416.59,30
6073,2025-12-01,53,Electronics,66513.64,9768.64,34
6074,2025-12-01,53,Home & Kitchen,54869.45,12608.63,24
6075,2025-12-01,53,Fashion,66304.63,15935.5,36
6076,2025-12-01,53,Beauty & Personal Care,43116.58,9985.54,20
6077,2025-12-01,53,Grocery & FMCG,50033.05,8148.98,20
6078,2025-12-01,53,Sports & Lifestyle,27281.97,6166.44,20
6079,2025-12-01,54,Electronics,29873.71,6168.07,35
6080,2025-12-01,54,Home & Kitchen,31210.53,8376.68,20
6081,2025-12-01,54,Fashion,28160.26,7825.68,20
6082,2025-12-01,54,Beauty & Personal Care,27936.49,7205.36,31
6083,2025-12-01,54,Grocery & FMCG,27250.53,5996.4,20
6084,2025-12-01,54,Sports & Lifestyle,15050.72,2679.41,20
6085,2025-12-01,55,Electronics,76449.92,16567.53,87
6086,2025-12-01,55,Home & Kitchen,67637.94,10001.48,30
6087,2025-12-01,55,Fashion,81331.9,15994.31,40
6088,2025-12-01,55,Beauty & Personal Care,53005.54,13295.94,25
6089,2025-12-01,55,Grocery & FMCG,67635.11,12158.74,41
6090,2025-12-01,55,Sports & Lifestyle,35972.7,6404.73,30
6091,2025-12-01,56,Electronics,44981.5,7576.05,22
6092,2025-12-01,56,Home & Kitchen,37704.07,8530.72,20
6093,2025-12-01,56,Fashion,41243.53,7047.39,34
6094,2025-12-01,56,Beauty & Personal Care,38608.02,11217.23,27
6095,2025-12-01,56,Grocery & FMCG,33411.01,8036.58,20
6096,2025-12-01,56,Sports & Lifestyle,22423.09,5413.58,20
6097,2025-12-01,57,Electronics,54300.07,13206.59,53
6098,2025-12-01,57,Home & Kitchen,47655.49,9363.2,41
6099,2025-12-01,57,Fashion,58536.3,10039.87,60
6100,2025-12-01,57,Beauty & Personal Care,53315.76,10180.43,39
6101,2025-12-01,57,Grocery & FMCG,48084.39,7083.75,20
6102,2025-12-01,57,Sports & Lifestyle,26606.19,6872.95,26
6103,2025-12-01,58,Electronics,45352.38,7950.66,20
6104,2025-12-01,58,Home & Kitchen,45652.93,11928.99,22
6105,2025-12-01,58,Fashion,48224.2,9172.47,45
6106,2025-12-01,58,Beauty & Personal Care,34273.26,6750.88,20
6107,2025-12-01,58,Grocery & FMCG,33382.3,9161.39,20
6108,2025-12-01,58,Sports & Lifestyle,22301.74,4464.82,23
6109,2025-12-01,59,Electronics,49481.35,11456.23,22
6110,2025-12-01,59,Home & Kitchen,39837.95,10732.6,27
6111,2025-12-01,59,Fashion,54048.14,7813.79,23
6112,2025-12-01,59,Beauty & Personal Care,46929.49,11211.97,44
6113,2025-12-01,59,Grocery & FMCG,44757.99,6413.22,20
6114,2025-12-01,59,Sports & Lifestyle,29820.44,8493.25,20
6115,2025-12-01,60,Electronics,47868.47,9366.34,45
6116,2025-12-01,60,Home & Kitchen,49989.83,10724.73,26
6117,2025-12-01,60,Fashion,49466.47,8514.37,31
6118,2025-12-01,60,Beauty & Personal Care,44042.01,11297.91,28
6119,2025-12-01,60,Grocery & FMCG,52300.21,14070.89,43
6120,2025-12-01,60,Sports & Lifestyle,26722.98,7614.39,20
6121,2025-12-01,61,Electronics,59305.86,11892.21,28
6122,2025-12-01,61,Home & Kitchen,56423.8,14436.5,57
6123,2025-12-01,61,Fashion,59360.96,12345.34,32
6124,2025-12-01,61,Beauty & Personal Care,47792.03,9369.51,20
6125,2025-12-01,61,Grocery & FMCG,47498.03,12776.62,20
6126,2025-12-01,61,Sports & Lifestyle,32549.83,6790.59,20
6127,2025-12-01,62,Electronics,67081.89,10248.68,72
6128,2025-12-01,62,Home & Kitchen,65402.02,14076.86,45
6129,2025-12-01,62,Fashion,63635.14,14503.99,25
6130,2025-12-01,62,Beauty & Personal Care,53196.45,12894.87,22
6131,2025-12-01,62,Grocery & FMCG,62621.29,10175.31,25
6132,2025-12-01,62,Sports & Lifestyle,33958.03,7337.68,20
6133,2025-12-01,63,Electronics,78704.06,22276.06,36
6134,2025-12-01,63,Home & Kitchen,63981.82,10236.39,32
6135,2025-12-01,63,Fashion,73421.41,11640.26,75
6136,2025-12-01,63,Beauty & Personal Care,57336.43,15704.52,53
6137,2025-12-01,63,Grocery & FMCG,52810.39,11812.24,34
6138,2025-12-01,63,Sports & Lifestyle,32532.2,8682.01,20
6139,2025-12-01,64,Electronics,54490.37,7730.64,35
6140,2025-12-01,64,Home & Kitchen,44263.26,7981.19,22
6141,2025-12-01,64,Fashion,51102.56,13970.43,37
6142,2025-12-01,64,Beauty & Personal Care,37032.16,6250.23,26
6143,2025-12-01,64,Grocery & FMCG,42560.68,10244.84,29
6144,2025-12-01,64,Sports & Lifestyle,24555.95,4273.93,20
6145,2025-12-01,65,Electronics,73684.88,12772.35,39
6146,2025-12-01,65,Home & Kitchen,65285.36,15853.45,38
6147,2025-12-01,65,Fashion,72997.01,11489.59,43
6148,2025-12-01,65,Beauty & Personal Care,52480.72,8600.9,32
6149,2025-12-01,65,Grocery & FMCG,64393.88,13741.66,32
6150,2025-12-01,65,Sports & Lifestyle,37325.82,6325.98,20
6151,2025-12-01,66,Electronics,61855.0,10163.35,36
6152,2025-12-01,66,Home & Kitchen,58491.36,13978.97,23
6153,2025-12-01,66,Fashion,58227.16,14532.61,33
6154,2025-12-01,66,Beauty & Personal Care,59629.85,14169.05,37
6155,2025-12-01,66,Grocery & FMCG,46539.46,8380.35,49
6156,2025-12-01,66,Sports & Lifestyle,28016.16,8299.01,20
6157,2025-12-01,67,Electronics,65879.82,9453.93,28
6158,2025-12-01,67,Home & Kitchen,54722.51,15035.34,25
6159,2025-12-01,67,Fashion,67637.85,18218.83,52
6160,2025-12-01,67,Beauty & Personal Care,52382.63,11458.17,43
6161,2025-12-01,67,Grocery & FMCG,54637.94,15974.37,30
6162,2025-12-01,67,Sports & Lifestyle,31185.23,7687.68,20
6163,2025-12-01,68,Electronics,36936.61,7295.89,27
6164,2025-12-01,68,Home & Kitchen,35157.47,9690.47,20
6165,2025-12-01,68,Fashion,38816.46,9016.68,24
6166,2025-12-01,68,Beauty & Personal Care,32013.49,6754.23,20
6167,2025-12-01,68,Grocery & FMCG,34911.33,9323.22,21
6168,2025-12-01,68,Sports & Lifestyle,18952.88,2958.01,21
6169,2025-12-01,69,Electronics,57669.89,14226.16,24
6170,2025-12-01,69,Home & Kitchen,53653.3,15543.38,26
6171,2025-12-01,69,Fashion,51446.72,9037.74,40
6172,2025-12-01,69,Beauty & Personal Care,35079.24,6101.81,31
6173,2025-12-01,69,Grocery & FMCG,43843.55,12530.71,23
6174,2025-12-01,69,Sports & Lifestyle,23374.45,4215.59,20
6175,2025-12-01,70,Electronics,49667.52,11791.75,41
6176,2025-12-01,70,Home & Kitchen,56528.39,8560.04,27
6177,2025-12-01,70,Fashion,55887.88,9685.63,38
6178,2025-12-01,70,Beauty & Personal Care,44992.23,10025.38,39
6179,2025-12-01,70,Grocery & FMCG,43422.13,10858.23,22
6180,2025-12-01,70,Sports & Lifestyle,31411.08,9083.87,20
6181,2025-12-01,71,Electronics,42993.1,11410.6,20
6182,2025-12-01,71,Home & Kitchen,47304.74,13388.14,23
6183,2025-12-01,71,Fashion,53760.34,10875.56,27
6184,2025-12-01,71,Beauty & Personal Care,31472.84,6631.85,20
6185,2025-12-01,71,Grocery & FMCG,48479.25,9929.17,36
6186,2025-12-01,71,Sports & Lifestyle,24189.57,3825.41,20
6187,2025-12-01,72,Electronics,59536.31,12159.47,30
6188,2025-12-01,72,Home & Kitchen,72844.73,16571.27,57
6189,2025-12-01,72,Fashion,70754.58,13310.2,44
6190,2025-12-01,72,Beauty & Personal Care,46291.8,10267.91,21
6191,2025-12-01,72,Grocery & FMCG,55338.79,13451.45,22
6192,2025-12-01,72,Sports & Lifestyle,33116.93,8023.87,24
6193,2025-12-01,73,Electronics,64399.54,14485.09,36
6194,2025-12-01,73,Home & Kitchen,56933.07,16108.06,23
6195,2025-12-01,73,Fashion,60099.66,11149.29,47
6196,2025-12-01,73,Beauty & Personal Care,46594.64,10647.42,22
6197,2025-12-01,73,Grocery & FMCG,59930.31,11277.33,43
6198,2025-12-01,73,Sports & Lifestyle,32080.33,9381.29,23
6199,2025-12-01,74,Electronics,56391.54,11692.7,31
6200,2025-12-01,74,Home & Kitchen,57537.79,9357.65,23
6201,2025-12-01,74,Fashion,67215.87,18240.58,30
6202,2025-12-01,74,Beauty & Personal Care,48959.92,9617.12,22
6203,2025-12-01,74,Grocery & FMCG,54701.72,12727.75,53
6204,2025-12-01,74,Sports & Lifestyle,34856.08,8594.11,20
6205,2025-12-01,75,Electronics,63485.07,10969.09,75
6206,2025-12-01,75,Home & Kitchen,71126.49,14668.34,30
6207,2025-12-01,75,Fashion,75403.59,15387.87,60
6208,2025-12-01,75,Beauty & Personal Care,56628.31,15339.69,36
6209,2025-12-01,75,Grocery & FMCG,60183.99,9303.47,31
6210,2025-12-01,75,Sports & Lifestyle,29090.71,7559.81,20
6211,2025-12-01,76,Electronics,44276.45,11751.91,35
6212,2025-12-01,76,Home & Kitchen,50384.7,7458.75,27
6213,2025-12-01,76,Fashion,56026.92,14093.73,67
6214,2025-12-01,76,Beauty & Personal Care,45372.89,11284.61,35
6215,2025-12-01,76,Grocery & FMCG,40498.65,11321.19,42
6216,2025-12-01,76,Sports & Lifestyle,27105.51,4222.67,20
6217,2025-12-01,77,Electronics,52723.14,7768.71,31
6218,2025-12-01,77,Home & Kitchen,51124.72,11157.3,34
6219,2025-12-01,77,Fashion,48118.14,8265.68,29
6220,2025-12-01,77,Beauty & Personal Care,43507.33,6784.84,20
6221,2025-12-01,77,Grocery & FMCG,42599.55,10248.29,25
6222,2025-12-01,77,Sports & Lifestyle,29685.54,7420.85,35
6223,2025-12-01,78,Electronics,36584.24,8303.85,39
6224,2025-12-01,78,Home & Kitchen,35612.62,10505.22,23
6225,2025-12-01,78,Fashion,50115.27,10806.25,24
6226,2025-12-01,78,Beauty & Personal Care,35188.29,4955.69,21
6227,2025-12-01,78,Grocery & FMCG,31938.67,6603.17,32
6228,2025-12-01,78,Sports & Lifestyle,24873.96,4707.58,20
6229,2025-12-01,79,Electronics,59410.52,13543.17,36
6230,2025-12-01,79,Home & Kitchen,49202.27,13697.02,31
6231,2025-12-01,79,Fashion,50713.72,14141.07,44
6232,2025-12-01,79,Beauty & Personal Care,42483.58,8527.33,26
6233,2025-12-01,79,Grocery & FMCG,50844.76,7472.58,54
6234,2025-12-01,79,Sports & Lifestyle,23615.03,4797.24,20
6235,2025-12-01,80,Electronics,54626.18,9575.66,26
6236,2025-12-01,80,Home & Kitchen,56326.98,16053.44,26
6237,2025-12-01,80,Fashion,51264.85,10872.99,27
6238,2025-12-01,80,Beauty & Personal Care,43261.03,12010.01,20
6239,2025-12-01,80,Grocery & FMCG,50430.82,12016.83,21
6240,2025-12-01,80,Sports & Lifestyle,28291.74,7302.93,23
6241,2025-12-01,81,Electronics,53319.78,10355.02,40
6242,2025-12-01,81,Home & Kitchen,57838.56,14328.22,39
6243,2025-12-01,81,Fashion,56814.62,16124.04,47
6244,2025-12-01,81,Beauty & Personal Care,48515.91,8261.74,44
6245,2025-12-01,81,Grocery & FMCG,44202.07,7389.33,20
6246,2025-12-01,81,Sports & Lifestyle,30408.7,5101.77,20
6247,2025-12-01,82,Electronics,73106.84,10313.54,86
6248,2025-12-01,82,Home & Kitchen,64255.02,16439.8,47
6249,2025-12-01,82,Fashion,89458.09,26274.6,63
6250,2025-12-01,82,Beauty & Personal Care,54629.83,11674.27,39
6251,2025-12-01,82,Grocery & FMCG,64596.72,11267.58,28
6252,2025-12-01,82,Sports & Lifestyle,41444.06,11229.65,20
6253,2025-12-01,83,Electronics,38253.4,7620.7,21
6254,2025-12-01,83,Home & Kitchen,46426.18,11908.06,20
6255,2025-12-01,83,Fashion,38383.65,11237.83,20
6256,2025-12-01,83,Beauty & Personal Care,43891.77,11245.94,20
6257,2025-12-01,83,Grocery & FMCG,44043.61,10738.63,20
6258,2025-12-01,83,Sports & Lifestyle,23886.63,5938.39,20
6259,2025-12-01,84,Electronics,62003.21,11772.48,33
6260,2025-12-01,84,Home & Kitchen,50958.44,8369.84,27
6261,2025-12-01,84,Fashion,54834.83,15672.04,22
6262,2025-12-01,84,Beauty & Personal Care,45808.39,11318.67,41
6263,2025-12-01,84,Grocery & FMCG,40198.74,10486.16,22
6264,2025-12-01,84,Sports & Lifestyle,24688.3,4316.88,20
6265,2025-12-01,85,Electronics,46594.42,13312.43,25
6266,2025-12-01,85,Home & Kitchen,47016.0,10352.58,28
6267,2025-12-01,85,Fashion,46558.72,12972.87,26
6268,2025-12-01,85,Beauty & Personal Care,44456.44,11550.52,21
6269,2025-12-01,85,Grocery & FMCG,52477.94,9095.49,24
6270,2025-12-01,85,Sports & Lifestyle,28208.93,4741.94,20
6271,2025-12-01,86,Electronics,53908.11,10016.07,22
6272,2025-12-01,86,Home & Kitchen,45921.62,10089.59,22
6273,2025-12-01,86,Fashion,56922.12,15112.27,36
6274,2025-12-01,86,Beauty & Personal Care,51349.54,9296.37,48
6275,2025-12-01,86,Grocery & FMCG,47381.69,13351.29,20
6276,2025-12-01,86,Sports & Lifestyle,26640.95,7050.37,20
6277,2025-12-01,87,Electronics,79503.71,21429.05,37
6278,2025-12-01,87,Home & Kitchen,67973.76,10508.54,72
6279,2025-12-01,87,Fashion,79034.01,18782.43,39
6280,2025-12-01,87,Beauty & Personal Care,63168.07,10299.86,40
6281,2025-12-01,87,Grocery & FMCG,76562.31,12464.84,53
6282,2025-12-01,87,Sports & Lifestyle,37022.05,6218.09,44
6283,2025-12-01,88,Electronics,63151.13,9624.23,70
6284,2025-12-01,88,Home & Kitchen,68264.95,11850.12,53
6285,2025-12-01,88,Fashion,69533.83,15909.84,44
6286,2025-12-01,88,Beauty & Personal Care,54195.89,11883.11,36
6287,2025-12-01,88,Grocery & FMCG,67561.49,14170.31,43
6288,2025-12-01,88,Sports & Lifestyle,32572.52,6097.35,20
6289,2025-12-01,89,Electronics,56359.0,8627.13,40
6290,2025-12-01,89,Home & Kitchen,63005.62,18731.65,52
6291,2025-12-01,89,Fashion,56631.73,11010.29,48
6292,2025-12-01,89,Beauty & Personal Care,58557.57,15610.22,52
6293,2025-12-01,89,Grocery & FMCG,54280.19,11941.77,30
6294,2025-12-01,89,Sports & Lifestyle,32995.2,6464.82,38
6295,2025-12-01,90,Electronics,63889.14,12207.73,75
6296,2025-12-01,90,Home & Kitchen,54249.09,8639.43,52
6297,2025-12-01,90,Fashion,47920.39,7062.41,20
6298,2025-12-01,90,Beauty & Personal Care,47772.07,13654.88,47
6299,2025-12-01,90,Grocery & FMCG,45730.78,13232.29,50
6300,2025-12-01,90,Sports & Lifestyle,31376.29,7759.83,25
6301,2025-12-01,91,Electronics,50700.9,11278.5,32
6302,2025-12-01,91,Home & Kitchen,69172.33,18821.41,55
6303,2025-12-01,91,Fashion,70477.28,14006.01,75
6304,2025-12-01,91,Beauty & Personal Care,56120.54,13079.9,53
6305,2025-12-01,91,Grocery & FMCG,51056.87,10515.08,24
6306,2025-12-01,91,Sports & Lifestyle,37985.2,6119.94,31
6307,2025-12-01,92,Electronics,36743.5,7592.28,20
6308,2025-12-01,92,Home & Kitchen,33158.37,6945.33,20
6309,2025-12-01,92,Fashion,33017.11,8912.39,20
6310,2025-12-01,92,Beauty & Personal Care,32436.95,8378.12,34
6311,2025-12-01,92,Grocery & FMCG,32030.74,9146.69,20
6312,2025-12-01,92,Sports & Lifestyle,24216.52,5928.74,20
6313,2025-12-01,93,Electronics,55626.95,15355.97,34
6314,2025-12-01,93,Home & Kitchen,60065.25,17082.39,68
6315,2025-12-01,93,Fashion,53464.96,15104.46,23
6316,2025-12-01,93,Beauty & Personal Care,54746.88,7874.19,48
6317,2025-12-01,93,Grocery & FMCG,48772.06,12416.68,53
6318,2025-12-01,93,Sports & Lifestyle,25542.84,3703.54,20
6319,2025-12-01,94,Electronics,68842.57,19350.72,32
6320,2025-12-01,94,Home & Kitchen,61435.53,17585.44,25
6321,2025-12-01,94,Fashion,57368.1,12036.14,29
6322,2025-12-01,94,Beauty & Personal Care,56200.68,14268.0,32
6323,2025-12-01,94,Grocery & FMCG,51854.5,15051.69,27
6324,2025-12-01,94,Sports & Lifestyle,29656.17,5596.12,22
6325,2025-12-01,95,Electronics,26569.54,5788.92,20
6326,2025-12-01,95,Home & Kitchen,26856.5,5447.67,20
6327,2025-12-01,95,Fashion,32871.21,9218.45,20
6328,2025-12-01,95,Beauty & Personal Care,25162.38,4660.92,20
6329,2025-12-01,95,Grocery & FMCG,28637.67,5699.21,26
6330,2025-12-01,95,Sports & Lifestyle,11110.99,2135.03,20
6331,2025-12-01,96,Electronics,67928.16,18331.34,30
6332,2025-12-01,96,Home & Kitchen,64240.58,18614.59,35
6333,2025-12-01,96,Fashion,79748.61,14474.65,60
6334,2025-12-01,96,Beauty & Personal Care,58969.0,11871.13,42
6335,2025-12-01,96,Grocery & FMCG,49681.08,6984.94,57
6336,2025-12-01,96,Sports & Lifestyle,36530.32,9962.37,20
6337,2025-12-01,97,Electronics,40145.84,10504.27,24
6338,2025-12-01,97,Home & Kitchen,29871.33,5927.35,20
6339,2025-12-01,97,Fashion,44601.71,13005.89,28
6340,2025-12-01,97,Beauty & Personal Care,33094.44,5166.17,20
6341,2025-12-01,97,Grocery & FMCG,35246.82,7658.19,20
6342,2025-12-01,97,Sports & Lifestyle,18100.74,3130.84,20
6343,2025-12-01,98,Electronics,27265.27,5565.57,33
6344,2025-12-01,98,Home & Kitchen,23000.7,5236.48,20
6345,2025-12-01,98,Fashion,24313.12,7024.59,20
6346,2025-12-01,98,Beauty & Personal Care,21340.72,4787.07,20
6347,2025-12-01,98,Grocery & FMCG,23107.54,6530.73,20
6348,2025-12-01,98,Sports & Lifestyle,14453.21,4276.8,20
6349,2025-12-01,99,Electronics,57260.22,9459.61,30
6350,2025-12-01,99,Home & Kitchen,58420.35,10825.96,32
6351,2025-12-01,99,Fashion,51819.5,13952.79,45
6352,2025-12-01,99,Beauty & Personal Care,50496.09,12019.93,27
6353,2025-12-01,99,Grocery & FMCG,55265.19,11336.99,50
6354,2025-12-01,99,Sports & Lifestyle,28443.23,5799.82,32
6355,2025-12-01,100,Electronics,59324.17,10221.24,57
6356,2025-12-01,100,Home & Kitchen,59041.4,17036.12,36
6357,2025-12-01,100,Fashion,62430.84,15252.25,28
6358,2025-12-01,100,Beauty & Personal Care,63093.76,17003.99,26
6359,2025-12-01,100,Grocery & FMCG,48881.58,14567.9,27
6360,2025-12-01,100,Sports & Lifestyle,34233.29,5960.72,20
6361,2025-12-01,101,Electronics,71387.93,11741.55,48
6362,2025-12-01,101,Home & Kitchen,57329.92,12817.52,31
6363,2025-12-01,101,Fashion,70269.86,13168.09,29
6364,2025-12-01,101,Beauty & Personal Care,52358.34,9310.84,36
6365,2025-12-01,101,Grocery & FMCG,49333.22,9211.18,29
6366,2025-12-01,101,Sports & Lifestyle,32047.48,5008.59,20
6367,2025-12-01,102,Electronics,33551.66,6058.19,22
6368,2025-12-01,102,Home & Kitchen,25087.0,6177.59,20
6369,2025-12-01,102,Fashion,33272.33,9595.12,20
6370,2025-12-01,102,Beauty & Personal Care,22176.1,3985.83,20
6371,2025-12-01,102,Grocery & FMCG,25006.52,5090.52,20
6372,2025-12-01,102,Sports & Lifestyle,14099.83,3586.23,20
6373,2025-12-01,103,Electronics,79935.3,18166.36,78
6374,2025-12-01,103,Home & Kitchen,62860.09,16781.19,33
6375,2025-12-01,103,Fashion,65879.78,10140.12,38
6376,2025-12-01,103,Beauty & Personal Care,61728.95,15205.59,60
6377,2025-12-01,103,Grocery & FMCG,58128.73,10587.33,32
6378,2025-12-01,103,Sports & Lifestyle,30024.97,7782.07,20
6379,2025-12-01,104,Electronics,70866.33,19869.47,50
6380,2025-12-01,104,Home & Kitchen,74262.78,21280.26,32
6381,2025-12-01,104,Fashion,88873.64,19119.41,41
6382,2025-12-01,104,Beauty & Personal Care,60800.93,9180.47,34
6383,2025-12-01,104,Grocery & FMCG,43482.74,7766.42,24
6384,2025-12-01,104,Sports & Lifestyle,40825.87,6420.93,29
6385,2025-12-01,105,Electronics,22645.49,4393.9,20
6386,2025-12-01,105,Home & Kitchen,24827.08,5591.28,20
6387,2025-12-01,105,Fashion,22356.99,3927.87,20
6388,2025-12-01,105,Beauty & Personal Care,17753.68,3364.34,20
6389,2025-12-01,105,Grocery & FMCG,22673.7,5246.26,20
6390,2025-12-01,105,Sports & Lifestyle,14269.08,2873.47,20
6391,2025-12-01,106,Electronics,48318.24,7971.53,43
6392,2025-12-01,106,Home & Kitchen,48855.23,11649.88,29
6393,2025-12-01,106,Fashion,59041.54,11067.96,54
6394,2025-12-01,106,Beauty & Personal Care,49335.33,13153.15,39
6395,2025-12-01,106,Grocery & FMCG,54395.28,8453.89,43
6396,2025-12-01,106,Sports & Lifestyle,27928.36,5149.9,20
6397,2025-12-01,107,Electronics,61727.86,9255.94,71
6398,2025-12-01,107,Home & Kitchen,58860.2,13928.45,47
6399,2025-12-01,107,Fashion,67297.92,9450.69,59
6400,2025-12-01,107,Beauty & Personal Care,52623.84,11127.9,26
6401,2025-12-01,107,Grocery & FMCG,62532.87,11491.59,38
6402,2025-12-01,107,Sports & Lifestyle,36199.89,7235.69,38
6403,2025-12-01,108,Electronics,36129.56,6704.26,26
6404,2025-12-01,108,Home & Kitchen,32354.23,8052.43,32
6405,2025-12-01,108,Fashion,42126.96,7951.95,20
6406,2025-12-01,108,Beauty & Personal Care,36758.45,8950.71,25
6407,2025-12-01,108,Grocery & FMCG,37587.09,9620.14,20
6408,2025-12-01,108,Sports & Lifestyle,19773.04,2888.15,20
6409,2025-12-01,109,Electronics,38892.41,6219.5,21
6410,2025-12-01,109,Home & Kitchen,42780.87,8362.49,28
6411,2025-12-01,109,Fashion,48782.66,8767.97,22
6412,2025-12-01,109,Beauty & Personal Care,35871.92,7940.91,20
6413,2025-12-01,109,Grocery & FMCG,47803.5,13359.14,35
6414,2025-12-01,109,Sports & Lifestyle,22780.95,4191.16,25
6415,2025-12-01,110,Electronics,68995.15,17646.37,37
6416,2025-12-01,110,Home & Kitchen,58233.03,14371.57,30
6417,2025-12-01,110,Fashion,69626.84,16615.88,82
6418,2025-12-01,110,Beauty & Personal Care,53947.15,14199.22,34
6419,2025-12-01,110,Grocery & FMCG,59002.9,13404.36,24
6420,2025-12-01,110,Sports & Lifestyle,35181.69,7324.62,22
6421,2025-12-01,111,Electronics,62167.45,8812.22,74
6422,2025-12-01,111,Home & Kitchen,49129.87,8667.84,34
6423,2025-12-01,111,Fashion,70739.44,13684.53,45
6424,2025-12-01,111,Beauty & Personal Care,61176.83,9777.73,24
6425,2025-12-01,111,Grocery & FMCG,60640.04,12598.19,32
6426,2025-12-01,111,Sports & Lifestyle,36307.21,10229.0,23
6427,2025-12-01,112,Electronics,56359.72,14982.03,31
6428,2025-12-01,112,Home & Kitchen,52114.17,9416.05,28
6429,2025-12-01,112,Fashion,70139.38,15782.45,38
6430,2025-12-01,112,Beauty & Personal Care,58114.47,10593.14,35
6431,2025-12-01,112,Grocery & FMCG,65426.25,9737.74,43
6432,2025-12-01,112,Sports & Lifestyle,35812.29,6500.21,25
6433,2025-12-01,113,Electronics,57914.31,9274.71,36
6434,2025-12-01,113,Home & Kitchen,68158.3,19845.42,27
6435,2025-12-01,113,Fashion,73275.24,13152.86,51
6436,2025-12-01,113,Beauty & Personal Care,51431.72,12291.11,35
6437,2025-12-01,113,Grocery & FMCG,69345.78,15782.61,29
6438,2025-12-01,113,Sports & Lifestyle,32617.64,7345.13,25
6439,2025-12-01,114,Electronics,75252.81,22491.07,47
6440,2025-12-01,114,Home & Kitchen,73466.12,10410.66,36
6441,2025-12-01,114,Fashion,82363.76,14427.45,99
6442,2025-12-01,114,Beauty & Personal Care,66102.05,16923.84,59
6443,2025-12-01,114,Grocery & FMCG,59812.19,10249.42,30
6444,2025-12-01,114,Sports & Lifestyle,44967.02,7673.79,30
6445,2025-12-01,115,Electronics,28101.09,8005.81,27
6446,2025-12-01,115,Home & Kitchen,28370.99,7159.7,20
6447,2025-12-01,115,Fashion,28763.97,5791.57,20
6448,2025-12-01,115,Beauty & Personal Care,28057.78,5286.5,20
6449,2025-12-01,115,Grocery & FMCG,26629.05,3854.9,20
6450,2025-12-01,115,Sports & Lifestyle,17073.33,5080.3,20
6451,2025-12-01,116,Electronics,74804.11,18984.0,51
6452,2025-12-01,116,Home & Kitchen,68438.34,13737.4,28
6453,2025-12-01,116,Fashion,73739.21,10944.91,69
6454,2025-12-01,116,Beauty & Personal Care,64245.0,11285.61,47
6455,2025-12-01,116,Grocery & FMCG,56874.24,16178.94,30
6456,2025-12-01,116,Sports & Lifestyle,40180.93,7777.86,24
6457,2025-12-01,117,Electronics,59132.86,16457.56,25
6458,2025-12-01,117,Home & Kitchen,57483.39,11713.45,24
6459,2025-12-01,117,Fashion,73476.2,16717.01,51
6460,2025-12-01,117,Beauty & Personal Care,58902.21,13777.68,29
6461,2025-12-01,117,Grocery & FMCG,60426.27,13962.04,41
6462,2025-12-01,117,Sports & Lifestyle,39892.65,10350.38,23
6463,2025-12-01,118,Electronics,28081.62,7337.6,32
6464,2025-12-01,118,Home & Kitchen,25068.39,4802.23,20
6465,2025-12-01,118,Fashion,25838.56,3949.08,20
6466,2025-12-01,118,Beauty & Personal Care,24058.34,4673.1,20
6467,2025-12-01,118,Grocery & FMCG,23890.46,4478.85,20
6468,2025-12-01,118,Sports & Lifestyle,12254.79,2675.01,20
6469,2025-12-01,119,Electronics,45926.99,12332.17,29
6470,2025-12-01,119,Home & Kitchen,40338.3,11981.75,20
6471,2025-12-01,119,Fashion,41489.32,8294.39,20
6472,2025-12-01,119,Beauty & Personal Care,33827.22,7258.79,20
6473,2025-12-01,119,Grocery & FMCG,32327.48,8780.32,20
6474,2025-12-01,119,Sports & Lifestyle,20893.14,4172.2,24
6475,2025-12-01,120,Electronics,31904.56,9448.3,20
6476,2025-12-01,120,Home & Kitchen,32854.52,6905.92,24
6477,2025-12-01,120,Fashion,36286.43,5198.69,20
6478,2025-12-01,120,Beauty & Personal Care,31990.83,8272.19,20
6479,2025-12-01,120,Grocery & FMCG,28810.33,7920.79,28
6480,2025-12-01,120,Sports & Lifestyle,13341.71,3183.12,20
6481,2026-01-01,1,Electronics,64564.66,12024.76,47
6482,2026-01-01,1,Home & Kitchen,67619.15,10193.74,28
6483,2026-01-01,1,Fashion,63720.63,11936.13,45
6484,2026-01-01,1,Beauty & Personal Care,49390.46,6971.44,28
6485,2026-01-01,1,Grocery & FMCG,47761.23,11755.68,46
6486,2026-01-01,1,Sports & Lifestyle,29487.38,5819.2,20
6487,2026-01-01,2,Electronics,39597.81,10518.25,48
6488,2026-01-01,2,Home & Kitchen,45496.25,8854.24,22
6489,2026-01-01,2,Fashion,45063.08,10715.09,20
6490,2026-01-01,2,Beauty & Personal Care,37205.72,5882.46,33
6491,2026-01-01,2,Grocery & FMCG,37684.11,7232.3,43
6492,2026-01-01,2,Sports & Lifestyle,25721.08,5905.05,29
6493,2026-01-01,3,Electronics,59294.71,13823.68,25
6494,2026-01-01,3,Home & Kitchen,52711.88,15230.27,35
6495,2026-01-01,3,Fashion,79959.08,21029.66,63
6496,2026-01-01,3,Beauty & Personal Care,47316.99,7348.42,21
6497,2026-01-01,3,Grocery & FMCG,50234.31,11529.86,43
6498,2026-01-01,3,Sports & Lifestyle,27559.19,5799.86,20
6499,2026-01-01,4,Electronics,50231.03,10797.67,40
6500,2026-01-01,4,Home & Kitchen,56354.9,14455.75,25
6501,2026-01-01,4,Fashion,54204.14,13572.39,26
6502,2026-01-01,4,Beauty & Personal Care,48384.65,8584.12,31
6503,2026-01-01,4,Grocery & FMCG,43299.63,12403.12,53
6504,2026-01-01,4,Sports & Lifestyle,23916.59,5372.34,20
6505,2026-01-01,5,Electronics,48051.64,11801.07,36
6506,2026-01-01,5,Home & Kitchen,41543.54,12044.7,25
6507,2026-01-01,5,Fashion,54341.28,11571.11,52
6508,2026-01-01,5,Beauty & Personal Care,40984.29,8131.21,39
6509,2026-01-01,5,Grocery & FMCG,39552.86,8955.46,20
6510,2026-01-01,5,Sports & Lifestyle,27946.48,7671.51,20
6511,2026-01-01,6,Electronics,30818.02,6577.27,23
6512,2026-01-01,6,Home & Kitchen,31257.36,7825.63,23
6513,2026-01-01,6,Fashion,33441.35,7383.41,20
6514,2026-01-01,6,Beauty & Personal Care,25195.84,3580.26,25
6515,2026-01-01,6,Grocery & FMCG,31122.26,6488.75,20
6516,2026-01-01,6,Sports & Lifestyle,15836.17,2682.36,20
6517,2026-01-01,7,Electronics,41377.94,11835.98,20
6518,2026-01-01,7,Home & Kitchen,36937.17,5935.64,20
6519,2026-01-01,7,Fashion,45512.37,12695.18,36
6520,2026-01-01,7,Beauty & Personal Care,28083.62,7839.4,26
6521,2026-01-01,7,Grocery & FMCG,31334.36,6054.7,23
6522,2026-01-01,7,Sports & Lifestyle,18987.28,2912.78,20
6523,2026-01-01,8,Electronics,57784.19,14426.81,25
6524,2026-01-01,8,Home & Kitchen,47003.02,8807.01,33
6525,2026-01-01,8,Fashion,58968.14,9956.95,44
6526,2026-01-01,8,Beauty & Personal Care,59166.35,15346.79,25
6527,2026-01-01,8,Grocery & FMCG,46201.4,8180.23,21
6528,2026-01-01,8,Sports & Lifestyle,29052.66,5434.4,20
6529,2026-01-01,9,Electronics,56779.54,10093.93,37
6530,2026-01-01,9,Home & Kitchen,60949.49,16932.06,24
6531,2026-01-01,9,Fashion,52354.82,15126.11,25
6532,2026-01-01,9,Beauty & Personal Care,41074.67,10326.25,20
6533,2026-01-01,9,Grocery & FMCG,51473.35,10336.08,40
6534,2026-01-01,9,Sports & Lifestyle,35336.68,8660.65,20
6535,2026-01-01,10,Electronics,60169.06,14916.38,40
6536,2026-01-01,10,Home & Kitchen,53902.94,10374.96,26
6537,2026-01-01,10,Fashion,60307.97,16599.13,30
6538,2026-01-01,10,Beauty & Personal Care,46077.8,8490.45,29
6539,2026-01-01,10,Grocery & FMCG,50682.22,10476.54,28
6540,2026-01-01,10,Sports & Lifestyle,32366.32,7928.7,21
6541,2026-01-01,11,Electronics,36420.8,8580.04,37
6542,2026-01-01,11,Home & Kitchen,42973.8,8219.62,52
6543,2026-01-01,11,Fashion,49880.74,13972.18,30
6544,2026-01-01,11,Beauty & Personal Care,35362.79,5153.85,35
6545,2026-01-01,11,Grocery & FMCG,39421.04,11063.6,41
6546,2026-01-01,11,Sports & Lifestyle,20242.92,4038.6,20
6547,2026-01-01,12,Electronics,47355.14,7627.2,20
6548,2026-01-01,12,Home & Kitchen,50830.29,9284.1,26
6549,2026-01-01,12,Fashion,46062.01,12560.09,53
6550,2026-01-01,12,Beauty & Personal Care,33560.92,8168.2,20
6551,2026-01-01,12,Grocery & FMCG,44783.12,11611.88,45
6552,2026-01-01,12,Sports & Lifestyle,23937.48,5646.29,21
6553,2026-01-01,13,Electronics,40077.2,6911.97,35
6554,2026-01-01,13,Home & Kitchen,43046.17,7741.68,29
6555,2026-01-01,13,Fashion,46649.72,8894.15,21
6556,2026-01-01,13,Beauty & Personal Care,42561.27,10560.31,22
6557,2026-01-01,13,Grocery & FMCG,37265.91,7709.74,37
6558,2026-01-01,13,Sports & Lifestyle,21995.71,4774.37,20
6559,2026-01-01,14,Electronics,51066.81,7718.29,52
6560,2026-01-01,14,Home & Kitchen,60399.42,11768.36,33
6561,2026-01-01,14,Fashion,57151.12,10729.1,45
6562,2026-01-01,14,Beauty & Personal Care,44335.22,12906.96,24
6563,2026-01-01,14,Grocery & FMCG,48643.59,12258.07,31
6564,2026-01-01,14,Sports & Lifestyle,28624.88,6894.41,30
6565,2026-01-01,15,Electronics,54436.2,14087.49,21
6566,2026-01-01,15,Home & Kitchen,44711.24,7732.29,35
6567,2026-01-01,15,Fashion,48522.35,14138.68,41
6568,2026-01-01,15,Beauty & Personal Care,41844.97,11433.55,20
6569,2026-01-01,15,Grocery & FMCG,44527.18,12240.05,54
6570,2026-01-01,15,Sports & Lifestyle,26288.2,4268.77,20
6571,2026-01-01,16,Electronics,48089.77,12210.1,28
6572,2026-01-01,16,Home & Kitchen,56368.86,11058.79,51
6573,2026-01-01,16,Fashion,52108.26,12706.97,25
6574,2026-01-01,16,Beauty & Personal Care,40307.43,11833.84,20
6575,2026-01-01,16,Grocery & FMCG,38007.59,8885.62,29
6576,2026-01-01,16,Sports & Lifestyle,33383.49,4832.07,28
6577,2026-01-01,17,Electronics,49785.35,11125.81,22
6578,2026-01-01,17,Home & Kitchen,61737.66,14100.0,37
6579,2026-01-01,17,Fashion,61900.72,15153.58,52
6580,2026-01-01,17,Beauty & Personal Care,48105.49,12656.62,24
6581,2026-01-01,17,Grocery & FMCG,50720.44,11815.49,41
6582,2026-01-01,17,Sports & Lifestyle,28146.43,6704.51,20
6583,2026-01-01,18,Electronics,27752.64,5755.59,27
6584,2026-01-01,18,Home & Kitchen,21707.24,4228.13,21
6585,2026-01-01,18,Fashion,21645.84,4195.49,20
6586,2026-01-01,18,Beauty & Personal Care,23133.73,4417.53,20
6587,2026-01-01,18,Grocery & FMCG,23585.33,5054.77,20
6588,2026-01-01,18,Sports & Lifestyle,14137.79,2348.15,20
6589,2026-01-01,19,Electronics,39502.62,8108.11,48
6590,2026-01-01,19,Home & Kitchen,36608.58,7940.07,20
6591,2026-01-01,19,Fashion,49355.86,11004.04,20
6592,2026-01-01,19,Beauty & Personal Care,29003.29,6543.34,20
6593,2026-01-01,19,Grocery & FMCG,29238.85,7523.46,20
6594,2026-01-01,19,Sports & Lifestyle,16832.83,3663.79,20
6595,2026-01-01,20,Electronics,44816.87,8990.65,23
6596,2026-01-01,20,Home & Kitchen,37995.9,6095.59,31
6597,2026-01-01,20,Fashion,40963.62,7960.52,25
6598,2026-01-01,20,Beauty & Personal Care,37958.49,11314.99,23
6599,2026-01-01,20,Grocery & FMCG,35439.75,7614.43,20
6600,2026-01-01,20,Sports & Lifestyle,21024.4,6262.83,20
6601,2026-01-01,21,Electronics,67538.01,11739.44,31
6602,2026-01-01,21,Home & Kitchen,65609.33,16082.06,27
6603,2026-01-01,21,Fashion,52829.86,14921.72,22
6604,2026-01-01,21,Beauty & Personal Care,42708.7,12768.7,21
6605,2026-01-01,21,Grocery & FMCG,49135.12,8485.86,58
6606,2026-01-01,21,Sports & Lifestyle,35632.98,9630.49,20
6607,2026-01-01,22,Electronics,63891.61,9555.22,51
6608,2026-01-01,22,Home & Kitchen,65904.38,15310.21,48
6609,2026-01-01,22,Fashion,79299.51,12863.87,32
6610,2026-01-01,22,Beauty & Personal Care,53397.02,11514.69,34
6611,2026-01-01,22,Grocery & FMCG,53265.44,12526.01,28
6612,2026-01-01,22,Sports & Lifestyle,33980.65,7187.84,42
6613,2026-01-01,23,Electronics,48478.68,8204.05,22
6614,2026-01-01,23,Home & Kitchen,44654.41,8087.42,24
6615,2026-01-01,23,Fashion,54824.41,15175.26,28
6616,2026-01-01,23,Beauty & Personal Care,40059.57,8561.43,23
6617,2026-01-01,23,Grocery & FMCG,48637.63,11329.56,26
6618,2026-01-01,23,Sports & Lifestyle,25693.01,6630.59,20
6619,2026-01-01,24,Electronics,54621.83,7791.32,38
6620,2026-01-01,24,Home & Kitchen,45907.06,6582.99,21
6621,2026-01-01,24,Fashion,62033.61,15238.49,72
6622,2026-01-01,24,Beauty & Personal Care,44599.88,9780.37,40
6623,2026-01-01,24,Grocery & FMCG,40387.82,7651.25,38
6624,2026-01-01,24,Sports & Lifestyle,27584.09,5274.81,20
6625,2026-01-01,25,Electronics,56377.02,16847.47,40
6626,2026-01-01,25,Home & Kitchen,51838.45,10452.91,28
6627,2026-01-01,25,Fashion,65602.07,13534.05,26
6628,2026-01-01,25,Beauty & Personal Care,42515.3,9583.68,25
6629,2026-01-01,25,Grocery & FMCG,49191.72,11670.36,20
6630,2026-01-01,25,Sports & Lifestyle,25185.34,5478.96,20
6631,2026-01-01,26,Electronics,44668.84,7014.01,21
6632,2026-01-01,26,Home & Kitchen,34871.44,7111.54,20
6633,2026-01-01,26,Fashion,46190.27,11128.28,21
6634,2026-01-01,26,Beauty & Personal Care,31578.06,8024.93,20
6635,2026-01-01,26,Grocery & FMCG,28271.17,8294.26,21
6636,2026-01-01,26,Sports & Lifestyle,21936.6,3931.52,24
6637,2026-01-01,27,Electronics,49625.32,14754.8,32
6638,2026-01-01,27,Home & Kitchen,44636.38,9831.69,28
6639,2026-01-01,27,Fashion,50835.75,9832.09,25
6640,2026-01-01,27,Beauty & Personal Care,39111.99,7255.33,20
6641,2026-01-01,27,Grocery & FMCG,37758.38,8342.16,20
6642,2026-01-01,27,Sports & Lifestyle,24270.8,7274.86,20
6643,2026-01-01,28,Electronics,55917.83,14912.25,46
6644,2026-01-01,28,Home & Kitchen,51386.2,15265.12,28
6645,2026-01-01,28,Fashion,74023.37,13680.77,35
6646,2026-01-01,28,Beauty & Personal Care,45895.48,11691.18,33
6647,2026-01-01,28,Grocery & FMCG,50039.61,10099.36,46
6648,2026-01-01,28,Sports & Lifestyle,23074.18,4857.2,20
6649,2026-01-01,29,Electronics,63961.45,9184.59,41
6650,2026-01-01,29,Home & Kitchen,70596.75,14817.61,62
6651,2026-01-01,29,Fashion,55775.31,16310.54,35
6652,2026-01-01,29,Beauty & Personal Care,44154.35,7873.46,27
6653,2026-01-01,29,Grocery & FMCG,52459.65,9613.96,31
6654,2026-01-01,29,Sports & Lifestyle,31907.29,6421.53,20
6655,2026-01-01,30,Electronics,52490.8,13234.77,39
6656,2026-01-01,30,Home & Kitchen,49354.25,13468.61,24
6657,2026-01-01,30,Fashion,60174.97,8746.82,41
6658,2026-01-01,30,Beauty & Personal Care,34760.49,6929.89,20
6659,2026-01-01,30,Grocery & FMCG,38321.14,5897.95,24
6660,2026-01-01,30,Sports & Lifestyle,28896.19,4473.86,20
6661,2026-01-01,31,Electronics,33838.34,8825.9,28
6662,2026-01-01,31,Home & Kitchen,24410.55,6585.87,20
6663,2026-01-01,31,Fashion,33777.42,8767.92,20
6664,2026-01-01,31,Beauty & Personal Care,30333.13,7708.27,20
6665,2026-01-01,31,Grocery & FMCG,24500.36,4799.38,20
6666,2026-01-01,31,Sports & Lifestyle,17174.79,3583.85,20
6667,2026-01-01,32,Electronics,38493.51,6428.78,20
6668,2026-01-01,32,Home & Kitchen,38360.75,6909.97,26
6669,2026-01-01,32,Fashion,46123.02,11061.12,20
6670,2026-01-01,32,Beauty & Personal Care,28520.22,8508.7,20
6671,2026-01-01,32,Grocery & FMCG,37345.92,8100.89,20
6672,2026-01-01,32,Sports & Lifestyle,19858.85,5095.39,20
6673,2026-01-01,33,Electronics,57626.44,17118.36,35
6674,2026-01-01,33,Home & Kitchen,56749.84,9149.55,28
6675,2026-01-01,33,Fashion,62712.34,16921.39,31
6676,2026-01-01,33,Beauty & Personal Care,38027.11,8133.44,24
6677,2026-01-01,33,Grocery & FMCG,50753.97,14835.95,20
6678,2026-01-01,33,Sports & Lifestyle,25934.62,7112.09,21
6679,2026-01-01,34,Electronics,35703.07,10680.33,27
6680,2026-01-01,34,Home & Kitchen,32452.45,8182.61,36
6681,2026-01-01,34,Fashion,32617.91,6072.37,29
6682,2026-01-01,34,Beauty & Personal Care,26358.16,6562.25,20
6683,2026-01-01,34,Grocery & FMCG,32637.49,8949.45,35
6684,2026-01-01,34,Sports & Lifestyle,14070.93,2277.65,20
6685,2026-01-01,35,Electronics,57130.02,16241.52,38
6686,2026-01-01,35,Home & Kitchen,60924.89,15885.54,60
6687,2026-01-01,35,Fashion,65261.04,9694.78,26
6688,2026-01-01,35,Beauty & Personal Care,45838.17,10612.35,39
6689,2026-01-01,35,Grocery & FMCG,51457.61,9257.99,23
6690,2026-01-01,35,Sports & Lifestyle,27040.57,5430.0,20
6691,2026-01-01,36,Electronics,31116.52,8850.77,20
6692,2026-01-01,36,Home & Kitchen,34055.97,6489.18,29
6693,2026-01-01,36,Fashion,29953.02,8487.12,25
6694,2026-01-01,36,Beauty & Personal Care,23295.64,5116.9,26
6695,2026-01-01,36,Grocery & FMCG,23403.0,5912.87,20
6696,2026-01-01,36,Sports & Lifestyle,18055.35,3049.8,20
6697,2026-01-01,37,Electronics,49504.12,13338.93,24
6698,2026-01-01,37,Home & Kitchen,47738.42,8703.75,20
6699,2026-01-01,37,Fashion,55731.99,11798.03,33
6700,2026-01-01,37,Beauty & Personal Care,42433.63,8332.17,48
6701,2026-01-01,37,Grocery & FMCG,50890.97,8781.44,30
6702,2026-01-01,37,Sports & Lifestyle,27167.46,4784.83,20
6703,2026-01-01,38,Electronics,61179.69,11011.94,74
6704,2026-01-01,38,Home & Kitchen,56748.79,13998.98,26
6705,2026-01-01,38,Fashion,55283.52,15856.2,39
6706,2026-01-01,38,Beauty & Personal Care,45480.14,12005.25,21
6707,2026-01-01,38,Grocery & FMCG,47031.73,8546.05,31
6708,2026-01-01,38,Sports & Lifestyle,29891.02,5935.17,29
6709,2026-01-01,39,Electronics,64776.58,12807.51,30
6710,2026-01-01,39,Home & Kitchen,57959.55,17197.11,33
6711,2026-01-01,39,Fashion,62608.56,16447.77,45
6712,2026-01-01,39,Beauty & Personal Care,49409.6,10326.99,33
6713,2026-01-01,39,Grocery & FMCG,54990.87,9492.04,47
6714,2026-01-01,39,Sports & Lifestyle,29333.5,5237.8,20
6715,2026-01-01,40,Electronics,52923.92,12505.97,34
6716,2026-01-01,40,Home & Kitchen,40792.13,9030.29,20
6717,2026-01-01,40,Fashion,52395.03,12057.4,35
6718,2026-01-01,40,Beauty & Personal Care,37726.03,5696.93,20
6719,2026-01-01,40,Grocery & FMCG,48292.97,12251.11,30
6720,2026-01-01,40,Sports & Lifestyle,20649.77,5105.23,20
6721,2026-01-01,41,Electronics,29895.12,4278.22,27
6722,2026-01-01,41,Home & Kitchen,29957.43,7340.67,20
6723,2026-01-01,41,Fashion,36799.66,7385.09,20
6724,2026-01-01,41,Beauty & Personal Care,26373.04,5062.82,22
6725,2026-01-01,41,Grocery & FMCG,30704.43,7836.63,23
6726,2026-01-01,41,Sports & Lifestyle,17651.42,4103.98,20
6727,2026-01-01,42,Electronics,50034.89,9556.39,22
6728,2026-01-01,42,Home & Kitchen,53657.77,9981.8,37
6729,2026-01-01,42,Fashion,62598.13,18728.82,47
6730,2026-01-01,42,Beauty & Personal Care,43070.29,6787.89,32
6731,2026-01-01,42,Grocery & FMCG,49190.9,8465.74,21
6732,2026-01-01,42,Sports & Lifestyle,30980.36,5623.15,20
6733,2026-01-01,43,Electronics,51373.02,9240.41,25
6734,2026-01-01,43,Home & Kitchen,52863.85,8463.53,26
6735,2026-01-01,43,Fashion,59028.35,13989.31,59
6736,2026-01-01,43,Beauty & Personal Care,44962.89,8549.84,38
6737,2026-01-01,43,Grocery & FMCG,45308.92,7123.01,51
6738,2026-01-01,43,Sports & Lifestyle,23585.23,5085.88,20
6739,2026-01-01,44,Electronics,57786.81,11008.61,62
6740,2026-01-01,44,Home & Kitchen,65945.65,17906.37,37
6741,2026-01-01,44,Fashion,65553.51,11344.48,36
6742,2026-01-01,44,Beauty & Personal Care,62239.32,13249.74,58
6743,2026-01-01,44,Grocery & FMCG,60011.63,11090.91,34
6744,2026-01-01,44,Sports & Lifestyle,27273.49,7191.24,20
6745,2026-01-01,45,Electronics,30951.25,5542.73,32
6746,2026-01-01,45,Home & Kitchen,41577.72,8098.26,22
6747,2026-01-01,45,Fashion,39589.77,6761.66,49
6748,2026-01-01,45,Beauty & Personal Care,36627.63,6724.56,20
6749,2026-01-01,45,Grocery & FMCG,35570.16,8516.17,20
6750,2026-01-01,45,Sports & Lifestyle,21110.13,3236.48,23
6751,2026-01-01,46,Electronics,59798.79,14807.08,66
6752,2026-01-01,46,Home & Kitchen,54180.43,15024.48,32
6753,2026-01-01,46,Fashion,51977.65,11454.58,51
6754,2026-01-01,46,Beauty & Personal Care,60696.18,15073.62,53
6755,2026-01-01,46,Grocery & FMCG,50421.41,12517.4,28
6756,2026-01-01,46,Sports & Lifestyle,33654.58,9648.05,27
6757,2026-01-01,47,Electronics,76456.09,20291.89,33
6758,2026-01-01,47,Home & Kitchen,51164.66,11526.88,31
6759,2026-01-01,47,Fashion,65352.65,10058.24,59
6760,2026-01-01,47,Beauty & Personal Care,48858.73,9208.24,33
6761,2026-01-01,47,Grocery & FMCG,63445.63,14871.91,35
6762,2026-01-01,47,Sports & Lifestyle,27136.03,4386.89,20
6763,2026-01-01,48,Electronics,72975.37,14160.92,36
6764,2026-01-01,48,Home & Kitchen,48202.23,8492.88,21
6765,2026-01-01,48,Fashion,66335.55,13852.42,66
6766,2026-01-01,48,Beauty & Personal Care,60400.45,11828.64,32
6767,2026-01-01,48,Grocery & FMCG,58083.0,12523.78,56
6768,2026-01-01,48,Sports & Lifestyle,34622.7,5117.26,21
6769,2026-01-01,49,Electronics,58033.54,16912.62,26
6770,2026-01-01,49,Home & Kitchen,48988.94,11021.4,20
6771,2026-01-01,49,Fashion,59918.6,11785.85,32
6772,2026-01-01,49,Beauty & Personal Care,53206.31,15485.66,28
6773,2026-01-01,49,Grocery & FMCG,60582.61,13512.8,40
6774,2026-01-01,49,Sports & Lifestyle,32944.35,9804.7,22
6775,2026-01-01,50,Electronics,32309.65,8536.58,38
6776,2026-01-01,50,Home & Kitchen,32982.67,5199.23,39
6777,2026-01-01,50,Fashion,37060.74,8584.7,37
6778,2026-01-01,50,Beauty & Personal Care,26798.93,4142.09,20
6779,2026-01-01,50,Grocery & FMCG,30937.92,8309.28,20
6780,2026-01-01,50,Sports & Lifestyle,18346.77,4913.2,20
6781,2026-01-01,51,Electronics,65766.94,15508.6,33
6782,2026-01-01,51,Home & Kitchen,55896.42,10572.53,53
6783,2026-01-01,51,Fashion,69403.18,11254.04,40
6784,2026-01-01,51,Beauty & Personal Care,58209.39,16617.63,34
6785,2026-01-01,51,Grocery & FMCG,58501.84,14757.6,59
6786,2026-01-01,51,Sports & Lifestyle,36463.85,6038.24,35
6787,2026-01-01,52,Electronics,50306.59,8094.51,20
6788,2026-01-01,52,Home & Kitchen,55409.31,13381.78,27
6789,2026-01-01,52,Fashion,72511.95,15499.25,52
6790,2026-01-01,52,Beauty & Personal Care,57340.39,15426.66,27
6791,2026-01-01,52,Grocery & FMCG,57239.39,11753.32,69
6792,2026-01-01,52,Sports & Lifestyle,27503.89,6395.47,23
6793,2026-01-01,53,Electronics,46153.54,13732.0,23
6794,2026-01-01,53,Home & Kitchen,47102.17,7127.35,40
6795,2026-01-01,53,Fashion,58446.49,9955.83,36
6796,2026-01-01,53,Beauty & Personal Care,38128.86,8096.15,20
6797,2026-01-01,53,Grocery & FMCG,55383.47,16372.63,63
6798,2026-01-01,53,Sports & Lifestyle,26554.85,4272.06,32
6799,2026-01-01,54,Electronics,27491.07,4458.93,20
6800,2026-01-01,54,Home & Kitchen,24321.09,5396.31,20
6801,2026-01-01,54,Fashion,25981.01,7650.44,29
6802,2026-01-01,54,Beauty & Personal Care,22429.02,3462.43,20
6803,2026-01-01,54,Grocery & FMCG,24566.1,6863.78,20
6804,2026-01-01,54,Sports & Lifestyle,11068.18,2001.82,20
6805,2026-01-01,55,Electronics,64610.93,15210.05,59
6806,2026-01-01,55,Home & Kitchen,45863.99,11475.79,22
6807,2026-01-01,55,Fashion,58828.03,14001.05,40
6808,2026-01-01,55,Beauty & Personal Care,53094.82,13534.13,31
6809,2026-01-01,55,Grocery & FMCG,58212.24,14206.09,25
6810,2026-01-01,55,Sports & Lifestyle,34048.96,9691.17,41
6811,2026-01-01,56,Electronics,32213.53,4900.6,20
6812,2026-01-01,56,Home & Kitchen,36693.5,9093.31,20
6813,2026-01-01,56,Fashion,36453.27,7026.77,20
6814,2026-01-01,56,Beauty & Personal Care,33044.28,8490.32,20
6815,2026-01-01,56,Grocery & FMCG,32022.83,7367.36,24
6816,2026-01-01,56,Sports & Lifestyle,18077.87,3428.33,20
6817,2026-01-01,57,Electronics,53664.65,15385.12,28
6818,2026-01-01,57,Home & Kitchen,44028.96,6728.33,28
6819,2026-01-01,57,Fashion,46613.89,12858.21,46
6820,2026-01-01,57,Beauty & Personal Care,38127.31,9477.91,43
6821,2026-01-01,57,Grocery & FMCG,45587.96,7037.9,21
6822,2026-01-01,57,Sports & Lifestyle,27713.58,5943.44,20
6823,2026-01-01,58,Electronics,36955.98,6373.13,20
6824,2026-01-01,58,Home & Kitchen,38056.91,5338.1,22
6825,2026-01-01,58,Fashion,35807.12,6939.22,30
6826,2026-01-01,58,Beauty & Personal Care,32941.72,5851.4,33
6827,2026-01-01,58,Grocery & FMCG,25227.08,7176.01,20
6828,2026-01-01,58,Sports & Lifestyle,17785.36,4270.6,20
6829,2026-01-01,59,Electronics,41223.24,10766.09,27
6830,2026-01-01,59,Home & Kitchen,37123.86,9560.34,20
6831,2026-01-01,59,Fashion,50006.57,10447.16,21
6832,2026-01-01,59,Beauty & Personal Care,42856.34,6864.82,37
6833,2026-01-01,59,Grocery & FMCG,37598.8,10974.16,20
6834,2026-01-01,59,Sports & Lifestyle,25123.45,3684.66,20
6835,2026-01-01,60,Electronics,44577.17,8678.89,29
6836,2026-01-01,60,Home & Kitchen,35815.96,6813.27,32
6837,2026-01-01,60,Fashion,41825.37,8405.03,47
6838,2026-01-01,60,Beauty & Personal Care,40499.74,6745.07,21
6839,2026-01-01,60,Grocery & FMCG,42235.55,7946.05,22
6840,2026-01-01,60,Sports & Lifestyle,22658.61,5946.65,20
6841,2026-01-01,61,Electronics,47415.13,12083.82,20
6842,2026-01-01,61,Home & Kitchen,52001.19,10545.3,37
6843,2026-01-01,61,Fashion,61396.21,17809.99,45
6844,2026-01-01,61,Beauty & Personal Care,39706.95,6004.17,23
6845,2026-01-01,61,Grocery & FMCG,49119.02,9624.29,25
6846,2026-01-01,61,Sports & Lifestyle,27369.58,6492.52,24
6847,2026-01-01,62,Electronics,56647.73,15451.89,26
6848,2026-01-01,62,Home & Kitchen,57031.23,11484.29,54
6849,2026-01-01,62,Fashion,55793.17,8056.43,28
6850,2026-01-01,62,Beauty & Personal Care,50057.78,12751.59,43
6851,2026-01-01,62,Grocery & FMCG,47037.19,13716.72,58
6852,2026-01-01,62,Sports & Lifestyle,32392.18,6227.25,20
6853,2026-01-01,63,Electronics,64815.06,10788.77,35
6854,2026-01-01,63,Home & Kitchen,55023.97,12720.19,43
6855,2026-01-01,63,Fashion,66108.07,12855.91,32
6856,2026-01-01,63,Beauty & Personal Care,49064.84,11775.09,21
6857,2026-01-01,63,Grocery & FMCG,38045.24,7191.45,20
6858,2026-01-01,63,Sports & Lifestyle,32004.47,9191.79,20
6859,2026-01-01,64,Electronics,44206.33,6861.28,25
6860,2026-01-01,64,Home & Kitchen,42342.07,10991.85,48
6861,2026-01-01,64,Fashion,44591.29,13175.05,20
6862,2026-01-01,64,Beauty & Personal Care,29182.84,4229.97,26
6863,2026-01-01,64,Grocery & FMCG,33640.05,5468.88,20
6864,2026-01-01,64,Sports & Lifestyle,25460.49,6667.62,28
6865,2026-01-01,65,Electronics,57685.98,8537.29,27
6866,2026-01-01,65,Home & Kitchen,53421.54,8581.5,35
6867,2026-01-01,65,Fashion,59413.14,14007.99,24
6868,2026-01-01,65,Beauty & Personal Care,46342.58,10091.23,46
6869,2026-01-01,65,Grocery & FMCG,59066.4,12189.23,59
6870,2026-01-01,65,Sports & Lifestyle,29846.59,7448.43,20
6871,2026-01-01,66,Electronics,60933.0,15327.24,41
6872,2026-01-01,66,Home & Kitchen,60786.79,9736.02,46
6873,2026-01-01,66,Fashion,55118.46,10810.96,22
6874,2026-01-01,66,Beauty & Personal Care,40680.69,8832.81,33
6875,2026-01-01,66,Grocery & FMCG,44239.6,9468.1,38
6876,2026-01-01,66,Sports & Lifestyle,30110.1,7277.35,24
6877,2026-01-01,67,Electronics,58690.52,16904.07,36
6878,2026-01-01,67,Home & Kitchen,60897.39,14569.8,69
6879,2026-01-01,67,Fashion,69316.22,11164.0,28
6880,2026-01-01,67,Beauty & Personal Care,43050.61,7467.65,26
6881,2026-01-01,67,Grocery & FMCG,48554.84,13446.74,25
6882,2026-01-01,67,Sports & Lifestyle,27033.52,4819.18,20
6883,2026-01-01,68,Electronics,30009.65,5821.97,20
6884,2026-01-01,68,Home & Kitchen,34594.0,6647.53,20
6885,2026-01-01,68,Fashion,37142.11,7371.46,30
6886,2026-01-01,68,Beauty & Personal Care,32804.62,8447.72,20
6887,2026-01-01,68,Grocery & FMCG,32117.42,6652.02,20
6888,2026-01-01,68,Sports & Lifestyle,20831.38,5168.51,20
6889,2026-01-01,69,Electronics,47733.03,14128.58,26
6890,2026-01-01,69,Home & Kitchen,43244.37,8916.9,51
6891,2026-01-01,69,Fashion,44056.36,9343.97,25
6892,2026-01-01,69,Beauty & Personal Care,33182.9,6126.16,20
6893,2026-01-01,69,Grocery & FMCG,42164.44,9097.97,20
6894,2026-01-01,69,Sports & Lifestyle,27133.3,7389.15,21
6895,2026-01-01,70,Electronics,55536.66,8941.21,28
6896,2026-01-01,70,Home & Kitchen,46717.64,9028.94,20
6897,2026-01-01,70,Fashion,50767.44,12126.15,31
6898,2026-01-01,70,Beauty & Personal Care,34208.19,7645.12,32
6899,2026-01-01,70,Grocery & FMCG,39707.42,9038.97,21
6900,2026-01-01,70,Sports & Lifestyle,24786.52,6406.59,20
6901,2026-01-01,71,Electronics,38074.41,10837.37,27
6902,2026-01-01,71,Home & Kitchen,41756.14,7311.95,22
6903,2026-01-01,71,Fashion,49297.39,12659.08,31
6904,2026-01-01,71,Beauty & Personal Care,35295.62,9489.64,34
6905,2026-01-01,71,Grocery & FMCG,38390.96,8404.37,37
6906,2026-01-01,71,Sports & Lifestyle,20105.42,5492.35,22
6907,2026-01-01,72,Electronics,62181.02,9216.29,25
6908,2026-01-01,72,Home & Kitchen,57211.32,11880.77,50
6909,2026-01-01,72,Fashion,50470.52,14618.64,23
6910,2026-01-01,72,Beauty & Personal Care,48057.52,12247.82,43
6911,2026-01-01,72,Grocery & FMCG,44934.34,12122.62,41
6912,2026-01-01,72,Sports & Lifestyle,26529.28,6107.2,28
6913,2026-01-01,73,Electronics,56642.75,12005.79,31
6914,2026-01-01,73,Home & Kitchen,50979.21,8674.66,23
6915,2026-01-01,73,Fashion,60118.32,16551.89,34
6916,2026-01-01,73,Beauty & Personal Care,43722.42,8961.16,29
6917,2026-01-01,73,Grocery & FMCG,50823.48,15102.71,42
6918,2026-01-01,73,Sports & Lifestyle,25333.46,4755.72,20
6919,2026-01-01,74,Electronics,53207.03,15302.76,38
6920,2026-01-01,74,Home & Kitchen,49360.77,10732.57,50
6921,2026-01-01,74,Fashion,62317.84,13264.52,35
6922,2026-01-01,74,Beauty & Personal Care,43044.89,10301.03,23
6923,2026-01-01,74,Grocery & FMCG,55202.11,12247.86,34
6924,2026-01-01,74,Sports & Lifestyle,27589.21,4747.56,20
6925,2026-01-01,75,Electronics,65113.4,18662.02,33
6926,2026-01-01,75,Home & Kitchen,52651.75,14751.45,24
6927,2026-01-01,75,Fashion,59309.93,15676.17,47
6928,2026-01-01,75,Beauty & Personal Care,43780.5,9790.81,38
6929,2026-01-01,75,Grocery & FMCG,57726.3,11779.01,34
6930,2026-01-01,75,Sports & Lifestyle,28430.92,5058.63,28
6931,2026-01-01,76,Electronics,42850.39,9977.25,48
6932,2026-01-01,76,Home & Kitchen,39851.49,6678.57,20
6933,2026-01-01,76,Fashion,43469.0,9361.82,53
6934,2026-01-01,76,Beauty & Personal Care,36257.97,7431.55,20
6935,2026-01-01,76,Grocery & FMCG,33567.36,7482.21,24
6936,2026-01-01,76,Sports & Lifestyle,23132.04,4477.3,20
6937,2026-01-01,77,Electronics,47657.95,9597.53,20
6938,2026-01-01,77,Home & Kitchen,41230.17,6156.97,26
6939,2026-01-01,77,Fashion,43248.23,10304.88,25
6940,2026-01-01,77,Beauty & Personal Care,33380.62,8403.66,20
6941,2026-01-01,77,Grocery & FMCG,40441.55,11987.74,20
6942,2026-01-01,77,Sports & Lifestyle,23445.06,6736.48,20
6943,2026-01-01,78,Electronics,37048.41,8344.39,31
6944,2026-01-01,78,Home & Kitchen,40445.74,8762.99,43
6945,2026-01-01,78,Fashion,40057.64,8374.19,42
6946,2026-01-01,78,Beauty & Personal Care,33005.62,5958.46,32
6947,2026-01-01,78,Grocery & FMCG,35813.03,7391.16,24
6948,2026-01-01,78,Sports & Lifestyle,22882.42,4843.49,27
6949,2026-01-01,79,Electronics,45558.02,13214.69,38
6950,2026-01-01,79,Home & Kitchen,41547.09,11335.27,46
6951,2026-01-01,79,Fashion,53389.48,15333.14,28
6952,2026-01-01,79,Beauty & Personal Care,36623.17,8839.18,20
6953,2026-01-01,79,Grocery & FMCG,36979.84,8873.52,25
6954,2026-01-01,79,Sports & Lifestyle,21802.86,4025.29,20
6955,2026-01-01,80,Electronics,43128.79,9264.06,23
6956,2026-01-01,80,Home & Kitchen,34736.83,7075.76,20
6957,2026-01-01,80,Fashion,50174.36,12617.29,32
6958,2026-01-01,80,Beauty & Personal Care,36567.39,9616.09,20
6959,2026-01-01,80,Grocery & FMCG,45036.03,11577.63,24
6960,2026-01-01,80,Sports & Lifestyle,23467.15,5336.67,20
6961,2026-01-01,81,Electronics,62988.94,9452.48,61
6962,2026-01-01,81,Home & Kitchen,42331.65,8834.07,35
6963,2026-01-01,81,Fashion,54875.36,16335.46,27
6964,2026-01-01,81,Beauty & Personal Care,52728.08,13363.98,39
6965,2026-01-01,81,Grocery & FMCG,39722.17,8695.34,21
6966,2026-01-01,81,Sports & Lifestyle,26589.37,6746.9,20
6967,2026-01-01,82,Electronics,55906.86,9809.18,38
6968,2026-01-01,82,Home & Kitchen,55450.54,9063.14,52
6969,2026-01-01,82,Fashion,60519.51,16803.87,24
6970,2026-01-01,82,Beauty & Personal Care,47860.33,11416.5,22
6971,2026-01-01,82,Grocery & FMCG,61820.35,17138.41,37
6972,2026-01-01,82,Sports & Lifestyle,32409.12,6594.04,20
6973,2026-01-01,83,Electronics,34690.16,7993.71,20
6974,2026-01-01,83,Home & Kitchen,36050.35,6865.29,20
6975,2026-01-01,83,Fashion,41341.14,8108.35,21
6976,2026-01-01,83,Beauty & Personal Care,33754.06,8262.97,21
6977,2026-01-01,83,Grocery & FMCG,33455.84,4737.65,20
6978,2026-01-01,83,Sports & Lifestyle,19625.3,4902.81,20
6979,2026-01-01,84,Electronics,42628.56,8823.73,37
6980,2026-01-01,84,Home & Kitchen,48298.52,7265.71,23
6981,2026-01-01,84,Fashion,58916.52,12794.79,46
6982,2026-01-01,84,Beauty & Personal Care,47473.59,9288.58,33
6983,2026-01-01,84,Grocery & FMCG,39202.04,9769.62,20
6984,2026-01-01,84,Sports & Lifestyle,24885.72,6665.58,20
6985,2026-01-01,85,Electronics,39220.32,5768.54,20
6986,2026-01-01,85,Home & Kitchen,47583.98,7870.58,23
6987,2026-01-01,85,Fashion,48993.58,8460.78,34
6988,2026-01-01,85,Beauty & Personal Care,34582.88,6095.58,25
6989,2026-01-01,85,Grocery & FMCG,32334.82,7185.01,20
6990,2026-01-01,85,Sports & Lifestyle,26089.11,6915.67,20
6991,2026-01-01,86,Electronics,44730.8,6923.28,23
6992,2026-01-01,86,Home & Kitchen,44326.52,8900.94,24
6993,2026-01-01,86,Fashion,47014.33,13950.6,39
6994,2026-01-01,86,Beauty & Personal Care,40737.32,10506.1,41
6995,2026-01-01,86,Grocery & FMCG,34008.26,5503.93,20
6996,2026-01-01,86,Sports & Lifestyle,22323.18,3794.24,25
6997,2026-01-01,87,Electronics,66180.64,16647.21,30
6998,2026-01-01,87,Home & Kitchen,55954.86,10008.45,28
6999,2026-01-01,87,Fashion,61191.41,10182.19,60
7000,2026-01-01,87,Beauty & Personal Care,50789.01,13108.2,40
7001,2026-01-01,87,Grocery & FMCG,59287.89,16522.48,46
7002,2026-01-01,87,Sports & Lifestyle,28959.98,4624.92,20
7003,2026-01-01,88,Electronics,65693.68,17434.03,39
7004,2026-01-01,88,Home & Kitchen,72322.65,16512.79,33
7005,2026-01-01,88,Fashion,53807.7,13262.4,21
7006,2026-01-01,88,Beauty & Personal Care,62905.0,15842.78,73
7007,2026-01-01,88,Grocery & FMCG,59671.46,14330.8,24
7008,2026-01-01,88,Sports & Lifestyle,34837.32,7267.17,23
7009,2026-01-01,89,Electronics,59792.89,17385.39,28
7010,2026-01-01,89,Home & Kitchen,50150.58,13663.8,35
7011,2026-01-01,89,Fashion,62595.89,10050.55,25
7012,2026-01-01,89,Beauty & Personal Care,49270.41,11923.64,21
7013,2026-01-01,89,Grocery & FMCG,48600.72,12914.06,53
7014,2026-01-01,89,Sports & Lifestyle,31812.05,5120.01,20
7015,2026-01-01,90,Electronics,41531.46,9038.7,20
7016,2026-01-01,90,Home & Kitchen,51929.86,12245.31,58
7017,2026-01-01,90,Fashion,44939.29,9476.77,32
7018,2026-01-01,90,Beauty & Personal Care,42751.99,6910.45,47
7019,2026-01-01,90,Grocery & FMCG,47320.39,6753.79,24
7020,2026-01-01,90,Sports & Lifestyle,24209.36,6356.31,20
7021,2026-01-01,91,Electronics,61712.21,10492.53,40
7022,2026-01-01,91,Home & Kitchen,59346.76,16942.59,59
7023,2026-01-01,91,Fashion,66561.78,9799.82,74
7024,2026-01-01,91,Beauty & Personal Care,53125.64,10378.72,22
7025,2026-01-01,91,Grocery & FMCG,50473.26,7108.13,29
7026,2026-01-01,91,Sports & Lifestyle,30985.83,9061.28,29
7027,2026-01-01,92,Electronics,31755.69,6229.64,20
7028,2026-01-01,92,Home & Kitchen,29569.63,5175.82,20
7029,2026-01-01,92,Fashion,33951.86,7276.13,20
7030,2026-01-01,92,Beauty & Personal Care,23487.59,6476.45,20
7031,2026-01-01,92,Grocery & FMCG,28400.73,5734.49,20
7032,2026-01-01,92,Sports & Lifestyle,17245.28,2739.23,20
7033,2026-01-01,93,Electronics,43189.62,9736.82,20
7034,2026-01-01,93,Home & Kitchen,46769.55,10310.94,21
7035,2026-01-01,93,Fashion,44752.83,9577.99,22
7036,2026-01-01,93,Beauty & Personal Care,42327.97,8341.56,24
7037,2026-01-01,93,Grocery & FMCG,43301.62,9926.31,27
7038,2026-01-01,93,Sports & Lifestyle,22419.13,3554.67,20
7039,2026-01-01,94,Electronics,54202.84,11966.31,23
7040,2026-01-01,94,Home & Kitchen,53315.94,11362.44,54
7041,2026-01-01,94,Fashion,63271.96,11299.77,30
7042,2026-01-01,94,Beauty & Personal Care,42086.51,7547.69,39
7043,2026-01-01,94,Grocery & FMCG,47258.8,9271.03,43
7044,2026-01-01,94,Sports & Lifestyle,31209.5,8447.78,20
7045,2026-01-01,95,Electronics,23188.08,5018.08,20
7046,2026-01-01,95,Home & Kitchen,26552.53,6770.56,20
7047,2026-01-01,95,Fashion,26391.05,6582.45,20
7048,2026-01-01,95,Beauty & Personal Care,18428.01,3909.69,20
7049,2026-01-01,95,Grocery & FMCG,20748.21,3301.06,20
7050,2026-01-01,95,Sports & Lifestyle,15916.91,2871.08,20
7051,2026-01-01,96,Electronics,63864.15,15671.15,45
7052,2026-01-01,96,Home & Kitchen,49930.64,8551.68,41
7053,2026-01-01,96,Fashion,65807.63,16282.41,33
7054,2026-01-01,96,Beauty & Personal Care,51437.27,12342.78,44
7055,2026-01-01,96,Grocery & FMCG,59770.09,11808.07,30
7056,2026-01-01,96,Sports & Lifestyle,30416.91,7373.71,22
7057,2026-01-01,97,Electronics,32584.69,6655.26,20
7058,2026-01-01,97,Home & Kitchen,28910.68,7140.7,21
7059,2026-01-01,97,Fashion,37837.8,8349.66,39
7060,2026-01-01,97,Beauty & Personal Care,31029.48,7724.78,20
7061,2026-01-01,97,Grocery & FMCG,33282.19,8064.83,40
7062,2026-01-01,97,Sports & Lifestyle,19219.59,2945.26,20
7063,2026-01-01,98,Electronics,17568.14,4237.51,20
7064,2026-01-01,98,Home & Kitchen,23126.45,5582.94,20
7065,2026-01-01,98,Fashion,24411.33,6671.59,20
7066,2026-01-01,98,Beauty & Personal Care,17724.13,3881.37,20
7067,2026-01-01,98,Grocery & FMCG,17583.24,3893.97,20
7068,2026-01-01,98,Sports & Lifestyle,12924.35,3679.17,20
7069,2026-01-01,99,Electronics,57481.1,13468.44,41
7070,2026-01-01,99,Home & Kitchen,51358.11,14987.45,44
7071,2026-01-01,99,Fashion,61586.3,12490.49,32
7072,2026-01-01,99,Beauty & Personal Care,41122.96,9778.82,20
7073,2026-01-01,99,Grocery & FMCG,51522.27,10310.63,54
7074,2026-01-01,99,Sports & Lifestyle,32334.22,7445.43,27
7075,2026-01-01,100,Electronics,50912.9,12760.45,32
7076,2026-01-01,100,Home & Kitchen,56201.18,14061.78,27
7077,2026-01-01,100,Fashion,53446.77,11404.34,27
7078,2026-01-01,100,Beauty & Personal Care,48805.65,6910.05,24
7079,2026-01-01,100,Grocery & FMCG,50358.82,10582.76,28
7080,2026-01-01,100,Sports & Lifestyle,29692.44,5686.12,24
7081,2026-01-01,101,Electronics,60258.0,13158.31,36
7082,2026-01-01,101,Home & Kitchen,41745.84,12147.53,20
7083,2026-01-01,101,Fashion,60182.08,11677.24,24
7084,2026-01-01,101,Beauty & Personal Care,58525.38,11734.55,40
7085,2026-01-01,101,Grocery & FMCG,52559.5,11697.15,26
7086,2026-01-01,101,Sports & Lifestyle,30688.09,6275.14,33
7087,2026-01-01,102,Electronics,26331.86,5761.57,20
7088,2026-01-01,102,Home & Kitchen,18811.0,2790.54,20
7089,2026-01-01,102,Fashion,19520.07,3027.13,20
7090,2026-01-01,102,Beauty & Personal Care,22903.89,4832.36,20
7091,2026-01-01,102,Grocery & FMCG,19644.79,4395.28,20
7092,2026-01-01,102,Sports & Lifestyle,12235.67,3160.79,20
7093,2026-01-01,103,Electronics,62101.72,14000.9,30
7094,2026-01-01,103,Home & Kitchen,71308.46,11308.16,65
7095,2026-01-01,103,Fashion,80788.97,12305.35,40
7096,2026-01-01,103,Beauty & Personal Care,50154.39,9051.89,25
7097,2026-01-01,103,Grocery & FMCG,53715.83,15149.21,36
7098,2026-01-01,103,Sports & Lifestyle,31804.34,6099.43,25
7099,2026-01-01,104,Electronics,59457.74,15733.04,25
7100,2026-01-01,104,Home & Kitchen,70344.89,15208.18,51
7101,2026-01-01,104,Fashion,63071.22,13604.04,32
7102,2026-01-01,104,Beauty & Personal Care,49452.83,12610.73,21
7103,2026-01-01,104,Grocery & FMCG,58919.06,15582.76,24
7104,2026-01-01,104,Sports & Lifestyle,34037.87,9344.61,20
7105,2026-01-01,105,Electronics,24843.16,5657.6,20
7106,2026-01-01,105,Home & Kitchen,21186.38,5715.89,20
7107,2026-01-01,105,Fashion,20960.64,5854.64,20
7108,2026-01-01,105,Beauty & Personal Care,17493.44,2466.91,20
7109,2026-01-01,105,Grocery & FMCG,19344.51,5535.87,20
7110,2026-01-01,105,Sports & Lifestyle,11371.22,1603.94,20
7111,2026-01-01,106,Electronics,48176.0,7951.25,20
7112,2026-01-01,106,Home & Kitchen,46898.11,10985.52,48
7113,2026-01-01,106,Fashion,53715.75,8283.45,24
7114,2026-01-01,106,Beauty & Personal Care,46107.29,8512.87,46
7115,2026-01-01,106,Grocery & FMCG,43487.99,7162.75,20
7116,2026-01-01,106,Sports & Lifestyle,24841.98,3497.96,20
7117,2026-01-01,107,Electronics,59473.24,8418.23,47
7118,2026-01-01,107,Home & Kitchen,51817.78,15521.73,21
7119,2026-01-01,107,Fashion,64013.78,11214.92,31
7120,2026-01-01,107,Beauty & Personal Care,50596.11,10492.06,38
7121,2026-01-01,107,Grocery & FMCG,55027.54,11125.61,30
7122,2026-01-01,107,Sports & Lifestyle,29645.5,8191.14,33
7123,2026-01-01,108,Electronics,29635.11,8364.73,20
7124,2026-01-01,108,Home & Kitchen,31763.09,6994.33,20
7125,2026-01-01,108,Fashion,26878.88,5890.28,20
7126,2026-01-01,108,Beauty & Personal Care,26066.99,5599.62,20
7127,2026-01-01,108,Grocery & FMCG,27758.28,5501.29,20
7128,2026-01-01,108,Sports & Lifestyle,15844.99,2993.01,20
7129,2026-01-01,109,Electronics,41706.97,6976.44,27
7130,2026-01-01,109,Home & Kitchen,47094.85,9124.39,20
7131,2026-01-01,109,Fashion,45308.49,6425.17,21
7132,2026-01-01,109,Beauty & Personal Care,30740.26,6601.24,20
7133,2026-01-01,109,Grocery & FMCG,38968.6,11098.73,34
7134,2026-01-01,109,Sports & Lifestyle,22159.37,5744.86,20
7135,2026-01-01,110,Electronics,66150.73,12184.43,35
7136,2026-01-01,110,Home & Kitchen,52503.1,14636.57,27
7137,2026-01-01,110,Fashion,62118.81,16915.13,34
7138,2026-01-01,110,Beauty & Personal Care,46862.21,12823.8,41
7139,2026-01-01,110,Grocery & FMCG,54464.11,7794.77,28
7140,2026-01-01,110,Sports & Lifestyle,26278.79,5767.44,20
7141,2026-01-01,111,Electronics,51486.09,7792.22,29
7142,2026-01-01,111,Home & Kitchen,55268.64,11886.66,29
7143,2026-01-01,111,Fashion,55953.06,13150.79,34
7144,2026-01-01,111,Beauty & Personal Care,52390.99,14290.29,35
7145,2026-01-01,111,Grocery & FMCG,49373.92,9180.84,37
7146,2026-01-01,111,Sports & Lifestyle,30741.04,4975.98,27
7147,2026-01-01,112,Electronics,60288.91,10938.09,57
7148,2026-01-01,112,Home & Kitchen,58242.64,11039.34,25
7149,2026-01-01,112,Fashion,70991.4,15995.87,37
7150,2026-01-01,112,Beauty & Personal Care,41395.76,8419.11,35
7151,2026-01-01,112,Grocery & FMCG,61533.49,11298.11,43
7152,2026-01-01,112,Sports & Lifestyle,34588.0,10161.32,27
7153,2026-01-01,113,Electronics,70303.76,15705.33,75
7154,2026-01-01,113,Home & Kitchen,57288.16,15098.05,36
7155,2026-01-01,113,Fashion,65044.47,15141.92,35
7156,2026-01-01,113,Beauty & Personal Care,49760.25,7572.99,26
7157,2026-01-01,113,Grocery & FMCG,58519.79,10851.78,45
7158,2026-01-01,113,Sports & Lifestyle,30646.2,5763.14,20
7159,2026-01-01,114,Electronics,69473.63,20211.19,58
7160,2026-01-01,114,Home & Kitchen,66526.81,18713.45,78
7161,2026-01-01,114,Fashion,65954.27,19566.22,33
7162,2026-01-01,114,Beauty & Personal Care,52005.33,7408.17,34
7163,2026-01-01,114,Grocery & FMCG,49843.84,10210.0,22
7164,2026-01-01,114,Sports & Lifestyle,32132.13,5506.07,20
7165,2026-01-01,115,Electronics,34491.45,9986.31,39
7166,2026-01-01,115,Home & Kitchen,26611.4,3940.4,26
7167,2026-01-01,115,Fashion,25563.09,6099.71,20
7168,2026-01-01,115,Beauty & Personal Care,21434.58,5012.1,20
7169,2026-01-01,115,Grocery & FMCG,27715.56,4465.68,20
7170,2026-01-01,115,Sports & Lifestyle,15145.6,3586.28,20
7171,2026-01-01,116,Electronics,59717.49,9524.98,26
7172,2026-01-01,116,Home & Kitchen,50337.69,9042.99,34
7173,2026-01-01,116,Fashion,75374.57,12137.14,47
7174,2026-01-01,116,Beauty & Personal Care,51360.45,11716.68,21
7175,2026-01-01,116,Grocery & FMCG,44635.98,9358.76,32
7176,2026-01-01,116,Sports & Lifestyle,34453.97,5142.23,25
7177,2026-01-01,117,Electronics,61181.28,17981.71,27
7178,2026-01-01,117,Home & Kitchen,59116.35,8731.93,63
7179,2026-01-01,117,Fashion,55777.77,13376.53,38
7180,2026-01-01,117,Beauty & Personal Care,48790.19,12603.37,29
7181,2026-01-01,117,Grocery & FMCG,53805.86,8886.43,33
7182,2026-01-01,117,Sports & Lifestyle,26882.55,4577.73,20
7183,2026-01-01,118,Electronics,26799.76,7481.2,24
7184,2026-01-01,118,Home & Kitchen,20820.45,6048.04,20
7185,2026-01-01,118,Fashion,25673.45,5930.14,20
7186,2026-01-01,118,Beauty & Personal Care,20621.45,5822.48,22
7187,2026-01-01,118,Grocery & FMCG,23093.12,6904.06,24
7188,2026-01-01,118,Sports & Lifestyle,14535.0,3551.46,20
7189,2026-01-01,119,Electronics,42483.45,10710.58,23
7190,2026-01-01,119,Home & Kitchen,37500.16,9656.29,21
7191,2026-01-01,119,Fashion,34920.05,5581.74,20
7192,2026-01-01,119,Beauty & Personal Care,29037.42,4484.58,20
7193,2026-01-01,119,Grocery & FMCG,35079.71,6705.72,20
7194,2026-01-01,119,Sports & Lifestyle,18292.71,3972.58,20
7195,2026-01-01,120,Electronics,31951.16,8347.58,20
7196,2026-01-01,120,Home & Kitchen,29695.74,7648.32,20
7197,2026-01-01,120,Fashion,32066.26,7061.41,20
7198,2026-01-01,120,Beauty & Personal Care,27236.29,6119.31,25
7199,2026-01-01,120,Grocery & FMCG,24741.55,4981.84,23
7200,2026-01-01,120,Sports & Lifestyle,14550.98,2997.08,20
7201,2026-02-01,1,Electronics,59412.27,12634.36,24
7202,2026-02-01,1,Home & Kitchen,65316.91,14940.47,41
7203,2026-02-01,1,Fashion,71994.71,13621.26,88
7204,2026-02-01,1,Beauty & Personal Care,50619.4,14113.27,48
7205,2026-02-01,1,Grocery & FMCG,56711.52,9337.9,50
7206,2026-02-01,1,Sports & Lifestyle,37912.38,9291.65,29
7207,2026-02-01,2,Electronics,51700.34,8551.13,33
7208,2026-02-01,2,Home & Kitchen,40432.43,9724.22,26
7209,2026-02-01,2,Fashion,53018.62,11450.54,30
7210,2026-02-01,2,Beauty & Personal Care,39202.8,7720.88,20
7211,2026-02-01,2,Grocery & FMCG,31724.58,7516.22,20
7212,2026-02-01,2,Sports & Lifestyle,22180.61,5574.84,20
7213,2026-02-01,3,Electronics,54808.74,9474.05,44
7214,2026-02-01,3,Home & Kitchen,53657.74,15773.77,26
7215,2026-02-01,3,Fashion,58401.46,13383.36,61
7216,2026-02-01,3,Beauty & Personal Care,41529.96,8873.52,21
7217,2026-02-01,3,Grocery & FMCG,55397.33,12535.46,41
7218,2026-02-01,3,Sports & Lifestyle,32336.34,5229.21,20
7219,2026-02-01,4,Electronics,48558.74,9022.32,22
7220,2026-02-01,4,Home & Kitchen,51082.59,12244.71,20
7221,2026-02-01,4,Fashion,46396.23,10693.14,20
7222,2026-02-01,4,Beauty & Personal Care,40344.28,10688.76,20
7223,2026-02-01,4,Grocery & FMCG,37075.27,8906.33,43
7224,2026-02-01,4,Sports & Lifestyle,21887.7,4888.13,20
7225,2026-02-01,5,Electronics,51366.97,9527.31,26
7226,2026-02-01,5,Home & Kitchen,49072.82,10545.27,44
7227,2026-02-01,5,Fashion,45272.21,12568.0,26
7228,2026-02-01,5,Beauty & Personal Care,35433.79,9736.34,36
7229,2026-02-01,5,Grocery & FMCG,49962.05,13537.16,56
7230,2026-02-01,5,Sports & Lifestyle,24500.02,6682.34,27
7231,2026-02-01,6,Electronics,23079.79,4626.11,20
7232,2026-02-01,6,Home & Kitchen,26960.14,5409.94,20
7233,2026-02-01,6,Fashion,33443.38,5450.45,20
7234,2026-02-01,6,Beauty & Personal Care,24296.19,5665.08,20
7235,2026-02-01,6,Grocery & FMCG,26725.22,6812.54,27
7236,2026-02-01,6,Sports & Lifestyle,17364.48,4323.92,20
7237,2026-02-01,7,Electronics,40486.09,5673.28,23
7238,2026-02-01,7,Home & Kitchen,30489.53,4895.31,20
7239,2026-02-01,7,Fashion,38595.37,11124.71,23
7240,2026-02-01,7,Beauty & Personal Care,35468.68,10416.66,20
7241,2026-02-01,7,Grocery & FMCG,36451.54,8094.7,20
7242,2026-02-01,7,Sports & Lifestyle,21185.74,4325.67,20
7243,2026-02-01,8,Electronics,42099.74,8484.46,20
7244,2026-02-01,8,Home & Kitchen,44202.34,11105.25,30
7245,2026-02-01,8,Fashion,59123.38,12051.74,31
7246,2026-02-01,8,Beauty & Personal Care,46546.87,9961.78,34
7247,2026-02-01,8,Grocery & FMCG,42775.15,8743.49,50
7248,2026-02-01,8,Sports & Lifestyle,25340.3,5195.58,20
7249,2026-02-01,9,Electronics,61691.24,13714.29,66
7250,2026-02-01,9,Home & Kitchen,67957.63,14542.45,84
7251,2026-02-01,9,Fashion,65917.79,19402.75,40
7252,2026-02-01,9,Beauty & Personal Care,43618.94,12507.68,23
7253,2026-02-01,9,Grocery & FMCG,55787.75,14425.01,25
7254,2026-02-01,9,Sports & Lifestyle,31967.01,8212.06,32
7255,2026-02-01,10,Electronics,73350.22,19170.92,44
7256,2026-02-01,10,Home & Kitchen,64210.18,16774.33,28
7257,2026-02-01,10,Fashion,61033.48,9293.44,24
7258,2026-02-01,10,Beauty & Personal Care,55431.1,15546.32,37
7259,2026-02-01,10,Grocery & FMCG,44217.55,8026.92,31
7260,2026-02-01,10,Sports & Lifestyle,31630.27,7808.34,22
7261,2026-02-01,11,Electronics,46232.85,13306.24,20
7262,2026-02-01,11,Home & Kitchen,41819.76,5887.99,25
7263,2026-02-01,11,Fashion,43563.83,9688.99,45
7264,2026-02-01,11,Beauty & Personal Care,28698.44,7831.55,21
7265,2026-02-01,11,Grocery & FMCG,31860.1,6365.19,20
7266,2026-02-01,11,Sports & Lifestyle,25993.99,5364.14,28
7267,2026-02-01,12,Electronics,56546.39,9333.63,23
7268,2026-02-01,12,Home & Kitchen,48107.69,11380.12,28
7269,2026-02-01,12,Fashion,51586.72,15260.61,36
7270,2026-02-01,12,Beauty & Personal Care,39822.51,11744.19,20
7271,2026-02-01,12,Grocery & FMCG,50600.83,7682.72,26
7272,2026-02-01,12,Sports & Lifestyle,29083.83,6278.69,23
7273,2026-02-01,13,Electronics,43674.7,12178.99,20
7274,2026-02-01,13,Home & Kitchen,37228.19,5273.6,26
7275,2026-02-01,13,Fashion,46852.7,10244.85,20
7276,2026-02-01,13,Beauty & Personal Care,35254.19,5684.11,20
7277,2026-02-01,13,Grocery & FMCG,43139.66,9265.11,20
7278,2026-02-01,13,Sports & Lifestyle,21172.71,3420.46,20
7279,2026-02-01,14,Electronics,63395.21,12054.01,27
7280,2026-02-01,14,Home & Kitchen,62255.72,15803.07,58
7281,2026-02-01,14,Fashion,66511.5,10208.4,53
7282,2026-02-01,14,Beauty & Personal Care,59786.56,13604.45,56
7283,2026-02-01,14,Grocery & FMCG,57892.38,14608.8,48
7284,2026-02-01,14,Sports & Lifestyle,27540.62,4001.95,21
7285,2026-02-01,15,Electronics,45922.17,8513.58,34
7286,2026-02-01,15,Home & Kitchen,34192.92,10016.97,38
7287,2026-02-01,15,Fashion,49068.85,10886.2,24
7288,2026-02-01,15,Beauty & Personal Care,46717.26,7420.83,24
7289,2026-02-01,15,Grocery & FMCG,43036.96,9503.74,23
7290,2026-02-01,15,Sports & Lifestyle,22138.16,4038.59,23
7291,2026-02-01,16,Electronics,48881.18,9578.6,58
7292,2026-02-01,16,Home & Kitchen,50189.47,9498.56,52
7293,2026-02-01,16,Fashion,59000.92,13642.28,43
7294,2026-02-01,16,Beauty & Personal Care,49359.86,10233.3,20
7295,2026-02-01,16,Grocery & FMCG,55532.37,14460.22,58
7296,2026-02-01,16,Sports & Lifestyle,27253.07,5703.09,20
7297,2026-02-01,17,Electronics,65798.37,10885.07,59
7298,2026-02-01,17,Home & Kitchen,56612.77,13976.45,22
7299,2026-02-01,17,Fashion,70308.38,11792.24,37
7300,2026-02-01,17,Beauty & Personal Care,46081.04,7373.23,21
7301,2026-02-01,17,Grocery & FMCG,53852.21,14622.21,46
7302,2026-02-01,17,Sports & Lifestyle,31224.09,6261.78,20
7303,2026-02-01,18,Electronics,29731.93,8024.1,34
7304,2026-02-01,18,Home & Kitchen,23557.89,5875.55,20
7305,2026-02-01,18,Fashion,34090.19,5957.53,26
7306,2026-02-01,18,Beauty & Personal Care,21253.51,4168.63,24
7307,2026-02-01,18,Grocery & FMCG,24058.1,5836.68,20
7308,2026-02-01,18,Sports & Lifestyle,13678.34,3485.06,20
7309,2026-02-01,19,Electronics,30160.53,5030.54,20
7310,2026-02-01,19,Home & Kitchen,34902.67,6145.51,20
7311,2026-02-01,19,Fashion,34930.59,5876.26,22
7312,2026-02-01,19,Beauty & Personal Care,32205.31,8166.88,20
7313,2026-02-01,19,Grocery & FMCG,32278.03,6733.74,25
7314,2026-02-01,19,Sports & Lifestyle,22434.07,4629.44,20
7315,2026-02-01,20,Electronics,46597.09,8978.03,24
7316,2026-02-01,20,Home & Kitchen,42763.9,11101.87,39
7317,2026-02-01,20,Fashion,39196.32,6369.24,41
7318,2026-02-01,20,Beauty & Personal Care,30219.0,4401.49,30
7319,2026-02-01,20,Grocery & FMCG,40193.44,9906.7,22
7320,2026-02-01,20,Sports & Lifestyle,22892.84,5070.15,20
7321,2026-02-01,21,Electronics,63143.03,10533.16,29
7322,2026-02-01,21,Home & Kitchen,48523.88,14468.51,38
7323,2026-02-01,21,Fashion,71273.55,10537.3,29
7324,2026-02-01,21,Beauty & Personal Care,53420.04,10761.46,51
7325,2026-02-01,21,Grocery & FMCG,57616.57,12867.62,38
7326,2026-02-01,21,Sports & Lifestyle,32092.39,5791.55,20
7327,2026-02-01,22,Electronics,67900.01,19982.36,76
7328,2026-02-01,22,Home & Kitchen,70115.26,17545.63,56
7329,2026-02-01,22,Fashion,60761.72,11623.38,30
7330,2026-02-01,22,Beauty & Personal Care,55614.72,11913.18,55
7331,2026-02-01,22,Grocery & FMCG,60922.59,11958.36,26
7332,2026-02-01,22,Sports & Lifestyle,36310.39,9138.99,20
7333,2026-02-01,23,Electronics,48941.68,9629.07,41
7334,2026-02-01,23,Home & Kitchen,49860.87,9980.15,26
7335,2026-02-01,23,Fashion,38939.65,9264.5,21
7336,2026-02-01,23,Beauty & Personal Care,37573.68,8554.57,41
7337,2026-02-01,23,Grocery & FMCG,47915.81,12460.6,44
7338,2026-02-01,23,Sports & Lifestyle,29475.14,4965.82,20
7339,2026-02-01,24,Electronics,55716.75,11047.72,26
7340,2026-02-01,24,Home & Kitchen,50239.88,9851.04,21
7341,2026-02-01,24,Fashion,66643.25,11326.23,47
7342,2026-02-01,24,Beauty & Personal Care,42755.77,6379.37,20
7343,2026-02-01,24,Grocery & FMCG,51224.95,15225.94,20
7344,2026-02-01,24,Sports & Lifestyle,29240.33,5227.01,22
7345,2026-02-01,25,Electronics,62388.4,12338.37,36
7346,2026-02-01,25,Home & Kitchen,59204.42,15160.89,25
7347,2026-02-01,25,Fashion,60864.54,14991.24,25
7348,2026-02-01,25,Beauty & Personal Care,49651.71,13572.44,22
7349,2026-02-01,25,Grocery & FMCG,55211.89,11795.74,40
7350,2026-02-01,25,Sports & Lifestyle,36664.05,9318.43,39
7351,2026-02-01,26,Electronics,40958.08,11336.79,23
7352,2026-02-01,26,Home & Kitchen,38309.34,7032.31,38
7353,2026-02-01,26,Fashion,46343.99,11117.84,26
7354,2026-02-01,26,Beauty & Personal Care,39293.11,6802.51,20
7355,2026-02-01,26,Grocery & FMCG,36845.04,10203.82,20
7356,2026-02-01,26,Sports & Lifestyle,20222.74,3018.91,20
7357,2026-02-01,27,Electronics,41337.47,8740.81,29
7358,2026-02-01,27,Home & Kitchen,41455.26,10269.98,29
7359,2026-02-01,27,Fashion,54444.4,13678.89,30
7360,2026-02-01,27,Beauty & Personal Care,44680.01,10601.43,41
7361,2026-02-01,27,Grocery & FMCG,46747.5,7808.78,55
7362,2026-02-01,27,Sports & Lifestyle,25639.32,4293.34,20
7363,2026-02-01,28,Electronics,50525.66,10097.58,46
7364,2026-02-01,28,Home & Kitchen,61105.48,17836.28,26
7365,2026-02-01,28,Fashion,54148.86,10506.82,25
7366,2026-02-01,28,Beauty & Personal Care,57877.63,13616.98,45
7367,2026-02-01,28,Grocery & FMCG,52527.57,12857.23,38
7368,2026-02-01,28,Sports & Lifestyle,33481.03,5336.79,29
7369,2026-02-01,29,Electronics,78714.25,15468.18,61
7370,2026-02-01,29,Home & Kitchen,67797.96,12454.94,76
7371,2026-02-01,29,Fashion,63117.48,15174.19,46
7372,2026-02-01,29,Beauty & Personal Care,52748.41,10357.04,35
7373,2026-02-01,29,Grocery & FMCG,60911.05,9156.19,25
7374,2026-02-01,29,Sports & Lifestyle,37878.29,9670.45,23
7375,2026-02-01,30,Electronics,56344.29,15820.02,25
7376,2026-02-01,30,Home & Kitchen,54890.76,15834.49,22
7377,2026-02-01,30,Fashion,67573.03,19837.01,34
7378,2026-02-01,30,Beauty & Personal Care,43609.02,6832.85,22
7379,2026-02-01,30,Grocery & FMCG,58251.31,10752.55,26
7380,2026-02-01,30,Sports & Lifestyle,33745.82,6777.71,20
7381,2026-02-01,31,Electronics,31372.82,7371.15,24
7382,2026-02-01,31,Home & Kitchen,31211.95,5848.1,20
7383,2026-02-01,31,Fashion,34406.08,9657.51,24
7384,2026-02-01,31,Beauty & Personal Care,26881.98,5782.75,20
7385,2026-02-01,31,Grocery & FMCG,31129.91,7622.39,24
7386,2026-02-01,31,Sports & Lifestyle,17374.92,4670.7,20
7387,2026-02-01,32,Electronics,42819.84,6525.5,48
7388,2026-02-01,32,Home & Kitchen,33801.41,4755.56,20
7389,2026-02-01,32,Fashion,35800.84,10357.31,27
7390,2026-02-01,32,Beauty & Personal Care,39720.18,9853.04,35
7391,2026-02-01,32,Grocery & FMCG,33341.73,9900.46,40
7392,2026-02-01,32,Sports & Lifestyle,24681.94,4262.23,20
7393,2026-02-01,33,Electronics,58005.36,14117.13,58
7394,2026-02-01,33,Home & Kitchen,50332.48,12142.95,21
7395,2026-02-01,33,Fashion,57739.57,9784.83,36
7396,2026-02-01,33,Beauty & Personal Care,43336.0,9017.56,34
7397,2026-02-01,33,Grocery & FMCG,46033.53,7270.91,28
7398,2026-02-01,33,Sports & Lifestyle,33837.76,7639.6,21
7399,2026-02-01,34,Electronics,31292.27,9001.78,27
7400,2026-02-01,34,Home & Kitchen,31554.75,7257.6,21
7401,2026-02-01,34,Fashion,35595.15,7759.55,30
7402,2026-02-01,34,Beauty & Personal Care,25134.27,5311.93,21
7403,2026-02-01,34,Grocery & FMCG,25451.47,7313.14,20
7404,2026-02-01,34,Sports & Lifestyle,16986.69,3591.29,20
7405,2026-02-01,35,Electronics,57607.9,8442.74,41
7406,2026-02-01,35,Home & Kitchen,49812.44,12064.85,40
7407,2026-02-01,35,Fashion,53102.33,8441.15,64
7408,2026-02-01,35,Beauty & Personal Care,48128.35,10436.32,25
7409,2026-02-01,35,Grocery & FMCG,50268.59,14952.92,58
7410,2026-02-01,35,Sports & Lifestyle,23309.81,4927.15,20
7411,2026-02-01,36,Electronics,38933.78,9075.44,24
7412,2026-02-01,36,Home & Kitchen,31470.06,7286.21,20
7413,2026-02-01,36,Fashion,34448.82,5250.61,20
7414,2026-02-01,36,Beauty & Personal Care,24007.36,4202.64,20
7415,2026-02-01,36,Grocery & FMCG,30359.37,4576.56,32
7416,2026-02-01,36,Sports & Lifestyle,18639.87,3659.99,20
7417,2026-02-01,37,Electronics,59059.7,9843.87,35
7418,2026-02-01,37,Home & Kitchen,60737.05,15100.89,67
7419,2026-02-01,37,Fashion,56306.8,13065.68,31
7420,2026-02-01,37,Beauty & Personal Care,54442.97,16291.13,27
7421,2026-02-01,37,Grocery & FMCG,53460.71,12556.77,27
7422,2026-02-01,37,Sports & Lifestyle,27200.62,5248.84,25
7423,2026-02-01,38,Electronics,71860.5,10878.58,64
7424,2026-02-01,38,Home & Kitchen,60175.95,13105.62,26
7425,2026-02-01,38,Fashion,73241.49,11449.05,34
7426,2026-02-01,38,Beauty & Personal Care,52377.94,15011.95,25
7427,2026-02-01,38,Grocery & FMCG,55798.68,11233.46,30
7428,2026-02-01,38,Sports & Lifestyle,33278.65,8099.8,35
7429,2026-02-01,39,Electronics,53030.83,13220.44,45
7430,2026-02-01,39,Home & Kitchen,58203.61,9455.78,28
7431,2026-02-01,39,Fashion,65304.36,11126.59,38
7432,2026-02-01,39,Beauty & Personal Care,55869.04,13342.78,24
7433,2026-02-01,39,Grocery & FMCG,46672.56,6820.12,32
7434,2026-02-01,39,Sports & Lifestyle,27053.92,7935.22,20
7435,2026-02-01,40,Electronics,46822.14,11828.46,24
7436,2026-02-01,40,Home & Kitchen,56949.79,9329.22,60
7437,2026-02-01,40,Fashion,55859.67,12414.59,34
7438,2026-02-01,40,Beauty & Personal Care,51901.93,12164.31,27
7439,2026-02-01,40,Grocery & FMCG,53329.22,8427.65,26
7440,2026-02-01,40,Sports & Lifestyle,25363.44,5391.27,20
7441,2026-02-01,41,Electronics,28882.48,8396.55,20
7442,2026-02-01,41,Home & Kitchen,25817.75,4277.6,29
7443,2026-02-01,41,Fashion,35378.54,7076.74,40
7444,2026-02-01,41,Beauty & Personal Care,25919.64,7260.91,20
7445,2026-02-01,41,Grocery & FMCG,26921.72,6623.92,21
7446,2026-02-01,41,Sports & Lifestyle,19128.5,3736.35,20
7447,2026-02-01,42,Electronics,58298.12,15799.85,50
7448,2026-02-01,42,Home & Kitchen,46933.91,10619.15,31
7449,2026-02-01,42,Fashion,65960.31,10030.81,70
7450,2026-02-01,42,Beauty & Personal Care,48293.77,8802.44,28
7451,2026-02-01,42,Grocery & FMCG,51254.39,14584.96,25
7452,2026-02-01,42,Sports & Lifestyle,24998.81,4046.95,20
7453,2026-02-01,43,Electronics,52635.95,8700.99,50
7454,2026-02-01,43,Home & Kitchen,54525.09,14930.91,29
7455,2026-02-01,43,Fashion,63216.55,15219.4,55
7456,2026-02-01,43,Beauty & Personal Care,49441.86,7410.58,36
7457,2026-02-01,43,Grocery & FMCG,50054.76,12755.72,50
7458,2026-02-01,43,Sports & Lifestyle,27343.57,6128.19,20
7459,2026-02-01,44,Electronics,65499.6,16234.59,50
7460,2026-02-01,44,Home & Kitchen,60235.47,9201.96,30
7461,2026-02-01,44,Fashion,69191.98,11402.76,32
7462,2026-02-01,44,Beauty & Personal Care,64322.38,10213.84,72
7463,2026-02-01,44,Grocery & FMCG,64197.76,17519.27,44
7464,2026-02-01,44,Sports & Lifestyle,27963.57,6656.3,23
7465,2026-02-01,45,Electronics,47043.13,11401.36,22
7466,2026-02-01,45,Home & Kitchen,42074.12,11230.31,32
7467,2026-02-01,45,Fashion,46243.12,12888.09,24
7468,2026-02-01,45,Beauty & Personal Care,36347.75,5948.44,22
7469,2026-02-01,45,Grocery & FMCG,36854.25,8156.99,46
7470,2026-02-01,45,Sports & Lifestyle,21346.32,5877.72,20
7471,2026-02-01,46,Electronics,63042.59,10505.64,29
7472,2026-02-01,46,Home & Kitchen,69312.3,12538.0,38
7473,2026-02-01,46,Fashion,82729.32,11673.95,48
7474,2026-02-01,46,Beauty & Personal Care,55752.69,15105.5,44
7475,2026-02-01,46,Grocery & FMCG,58794.47,13806.26,40
7476,2026-02-01,46,Sports & Lifestyle,36126.78,6373.74,20
7477,2026-02-01,47,Electronics,62820.58,11437.46,25
7478,2026-02-01,47,Home & Kitchen,52142.22,12407.07,36
7479,2026-02-01,47,Fashion,64219.09,12956.29,41
7480,2026-02-01,47,Beauty & Personal Care,34990.93,10302.54,20
7481,2026-02-01,47,Grocery & FMCG,49491.75,13955.78,21
7482,2026-02-01,47,Sports & Lifestyle,32680.67,9389.55,25
7483,2026-02-01,48,Electronics,63841.17,15719.77,29
7484,2026-02-01,48,Home & Kitchen,58114.65,14584.16,25
7485,2026-02-01,48,Fashion,65468.09,14467.52,38
7486,2026-02-01,48,Beauty & Personal Care,52436.35,13985.18,62
7487,2026-02-01,48,Grocery & FMCG,49734.27,14740.34,21
7488,2026-02-01,48,Sports & Lifestyle,36157.34,5745.66,20
7489,2026-02-01,49,Electronics,72637.47,20866.81,29
7490,2026-02-01,49,Home & Kitchen,59841.21,14340.33,30
7491,2026-02-01,49,Fashion,57775.07,10921.69,24
7492,2026-02-01,49,Beauty & Personal Care,47556.87,9796.03,20
7493,2026-02-01,49,Grocery & FMCG,71218.38,19703.19,52
7494,2026-02-01,49,Sports & Lifestyle,34057.03,8957.26,28
7495,2026-02-01,50,Electronics,38331.69,6504.6,20
7496,2026-02-01,50,Home & Kitchen,33167.03,5090.82,20
7497,2026-02-01,50,Fashion,35928.26,5119.93,22
7498,2026-02-01,50,Beauty & Personal Care,23969.02,3462.98,20
7499,2026-02-01,50,Grocery & FMCG,38289.92,5821.07,30
7500,2026-02-01,50,Sports & Lifestyle,19019.55,4033.3,20
7501,2026-02-01,51,Electronics,68463.21,14614.02,35
7502,2026-02-01,51,Home & Kitchen,63832.84,15022.0,41
7503,2026-02-01,51,Fashion,69018.02,13705.73,54
7504,2026-02-01,51,Beauty & Personal Care,47421.94,13091.11,22
7505,2026-02-01,51,Grocery & FMCG,57482.92,9823.14,44
7506,2026-02-01,51,Sports & Lifestyle,30455.53,4620.96,20
7507,2026-02-01,52,Electronics,65582.92,11274.95,26
7508,2026-02-01,52,Home & Kitchen,49723.64,11814.41,20
7509,2026-02-01,52,Fashion,63040.17,16010.18,56
7510,2026-02-01,52,Beauty & Personal Care,57881.48,8847.13,34
7511,2026-02-01,52,Grocery & FMCG,56315.09,15246.5,30
7512,2026-02-01,52,Sports & Lifestyle,38130.72,7129.27,20
7513,2026-02-01,53,Electronics,57648.83,14186.58,59
7514,2026-02-01,53,Home & Kitchen,55544.17,11785.35,33
7515,2026-02-01,53,Fashion,63856.73,12166.37,45
7516,2026-02-01,53,Beauty & Personal Care,42076.74,10851.77,28
7517,2026-02-01,53,Grocery & FMCG,46809.23,10096.1,26
7518,2026-02-01,53,Sports & Lifestyle,30791.88,8952.58,20
7519,2026-02-01,54,Electronics,27497.52,7773.97,26
7520,2026-02-01,54,Home & Kitchen,28613.96,6995.94,20
7521,2026-02-01,54,Fashion,25051.24,5557.75,20
7522,2026-02-01,54,Beauty & Personal Care,24764.48,6954.85,21
7523,2026-02-01,54,Grocery & FMCG,24819.9,5379.36,20
7524,2026-02-01,54,Sports & Lifestyle,15178.47,2304.67,20
7525,2026-02-01,55,Electronics,72393.85,13896.66,32
7526,2026-02-01,55,Home & Kitchen,57042.47,11898.45,24
7527,2026-02-01,55,Fashion,78423.6,16220.41,71
7528,2026-02-01,55,Beauty & Personal Care,62893.84,13396.45,57
7529,2026-02-01,55,Grocery & FMCG,58403.51,13913.42,28
7530,2026-02-01,55,Sports & Lifestyle,31416.91,5473.12,20
7531,2026-02-01,56,Electronics,40625.16,8649.64,37
7532,2026-02-01,56,Home & Kitchen,37469.28,9973.26,24
7533,2026-02-01,56,Fashion,40450.01,8434.21,29
7534,2026-02-01,56,Beauty & Personal Care,31884.86,5735.77,33
7535,2026-02-01,56,Grocery & FMCG,30964.95,9013.11,20
7536,2026-02-01,56,Sports & Lifestyle,16896.01,2511.67,20
7537,2026-02-01,57,Electronics,48275.65,7234.91,35
7538,2026-02-01,57,Home & Kitchen,52602.88,13332.9,38
7539,2026-02-01,57,Fashion,50713.43,8022.85,33
7540,2026-02-01,57,Beauty & Personal Care,48445.02,11358.57,52
7541,2026-02-01,57,Grocery & FMCG,39588.21,7340.89,26
7542,2026-02-01,57,Sports & Lifestyle,30626.03,6543.47,20
7543,2026-02-01,58,Electronics,37040.94,10266.6,20
7544,2026-02-01,58,Home & Kitchen,36541.09,6421.57,20
7545,2026-02-01,58,Fashion,33591.94,7620.6,22
7546,2026-02-01,58,Beauty & Personal Care,31199.65,8452.45,20
7547,2026-02-01,58,Grocery & FMCG,33146.33,6620.96,20
7548,2026-02-01,58,Sports & Lifestyle,18378.69,4425.67,20
7549,2026-02-01,59,Electronics,47092.41,9344.21,44
7550,2026-02-01,59,Home & Kitchen,43668.49,8429.35,36
7551,2026-02-01,59,Fashion,52145.13,9671.45,32
7552,2026-02-01,59,Beauty & Personal Care,37704.22,9999.84,24
7553,2026-02-01,59,Grocery & FMCG,36932.89,6195.94,22
7554,2026-02-01,59,Sports & Lifestyle,26014.95,4248.15,32
7555,2026-02-01,60,Electronics,41076.88,9794.87,27
7556,2026-02-01,60,Home & Kitchen,33853.56,4803.31,39
7557,2026-02-01,60,Fashion,50420.92,15084.3,46
7558,2026-02-01,60,Beauty & Personal Care,34464.62,7366.2,20
7559,2026-02-01,60,Grocery & FMCG,39502.03,11444.97,23
7560,2026-02-01,60,Sports & Lifestyle,21827.69,4026.13,23
7561,2026-02-01,61,Electronics,52225.81,11470.59,27
7562,2026-02-01,61,Home & Kitchen,56863.98,12388.03,45
7563,2026-02-01,61,Fashion,60878.26,14691.15,25
7564,2026-02-01,61,Beauty & Personal Care,45902.69,8170.14,24
7565,2026-02-01,61,Grocery & FMCG,46061.23,11896.71,34
7566,2026-02-01,61,Sports & Lifestyle,28662.94,6154.48,23
7567,2026-02-01,62,Electronics,61510.25,11803.17,31
7568,2026-02-01,62,Home & Kitchen,53974.3,12216.7,41
7569,2026-02-01,62,Fashion,64569.11,9081.82,33
7570,2026-02-01,62,Beauty & Personal Care,48041.69,8730.5,32
7571,2026-02-01,62,Grocery & FMCG,44760.94,10594.33,24
7572,2026-02-01,62,Sports & Lifestyle,32317.54,9261.61,20
7573,2026-02-01,63,Electronics,59646.0,16644.82,45
7574,2026-02-01,63,Home & Kitchen,56184.29,10771.82,25
7575,2026-02-01,63,Fashion,64387.73,16956.41,34
7576,2026-02-01,63,Beauty & Personal Care,54661.47,13832.13,23
7577,2026-02-01,63,Grocery & FMCG,51155.87,13293.64,30
7578,2026-02-01,63,Sports & Lifestyle,29515.98,4261.1,20
7579,2026-02-01,64,Electronics,33757.57,5242.51,20
7580,2026-02-01,64,Home & Kitchen,40474.41,11971.09,23
7581,2026-02-01,64,Fashion,35742.84,5068.9,20
7582,2026-02-01,64,Beauty & Personal Care,36033.48,7559.98,39
7583,2026-02-01,64,Grocery & FMCG,31522.57,5761.17,24
7584,2026-02-01,64,Sports & Lifestyle,20659.84,3573.78,20
7585,2026-02-01,65,Electronics,57140.13,11518.68,59
7586,2026-02-01,65,Home & Kitchen,55681.68,16609.89,25
7587,2026-02-01,65,Fashion,65501.88,17651.88,66
7588,2026-02-01,65,Beauty & Personal Care,50205.3,7412.52,20
7589,2026-02-01,65,Grocery & FMCG,55508.26,14237.21,26
7590,2026-02-01,65,Sports & Lifestyle,32418.42,7724.56,39
7591,2026-02-01,66,Electronics,47160.62,9797.67,42
7592,2026-02-01,66,Home & Kitchen,49431.86,11948.58,32
7593,2026-02-01,66,Fashion,57482.79,10757.9,64
7594,2026-02-01,66,Beauty & Personal Care,40243.97,6381.72,21
7595,2026-02-01,66,Grocery & FMCG,47677.46,8294.7,25
7596,2026-02-01,66,Sports & Lifestyle,35431.77,6547.88,23
7597,2026-02-01,67,Electronics,48700.93,13761.52,20
7598,2026-02-01,67,Home & Kitchen,43699.75,8190.91,28
7599,2026-02-01,67,Fashion,72574.34,19787.07,29
7600,2026-02-01,67,Beauty & Personal Care,46833.9,10914.68,27
7601,2026-02-01,67,Grocery & FMCG,56890.51,13695.36,33
7602,2026-02-01,67,Sports & Lifestyle,31753.58,9386.34,31
7603,2026-02-01,68,Electronics,34117.35,4999.91,20
7604,2026-02-01,68,Home & Kitchen,35096.02,7518.44,20
7605,2026-02-01,68,Fashion,33623.99,6121.72,20
7606,2026-02-01,68,Beauty & Personal Care,30189.9,5413.68,20
7607,2026-02-01,68,Grocery & FMCG,30444.29,5191.88,20
7608,2026-02-01,68,Sports & Lifestyle,19634.41,3553.04,20
7609,2026-02-01,69,Electronics,46072.08,10000.36,20
7610,2026-02-01,69,Home & Kitchen,43026.51,6979.96,41
7611,2026-02-01,69,Fashion,46549.77,11147.84,26
7612,2026-02-01,69,Beauty & Personal Care,36138.72,6856.75,20
7613,2026-02-01,69,Grocery & FMCG,39277.62,10661.14,20
7614,2026-02-01,69,Sports & Lifestyle,20449.96,3158.26,20
7615,2026-02-01,70,Electronics,49088.45,13956.23,49
7616,2026-02-01,70,Home & Kitchen,48276.46,8213.7,44
7617,2026-02-01,70,Fashion,50366.32,8760.98,20
7618,2026-02-01,70,Beauty & Personal Care,41473.98,8882.49,20
7619,2026-02-01,70,Grocery & FMCG,49090.95,9741.54,26
7620,2026-02-01,70,Sports & Lifestyle,26084.16,4278.48,20
7621,2026-02-01,71,Electronics,41482.42,7820.06,34
7622,2026-02-01,71,Home & Kitchen,39086.46,5539.99,24
7623,2026-02-01,71,Fashion,40544.16,10495.96,40
7624,2026-02-01,71,Beauty & Personal Care,31202.07,4764.85,21
7625,2026-02-01,71,Grocery & FMCG,34047.14,5101.32,20
7626,2026-02-01,71,Sports & Lifestyle,17995.82,3471.34,20
7627,2026-02-01,72,Electronics,58301.99,13603.23,28
7628,2026-02-01,72,Home & Kitchen,49746.04,11185.28,25
7629,2026-02-01,72,Fashion,63724.38,17691.4,50
7630,2026-02-01,72,Beauty & Personal Care,36597.32,5464.03,23
7631,2026-02-01,72,Grocery & FMCG,59841.21,12016.92,66
7632,2026-02-01,72,Sports & Lifestyle,30845.56,7473.04,20
7633,2026-02-01,73,Electronics,53439.85,8406.73,22
7634,2026-02-01,73,Home & Kitchen,56111.97,9162.34,23
7635,2026-02-01,73,Fashion,68771.96,12566.53,28
7636,2026-02-01,73,Beauty & Personal Care,35651.83,7392.17,20
7637,2026-02-01,73,Grocery & FMCG,41416.47,9670.6,23
7638,2026-02-01,73,Sports & Lifestyle,30121.44,6340.9,20
7639,2026-02-01,74,Electronics,53269.29,7521.16,30
7640,2026-02-01,74,Home & Kitchen,50549.32,8016.04,36
7641,2026-02-01,74,Fashion,62070.76,18189.75,48
7642,2026-02-01,74,Beauty & Personal Care,38408.53,6237.82,47
7643,2026-02-01,74,Grocery & FMCG,53615.52,13878.46,23
7644,2026-02-01,74,Sports & Lifestyle,32102.66,7794.3,39
7645,2026-02-01,75,Electronics,54098.0,13385.29,36
7646,2026-02-01,75,Home & Kitchen,46280.32,12094.55,20
7647,2026-02-01,75,Fashion,74339.05,21996.26,47
7648,2026-02-01,75,Beauty & Personal Care,50134.52,9917.94,20
7649,2026-02-01,75,Grocery & FMCG,50114.36,14854.34,43
7650,2026-02-01,75,Sports & Lifestyle,28233.08,5499.47,20
7651,2026-02-01,76,Electronics,45884.73,11832.99,36
7652,2026-02-01,76,Home & Kitchen,38806.88,8990.18,20
7653,2026-02-01,76,Fashion,44815.02,11522.34,20
7654,2026-02-01,76,Beauty & Personal Care,36935.8,5243.38,20
7655,2026-02-01,76,Grocery & FMCG,35856.05,9768.09,20
7656,2026-02-01,76,Sports & Lifestyle,25994.29,7586.44,23
7657,2026-02-01,77,Electronics,49729.77,13470.03,30
7658,2026-02-01,77,Home & Kitchen,44204.3,7407.14,31
7659,2026-02-01,77,Fashion,52418.71,13146.48,22
7660,2026-02-01,77,Beauty & Personal Care,38319.68,9395.87,24
7661,2026-02-01,77,Grocery & FMCG,41809.53,6598.74,27
7662,2026-02-01,77,Sports & Lifestyle,25097.41,3530.06,20
7663,2026-02-01,78,Electronics,46452.19,7937.77,41
7664,2026-02-01,78,Home & Kitchen,34904.95,5243.72,20
7665,2026-02-01,78,Fashion,43241.37,9385.66,35
7666,2026-02-01,78,Beauty & Personal Care,33090.06,7075.81,20
7667,2026-02-01,78,Grocery & FMCG,34928.91,8843.44,34
7668,2026-02-01,78,Sports & Lifestyle,26629.24,3753.74,24
7669,2026-02-01,79,Electronics,39167.08,6090.2,20
7670,2026-02-01,79,Home & Kitchen,45202.7,7698.1,29
7671,2026-02-01,79,Fashion,54755.8,10724.2,22
7672,2026-02-01,79,Beauty & Personal Care,37145.98,10376.25,21
7673,2026-02-01,79,Grocery & FMCG,42709.67,9557.56,29
7674,2026-02-01,79,Sports & Lifestyle,29449.75,8764.84,20
7675,2026-02-01,80,Electronics,50178.01,7028.08,34
7676,2026-02-01,80,Home & Kitchen,44091.45,8862.04,38
7677,2026-02-01,80,Fashion,44589.32,9164.21,20
7678,2026-02-01,80,Beauty & Personal Care,34239.38,8116.97,37
7679,2026-02-01,80,Grocery & FMCG,47938.58,10414.74,47
7680,2026-02-01,80,Sports & Lifestyle,21621.7,5398.25,20
7681,2026-02-01,81,Electronics,44508.53,12595.44,22
7682,2026-02-01,81,Home & Kitchen,48291.13,7855.28,32
7683,2026-02-01,81,Fashion,61339.26,9992.53,43
7684,2026-02-01,81,Beauty & Personal Care,50535.22,11586.09,57
7685,2026-02-01,81,Grocery & FMCG,56775.55,8864.34,60
7686,2026-02-01,81,Sports & Lifestyle,27686.95,5276.67,20
7687,2026-02-01,82,Electronics,64793.82,11226.8,37
7688,2026-02-01,82,Home & Kitchen,67774.5,13322.01,62
7689,2026-02-01,82,Fashion,74073.76,21344.91,49
7690,2026-02-01,82,Beauty & Personal Care,59664.73,14136.24,47
7691,2026-02-01,82,Grocery & FMCG,62513.34,17097.3,38
7692,2026-02-01,82,Sports & Lifestyle,31618.73,9202.62,20
7693,2026-02-01,83,Electronics,47192.61,8466.26,30
7694,2026-02-01,83,Home & Kitchen,34786.28,8568.46,26
7695,2026-02-01,83,Fashion,42775.15,10571.48,20
7696,2026-02-01,83,Beauty & Personal Care,33804.26,7514.22,20
7697,2026-02-01,83,Grocery & FMCG,35459.33,9126.78,21
7698,2026-02-01,83,Sports & Lifestyle,21174.11,6307.07,20
7699,2026-02-01,84,Electronics,51662.95,11335.98,27
7700,2026-02-01,84,Home & Kitchen,38602.58,9464.04,31
7701,2026-02-01,84,Fashion,57159.84,10366.7,39
7702,2026-02-01,84,Beauty & Personal Care,41565.28,8908.65,22
7703,2026-02-01,84,Grocery & FMCG,37136.05,5580.52,35
7704,2026-02-01,84,Sports & Lifestyle,27188.4,4303.11,20
7705,2026-02-01,85,Electronics,44604.7,12633.85,20
7706,2026-02-01,85,Home & Kitchen,42817.22,7396.71,20
7707,2026-02-01,85,Fashion,50651.72,8458.62,21
7708,2026-02-01,85,Beauty & Personal Care,40008.08,6539.57,20
7709,2026-02-01,85,Grocery & FMCG,44433.91,9393.84,23
7710,2026-02-01,85,Sports & Lifestyle,27119.04,6788.71,20
7711,2026-02-01,86,Electronics,45328.57,8666.25,23
7712,2026-02-01,86,Home & Kitchen,41563.03,8764.41,26
7713,2026-02-01,86,Fashion,50494.43,8555.94,22
7714,2026-02-01,86,Beauty & Personal Care,40608.69,11594.81,32
7715,2026-02-01,86,Grocery & FMCG,50393.88,11537.63,26
7716,2026-02-01,86,Sports & Lifestyle,23798.31,4384.01,20
7717,2026-02-01,87,Electronics,66291.95,15261.93,52
7718,2026-02-01,87,Home & Kitchen,54157.43,11765.77,30
7719,2026-02-01,87,Fashion,69956.59,20522.37,31
7720,2026-02-01,87,Beauty & Personal Care,54106.84,10912.79,37
7721,2026-02-01,87,Grocery & FMCG,53528.4,7695.06,36
7722,2026-02-01,87,Sports & Lifestyle,35888.4,8686.78,30
7723,2026-02-01,88,Electronics,67082.11,17497.73,68
7724,2026-02-01,88,Home & Kitchen,58199.68,13484.95,33
7725,2026-02-01,88,Fashion,62853.3,10146.82,35
7726,2026-02-01,88,Beauty & Personal Care,54599.93,12313.82,21
7727,2026-02-01,88,Grocery & FMCG,56434.32,9782.35,54
7728,2026-02-01,88,Sports & Lifestyle,35181.67,6157.68,20
7729,2026-02-01,89,Electronics,55259.09,11822.5,35
7730,2026-02-01,89,Home & Kitchen,63902.73,10134.44,34
7731,2026-02-01,89,Fashion,53436.01,13894.2,34
7732,2026-02-01,89,Beauty & Personal Care,57079.58,15316.63,23
7733,2026-02-01,89,Grocery & FMCG,43090.59,9408.0,47
7734,2026-02-01,89,Sports & Lifestyle,31259.34,9042.6,32
7735,2026-02-01,90,Electronics,57282.34,12359.17,44
7736,2026-02-01,90,Home & Kitchen,46872.03,14043.5,23
7737,2026-02-01,90,Fashion,56890.86,15935.45,27
7738,2026-02-01,90,Beauty & Personal Care,30367.72,6177.49,20
7739,2026-02-01,90,Grocery & FMCG,40962.89,11084.34,22
7740,2026-02-01,90,Sports & Lifestyle,26682.45,7185.65,28
7741,2026-02-01,91,Electronics,52207.95,14730.44,21
7742,2026-02-01,91,Home & Kitchen,52914.34,15742.69,23
7743,2026-02-01,91,Fashion,67795.69,13203.85,33
7744,2026-02-01,91,Beauty & Personal Care,54236.05,14526.71,24
7745,2026-02-01,91,Grocery & FMCG,55303.47,10254.12,22
7746,2026-02-01,91,Sports & Lifestyle,27430.63,8137.22,20
7747,2026-02-01,92,Electronics,41751.84,8418.38,36
7748,2026-02-01,92,Home & Kitchen,29506.58,6607.04,20
7749,2026-02-01,92,Fashion,39919.58,10735.72,20
7750,2026-02-01,92,Beauty & Personal Care,29254.45,5176.11,20
7751,2026-02-01,92,Grocery & FMCG,31742.94,9328.27,20
7752,2026-02-01,92,Sports & Lifestyle,15932.75,4402.33,20
7753,2026-02-01,93,Electronics,45121.12,7777.78,28
7754,2026-02-01,93,Home & Kitchen,41980.58,9467.82,34
7755,2026-02-01,93,Fashion,54857.48,12442.39,40
7756,2026-02-01,93,Beauty & Personal Care,39222.43,10143.44,20
7757,2026-02-01,93,Grocery & FMCG,47193.96,7371.79,20
7758,2026-02-01,93,Sports & Lifestyle,25994.99,6615.94,27
7759,2026-02-01,94,Electronics,55064.62,7741.81,39
7760,2026-02-01,94,Home & Kitchen,51122.51,10335.05,53
7761,2026-02-01,94,Fashion,52045.14,13757.48,32
7762,2026-02-01,94,Beauty & Personal Care,41911.43,10148.38,25
7763,2026-02-01,94,Grocery & FMCG,48592.71,10044.14,20
7764,2026-02-01,94,Sports & Lifestyle,32969.61,5541.51,20
7765,2026-02-01,95,Electronics,26231.09,4175.67,25
7766,2026-02-01,95,Home & Kitchen,24954.24,5430.8,20
7767,2026-02-01,95,Fashion,28535.29,5369.77,20
7768,2026-02-01,95,Beauty & Personal Care,21533.41,3979.87,20
7769,2026-02-01,95,Grocery & FMCG,25507.75,7006.88,20
7770,2026-02-01,95,Sports & Lifestyle,14884.66,3467.05,20
7771,2026-02-01,96,Electronics,59726.03,11708.23,70
7772,2026-02-01,96,Home & Kitchen,61212.75,9018.98,29
7773,2026-02-01,96,Fashion,64961.55,15675.58,41
7774,2026-02-01,96,Beauty & Personal Care,48529.64,11702.55,38
7775,2026-02-01,96,Grocery & FMCG,56024.16,15121.15,52
7776,2026-02-01,96,Sports & Lifestyle,30889.93,5123.41,37
7777,2026-02-01,97,Electronics,26608.16,7812.4,20
7778,2026-02-01,97,Home & Kitchen,33983.92,8385.33,26
7779,2026-02-01,97,Fashion,30621.5,4572.29,20
7780,2026-02-01,97,Beauty & Personal Care,26269.72,5486.61,20
7781,2026-02-01,97,Grocery & FMCG,28095.96,8243.75,20
7782,2026-02-01,97,Sports & Lifestyle,13404.31,2716.37,20
7783,2026-02-01,98,Electronics,24934.11,4442.01,20
7784,2026-02-01,98,Home & Kitchen,25533.22,3992.06,27
7785,2026-02-01,98,Fashion,22640.52,5810.09,22
7786,2026-02-01,98,Beauty & Personal Care,17817.07,5110.99,20
7787,2026-02-01,98,Grocery & FMCG,20729.25,3582.92,20
7788,2026-02-01,98,Sports & Lifestyle,11590.0,1828.37,20
7789,2026-02-01,99,Electronics,56663.02,10319.56,28
7790,2026-02-01,99,Home & Kitchen,52233.29,10882.35,24
7791,2026-02-01,99,Fashion,56287.12,12614.32,35
7792,2026-02-01,99,Beauty & Personal Care,39849.62,11924.98,25
7793,2026-02-01,99,Grocery & FMCG,45492.62,7755.86,36
7794,2026-02-01,99,Sports & Lifestyle,26939.63,5641.01,20
7795,2026-02-01,100,Electronics,52156.83,11725.97,28
7796,2026-02-01,100,Home & Kitchen,41997.08,6127.34,20
7797,2026-02-01,100,Fashion,60431.21,8648.01,51
7798,2026-02-01,100,Beauty & Personal Care,50068.62,13562.16,37
7799,2026-02-01,100,Grocery & FMCG,52766.61,14233.73,52
7800,2026-02-01,100,Sports & Lifestyle,36231.95,8558.8,29
7801,2026-02-01,101,Electronics,60349.77,10146.19,52
7802,2026-02-01,101,Home & Kitchen,55022.33,11015.49,23
7803,2026-02-01,101,Fashion,60052.4,12346.7,24
7804,2026-02-01,101,Beauty & Personal Care,50705.11,14761.9,34
7805,2026-02-01,101,Grocery & FMCG,64102.03,11153.49,69
7806,2026-02-01,101,Sports & Lifestyle,29921.27,4806.9,26
7807,2026-02-01,102,Electronics,30703.49,9034.17,32
7808,2026-02-01,102,Home & Kitchen,20834.79,4039.87,20
7809,2026-02-01,102,Fashion,25420.73,3789.45,23
7810,2026-02-01,102,Beauty & Personal Care,21577.46,4402.24,20
7811,2026-02-01,102,Grocery & FMCG,22357.8,5626.93,20
7812,2026-02-01,102,Sports & Lifestyle,12661.25,2329.71,20
7813,2026-02-01,103,Electronics,67406.53,11937.6,43
7814,2026-02-01,103,Home & Kitchen,58049.04,10898.45,52
7815,2026-02-01,103,Fashion,68977.7,11801.81,42
7816,2026-02-01,103,Beauty & Personal Care,43910.57,10954.56,28
7817,2026-02-01,103,Grocery & FMCG,49489.43,8788.09,51
7818,2026-02-01,103,Sports & Lifestyle,26233.87,7128.5,20
7819,2026-02-01,104,Electronics,59181.42,12126.92,25
7820,2026-02-01,104,Home & Kitchen,63362.82,17085.09,37
7821,2026-02-01,104,Fashion,92728.01,20413.35,56
7822,2026-02-01,104,Beauty & Personal Care,49688.2,7162.52,24
7823,2026-02-01,104,Grocery & FMCG,54287.01,8685.97,54
7824,2026-02-01,104,Sports & Lifestyle,32924.99,8671.94,20
7825,2026-02-01,105,Electronics,21709.82,4554.03,23
7826,2026-02-01,105,Home & Kitchen,17593.67,4446.79,20
7827,2026-02-01,105,Fashion,21007.24,4272.22,20
7828,2026-02-01,105,Beauty & Personal Care,19860.76,5455.15,20
7829,2026-02-01,105,Grocery & FMCG,22841.24,6485.99,20
7830,2026-02-01,105,Sports & Lifestyle,10189.2,2932.26,20
7831,2026-02-01,106,Electronics,45668.4,13094.39,55
7832,2026-02-01,106,Home & Kitchen,54217.46,15720.95,24
7833,2026-02-01,106,Fashion,46982.27,6636.22,25
7834,2026-02-01,106,Beauty & Personal Care,39883.55,11576.27,20
7835,2026-02-01,106,Grocery & FMCG,37903.06,7417.05,23
7836,2026-02-01,106,Sports & Lifestyle,25141.67,6598.37,20
7837,2026-02-01,107,Electronics,52297.32,11449.36,21
7838,2026-02-01,107,Home & Kitchen,56980.62,13736.7,22
7839,2026-02-01,107,Fashion,70733.01,11462.45,42
7840,2026-02-01,107,Beauty & Personal Care,44014.71,8200.98,20
7841,2026-02-01,107,Grocery & FMCG,43732.42,9876.73,30
7842,2026-02-01,107,Sports & Lifestyle,27251.47,7046.55,20
7843,2026-02-01,108,Electronics,39780.23,9591.69,20
7844,2026-02-01,108,Home & Kitchen,29700.11,7734.21,20
7845,2026-02-01,108,Fashion,36931.36,5319.11,20
7846,2026-02-01,108,Beauty & Personal Care,24436.74,4616.36,20
7847,2026-02-01,108,Grocery & FMCG,27551.0,4202.03,20
7848,2026-02-01,108,Sports & Lifestyle,18717.77,4484.98,20
7849,2026-02-01,109,Electronics,40202.91,9318.11,20
7850,2026-02-01,109,Home & Kitchen,42149.69,9035.89,20
7851,2026-02-01,109,Fashion,37998.24,6763.79,20
7852,2026-02-01,109,Beauty & Personal Care,35921.08,7147.03,39
7853,2026-02-01,109,Grocery & FMCG,37106.11,5326.11,22
7854,2026-02-01,109,Sports & Lifestyle,21814.05,6444.11,24
7855,2026-02-01,110,Electronics,63684.77,14911.54,62
7856,2026-02-01,110,Home & Kitchen,46155.51,12382.13,39
7857,2026-02-01,110,Fashion,63699.47,18826.56,46
7858,2026-02-01,110,Beauty & Personal Care,47561.29,11667.27,22
7859,2026-02-01,110,Grocery & FMCG,46457.46,7115.97,20
7860,2026-02-01,110,Sports & Lifestyle,30384.45,5346.95,20
7861,2026-02-01,111,Electronics,51805.8,7381.16,30
7862,2026-02-01,111,Home & Kitchen,63126.83,16885.95,25
7863,2026-02-01,111,Fashion,68647.7,11603.17,52
7864,2026-02-01,111,Beauty & Personal Care,54541.18,12925.33,37
7865,2026-02-01,111,Grocery & FMCG,47022.73,11830.18,31
7866,2026-02-01,111,Sports & Lifestyle,27391.45,5799.99,21
7867,2026-02-01,112,Electronics,45891.55,6915.33,32
7868,2026-02-01,112,Home & Kitchen,50787.28,10462.81,20
7869,2026-02-01,112,Fashion,69368.16,15709.82,29
7870,2026-02-01,112,Beauty & Personal Care,48799.81,8934.13,45
7871,2026-02-01,112,Grocery & FMCG,57445.8,11848.45,33
7872,2026-02-01,112,Sports & Lifestyle,30890.32,7038.44,20
7873,2026-02-01,113,Electronics,71212.6,19030.58,43
7874,2026-02-01,113,Home & Kitchen,54517.53,11175.68,22
7875,2026-02-01,113,Fashion,63963.11,12585.58,28
7876,2026-02-01,113,Beauty & Personal Care,48899.51,7224.44,23
7877,2026-02-01,113,Grocery & FMCG,50906.55,9466.18,20
7878,2026-02-01,113,Sports & Lifestyle,35809.85,6607.98,30
7879,2026-02-01,114,Electronics,69530.61,9750.15,38
7880,2026-02-01,114,Home & Kitchen,53901.26,14922.14,34
7881,2026-02-01,114,Fashion,69272.24,10220.75,70
7882,2026-02-01,114,Beauty & Personal Care,59148.91,12839.78,28
7883,2026-02-01,114,Grocery & FMCG,55879.45,15763.04,23
7884,2026-02-01,114,Sports & Lifestyle,31846.57,6255.79,31
7885,2026-02-01,115,Electronics,27003.53,6985.77,30
7886,2026-02-01,115,Home & Kitchen,26008.79,5598.97,20
7887,2026-02-01,115,Fashion,30723.05,6808.47,20
7888,2026-02-01,115,Beauty & Personal Care,23040.35,4720.24,20
7889,2026-02-01,115,Grocery & FMCG,30783.94,9098.63,34
7890,2026-02-01,115,Sports & Lifestyle,15322.13,4565.08,20
7891,2026-02-01,116,Electronics,57324.47,11014.79,28
7892,2026-02-01,116,Home & Kitchen,60372.9,9109.82,35
7893,2026-02-01,116,Fashion,65635.36,11634.53,49
7894,2026-02-01,116,Beauty & Personal Care,47799.08,8910.5,28
7895,2026-02-01,116,Grocery & FMCG,57805.82,9415.67,71
7896,2026-02-01,116,Sports & Lifestyle,27685.61,8090.49,21
7897,2026-02-01,117,Electronics,62990.78,13461.77,46
7898,2026-02-01,117,Home & Kitchen,59045.32,14049.78,37
7899,2026-02-01,117,Fashion,67599.7,10311.02,53
7900,2026-02-01,117,Beauty & Personal Care,57861.85,14308.81,48
7901,2026-02-01,117,Grocery & FMCG,65075.43,17179.67,30
7902,2026-02-01,117,Sports & Lifestyle,36753.9,9826.12,20
7903,2026-02-01,118,Electronics,30368.66,8841.59,20
7904,2026-02-01,118,Home & Kitchen,25887.74,5616.33,25
7905,2026-02-01,118,Fashion,21351.47,6238.38,20
7906,2026-02-01,118,Beauty & Personal Care,20404.39,4272.73,20
7907,2026-02-01,118,Grocery & FMCG,18273.76,5010.84,20
7908,2026-02-01,118,Sports & Lifestyle,12812.57,2706.28,20
7909,2026-02-01,119,Electronics,39819.1,7210.1,40
7910,2026-02-01,119,Home & Kitchen,39863.88,6932.76,39
7911,2026-02-01,119,Fashion,35585.72,8164.18,27
7912,2026-02-01,119,Beauty & Personal Care,28181.28,5588.48,20
7913,2026-02-01,119,Grocery & FMCG,36699.39,8093.92,45
7914,2026-02-01,119,Sports & Lifestyle,18712.07,4784.43,20
7915,2026-02-01,120,Electronics,23259.32,5829.35,20
7916,2026-02-01,120,Home & Kitchen,24452.53,4433.94,20
7917,2026-02-01,120,Fashion,32483.67,7861.2,20
7918,2026-02-01,120,Beauty & Personal Care,28043.22,8390.49,20
7919,2026-02-01,120,Grocery & FMCG,22808.87,3349.1,20
7920,2026-02-01,120,Sports & Lifestyle,19503.95,5763.72,20
7921,2026-03-01,1,Electronics,64063.44,11365.3,60
7922,2026-03-01,1,Home & Kitchen,66960.71,10456.0,51
7923,2026-03-01,1,Fashion,56886.71,10433.28,34
7924,2026-03-01,1,Beauty & Personal Care,59418.58,10904.74,35
7925,2026-03-01,1,Grocery & FMCG,59342.05,13142.26,57
7926,2026-03-01,1,Sports & Lifestyle,35166.12,6148.14,31
7927,2026-03-01,2,Electronics,57998.89,12927.7,54
7928,2026-03-01,2,Home & Kitchen,47421.86,13650.1,23
7929,2026-03-01,2,Fashion,54215.24,14325.36,36
7930,2026-03-01,2,Beauty & Personal Care,43726.35,12867.44,31
7931,2026-03-01,2,Grocery & FMCG,51567.85,8353.03,35
7932,2026-03-01,2,Sports & Lifestyle,25065.79,3906.54,20
7933,2026-03-01,3,Electronics,53218.91,10368.3,26
7934,2026-03-01,3,Home & Kitchen,67142.08,12936.81,29
7935,2026-03-01,3,Fashion,61131.91,18110.7,35
7936,2026-03-01,3,Beauty & Personal Care,42988.34,8469.51,47
7937,2026-03-01,3,Grocery & FMCG,43258.43,11221.7,22
7938,2026-03-01,3,Sports & Lifestyle,28578.87,8461.87,20
7939,2026-03-01,4,Electronics,57231.95,9713.24,61
7940,2026-03-01,4,Home & Kitchen,50615.98,7204.08,28
7941,2026-03-01,4,Fashion,59938.38,8636.44,45
7942,2026-03-01,4,Beauty & Personal Care,44973.67,11176.01,27
7943,2026-03-01,4,Grocery & FMCG,50847.68,13051.09,33
7944,2026-03-01,4,Sports & Lifestyle,27461.1,4565.52,20
7945,2026-03-01,5,Electronics,50013.93,14362.46,33
7946,2026-03-01,5,Home & Kitchen,40508.7,6287.12,20
7947,2026-03-01,5,Fashion,54750.96,13378.32,43
7948,2026-03-01,5,Beauty & Personal Care,43739.98,11664.27,33
7949,2026-03-01,5,Grocery & FMCG,43253.34,7901.71,20
7950,2026-03-01,5,Sports & Lifestyle,25053.67,6022.26,20
7951,2026-03-01,6,Electronics,31528.7,6417.74,24
7952,2026-03-01,6,Home & Kitchen,32164.19,8573.3,30
7953,2026-03-01,6,Fashion,38882.03,8669.7,41
7954,2026-03-01,6,Beauty & Personal Care,23902.54,3796.71,20
7955,2026-03-01,6,Grocery & FMCG,26134.52,3693.54,20
7956,2026-03-01,6,Sports & Lifestyle,16176.2,4536.92,20
7957,2026-03-01,7,Electronics,42995.97,11827.19,49
7958,2026-03-01,7,Home & Kitchen,36527.39,9758.03,20
7959,2026-03-01,7,Fashion,47613.92,8593.95,48
7960,2026-03-01,7,Beauty & Personal Care,32587.89,4580.5,23
7961,2026-03-01,7,Grocery & FMCG,38547.82,11363.61,28
7962,2026-03-01,7,Sports & Lifestyle,23175.26,4149.05,20
7963,2026-03-01,8,Electronics,52604.37,15335.62,57
7964,2026-03-01,8,Home & Kitchen,49742.69,13069.16,24
7965,2026-03-01,8,Fashion,57695.96,11618.65,25
7966,2026-03-01,8,Beauty & Personal Care,56079.56,7909.04,36
7967,2026-03-01,8,Grocery & FMCG,50274.98,7486.8,38
7968,2026-03-01,8,Sports & Lifestyle,27780.95,7408.09,20
7969,2026-03-01,9,Electronics,73628.19,22062.37,69
7970,2026-03-01,9,Home & Kitchen,64598.28,9460.85,46
7971,2026-03-01,9,Fashion,79877.77,23542.53,59
7972,2026-03-01,9,Beauty & Personal Care,58008.3,9230.48,28
7973,2026-03-01,9,Grocery & FMCG,56866.38,16243.06,26
7974,2026-03-01,9,Sports & Lifestyle,30883.21,6403.59,20
7975,2026-03-01,10,Electronics,59510.05,12882.96,30
7976,2026-03-01,10,Home & Kitchen,65865.98,15426.45,56
7977,2026-03-01,10,Fashion,56518.38,14082.61,26
7978,2026-03-01,10,Beauty & Personal Care,53581.22,9401.3,34
7979,2026-03-01,10,Grocery & FMCG,48345.81,10603.97,29
7980,2026-03-01,10,Sports & Lifestyle,32122.6,6284.57,20
7981,2026-03-01,11,Electronics,46700.97,13272.37,34
7982,2026-03-01,11,Home & Kitchen,42970.32,6171.72,49
7983,2026-03-01,11,Fashion,41910.49,6944.11,37
7984,2026-03-01,11,Beauty & Personal Care,46202.1,10279.84,20
7985,2026-03-01,11,Grocery & FMCG,40326.29,9219.33,20
7986,2026-03-01,11,Sports & Lifestyle,22491.12,4466.45,20
7987,2026-03-01,12,Electronics,49166.63,10223.55,27
7988,2026-03-01,12,Home & Kitchen,48245.56,7827.22,35
7989,2026-03-01,12,Fashion,59801.35,9326.27,38
7990,2026-03-01,12,Beauty & Personal Care,37469.2,10187.37,20
7991,2026-03-01,12,Grocery & FMCG,46927.68,9334.88,20
7992,2026-03-01,12,Sports & Lifestyle,26112.79,4531.32,20
7993,2026-03-01,13,Electronics,38974.42,7344.88,47
7994,2026-03-01,13,Home & Kitchen,47110.51,13392.98,26
7995,2026-03-01,13,Fashion,53372.94,15593.16,27
7996,2026-03-01,13,Beauty & Personal Care,43272.07,8526.39,20
7997,2026-03-01,13,Grocery & FMCG,40153.47,5875.83,24
7998,2026-03-01,13,Sports & Lifestyle,21250.92,5155.21,20
7999,2026-03-01,14,Electronics,76216.49,12233.36,93
8000,2026-03-01,14,Home & Kitchen,62652.37,14144.01,32
8001,2026-03-01,14,Fashion,49481.82,14588.26,29
8002,2026-03-01,14,Beauty & Personal Care,48839.04,9246.79,20
8003,2026-03-01,14,Grocery & FMCG,62638.62,18579.4,61
8004,2026-03-01,14,Sports & Lifestyle,32186.93,5004.97,28
8005,2026-03-01,15,Electronics,55130.23,8326.0,54
8006,2026-03-01,15,Home & Kitchen,60965.73,16915.64,29
8007,2026-03-01,15,Fashion,56491.68,10229.11,23
8008,2026-03-01,15,Beauty & Personal Care,45008.1,13062.06,20
8009,2026-03-01,15,Grocery & FMCG,49129.26,10206.2,24
8010,2026-03-01,15,Sports & Lifestyle,22799.54,5932.1,20
8011,2026-03-01,16,Electronics,55886.86,14145.87,27
8012,2026-03-01,16,Home & Kitchen,50218.81,11760.87,27
8013,2026-03-01,16,Fashion,60471.02,9082.58,56
8014,2026-03-01,16,Beauty & Personal Care,57131.99,13703.03,42
8015,2026-03-01,16,Grocery & FMCG,58748.9,13785.04,40
8016,2026-03-01,16,Sports & Lifestyle,32094.66,8906.66,20
8017,2026-03-01,17,Electronics,67418.88,11360.17,48
8018,2026-03-01,17,Home & Kitchen,53965.88,15699.51,21
8019,2026-03-01,17,Fashion,74136.31,17746.22,29
8020,2026-03-01,17,Beauty & Personal Care,55271.66,8423.54,27
8021,2026-03-01,17,Grocery & FMCG,48639.87,13259.02,23
8022,2026-03-01,17,Sports & Lifestyle,33547.88,6772.02,20
8023,2026-03-01,18,Electronics,26805.34,5451.92,20
8024,2026-03-01,18,Home & Kitchen,25080.99,3925.99,27
8025,2026-03-01,18,Fashion,30655.32,4380.05,21
8026,2026-03-01,18,Beauty & Personal Care,27538.6,4675.08,20
8027,2026-03-01,18,Grocery & FMCG,23191.72,5407.27,20
8028,2026-03-01,18,Sports & Lifestyle,14752.92,2263.19,20
8029,2026-03-01,19,Electronics,42071.48,8180.24,50
8030,2026-03-01,19,Home & Kitchen,36716.31,5652.2,20
8031,2026-03-01,19,Fashion,30883.6,5673.37,20
8032,2026-03-01,19,Beauty & Personal Care,31059.8,4619.01,37
8033,2026-03-01,19,Grocery & FMCG,24820.71,6020.32,20
8034,2026-03-01,19,Sports & Lifestyle,23784.14,3761.73,20
8035,2026-03-01,20,Electronics,43634.77,9676.48,38
8036,2026-03-01,20,Home & Kitchen,42412.56,12639.87,20
8037,2026-03-01,20,Fashion,41226.88,9753.61,31
8038,2026-03-01,20,Beauty & Personal Care,46164.7,7359.13,45
8039,2026-03-01,20,Grocery & FMCG,40392.3,6704.55,24
8040,2026-03-01,20,Sports & Lifestyle,18023.23,3194.56,20
8041,2026-03-01,21,Electronics,64608.88,16327.4,33
8042,2026-03-01,21,Home & Kitchen,57229.02,9387.35,38
8043,2026-03-01,21,Fashion,74296.45,17953.83,31
8044,2026-03-01,21,Beauty & Personal Care,51027.89,10235.97,21
8045,2026-03-01,21,Grocery & FMCG,59166.59,13664.56,27
8046,2026-03-01,21,Sports & Lifestyle,29626.84,8733.53,29
8047,2026-03-01,22,Electronics,72914.9,14629.02,32
8048,2026-03-01,22,Home & Kitchen,56289.72,12421.94,25
8049,2026-03-01,22,Fashion,76227.32,18670.73,47
8050,2026-03-01,22,Beauty & Personal Care,50634.4,12896.17,40
8051,2026-03-01,22,Grocery & FMCG,56281.31,13353.72,25
8052,2026-03-01,22,Sports & Lifestyle,32447.93,7301.42,20
8053,2026-03-01,23,Electronics,43532.09,6121.23,47
8054,2026-03-01,23,Home & Kitchen,37417.49,7579.76,20
8055,2026-03-01,23,Fashion,55969.93,14456.05,27
8056,2026-03-01,23,Beauty & Personal Care,40996.66,10095.34,45
8057,2026-03-01,23,Grocery & FMCG,40002.02,10989.9,36
8058,2026-03-01,23,Sports & Lifestyle,26388.36,5183.45,20
8059,2026-03-01,24,Electronics,56747.9,8756.22,58
8060,2026-03-01,24,Home & Kitchen,49541.53,10083.42,39
8061,2026-03-01,24,Fashion,53656.31,14532.87,25
8062,2026-03-01,24,Beauty & Personal Care,39438.53,9926.29,31
8063,2026-03-01,24,Grocery & FMCG,43319.93,9973.39,22
8064,2026-03-01,24,Sports & Lifestyle,30259.48,7142.47,20
8065,2026-03-01,25,Electronics,67596.67,16817.17,78
8066,2026-03-01,25,Home & Kitchen,60239.37,8867.75,27
8067,2026-03-01,25,Fashion,69854.95,10412.36,35
8068,2026-03-01,25,Beauty & Personal Care,48930.34,12271.69,25
8069,2026-03-01,25,Grocery & FMCG,66201.54,16383.27,53
8070,2026-03-01,25,Sports & Lifestyle,29900.57,5243.18,20
8071,2026-03-01,26,Electronics,36860.35,5492.87,26
8072,2026-03-01,26,Home & Kitchen,36869.43,6165.59,22
8073,2026-03-01,26,Fashion,42030.21,12458.8,48
8074,2026-03-01,26,Beauty & Personal Care,39659.98,11125.46,48
8075,2026-03-01,26,Grocery & FMCG,32785.94,7851.99,24
8076,2026-03-01,26,Sports & Lifestyle,19598.01,3445.52,20
8077,2026-03-01,27,Electronics,52892.02,9271.9,36
8078,2026-03-01,27,Home & Kitchen,46461.15,12878.75,25
8079,2026-03-01,27,Fashion,36882.11,9293.17,24
8080,2026-03-01,27,Beauty & Personal Care,41329.9,8758.22,35
8081,2026-03-01,27,Grocery & FMCG,40349.8,6838.81,20
8082,2026-03-01,27,Sports & Lifestyle,28109.34,4312.73,20
8083,2026-03-01,28,Electronics,53530.11,14050.67,29
8084,2026-03-01,28,Home & Kitchen,60779.93,13922.36,29
8085,2026-03-01,28,Fashion,74115.08,18152.85,42
8086,2026-03-01,28,Beauty & Personal Care,52547.17,9819.62,31
8087,2026-03-01,28,Grocery & FMCG,51627.0,12797.8,20
8088,2026-03-01,28,Sports & Lifestyle,34243.15,9915.92,20
8089,2026-03-01,29,Electronics,55599.74,8786.34,23
8090,2026-03-01,29,Home & Kitchen,66851.35,19268.46,35
8091,2026-03-01,29,Fashion,60614.09,17698.1,25
8092,2026-03-01,29,Beauty & Personal Care,51364.08,14674.92,29
8093,2026-03-01,29,Grocery & FMCG,56989.55,12377.99,53
8094,2026-03-01,29,Sports & Lifestyle,31477.58,4493.95,20
8095,2026-03-01,30,Electronics,57079.81,15644.49,41
8096,2026-03-01,30,Home & Kitchen,62816.51,15863.76,28
8097,2026-03-01,30,Fashion,62129.35,10433.71,35
8098,2026-03-01,30,Beauty & Personal Care,45956.64,7415.73,39
8099,2026-03-01,30,Grocery & FMCG,46138.56,10353.55,43
8100,2026-03-01,30,Sports & Lifestyle,35815.61,9230.22,20
8101,2026-03-01,31,Electronics,34515.04,6035.36,35
8102,2026-03-01,31,Home & Kitchen,33212.88,7599.99,34
8103,2026-03-01,31,Fashion,36025.78,6357.86,36
8104,2026-03-01,31,Beauty & Personal Care,34456.5,8029.96,20
8105,2026-03-01,31,Grocery & FMCG,31154.06,4608.85,20
8106,2026-03-01,31,Sports & Lifestyle,17847.52,4848.49,20
8107,2026-03-01,32,Electronics,44958.73,10485.17,41
8108,2026-03-01,32,Home & Kitchen,46363.08,13022.0,20
8109,2026-03-01,32,Fashion,46660.66,9795.51,40
8110,2026-03-01,32,Beauty & Personal Care,39249.99,5993.11,32
8111,2026-03-01,32,Grocery & FMCG,38929.46,11174.84,31
8112,2026-03-01,32,Sports & Lifestyle,21243.21,3902.48,24
8113,2026-03-01,33,Electronics,48202.08,8702.15,22
8114,2026-03-01,33,Home & Kitchen,59612.64,11328.8,26
8115,2026-03-01,33,Fashion,62775.9,11249.26,35
8116,2026-03-01,33,Beauty & Personal Care,58320.19,10386.64,26
8117,2026-03-01,33,Grocery & FMCG,56564.84,8052.94,64
8118,2026-03-01,33,Sports & Lifestyle,32307.47,8662.42,20
8119,2026-03-01,34,Electronics,31531.51,5455.54,20
8120,2026-03-01,34,Home & Kitchen,31278.13,4529.91,20
8121,2026-03-01,34,Fashion,32878.52,8547.82,23
8122,2026-03-01,34,Beauty & Personal Care,27692.1,5269.87,27
8123,2026-03-01,34,Grocery & FMCG,28871.85,5195.29,20
8124,2026-03-01,34,Sports & Lifestyle,16280.31,4468.72,20
8125,2026-03-01,35,Electronics,63877.0,16764.65,42
8126,2026-03-01,35,Home & Kitchen,50915.19,14842.53,32
8127,2026-03-01,35,Fashion,58777.0,9099.7,26
8128,2026-03-01,35,Beauty & Personal Care,48263.42,9503.51,47
8129,2026-03-01,35,Grocery & FMCG,51740.31,9077.02,37
8130,2026-03-01,35,Sports & Lifestyle,29387.62,6341.91,31
8131,2026-03-01,36,Electronics,37726.2,6300.07,20
8132,2026-03-01,36,Home & Kitchen,35392.65,7622.81,26
8133,2026-03-01,36,Fashion,34341.52,6388.11,20
8134,2026-03-01,36,Beauty & Personal Care,28065.98,5578.09,20
8135,2026-03-01,36,Grocery & FMCG,33468.01,5207.11,24
8136,2026-03-01,36,Sports & Lifestyle,16241.87,4288.15,20
8137,2026-03-01,37,Electronics,63151.07,12341.78,36
8138,2026-03-01,37,Home & Kitchen,52422.22,10820.78,61
8139,2026-03-01,37,Fashion,53001.54,11907.63,24
8140,2026-03-01,37,Beauty & Personal Care,56667.25,15996.86,57
8141,2026-03-01,37,Grocery & FMCG,48701.06,14125.56,24
8142,2026-03-01,37,Sports & Lifestyle,30829.94,8965.75,26
8143,2026-03-01,38,Electronics,73996.02,11665.98,35
8144,2026-03-01,38,Home & Kitchen,60518.52,14333.26,47
8145,2026-03-01,38,Fashion,64561.6,17803.19,26
8146,2026-03-01,38,Beauty & Personal Care,61107.13,13797.58,65
8147,2026-03-01,38,Grocery & FMCG,54950.48,13448.51,53
8148,2026-03-01,38,Sports & Lifestyle,35345.85,7340.66,26
8149,2026-03-01,39,Electronics,67964.43,11733.21,37
8150,2026-03-01,39,Home & Kitchen,59005.75,15563.3,56
8151,2026-03-01,39,Fashion,66099.91,15454.34,53
8152,2026-03-01,39,Beauty & Personal Care,47710.95,7900.89,24
8153,2026-03-01,39,Grocery & FMCG,70309.99,15194.1,32
8154,2026-03-01,39,Sports & Lifestyle,37843.5,9340.47,43
8155,2026-03-01,40,Electronics,49711.64,14587.15,22
8156,2026-03-01,40,Home & Kitchen,45950.6,7277.15,39
8157,2026-03-01,40,Fashion,47588.96,13614.3,25
8158,2026-03-01,40,Beauty & Personal Care,38127.23,7742.67,20
8159,2026-03-01,40,Grocery & FMCG,47654.96,8630.17,20
8160,2026-03-01,40,Sports & Lifestyle,23337.25,5652.13,20
8161,2026-03-01,41,Electronics,30933.83,7728.19,20
8162,2026-03-01,41,Home & Kitchen,33164.91,8556.38,20
8163,2026-03-01,41,Fashion,41495.98,11548.24,24
8164,2026-03-01,41,Beauty & Personal Care,35576.23,8542.38,32
8165,2026-03-01,41,Grocery & FMCG,28018.67,8244.65,20
8166,2026-03-01,41,Sports & Lifestyle,15463.81,3512.6,20
8167,2026-03-01,42,Electronics,59024.37,8781.56,26
8168,2026-03-01,42,Home & Kitchen,63810.22,18863.42,49
8169,2026-03-01,42,Fashion,68383.58,9851.21,31
8170,2026-03-01,42,Beauty & Personal Care,48764.77,7697.06,26
8171,2026-03-01,42,Grocery & FMCG,60505.42,15214.51,40
8172,2026-03-01,42,Sports & Lifestyle,32539.4,7011.71,22
8173,2026-03-01,43,Electronics,50853.85,7895.03,40
8174,2026-03-01,43,Home & Kitchen,58974.86,12157.81,53
8175,2026-03-01,43,Fashion,48343.62,8150.45,25
8176,2026-03-01,43,Beauty & Personal Care,48269.19,13216.73,42
8177,2026-03-01,43,Grocery & FMCG,50237.24,7700.22,39
8178,2026-03-01,43,Sports & Lifestyle,26498.55,6222.78,29
8179,2026-03-01,44,Electronics,68710.85,15240.6,42
8180,2026-03-01,44,Home & Kitchen,55777.3,12120.41,32
8181,2026-03-01,44,Fashion,86563.47,12243.78,38
8182,2026-03-01,44,Beauty & Personal Care,51696.8,9974.63,35
8183,2026-03-01,44,Grocery & FMCG,69750.98,10181.11,63
8184,2026-03-01,44,Sports & Lifestyle,38015.67,5928.9,20
8185,2026-03-01,45,Electronics,40090.22,11819.23,31
8186,2026-03-01,45,Home & Kitchen,47727.6,8571.48,23
8187,2026-03-01,45,Fashion,50170.9,7201.4,24
8188,2026-03-01,45,Beauty & Personal Care,33279.16,7865.57,31
8189,2026-03-01,45,Grocery & FMCG,35973.99,10498.62,20
8190,2026-03-01,45,Sports & Lifestyle,22759.84,6759.38,20
8191,2026-03-01,46,Electronics,51758.36,14864.13,25
8192,2026-03-01,46,Home & Kitchen,58152.38,17215.63,33
8193,2026-03-01,46,Fashion,70685.5,14357.93,68
8194,2026-03-01,46,Beauty & Personal Care,46993.79,12476.71,36
8195,2026-03-01,46,Grocery & FMCG,64776.45,12577.42,26
8196,2026-03-01,46,Sports & Lifestyle,37591.68,7118.24,20
8197,2026-03-01,47,Electronics,61784.52,10061.42,72
8198,2026-03-01,47,Home & Kitchen,58844.3,13586.39,57
8199,2026-03-01,47,Fashion,62053.32,11132.39,27
8200,2026-03-01,47,Beauty & Personal Care,52197.23,8795.69,27
8201,2026-03-01,47,Grocery & FMCG,62604.02,10209.59,51
8202,2026-03-01,47,Sports & Lifestyle,37795.0,8900.72,20
8203,2026-03-01,48,Electronics,73796.51,14408.32,40
8204,2026-03-01,48,Home & Kitchen,64766.69,18913.65,30
8205,2026-03-01,48,Fashion,73798.4,12140.19,49
8206,2026-03-01,48,Beauty & Personal Care,43961.06,8900.01,26
8207,2026-03-01,48,Grocery & FMCG,49588.18,9358.74,34
8208,2026-03-01,48,Sports & Lifestyle,40984.49,7007.8,39
8209,2026-03-01,49,Electronics,59174.37,10583.34,35
8210,2026-03-01,49,Home & Kitchen,66458.23,14174.88,61
8211,2026-03-01,49,Fashion,68512.93,13856.2,41
8212,2026-03-01,49,Beauty & Personal Care,55464.69,9323.27,27
8213,2026-03-01,49,Grocery & FMCG,61377.93,18338.6,31
8214,2026-03-01,49,Sports & Lifestyle,37153.51,5929.47,24
8215,2026-03-01,50,Electronics,39176.68,6915.07,29
8216,2026-03-01,50,Home & Kitchen,34219.22,5397.02,30
8217,2026-03-01,50,Fashion,48327.63,7385.54,21
8218,2026-03-01,50,Beauty & Personal Care,31541.46,6172.87,20
8219,2026-03-01,50,Grocery & FMCG,30480.05,7309.83,37
8220,2026-03-01,50,Sports & Lifestyle,19214.05,5376.85,20
8221,2026-03-01,51,Electronics,69192.96,17647.28,78
8222,2026-03-01,51,Home & Kitchen,58481.65,12939.54,28
8223,2026-03-01,51,Fashion,64952.84,10869.64,48
8224,2026-03-01,51,Beauty & Personal Care,57579.9,12047.0,31
8225,2026-03-01,51,Grocery & FMCG,61829.0,16191.42,28
8226,2026-03-01,51,Sports & Lifestyle,29914.71,7376.24,34
8227,2026-03-01,52,Electronics,58209.95,12219.8,28
8228,2026-03-01,52,Home & Kitchen,59187.79,11956.61,26
8229,2026-03-01,52,Fashion,64929.59,17965.35,51
8230,2026-03-01,52,Beauty & Personal Care,48555.96,12185.55,23
8231,2026-03-01,52,Grocery & FMCG,61980.98,10277.53,24
8232,2026-03-01,52,Sports & Lifestyle,39159.02,6005.26,20
8233,2026-03-01,53,Electronics,52358.51,13435.71,24
8234,2026-03-01,53,Home & Kitchen,50731.44,10435.31,28
8235,2026-03-01,53,Fashion,55336.82,10927.41,32
8236,2026-03-01,53,Beauty & Personal Care,50597.52,11022.7,22
8237,2026-03-01,53,Grocery & FMCG,49246.37,13708.04,28
8238,2026-03-01,53,Sports & Lifestyle,27003.73,4899.68,20
8239,2026-03-01,54,Electronics,33937.23,9111.3,20
8240,2026-03-01,54,Home & Kitchen,31051.86,7213.04,20
8241,2026-03-01,54,Fashion,28870.8,8274.8,20
8242,2026-03-01,54,Beauty & Personal Care,20250.97,3482.28,20
8243,2026-03-01,54,Grocery & FMCG,23819.06,4390.17,20
8244,2026-03-01,54,Sports & Lifestyle,15454.23,2968.3,20
8245,2026-03-01,55,Electronics,67113.25,13461.83,30
8246,2026-03-01,55,Home & Kitchen,63235.09,11332.34,67
8247,2026-03-01,55,Fashion,64382.08,16852.87,26
8248,2026-03-01,55,Beauty & Personal Care,45852.63,9984.12,49
8249,2026-03-01,55,Grocery & FMCG,68407.18,15349.16,37
8250,2026-03-01,55,Sports & Lifestyle,28131.6,4816.38,20
8251,2026-03-01,56,Electronics,40293.25,7428.13,33
8252,2026-03-01,56,Home & Kitchen,36210.79,5641.18,20
8253,2026-03-01,56,Fashion,49367.77,13959.39,27
8254,2026-03-01,56,Beauty & Personal Care,30553.4,8570.66,20
8255,2026-03-01,56,Grocery & FMCG,38261.79,7447.92,30
8256,2026-03-01,56,Sports & Lifestyle,19236.83,3286.54,20
8257,2026-03-01,57,Electronics,55057.21,11350.14,24
8258,2026-03-01,57,Home & Kitchen,51575.36,12009.63,25
8259,2026-03-01,57,Fashion,61191.53,14091.94,43
8260,2026-03-01,57,Beauty & Personal Care,47797.98,7214.98,21
8261,2026-03-01,57,Grocery & FMCG,49661.8,7409.36,24
8262,2026-03-01,57,Sports & Lifestyle,25337.75,3785.04,20
8263,2026-03-01,58,Electronics,37032.27,7456.92,28
8264,2026-03-01,58,Home & Kitchen,39285.87,9967.72,20
8265,2026-03-01,58,Fashion,37826.76,8352.34,20
8266,2026-03-01,58,Beauty & Personal Care,37453.0,5933.08,29
8267,2026-03-01,58,Grocery & FMCG,34413.56,10069.64,20
8268,2026-03-01,58,Sports & Lifestyle,21999.47,4312.28,22
8269,2026-03-01,59,Electronics,54966.66,9891.0,22
8270,2026-03-01,59,Home & Kitchen,51025.94,14535.26,54
8271,2026-03-01,59,Fashion,49732.57,10125.86,20
8272,2026-03-01,59,Beauty & Personal Care,45228.17,6429.79,22
8273,2026-03-01,59,Grocery & FMCG,46350.57,6986.94,38
8274,2026-03-01,59,Sports & Lifestyle,30816.74,6133.89,20
8275,2026-03-01,60,Electronics,49599.76,8694.82,34
8276,2026-03-01,60,Home & Kitchen,38674.13,9860.74,23
8277,2026-03-01,60,Fashion,49613.31,8746.23,22
8278,2026-03-01,60,Beauty & Personal Care,45467.28,10372.33,29
8279,2026-03-01,60,Grocery & FMCG,43977.09,11079.57,20
8280,2026-03-01,60,Sports & Lifestyle,26043.81,6242.47,20
8281,2026-03-01,61,Electronics,49790.61,8205.79,20
8282,2026-03-01,61,Home & Kitchen,51168.24,10396.44,22
8283,2026-03-01,61,Fashion,48214.85,12665.49,31
8284,2026-03-01,61,Beauty & Personal Care,48242.1,11941.97,27
8285,2026-03-01,61,Grocery & FMCG,44099.97,7493.29,23
8286,2026-03-01,61,Sports & Lifestyle,25971.77,4969.19,20
8287,2026-03-01,62,Electronics,64052.55,17846.63,33
8288,2026-03-01,62,Home & Kitchen,63438.01,12082.62,72
8289,2026-03-01,62,Fashion,68563.96,16593.4,43
8290,2026-03-01,62,Beauty & Personal Care,55952.25,13585.13,22
8291,2026-03-01,62,Grocery & FMCG,55194.42,15565.64,59
8292,2026-03-01,62,Sports & Lifestyle,34043.35,6680.4,27
8293,2026-03-01,63,Electronics,56151.62,15499.6,58
8294,2026-03-01,63,Home & Kitchen,55448.31,12417.5,26
8295,2026-03-01,63,Fashion,62271.22,11384.34,57
8296,2026-03-01,63,Beauty & Personal Care,58695.67,8937.73,32
8297,2026-03-01,63,Grocery & FMCG,61228.99,10038.15,42
8298,2026-03-01,63,Sports & Lifestyle,26547.62,6448.93,20
8299,2026-03-01,64,Electronics,42321.17,8745.33,22
8300,2026-03-01,64,Home & Kitchen,43315.68,6484.34,26
8301,2026-03-01,64,Fashion,41560.29,9490.67,20
8302,2026-03-01,64,Beauty & Personal Care,31171.0,7691.86,20
8303,2026-03-01,64,Grocery & FMCG,46384.25,10703.56,26
8304,2026-03-01,64,Sports & Lifestyle,22140.07,6408.87,20
8305,2026-03-01,65,Electronics,54111.03,12136.74,21
8306,2026-03-01,65,Home & Kitchen,52287.38,15269.38,27
8307,2026-03-01,65,Fashion,74108.02,15271.78,53
8308,2026-03-01,65,Beauty & Personal Care,58113.01,16158.74,24
8309,2026-03-01,65,Grocery & FMCG,41158.92,8827.51,20
8310,2026-03-01,65,Sports & Lifestyle,32580.98,8230.02,20
8311,2026-03-01,66,Electronics,50267.27,9543.8,36
8312,2026-03-01,66,Home & Kitchen,49429.58,14294.66,20
8313,2026-03-01,66,Fashion,48272.31,12276.14,23
8314,2026-03-01,66,Beauty & Personal Care,50042.93,14717.25,38
8315,2026-03-01,66,Grocery & FMCG,51329.14,13080.14,54
8316,2026-03-01,66,Sports & Lifestyle,28604.52,7410.06,20
8317,2026-03-01,67,Electronics,60315.44,9883.1,24
8318,2026-03-01,67,Home & Kitchen,57341.38,13624.71,26
8319,2026-03-01,67,Fashion,56605.71,11415.44,59
8320,2026-03-01,67,Beauty & Personal Care,44920.19,11445.12,29
8321,2026-03-01,67,Grocery & FMCG,44162.51,6945.05,33
8322,2026-03-01,67,Sports & Lifestyle,28678.04,6378.97,23
8323,2026-03-01,68,Electronics,39790.49,8544.78,20
8324,2026-03-01,68,Home & Kitchen,37544.65,6793.28,20
8325,2026-03-01,68,Fashion,38023.72,9899.03,27
8326,2026-03-01,68,Beauty & Personal Care,34568.85,8130.36,24
8327,2026-03-01,68,Grocery & FMCG,36335.76,6759.79,20
8328,2026-03-01,68,Sports & Lifestyle,18735.99,4458.38,20
8329,2026-03-01,69,Electronics,44924.29,9850.71,40
8330,2026-03-01,69,Home & Kitchen,46204.55,11172.07,25
8331,2026-03-01,69,Fashion,46784.19,13659.88,20
8332,2026-03-01,69,Beauty & Personal Care,42232.53,7080.92,20
8333,2026-03-01,69,Grocery & FMCG,49274.77,9532.91,34
8334,2026-03-01,69,Sports & Lifestyle,26997.73,6814.92,20
8335,2026-03-01,70,Electronics,56925.71,9327.8,31
8336,2026-03-01,70,Home & Kitchen,47318.65,10357.15,24
8337,2026-03-01,70,Fashion,47817.15,9017.69,25
8338,2026-03-01,70,Beauty & Personal Care,42501.5,9305.7,26
8339,2026-03-01,70,Grocery & FMCG,33975.86,7280.92,20
8340,2026-03-01,70,Sports & Lifestyle,27446.12,6978.35,20
8341,2026-03-01,71,Electronics,42890.33,9918.75,25
8342,2026-03-01,71,Home & Kitchen,43897.25,10780.99,47
8343,2026-03-01,71,Fashion,37498.96,6945.27,29
8344,2026-03-01,71,Beauty & Personal Care,30020.24,8163.17,21
8345,2026-03-01,71,Grocery & FMCG,41625.9,8690.62,37
8346,2026-03-01,71,Sports & Lifestyle,19480.33,4959.59,20
8347,2026-03-01,72,Electronics,65562.77,14271.83,81
8348,2026-03-01,72,Home & Kitchen,45600.56,7362.81,34
8349,2026-03-01,72,Fashion,63033.16,8830.23,38
8350,2026-03-01,72,Beauty & Personal Care,62050.16,11911.88,26
8351,2026-03-01,72,Grocery & FMCG,55093.61,15392.86,22
8352,2026-03-01,72,Sports & Lifestyle,26520.87,7821.03,20
8353,2026-03-01,73,Electronics,66333.54,15804.21,44
8354,2026-03-01,73,Home & Kitchen,60278.68,11176.02,32
8355,2026-03-01,73,Fashion,66428.0,18485.3,67
8356,2026-03-01,73,Beauty & Personal Care,51280.66,13965.28,48
8357,2026-03-01,73,Grocery & FMCG,55671.1,16165.59,63
8358,2026-03-01,73,Sports & Lifestyle,36700.76,6129.28,23
8359,2026-03-01,74,Electronics,68096.58,15500.62,49
8360,2026-03-01,74,Home & Kitchen,71377.53,15633.83,86
8361,2026-03-01,74,Fashion,66718.93,10076.54,49
8362,2026-03-01,74,Beauty & Personal Care,53565.17,13141.29,39
8363,2026-03-01,74,Grocery & FMCG,44053.47,7219.26,27
8364,2026-03-01,74,Sports & Lifestyle,33215.33,7906.17,30
8365,2026-03-01,75,Electronics,69714.18,11294.12,30
8366,2026-03-01,75,Home & Kitchen,64240.69,9114.41,27
8367,2026-03-01,75,Fashion,66127.11,15245.71,61
8368,2026-03-01,75,Beauty & Personal Care,50773.96,8854.71,39
8369,2026-03-01,75,Grocery & FMCG,51573.61,12801.53,27
8370,2026-03-01,75,Sports & Lifestyle,34348.45,10259.09,20
8371,2026-03-01,76,Electronics,40471.4,8391.94,32
8372,2026-03-01,76,Home & Kitchen,36280.05,8046.3,22
8373,2026-03-01,76,Fashion,42817.09,10912.94,20
8374,2026-03-01,76,Beauty & Personal Care,45304.52,11683.69,20
8375,2026-03-01,76,Grocery & FMCG,45170.05,13032.58,24
8376,2026-03-01,76,Sports & Lifestyle,27584.33,6241.81,20
8377,2026-03-01,77,Electronics,49540.33,10543.49,21
8378,2026-03-01,77,Home & Kitchen,47023.37,11708.65,39
8379,2026-03-01,77,Fashion,50411.97,14655.11,24
8380,2026-03-01,77,Beauty & Personal Care,38369.03,10245.04,20
8381,2026-03-01,77,Grocery & FMCG,47836.77,8796.5,21
8382,2026-03-01,77,Sports & Lifestyle,26437.59,5130.08,20
8383,2026-03-01,78,Electronics,39579.74,8604.31,22
8384,2026-03-01,78,Home & Kitchen,41259.89,12269.35,20
8385,2026-03-01,78,Fashion,46422.13,10312.9,23
8386,2026-03-01,78,Beauty & Personal Care,33867.66,8387.41,20
8387,2026-03-01,78,Grocery & FMCG,40503.21,11635.67,23
8388,2026-03-01,78,Sports & Lifestyle,21915.84,4654.32,20
8389,2026-03-01,79,Electronics,39096.3,11360.93,20
8390,2026-03-01,79,Home & Kitchen,41615.24,11301.49,34
8391,2026-03-01,79,Fashion,50443.98,10926.25,24
8392,2026-03-01,79,Beauty & Personal Care,35619.01,9852.64,20
8393,2026-03-01,79,Grocery & FMCG,39647.06,7717.53,20
8394,2026-03-01,79,Sports & Lifestyle,22245.51,4848.99,20
8395,2026-03-01,80,Electronics,50662.04,9718.31,36
8396,2026-03-01,80,Home & Kitchen,35421.07,8622.37,22
8397,2026-03-01,80,Fashion,45955.77,11277.91,41
8398,2026-03-01,80,Beauty & Personal Care,37731.36,8251.48,24
8399,2026-03-01,80,Grocery & FMCG,38355.64,7701.65,23
8400,2026-03-01,80,Sports & Lifestyle,23736.7,6379.54,20
8401,2026-03-01,81,Electronics,48150.18,11755.43,25
8402,2026-03-01,81,Home & Kitchen,46618.58,13826.22,36
8403,2026-03-01,81,Fashion,45890.74,10120.94,20
8404,2026-03-01,81,Beauty & Personal Care,44735.85,9315.31,20
8405,2026-03-01,81,Grocery & FMCG,47848.83,11562.26,23
8406,2026-03-01,81,Sports & Lifestyle,28601.58,8024.77,20
8407,2026-03-01,82,Electronics,69298.58,11881.31,43
8408,2026-03-01,82,Home & Kitchen,57691.77,15959.58,35
8409,2026-03-01,82,Fashion,65186.92,17248.08,44
8410,2026-03-01,82,Beauty & Personal Care,57679.39,12089.83,32
8411,2026-03-01,82,Grocery & FMCG,61333.99,13901.11,56
8412,2026-03-01,82,Sports & Lifestyle,30060.25,8781.76,20
8413,2026-03-01,83,Electronics,31975.05,9391.19,20
8414,2026-03-01,83,Home & Kitchen,40091.85,8898.34,31
8415,2026-03-01,83,Fashion,43262.82,11778.13,43
8416,2026-03-01,83,Beauty & Personal Care,34467.99,7086.01,20
8417,2026-03-01,83,Grocery & FMCG,32927.03,9086.47,20
8418,2026-03-01,83,Sports & Lifestyle,21293.6,3734.29,26
8419,2026-03-01,84,Electronics,59269.22,8484.64,51
8420,2026-03-01,84,Home & Kitchen,50235.83,9705.75,20
8421,2026-03-01,84,Fashion,62544.53,10300.41,26
8422,2026-03-01,84,Beauty & Personal Care,46898.86,11851.28,28
8423,2026-03-01,84,Grocery & FMCG,56008.31,7889.49,29
8424,2026-03-01,84,Sports & Lifestyle,30589.45,9025.11,20
8425,2026-03-01,85,Electronics,49917.84,7030.66,21
8426,2026-03-01,85,Home & Kitchen,45222.42,6911.48,20
8427,2026-03-01,85,Fashion,56681.17,10826.86,30
8428,2026-03-01,85,Beauty & Personal Care,38796.05,8960.99,37
8429,2026-03-01,85,Grocery & FMCG,36298.85,6152.8,31
8430,2026-03-01,85,Sports & Lifestyle,25298.82,5776.45,20
8431,2026-03-01,86,Electronics,47513.49,8967.71,56
8432,2026-03-01,86,Home & Kitchen,51292.71,11297.08,33
8433,2026-03-01,86,Fashion,53358.87,11824.6,27
8434,2026-03-01,86,Beauty & Personal Care,39299.5,9671.58,22
8435,2026-03-01,86,Grocery & FMCG,40388.42,6716.26,28
8436,2026-03-01,86,Sports & Lifestyle,22725.96,6030.73,20
8437,2026-03-01,87,Electronics,74286.94,19509.36,32
8438,2026-03-01,87,Home & Kitchen,65132.09,18726.08,74
8439,2026-03-01,87,Fashion,64843.12,9803.3,65
8440,2026-03-01,87,Beauty & Personal Care,46430.84,12786.47,26
8441,2026-03-01,87,Grocery & FMCG,64535.57,13925.35,60
8442,2026-03-01,87,Sports & Lifestyle,38218.63,11134.3,37
8443,2026-03-01,88,Electronics,60928.54,11349.64,53
8444,2026-03-01,88,Home & Kitchen,57055.98,9193.87,45
8445,2026-03-01,88,Fashion,75150.76,10901.82,35
8446,2026-03-01,88,Beauty & Personal Care,57869.99,15641.92,34
8447,2026-03-01,88,Grocery & FMCG,65735.09,11701.97,28
8448,2026-03-01,88,Sports & Lifestyle,32265.72,7590.23,22
8449,2026-03-01,89,Electronics,61368.19,14529.22,41
8450,2026-03-01,89,Home & Kitchen,53726.04,12952.98,26
8451,2026-03-01,89,Fashion,63692.32,13250.47,28
8452,2026-03-01,89,Beauty & Personal Care,36963.58,9553.04,27
8453,2026-03-01,89,Grocery & FMCG,60337.52,11354.35,24
8454,2026-03-01,89,Sports & Lifestyle,31277.84,4907.64,20
8455,2026-03-01,90,Electronics,49058.04,9801.81,27
8456,2026-03-01,90,Home & Kitchen,48060.47,10866.84,21
8457,2026-03-01,90,Fashion,55412.18,11307.36,32
8458,2026-03-01,90,Beauty & Personal Care,45954.29,10193.65,36
8459,2026-03-01,90,Grocery & FMCG,42944.88,7579.72,39
8460,2026-03-01,90,Sports & Lifestyle,29472.84,8498.33,20
8461,2026-03-01,91,Electronics,62367.06,12553.92,36
8462,2026-03-01,91,Home & Kitchen,59737.53,14572.04,33
8463,2026-03-01,91,Fashion,59355.8,12497.88,34
8464,2026-03-01,91,Beauty & Personal Care,47914.25,14044.12,20
8465,2026-03-01,91,Grocery & FMCG,54241.14,7792.84,27
8466,2026-03-01,91,Sports & Lifestyle,34789.53,8868.14,20
8467,2026-03-01,92,Electronics,38431.95,5980.75,35
8468,2026-03-01,92,Home & Kitchen,39643.34,9029.18,20
8469,2026-03-01,92,Fashion,46461.87,12848.33,48
8470,2026-03-01,92,Beauty & Personal Care,29289.88,5522.57,20
8471,2026-03-01,92,Grocery & FMCG,27464.39,6019.45,20
8472,2026-03-01,92,Sports & Lifestyle,17466.48,5002.83,20
8473,2026-03-01,93,Electronics,52144.17,14724.78,29
8474,2026-03-01,93,Home & Kitchen,51202.7,9155.65,21
8475,2026-03-01,93,Fashion,58170.94,10533.07,49
8476,2026-03-01,93,Beauty & Personal Care,40072.89,11983.35,20
8477,2026-03-01,93,Grocery & FMCG,47788.39,11372.15,44
8478,2026-03-01,93,Sports & Lifestyle,30468.03,5496.02,30
8479,2026-03-01,94,Electronics,54769.96,12918.11,53
8480,2026-03-01,94,Home & Kitchen,51530.77,8270.02,52
8481,2026-03-01,94,Fashion,64355.35,15423.17,30
8482,2026-03-01,94,Beauty & Personal Care,54294.62,11584.4,39
8483,2026-03-01,94,Grocery & FMCG,50234.57,7094.62,54
8484,2026-03-01,94,Sports & Lifestyle,33759.28,9632.78,21
8485,2026-03-01,95,Electronics,27420.08,7455.44,27
8486,2026-03-01,95,Home & Kitchen,24498.93,5977.09,20
8487,2026-03-01,95,Fashion,35637.73,6077.1,22
8488,2026-03-01,95,Beauty & Personal Care,21082.38,2974.22,20
8489,2026-03-01,95,Grocery & FMCG,25643.65,4402.32,20
8490,2026-03-01,95,Sports & Lifestyle,13006.42,3283.45,20
8491,2026-03-01,96,Electronics,58598.98,15351.71,37
8492,2026-03-01,96,Home & Kitchen,64476.37,19174.93,43
8493,2026-03-01,96,Fashion,72930.63,11067.89,57
8494,2026-03-01,96,Beauty & Personal Care,40223.16,9630.43,20
8495,2026-03-01,96,Grocery & FMCG,46629.88,9403.7,34
8496,2026-03-01,96,Sports & Lifestyle,26995.23,4738.47,28
8497,2026-03-01,97,Electronics,37259.96,6562.86,22
8498,2026-03-01,97,Home & Kitchen,32237.79,5831.1,20
8499,2026-03-01,97,Fashion,39580.12,6172.33,23
8500,2026-03-01,97,Beauty & Personal Care,39853.68,7935.09,29
8501,2026-03-01,97,Grocery & FMCG,30958.56,6568.41,25
8502,2026-03-01,97,Sports & Lifestyle,15962.01,4553.16,20
8503,2026-03-01,98,Electronics,27709.97,5966.15,26
8504,2026-03-01,98,Home & Kitchen,20300.26,3181.2,20
8505,2026-03-01,98,Fashion,27022.45,4561.22,20
8506,2026-03-01,98,Beauty & Personal Care,21027.54,5646.6,20
8507,2026-03-01,98,Grocery & FMCG,24554.51,5522.53,20
8508,2026-03-01,98,Sports & Lifestyle,12705.7,1862.05,20
8509,2026-03-01,99,Electronics,51210.82,9531.56,23
8510,2026-03-01,99,Home & Kitchen,51210.96,14087.58,40
8511,2026-03-01,99,Fashion,57882.75,17233.78,27
8512,2026-03-01,99,Beauty & Personal Care,37349.46,8287.5,28
8513,2026-03-01,99,Grocery & FMCG,50918.17,11541.7,47
8514,2026-03-01,99,Sports & Lifestyle,30581.75,7149.96,20
8515,2026-03-01,100,Electronics,62029.91,11352.87,31
8516,2026-03-01,100,Home & Kitchen,61791.0,16062.64,27
8517,2026-03-01,100,Fashion,63462.67,11796.41,45
8518,2026-03-01,100,Beauty & Personal Care,58377.12,8793.48,40
8519,2026-03-01,100,Grocery & FMCG,52314.35,10081.5,30
8520,2026-03-01,100,Sports & Lifestyle,33053.04,7456.17,30
8521,2026-03-01,101,Electronics,67686.81,15871.94,57
8522,2026-03-01,101,Home & Kitchen,61237.37,16229.75,38
8523,2026-03-01,101,Fashion,71345.6,15547.11,45
8524,2026-03-01,101,Beauty & Personal Care,61506.89,9396.78,52
8525,2026-03-01,101,Grocery & FMCG,63978.45,14481.64,67
8526,2026-03-01,101,Sports & Lifestyle,29634.08,5081.83,20
8527,2026-03-01,102,Electronics,29728.63,5556.23,20
8528,2026-03-01,102,Home & Kitchen,24657.28,4465.08,20
8529,2026-03-01,102,Fashion,26664.15,5740.9,27
8530,2026-03-01,102,Beauty & Personal Care,16700.19,4733.13,20
8531,2026-03-01,102,Grocery & FMCG,23588.28,5658.82,20
8532,2026-03-01,102,Sports & Lifestyle,13647.43,2532.05,20
8533,2026-03-01,103,Electronics,66679.44,11462.32,39
8534,2026-03-01,103,Home & Kitchen,56411.4,10198.06,40
8535,2026-03-01,103,Fashion,63556.57,16506.43,34
8536,2026-03-01,103,Beauty & Personal Care,58231.98,8379.08,33
8537,2026-03-01,103,Grocery & FMCG,55321.82,14059.92,36
8538,2026-03-01,103,Sports & Lifestyle,37676.27,6414.86,20
8539,2026-03-01,104,Electronics,65543.97,11030.67,32
8540,2026-03-01,104,Home & Kitchen,67034.11,13020.5,46
8541,2026-03-01,104,Fashion,78226.25,20205.74,89
8542,2026-03-01,104,Beauty & Personal Care,56999.24,8625.87,45
8543,2026-03-01,104,Grocery & FMCG,70861.79,17952.83,53
8544,2026-03-01,104,Sports & Lifestyle,42302.41,9755.49,20
8545,2026-03-01,105,Electronics,21591.94,5686.06,20
8546,2026-03-01,105,Home & Kitchen,22376.03,4864.67,20
8547,2026-03-01,105,Fashion,22277.55,3808.32,20
8548,2026-03-01,105,Beauty & Personal Care,16315.88,2635.42,20
8549,2026-03-01,105,Grocery & FMCG,23287.39,4465.49,20
8550,2026-03-01,105,Sports & Lifestyle,11719.67,3239.42,20
8551,2026-03-01,106,Electronics,54293.72,10440.02,44
8552,2026-03-01,106,Home & Kitchen,42333.36,11101.56,24
8553,2026-03-01,106,Fashion,54383.59,11721.19,24
8554,2026-03-01,106,Beauty & Personal Care,37372.84,8152.08,42
8555,2026-03-01,106,Grocery & FMCG,50369.92,9418.96,21
8556,2026-03-01,106,Sports & Lifestyle,23628.15,3324.87,20
8557,2026-03-01,107,Electronics,75588.61,14173.38,86
8558,2026-03-01,107,Home & Kitchen,64704.25,15419.46,67
8559,2026-03-01,107,Fashion,70058.73,11210.75,66
8560,2026-03-01,107,Beauty & Personal Care,55813.79,12578.13,29
8561,2026-03-01,107,Grocery & FMCG,57522.16,9169.17,67
8562,2026-03-01,107,Sports & Lifestyle,34472.6,7402.9,20
8563,2026-03-01,108,Electronics,28972.14,4848.17,21
8564,2026-03-01,108,Home & Kitchen,37593.73,7482.45,20
8565,2026-03-01,108,Fashion,29443.97,7117.06,28
8566,2026-03-01,108,Beauty & Personal Care,26417.9,4053.03,25
8567,2026-03-01,108,Grocery & FMCG,27972.95,6336.47,20
8568,2026-03-01,108,Sports & Lifestyle,19782.66,5491.29,20
8569,2026-03-01,109,Electronics,38172.8,6102.01,20
8570,2026-03-01,109,Home & Kitchen,36666.4,9155.41,20
8571,2026-03-01,109,Fashion,41786.92,6756.84,20
8572,2026-03-01,109,Beauty & Personal Care,43609.44,12756.55,20
8573,2026-03-01,109,Grocery & FMCG,36512.95,9419.93,22
8574,2026-03-01,109,Sports & Lifestyle,18079.92,4310.94,20
8575,2026-03-01,110,Electronics,56982.46,11176.16,61
8576,2026-03-01,110,Home & Kitchen,57952.33,9936.96,27
8577,2026-03-01,110,Fashion,68509.96,18708.4,74
8578,2026-03-01,110,Beauty & Personal Care,46554.91,8925.85,47
8579,2026-03-01,110,Grocery & FMCG,40794.18,8706.95,20
8580,2026-03-01,110,Sports & Lifestyle,25084.64,4864.41,22
8581,2026-03-01,111,Electronics,62731.38,16120.1,37
8582,2026-03-01,111,Home & Kitchen,60465.5,15210.67,24
8583,2026-03-01,111,Fashion,61437.69,17330.08,36
8584,2026-03-01,111,Beauty & Personal Care,55903.41,12174.14,29
8585,2026-03-01,111,Grocery & FMCG,52208.43,10035.87,26
8586,2026-03-01,111,Sports & Lifestyle,32072.51,4752.52,20
8587,2026-03-01,112,Electronics,71824.82,10778.36,29
8588,2026-03-01,112,Home & Kitchen,61361.6,9550.05,37
8589,2026-03-01,112,Fashion,63263.35,16387.08,46
8590,2026-03-01,112,Beauty & Personal Care,50612.4,12494.38,27
8591,2026-03-01,112,Grocery & FMCG,58054.86,13898.18,32
8592,2026-03-01,112,Sports & Lifestyle,30911.04,5669.82,33
8593,2026-03-01,113,Electronics,66766.17,9644.08,75
8594,2026-03-01,113,Home & Kitchen,51376.9,7234.62,56
8595,2026-03-01,113,Fashion,69911.33,11979.9,36
8596,2026-03-01,113,Beauty & Personal Care,52117.49,9079.28,60
8597,2026-03-01,113,Grocery & FMCG,72101.87,11466.69,31
8598,2026-03-01,113,Sports & Lifestyle,37517.95,8373.65,20
8599,2026-03-01,114,Electronics,55707.42,8525.36,48
8600,2026-03-01,114,Home & Kitchen,77361.78,13826.34,59
8601,2026-03-01,114,Fashion,65960.77,12916.31,71
8602,2026-03-01,114,Beauty & Personal Care,55954.07,14302.84,36
8603,2026-03-01,114,Grocery & FMCG,60929.79,16035.36,29
8604,2026-03-01,114,Sports & Lifestyle,35070.44,9496.12,20
8605,2026-03-01,115,Electronics,21964.99,4057.67,20
8606,2026-03-01,115,Home & Kitchen,26502.91,6317.72,20
8607,2026-03-01,115,Fashion,25276.95,5835.5,20
8608,2026-03-01,115,Beauty & Personal Care,25700.09,5968.7,20
8609,2026-03-01,115,Grocery & FMCG,28868.5,4933.48,23
8610,2026-03-01,115,Sports & Lifestyle,16282.13,2479.91,20
8611,2026-03-01,116,Electronics,61884.39,15066.06,28
8612,2026-03-01,116,Home & Kitchen,65828.34,18148.98,37
8613,2026-03-01,116,Fashion,71290.8,14852.34,68
8614,2026-03-01,116,Beauty & Personal Care,62385.62,16230.86,36
8615,2026-03-01,116,Grocery & FMCG,60240.05,15078.05,72
8616,2026-03-01,116,Sports & Lifestyle,36416.56,7022.69,29
8617,2026-03-01,117,Electronics,70736.57,16700.43,32
8618,2026-03-01,117,Home & Kitchen,67373.27,15367.92,68
8619,2026-03-01,117,Fashion,65452.15,14936.2,42
8620,2026-03-01,117,Beauty & Personal Care,59914.27,11403.38,29
8621,2026-03-01,117,Grocery & FMCG,65878.43,17923.87,38
8622,2026-03-01,117,Sports & Lifestyle,37764.13,10885.82,20
8623,2026-03-01,118,Electronics,26879.09,5704.3,20
8624,2026-03-01,118,Home & Kitchen,28264.89,5106.24,20
8625,2026-03-01,118,Fashion,25352.5,5234.53,20
8626,2026-03-01,118,Beauty & Personal Care,19059.9,2712.37,20
8627,2026-03-01,118,Grocery & FMCG,23636.35,5432.96,20
8628,2026-03-01,118,Sports & Lifestyle,13988.58,3604.0,20
8629,2026-03-01,119,Electronics,30585.96,4518.2,30
8630,2026-03-01,119,Home & Kitchen,39654.69,5701.87,29
8631,2026-03-01,119,Fashion,39986.81,9670.26,20
8632,2026-03-01,119,Beauty & Personal Care,33862.81,7890.46,27
8633,2026-03-01,119,Grocery & FMCG,35534.89,6629.2,33
8634,2026-03-01,119,Sports & Lifestyle,23624.79,4846.14,29
8635,2026-03-01,120,Electronics,35185.81,5362.97,20
8636,2026-03-01,120,Home & Kitchen,28159.68,5194.39,20
8637,2026-03-01,120,Fashion,35671.97,5638.76,20
8638,2026-03-01,120,Beauty & Personal Care,23807.8,5710.71,22
8639,2026-03-01,120,Grocery & FMCG,31710.81,9193.38,20
8640,2026-03-01,120,Sports & Lifestyle,14381.63,3535.31,20
